,id,State,Jurisdiction,AbbreviatedDistrict,ZoneAcres,FedStateAcres,MunicipalAcres,State_from_zoning,Jurisdiction_from_zoning,County,Abbreviated District Name,Full District Name,District Mapped,District Mapped But Extinct,Overlay,Type of Zoning District,Affordable Housing District,Elderly Housing District,1-Family Treatment,2-Family Treatment,3-Family Treatment,4+-Family Treatment,1-Family Min. Lot (ACRES),1-Family Front Setback (# of feet),1-Family Side Setback (# of feet),1-Family Rear Setback (# of feet),1-Family Max. Lot Coverage - Buildings (%),1-Family Max. Lot Coverage - Buildings & Impervious Surface (%),1-Family Min. # Parking Spaces,1-Family Max. Height (# of stories),1-Family Max. Height (# of feet),1-Family Floor to Area Ratio,1-Family Min. Unit Size (SF),2-Family Affordable Housing Only,2-Family Elderly Housing Only,2-Family Min. Lot (ACRES),2-Family Max. Density (UNITS/ACRE),2-Family Front Setback (# of feet),2-Family Side Setback (# of feet),2-Family Rear Setback (# of feet),2-Family Max. Lot Coverage - Buildings (%),2-Family Max. Lot Coverage - Buildings & Impervious Surface (%),2-Family Min. # Parking Spaces Per Studio or 1BR,2-Family Min. # Parking Spaces Per 2+ BR,2-Family Max. Height (# of stories),2-Family Max. Height (# of feet),2-Family Floor to Area Ratio,2-Family Min. Unit Size (SF),3-Family Affordable Housing Only,3-Family Elderly Housing Only,3-Family Min. Lot (ACRES),3-Family Max. Density (UNITS/ACRE),3-Family Front Setback (# of feet),3-Family Side Setback (# of feet),3-Family Rear Setback (# of feet),3-Family Max. Lot Coverage - Buildings (%),3-Family Max. Lot Coverage - Buildings & Impervious Surface (%),3-Family Min. # Parking Spaces Per Studio or 1BR,3-Family Min. # Parking Spaces Per 2+ BR,3-Family Connection to Sewer and/or Water Required,3-Family Connection or Proximity to Public Transit Required,3-Family Max. Height (# of stories),3-Family Max. Height (# of feet),3-Family Floor to Area Ratio,3-Family Min. Unit Size (SF),3-Family Max. # Bedrooms Per Unit,4+-Family Affordable Housing Only,4+-Family Elderly Housing Only,4+-Family Min. Lot (ACRES),4+-Family Max. Density (UNITS/ACRE),4+-Family Front Setback (# of feet),4+-Family Side Setback (# of feet),4+-Family Rear Setback (# of feet),4+-Family Max. Lot Coverage - Buildings (%),4+-Family Max. Lot Coverage - Buildings & Impervious Surface (%),4+-Family Min. # Parking Spaces Per Studio or 1BR,4+-Family Min. # Parking Spaces Per 2+ BR,4+-Family Connection to Sewer and/or Water Required,4+-Family Connection or Proximity to Public Transit Required,4+-Family Max. Height (# of stories),4+-Family Max. Height (# of feet),4+-Family Floor to Area Ratio,4+-Family Min. Unit Size (SF),4+-Family Max. # Bedrooms Per Unit,4+-Family Max. # Units Per Building,Affordable Housing (AH) Treatment,AH - Definition,AH - Elderly Housing Only,AH Min. Lot (ACRES),AH Max. Density (UNITS/ACRE),AH Min. # Parking Spaces Per Studio or 1BR,AH Min. # Parking Spaces Per 2+ BR,AH Connection to Sewer and/or Water Required,AH Connection or Proximity to Public Transit Required,AH Min. Unit Size (SF),AH Max. # Bedrooms Per Unit,AH Max. # Units Per  Building,Accessory Dwelling Unit (ADU) Treatment,ADU Employee or Family Occupancy Required,ADU Renter Occupancy Prohibited,ADU Owner Occupancy Required,ADU Elderly Housing Only,ADU Min. Lot (acres),ADU Min. # Parking Spaces (Additional to Main Unit),"ADU Restricted to Only Primary Structure (i.e., No Outbuildings like Garages)",ADU Max. Size (% of Main Unit),ADU Max. Size (SF),ADU Max. # Bedrooms Per Unit,Planned Residential Development (PRD) Treatment,Mobile or Manufactured Home Park (Y/N),PRD Min. Lot (Acres),PRD Max. Density (Units/Acre),PRD Max. # Units Per Development,Special Notes,Tooltip Notes,AduMaxSizeLimit,1MUS,2MUS,3MUS,4MUS,MUS,1MLS,2MLS,3MLS,4MLS,1E,2E,3E,4E,AEld,PK
0,HI--HAWAII--(BREAKWATER),HI,Hawaii,(breakwater),7.8067954092847485,0.00013968593245531588,7.806655723352293,,,,,,,,,,,,,,,,,,,,,,,,,,,,,,,,,,,,,,,,,,,,,,,,,,,,,,,,,,,,,,,,,,,,,,,,,,,,,,,,,,,,,,,,,,,,,,,,,,,,,,,,,,,,,,,,,,,,,,,,,,,,
1,HI--HAWAII--(FLOOD),HI,Hawaii,(flood),2.4360668150039415,2.4360630341064495,3.7808974919784077e-06,,,,,,,,,,,,,,,,,,,,,,,,,,,,,,,,,,,,,,,,,,,,,,,,,,,,,,,,,,,,,,,,,,,,,,,,,,,,,,,,,,,,,,,,,,,,,,,,,,,,,,,,,,,,,,,,,,,,,,,,,,,,
2,HI--HAWAII--(PIER),HI,Hawaii,(pier),0.2692564346565679,0.0,0.2692564346565679,,,,,,,,,,,,,,,,,,,,,,,,,,,,,,,,,,,,,,,,,,,,,,,,,,,,,,,,,,,,,,,,,,,,,,,,,,,,,,,,,,,,,,,,,,,,,,,,,,,,,,,,,,,,,,,,,,,,,,,,,,,,
3,HI--HAWAII--(POND),HI,Hawaii,(pond),45.067224548050255,44.835418422794284,0.23180612525597155,,,,,,,,,,,,,,,,,,,,,,,,,,,,,,,,,,,,,,,,,,,,,,,,,,,,,,,,,,,,,,,,,,,,,,,,,,,,,,,,,,,,,,,,,,,,,,,,,,,,,,,,,,,,,,,,,,,,,,,,,,,,
4,HI--HAWAII--(RIVER),HI,Hawaii,(river),11.497239217318883,0.005723519058085546,11.491515698260798,,,,,,,,,,,,,,,,,,,,,,,,,,,,,,,,,,,,,,,,,,,,,,,,,,,,,,,,,,,,,,,,,,,,,,,,,,,,,,,,,,,,,,,,,,,,,,,,,,,,,,,,,,,,,,,,,,,,,,,,,,,,
5,HI--HAWAII--(ROAD),HI,Hawaii,(road),20848.581642691555,2276.2534739087832,18572.328168782773,,,,,,,,,,,,,,,,,,,,,,,,,,,,,,,,,,,,,,,,,,,,,,,,,,,,,,,,,,,,,,,,,,,,,,,,,,,,,,,,,,,,,,,,,,,,,,,,,,,,,,,,,,,,,,,,,,,,,,,,,,,,
6,HI--HAWAII--A100A,HI,Hawaii,A-100a,401.6941645012728,401.69416450127295,-1.7053025658242404e-13,HI,Hawaii,Hawaii,A-100a,Agricultural District - minimum 100 acres,Yes,No,No,Nonresidential,No,No,Prohibited,Prohibited,Prohibited,Prohibited,100,30,20,30,None,None,2,NONE,35,,NONE,,,,,,,,,,,,,,,,No,No,,,,,,,,,,No,No,,,,,,No,No,,,,,,,,,,No,No,,,,,,,Not Mentioned,,,,,,,No,No,,,,Allowed/Conditional,No,No,No,No,100,2,No,NONE,NONE,NONE,Prohibited,No,,,,"For all Agricultural Districts Chapter 205 includes the following statement ""including clusters of single-family farm dwellings permitted within agricultural parks developed by the State."" All dwellings, including the primary dwelling, must be occupied by people who will operate the agricultural enterprise.",,False,False,False,False,False,False,E,A,A,A,No,No,No,No,No,2 for 1-family
7,HI--HAWAII--A10A,HI,Hawaii,A-10a,18717.571657224675,2093.30158610468,16624.270071119994,HI,Hawaii,Hawaii,A-10a,Agricultural District - minimum 10 acres,Yes,No,No,Nonresidential,No,No,Prohibited,Prohibited,Prohibited,Prohibited,10,30,20,30,None,None,2,None,35,None,NONE,,,,,,,,,,,,,,,,No,No,,,,,,,,,,No,No,,,,,,No,No,,,,,,,,,,No,No,,,,,,,Not Mentioned,,,,,,,No,No,,,,Allowed/Conditional,No,No,No,No,10,2,No,NONE,NONE,NONE,Prohibited,No,,,,,,False,False,False,False,False,False,E,A,A,A,No,No,No,No,No,2 for 1-family
8,HI--HAWAII--A1A,HI,Hawaii,A-1a,56378.75262968356,1891.2659620965962,54487.48666758696,HI,Hawaii,Hawaii,A-1a,Agricultural District - minimum 1 acre,Yes,No,No,Nonresidential,No,No,Prohibited,Prohibited,Prohibited,Prohibited,5,30,20,30,NONE,NONE,2,NONE,35,NONE,NONE,,,,,,,,,,,,,,,,No,No,,,,,,,,,,No,No,,,,,,No,No,,,,,,,,,,No,No,,,,,,,Not Mentioned,,,,,,,No,No,,,,Allowed/Conditional,No,No,No,No,1,2,No,NONE,NONE,NONE,Prohibited,No,,,,,,False,False,False,False,False,False,E,A,A,A,No,No,No,No,No,2 for 1-family
9,HI--HAWAII--A200A,HI,Hawaii,A-200a,1405.824006441601,1217.2530838184464,188.5709226231545,HI,Hawaii,Hawaii,A-200a,Agricultural District - minimum 200 acres,Yes,No,No,Nonresidential,No,No,Prohibited,Prohibited,Prohibited,Prohibited,200,30,20,30,NONE,NONE,2,NONE,35,NONE,NONE,,,,,,,,,,,,,,,,No,No,,,,,,,,,,No,No,,,,,,No,No,,,,,,,,,,No,No,,,,,,,Not Mentioned,,,,,,,No,No,,,,Allowed/Conditional,No,No,No,No,200,2,No,NONE,NONE,NONE,Prohibited,No,,,,,,False,False,False,False,False,False,E,A,A,A,No,No,No,No,No,2 for 1-family
10,HI--HAWAII--A20A,HI,Hawaii,A-20a,711225.3233097811,273844.249192628,437381.0741171531,HI,Hawaii,Hawaii,A-20a,Agricultural District - minimum 20 acres,Yes,No,No,Nonresidential,No,No,Prohibited,Prohibited,Prohibited,Prohibited,20,30,20,30,NONE,NONE,2,NONE,35,NONE,NONE,,,,,,,,,,,,,,,,No,No,,,,,,,,,,No,No,,,,,,No,No,,,,,,,,,,No,No,,,,,,,Not Mentioned,,,,,,,No,No,,,,Allowed/Conditional,No,No,No,No,20,2,No,NONE,NONE,NONE,Prohibited,No,,,,,,False,False,False,False,False,False,E,A,A,A,No,No,No,No,No,2 for 1-family
11,HI--HAWAII--A255A,HI,Hawaii,A-255a,230.35515403722377,0.0,230.35515403722377,HI,Hawaii,Hawaii,A-255a,Agricultural District - minimum  255 acres,Yes,No,No,Nonresidential,No,No,Prohibited,Prohibited,Prohibited,Prohibited,255,30,20,30,NONE,NONE,2,NONE,35,NONE,NONE,,,,,,,,,,,,,,,,No,No,,,,,,,,,,No,No,,,,,,No,No,,,,,,,,,,No,No,,,,,,,Not Mentioned,,,,,,,No,No,,,,Allowed/Conditional,No,No,No,No,255,2,No,NONE,NONE,NONE,Prohibited,No,,,,,,False,False,False,False,False,False,E,A,A,A,No,No,No,No,No,2 for 1-family
12,HI--HAWAII--A2A,HI,Hawaii,A-2a,323.0305981996084,5.7335468790041426e-06,323.03059246606153,HI,Hawaii,Hawaii,A-2a,Agricultural District - minimum  2 acres,Yes,No,No,Nonresidential,No,No,Prohibited,Prohibited,Prohibited,Prohibited,5,30,20,30,NONE,NONE,2,NONE,35,NONE,NONE,,,,,,,,,,,,,,,,No,No,,,,,,,,,,No,No,,,,,,No,No,,,,,,,,,,No,No,,,,,,,Not Mentioned,,,,,,,No,No,,,,Allowed/Conditional,No,No,No,No,2,2,No,NONE,NONE,NONE,Prohibited,No,,,,,,False,False,False,False,False,False,E,A,A,A,No,No,No,No,No,2 for 1-family
13,HI--HAWAII--A35A,HI,Hawaii,A-35a,76.02839151509254,0.0,76.02839151509254,HI,Hawaii,Hawaii,A-35a,Agricultural District - minimum 35 acres,Yes,No,No,Nonresidential,No,No,Prohibited,Prohibited,Prohibited,Prohibited,35,30,20,30,NONE,NONE,2,NONE,35,NONE,NONE,,,,,,,,,,,,,,,,No,No,,,,,,,,,,No,No,,,,,,No,No,,,,,,,,,,No,No,,,,,,,Not Mentioned,,,,,,,No,No,,,,Allowed/Conditional,No,No,No,No,35,2,No,NONE,NONE,NONE,Prohibited,No,,,,,,False,False,False,False,False,False,E,A,A,A,No,No,No,No,No,2 for 1-family
14,HI--HAWAII--A3A,HI,Hawaii,A-3a,63757.966174671,5759.522783856142,57998.44339081486,HI,Hawaii,Hawaii,A-3a,Agricultural District - minimum 3 acres,Yes,No,No,Nonresidential,No,No,Prohibited,Prohibited,Prohibited,Prohibited,5,30,20,30,NONE,NONE,2,NONE,35,NONE,NONE,,,,,,,,,,,,,,,,No,No,,,,,,,,,,No,No,,,,,,No,No,,,,,,,,,,No,No,,,,,,,Not Mentioned,,,,,,,No,No,,,,Allowed/Conditional,No,No,No,No,3,2,No,NONE,NONE,NONE,Prohibited,No,,,,,,False,False,False,False,False,False,E,A,A,A,No,No,No,No,No,2 for 1-family
15,HI--HAWAII--A400A,HI,Hawaii,A-400a,418.23598923429734,416.9687323089727,1.2672569253246593,HI,Hawaii,Hawaii,A-400a,Agricultural District - minimum 400 acres,Yes,No,No,Nonresidential,No,No,Prohibited,Prohibited,Prohibited,Prohibited,400,30,20,30,NONE,NONE,2,NONE,35,NONE,NONE,,,,,,,,,,,,,,,,No,No,,,,,,,,,,No,No,,,,,,No,No,,,,,,,,,,No,No,,,,,,,Not Mentioned,,,,,,,No,No,,,,Allowed/Conditional,No,No,No,No,400,2,No,NONE,NONE,NONE,Prohibited,No,,,,,,False,False,False,False,False,False,E,A,A,A,No,No,No,No,No,2 for 1-family
16,HI--HAWAII--A40A,HI,Hawaii,A-40a,294240.34775714646,157152.3170539165,137088.03070322998,HI,Hawaii,Hawaii,A-40a,Agricultural District - minimum 40 acres,Yes,No,No,Nonresidential,No,No,Prohibited,Prohibited,Prohibited,Prohibited,40,30,20,30,NONE,NONE,2,NONE,35,NONE,NONE,,,,,,,,,,,,,,,,No,No,,,,,,,,,,No,No,,,,,,No,No,,,,,,,,,,No,No,,,,,,,Not Mentioned,,,,,,,No,No,,,,Allowed/Conditional,No,No,No,No,40,2,No,NONE,NONE,NONE,Prohibited,No,,,,,,False,False,False,False,False,False,E,A,A,A,No,No,No,No,No,2 for 1-family
17,HI--HAWAII--A500A,HI,Hawaii,A-500a,556.5436530157169,7.573686442683641,548.9699665730333,HI,Hawaii,Hawaii,A-500a,Agricultural District - minimum 500 acres,Yes,No,No,Nonresidential,No,No,Prohibited,Prohibited,Prohibited,Prohibited,500,30,20,30,NONE,NONE,2,NONE,35,NONE,NONE,,,,,,,,,,,,,,,,No,No,,,,,,,,,,No,No,,,,,,No,No,,,,,,,,,,No,No,,,,,,,Not Mentioned,,,,,,,No,No,,,,Allowed/Conditional,No,No,No,No,500,2,No,NONE,NONE,NONE,Prohibited,No,,,,,,False,False,False,False,False,False,E,A,A,A,No,No,No,No,No,2 for 1-family
18,HI--HAWAII--A5A,HI,Hawaii,A-5a,218305.67069834095,71669.716721041,146635.95397729997,HI,Hawaii,Hawaii,A-5a,Agricultural District - minimum 5 acres,Yes,No,No,Nonresidential,No,No,Prohibited,Prohibited,Prohibited,Prohibited,5,30,20,30,NONE,NONE,2,NONE,35,NONE,NONE,,,,,,,,,,,,,,,,No,No,,,,,,,,,,No,No,,,,,,No,No,,,,,,,,,,No,No,,,,,,,Not Mentioned,,,,,,,No,No,,,,Allowed/Conditional,No,No,No,No,5,2,No,NONE,NONE,NONE,Prohibited,No,,,,,,False,False,False,False,False,False,E,A,A,A,No,No,No,No,No,2 for 1-family
19,HI--HAWAII--A600A,HI,Hawaii,A-600a,1234.9313183402114,2.455591550093109e-05,1234.931293784296,HI,Hawaii,Hawaii,A-600a,Agricultural District - minimum 600 acres,Yes,No,No,Nonresidential,No,No,Prohibited,Prohibited,Prohibited,Prohibited,600,30,20,30,NONE,NONE,2,NONE,35,NONE,NONE,,,,,,,,,,,,,,,,No,No,,,,,,,,,,No,No,,,,,,No,No,,,,,,,,,,No,No,,,,,,,Not Mentioned,,,,,,,No,No,,,,Allowed/Conditional,No,No,No,No,600,2,No,NONE,NONE,NONE,Prohibited,No,,,,,,False,False,False,False,False,False,E,A,A,A,No,No,No,No,No,2 for 1-family
20,HI--HAWAII--A6A,HI,Hawaii,A-6a,40.18280529377772,0.036152475314331786,40.14665281846339,HI,Hawaii,Hawaii,A-6a,Agricultural District - minimum 6 acres,Yes,No,No,Nonresidential,No,No,Prohibited,Prohibited,Prohibited,Prohibited,6,30,20,30,NONE,NONE,2,NONE,35,NONE,NONE,,,,,,,,,,,,,,,,No,No,,,,,,,,,,No,No,,,,,,No,No,,,,,,,,,,No,No,,,,,,,Not Mentioned,,,,,,,No,No,,,,Allowed/Conditional,No,No,No,No,6,2,No,NONE,NONE,NONE,Prohibited,No,,,,,,False,False,False,False,False,False,E,A,A,A,No,No,No,No,No,2 for 1-family
21,HI--HAWAII--A7A,HI,Hawaii,A-7a,41.44177973408062,0.0,41.44177973408062,HI,Hawaii,Hawaii,A-7a,Agricultural District - minimum 7 acres,Yes,No,No,Nonresidential,No,No,Prohibited,Prohibited,Prohibited,Prohibited,7,30,20,30,NONE,NONE,2,NONE,35,NONE,NONE,,,,,,,,,,,,,,,,No,No,,,,,,,,,,No,No,,,,,,No,No,,,,,,,,,,No,No,,,,,,,Not Mentioned,,,,,,,No,No,,,,Allowed/Conditional,No,No,No,No,7,2,No,NONE,NONE,NONE,Prohibited,No,,,,,,False,False,False,False,False,False,E,A,A,A,No,No,No,No,No,2 for 1-family
22,HI--HAWAII--A8000A,HI,Hawaii,A-8000a,8012.938898206911,0.0,8012.938898206911,HI,Hawaii,Hawaii,A-8000a,Agricultural District - minimum 8000 acres,Yes,No,No,Nonresidential,No,No,Prohibited,Prohibited,Prohibited,Prohibited,8000,30,20,30,NONE,NONE,2,NONE,35,NONE,NONE,,,,,,,,,,,,,,,,No,No,,,,,,,,,,No,No,,,,,,No,No,,,,,,,,,,No,No,,,,,,,Not Mentioned,,,,,,,No,No,,,,Allowed/Conditional,No,No,No,No,8000,2,No,NONE,NONE,NONE,Prohibited,No,,,,,,False,False,False,False,False,False,E,A,A,A,No,No,No,No,No,2 for 1-family
23,HI--HAWAII--A80A,HI,Hawaii,A-80a,972.2009516136004,3.8412602576703807,968.3596913559301,HI,Hawaii,Hawaii,A-80a,Agricultural District - minimum 80 acres,Yes,No,No,Nonresidential,No,No,Prohibited,Prohibited,Prohibited,Prohibited,80,30,20,30,NONE,NONE,2,NONE,35,NONE,NONE,,,,,,,,,,,,,,,,No,No,,,,,,,,,,No,No,,,,,,No,No,,,,,,,,,,No,No,,,,,,,Not Mentioned,,,,,,,No,No,,,,Allowed/Conditional,No,No,No,No,80,2,No,NONE,NONE,NONE,Prohibited,No,,,,,,False,False,False,False,False,False,E,A,A,A,No,No,No,No,No,2 for 1-family
24,HI--HAWAII--A8A,HI,Hawaii,A-8a,18.77680569118982,0.0,18.77680569118982,HI,Hawaii,Hawaii,A-8a,Agricultural District - minimum 8 acres,Yes,No,No,Nonresidential,No,No,Prohibited,Prohibited,Prohibited,Prohibited,8,30,20,30,NONE,NONE,2,NONE,35,NONE,NONE,,,,,,,,,,,,,,,,No,No,,,,,,,,,,No,No,,,,,,No,No,,,,,,,,,,No,No,,,,,,,Not Mentioned,,,,,,,No,No,,,,Allowed/Conditional,No,No,No,No,8,2,No,NONE,NONE,NONE,Prohibited,No,,,,,,False,False,False,False,False,False,E,A,A,A,No,No,No,No,No,2 for 1-family
25,HI--HAWAII--A900A,HI,Hawaii,A-900a,1005.9769275451004,2.7839869517228837,1003.1929405933774,HI,Hawaii,Hawaii,A-900a,Agricultural District - minimum 900 acres,Yes,No,No,Nonresidential,No,No,Prohibited,Prohibited,Prohibited,Prohibited,900,30,20,30,NONE,NONE,2,NONE,35,NONE,NONE,,,,,,,,,,,,,,,,No,No,,,,,,,,,,No,No,,,,,,No,No,,,,,,,,,,No,No,,,,,,,Not Mentioned,,,,,,,No,No,,,,Allowed/Conditional,No,No,No,No,900,2,No,NONE,NONE,NONE,Prohibited,No,,,,,,False,False,False,False,False,False,E,A,A,A,No,No,No,No,No,2 for 1-family
26,HI--HAWAII--APD,HI,Hawaii,APD,211.12836873370327,0.045030635270598016,211.08333809843268,HI,Hawaii,Hawaii,APD,Agricultural Project Districts,Yes,No,No,Nonresidential,No,No,Prohibited,Prohibited,Prohibited,Prohibited,1,,,,NONE,NONE,2,NONE,,NONE,NONE,,,,,,,,,,,,,,,,No,No,,,,,,,,,,No,No,,,,,,No,No,,,,,,,,,,No,No,,,,,,,Not Mentioned,,,,,,,No,No,,,,Allowed/Conditional,No,No,No,No,0.23,2,No,NONE,NONE,NONE,Public Hearing,No,,,NONE,"Setbacks, minimum individual lot sizes, etc are not specified in a project district. In the APD, there's a density guideline, but it's up to the interpretation of the project by the board. The intent is a master-planned, singularly owned sub-jurisdiction that offers a transition between developed communities and agricultural land",,False,False,False,False,False,False,D,A,A,A,No,No,No,No,No,2 for 1-family
27,HI--HAWAII--CDH,HI,Hawaii,CDH,76.81292545444674,8.86475430636288,67.94817114808386,HI,Hawaii,Hawaii,CDH,Downtown Hilo Commercial District,Yes,No,No,Mixed with Residential,No,No,Allowed/Conditional,Allowed/Conditional,Allowed/Conditional,Allowed/Conditional,0.17,0,0,0,NONE,NONE,1,NONE,120,NONE,NONE,No,No,0.17,12,0,0,0,NONE,NONE,2,2,NONE,120,NONE,NONE,No,No,0.17,87,0,0,0,NONE,NONE,1.25,1.25,No,No,NONE,120,NONE,NONE,NONE,No,No,0.17,87,0,0,0,NONE,NONE,1.25,1.25,,,NONE,120,NONE,NONE,NONE,NONE,Not Mentioned,"Chapter 25 - Zoning does not list affordability requirements for development, however Chapter 12 does list the requirement of the County's affordable credit system.",,,,,,No,No,,,,Prohibited,No,No,No,No,,,,,,,Public Hearing,No,0.17,87,NONE,"Parking requirements: possibly 0 for SFH if dwelling density is lower than 1 unit per 1,000 square feet of land, offsite parking may be acceptable; 3/4+ Housing - permitted with a maximum density of five hundred square feet of land area per rentable unit or dwelling unit; Setbacks - 0 except as required by plan approval; Parking - The number of parking spaces required for double-family, duplex and multiple-family residential dwellings having a density greater than one thousand square feet of land area per rentable unit or dwelling unit within the CDH zoning district shall be one off-street parking space per unit; 3/4+ parking - one for each unit on a property maintaining a unit density higher than one thousand square feet of land area per rentable unit or dwelling unit.",,False,False,False,False,False,False,B,B,B,B,No,No,No,No,No,1 for 1-family; 2 for 2-family (total); 2 for 2-family (per studio/1br); 1.25 for 3-family (total); 1.25 for 3-family (per studio/1br); 1.25 for 4+ family (total); 1.25 for 2+ family (per studio/1br)
28,HI--HAWAII--CG10,HI,Hawaii,CG-10,271.4655251214423,0.007366202427809042,271.45815891901447,HI,Hawaii,Hawaii,CG-10,"General Commercial - 10,000 square feet",Yes,No,No,Mixed with Residential,No,No,Allowed/Conditional,Allowed/Conditional,Allowed/Conditional,Allowed/Conditional,0.23,15,0,15,NONE,NONE,2,NONE,45; 120 in Hilo,NONE,NONE,No,No,0.23,8,15,0,15,NONE,NONE,4,4,NONE,45; 120 in Hilo,NONE,NONE,No,No,0.23,35,15,0,15,NONE,NONE,1.25,1.25,No,No,NONE,45,NONE,NONE,NONE,No,No,0.23,35,15,0,15,NONE,NONE,1.25,1.25,,,NONE,45,NONE,NONE,NONE,NONE,Not Mentioned,"Chapter 25 - Zoning does not list affordability requirements for development, however Chapter 12 does list the requirement of the County's affordable credit system.",,,,,,No,No,,,,Prohibited,No,No,No,No,,,,,,,Public Hearing,No,0.23,35,NONE,"3/4+-Housing - permitted provided that the maximum density shall be one thousand two hundred fifty square feet of land area per rentable unit or dwelling unit; The height limit in the City of Hilo shall be one hundred twenty feet; Side yards, none, except where the adjoining building site is in an RS, RD, RM or RCX district. Where the side yard adjoins the side yard of a building site in an RS, RD, RM or RCX district, there shall be a side yard which conforms to the side yard requirements for dwelling use of the adjoining district. In ANY commercial district, ADU treatment is permissible if and only if the residential use is needed for the commercial operation (e.g., caretaker units)",,False,False,False,False,False,False,B,B,B,B,No,No,No,No,No,2 for 1-family; 4 for 2-family (total); 4 for 2-family (per studio/1br); 1.25 for 3-family (total); 1.25 for 3-family (per studio/1br); 1.25 for 4+ family (total); 1.25 for 2+ family (per studio/1br)
29,HI--HAWAII--CG20,HI,Hawaii,CG-20,187.21052449908038,54.02528211647761,133.18524238260278,HI,Hawaii,Hawaii,CG-20,"General Commercial - 20,000 square feet",Yes,No,No,Mixed with Residential,No,No,Allowed/Conditional,Allowed/Conditional,Allowed/Conditional,Allowed/Conditional,0.46,15,0,15,NONE,NONE,2,NONE,45; 120 in Hilo,NONE,NONE,No,No,0.46,4,15,0,15,NONE,NONE,4,4,NONE,45; 120 in Hilo,NONE,NONE,No,No,0.46,35,15,0,15,NONE,NONE,1.25,1.25,No,No,NONE,45,NONE,NONE,NONE,No,No,0.46,35,15,0,15,NONE,NONE,1.25,1.25,,,NONE,45,NONE,NONE,NONE,NONE,Not Mentioned,"Chapter 25 - Zoning does not list affordability requirements for development, however Chapter 12 does list the requirement of the County's affordable credit system.",,,,,,No,No,,,,Prohibited,No,No,No,No,,,,,,,Public Hearing,No,0.46,35,NONE,"3/4+-Housing - permitted provided that the maximum density shall be one thousand two hundred fifty square feet of land area per rentable unit or dwelling unit; The height limit in the City of Hilo shall be one hundred twenty feet; Side yards, none, except where the adjoining building site is in an RS, RD, RM or RCX district. Where the side yard adjoins the side yard of a building site in an RS, RD, RM or RCX district, there shall be a side yard which conforms to the side yard requirements for dwelling use of the adjoining district.",,False,False,False,False,False,False,B,B,B,B,No,No,No,No,No,2 for 1-family; 4 for 2-family (total); 4 for 2-family (per studio/1br); 1.25 for 3-family (total); 1.25 for 3-family (per studio/1br); 1.25 for 4+ family (total); 1.25 for 2+ family (per studio/1br)
30,HI--HAWAII--CG7.5,HI,Hawaii,CG-7.5,156.05157599278002,41.679354539763594,114.37222145301642,HI,Hawaii,Hawaii,CG-7.5,"General Commercial - 7,500 square feet",Yes,No,No,Mixed with Residential,No,No,Allowed/Conditional,Allowed/Conditional,Allowed/Conditional,Allowed/Conditional,0.17,15,0,15,NONE,NONE,2,NONE,45; 120 in Hilo,NONE,NONE,No,No,0.17,12,15,0,15,NONE,NONE,4,4,NONE,45; 120 in Hilo,NONE,NONE,No,No,0.17,35,15,0,15,NONE,NONE,1.25,1.25,No,No,NONE,45,NONE,NONE,NONE,No,No,0.17,35,15,0,15,NONE,NONE,1.25,1.25,,,NONE,45,NONE,NONE,NONE,NONE,Not Mentioned,"Chapter 25 - Zoning does not list affordability requirements for development, however Chapter 12 does list the requirement of the County's affordable credit system.",,,,,,No,No,,,,Prohibited,No,No,No,No,,,,,,,Public Hearing,No,0.17,35,NONE,"3/4+-Housing - permitted provided that the maximum density shall be one thousand two hundred fifty square feet of land area per rentable unit or dwelling unit; The height limit in the City of Hilo shall be one hundred twenty feet; Side yards, none, except where the adjoining building site is in an RS, RD, RM or RCX district. Where the side yard adjoins the side yard of a building site in an RS, RD, RM or RCX district, there shall be a side yard which conforms to the side yard requirements for dwelling use of the adjoining district.",,False,False,False,False,False,False,B,B,B,B,No,No,No,No,No,2 for 1-family; 4 for 2-family (total); 4 for 2-family (per studio/1br); 1.25 for 3-family (total); 1.25 for 3-family (per studio/1br); 1.25 for 4+ family (total); 1.25 for 2+ family (per studio/1br)
31,HI--HAWAII--CN10,HI,Hawaii,CN-10,110.20094684219201,13.648360047846033,96.55258679434598,HI,Hawaii,Hawaii,CN-10,"Neighborhood Commercial - 10,000 square feet",Yes,No,No,Mixed with Residential,No,No,Allowed/Conditional,Allowed/Conditional,Allowed/Conditional,Allowed/Conditional,0.23,15,0,15,NONE,NONE,2,NONE,40,NONE,NONE,No,No,0.23,8,15,0,15,NONE,NONE,4,4,NONE,40,NONE,NONE,No,No,0.23,35,15,0,15,NONE,NONE,1.25,1.25,No,No,NONE,40,NONE,NONE,NONE,No,No,0.23,35,15,0,15,NONE,NONE,1.25,1.25,,,NONE,40,NONE,NONE,NONE,NONE,Not Mentioned,"Chapter 25 - Zoning does not list affordability requirements for development, however Chapter 12 does list the requirement of the County's affordable credit system.",,,,,,No,No,,,,Prohibited,No,No,No,No,,,,,,,Public Hearing,No,0.23,35,NONE,"3/4+-Housing - permitted provided that the maximum density shall be one thousand two hundred fifty square feet of land area per rentable unit or dwelling unit; Side yards, none, except where the adjoining building site is in an RS, RD, RM, RCX or V district. Where the side yard adjoins the side yard of a building site in an RS, RD, RM, RCX or V district, there shall be a side yard which conforms to the side yard requirements for dwelling use of the adjoining district.",,False,False,False,False,False,False,B,B,B,B,No,No,No,No,No,2 for 1-family; 4 for 2-family (total); 4 for 2-family (per studio/1br); 1.25 for 3-family (total); 1.25 for 3-family (per studio/1br); 1.25 for 4+ family (total); 1.25 for 2+ family (per studio/1br)
32,HI--HAWAII--CN20,HI,Hawaii,CN-20,79.00220642931657,0.442163583144864,78.56004284617171,HI,Hawaii,Hawaii,CN-20,"Neighborhood Commercial - 20,000 square feet",Yes,No,No,Mixed with Residential,No,No,Allowed/Conditional,Allowed/Conditional,Allowed/Conditional,Allowed/Conditional,0.46,15,0,15,NONE,NONE,2,NONE,40,NONE,NONE,No,No,0.46,4,15,0,15,NONE,NONE,4,4,NONE,40,NONE,NONE,No,No,0.46,35,15,0,15,NONE,NONE,1.25,1.25,No,No,NONE,40,NONE,NONE,NONE,No,No,0.46,35,15,0,15,NONE,NONE,1.25,1.25,,,NONE,40,NONE,NONE,NONE,NONE,Not Mentioned,"Chapter 25 - Zoning does not list affordability requirements for development, however Chapter 12 does list the requirement of the County's affordable credit system.",,,,,,No,No,,,,Prohibited,No,No,No,No,,,,,,,Public Hearing,No,0.46,35,NONE,"3/4+-Housing - permitted provided that the maximum density shall be one thousand two hundred fifty square feet of land area per rentable unit or dwelling unit; Side yards, none, except where the adjoining building site is in an RS, RD, RM, RCX or V district. Where the side yard adjoins the side yard of a building site in an RS, RD, RM, RCX or V district, there shall be a side yard which conforms to the side yard requirements for dwelling use of the adjoining district.",,False,False,False,False,False,False,B,B,B,B,No,No,No,No,No,2 for 1-family; 4 for 2-family (total); 4 for 2-family (per studio/1br); 1.25 for 3-family (total); 1.25 for 3-family (per studio/1br); 1.25 for 4+ family (total); 1.25 for 2+ family (per studio/1br)
33,HI--HAWAII--CN40,HI,Hawaii,CN-40,14.72028453472373,0.12484130464312763,14.595443230080601,HI,Hawaii,Hawaii,CN-40,"Neighborhood Commercial - 40,000 square feet",Yes,No,No,Mixed with Residential,No,No,Allowed/Conditional,Allowed/Conditional,Allowed/Conditional,Allowed/Conditional,0.92,15,0,15,NONE,NONE,2,NONE,40,NONE,NONE,No,No,0.92,2,15,0,15,NONE,NONE,4,4,NONE,40,NONE,NONE,No,No,0.92,35,15,0,15,NONE,NONE,1.25,1.25,No,No,NONE,40,NONE,NONE,NONE,No,No,0.92,35,15,0,15,NONE,NONE,1.25,1.25,,,NONE,40,NONE,NONE,NONE,NONE,Not Mentioned,"Chapter 25 - Zoning does not list affordability requirements for development, however Chapter 12 does list the requirement of the County's affordable credit system.",,,,,,No,No,,,,Prohibited,No,No,No,No,,,,,,,Public Hearing,No,0.92,35,NONE,"3/4+-Housing - permitted provided that the maximum density shall be one thousand two hundred fifty square feet of land area per rentable unit or dwelling unit; Side yards, none, except where the adjoining building site is in an RS, RD, RM, RCX or V district. Where the side yard adjoins the side yard of a building site in an RS, RD, RM, RCX or V district, there shall be a side yard which conforms to the side yard requirements for dwelling use of the adjoining district.",,False,False,False,False,False,False,D,D,D,D,No,No,No,No,No,2 for 1-family; 4 for 2-family (total); 4 for 2-family (per studio/1br); 1.25 for 3-family (total); 1.25 for 3-family (per studio/1br); 1.25 for 4+ family (total); 1.25 for 2+ family (per studio/1br)
34,HI--HAWAII--CN7.5,HI,Hawaii,CN-7.5,48.53254052861889,0.7515539329300638,47.78098659568882,HI,Hawaii,Hawaii,CN-7.5,"Neighborhood Commercial - 7,500 square feet",Yes,No,No,Mixed with Residential,No,No,Allowed/Conditional,Allowed/Conditional,Allowed/Conditional,Allowed/Conditional,0.17,15,0,15,NONE,NONE,2,NONE,40,NONE,NONE,No,No,0.17,12,15,0,15,NONE,NONE,4,4,NONE,40,NONE,NONE,No,No,0.17,35,15,0,15,NONE,NONE,1.25,1.25,No,No,NONE,40,NONE,NONE,NONE,No,No,0.17,35,15,0,15,NONE,NONE,1.25,1.25,,,NONE,40,NONE,NONE,NONE,NONE,Not Mentioned,"Chapter 25 - Zoning does not list affordability requirements for development, however Chapter 12 does list the requirement of the County's affordable credit system.",,,,,,No,No,,,,Prohibited,No,No,No,No,,,,,,,Public Hearing,No,0.17,35,NONE,"3/4+-Housing - permitted provided that the maximum density shall be one thousand two hundred fifty square feet of land area per rentable unit or dwelling unit; Side yards, none, except where the adjoining building site is in an RS, RD, RM, RCX or V district. Where the side yard adjoins the side yard of a building site in an RS, RD, RM, RCX or V district, there shall be a side yard which conforms to the side yard requirements for dwelling use of the adjoining district.",,False,False,False,False,False,False,B,B,B,B,No,No,No,No,No,2 for 1-family; 4 for 2-family (total); 4 for 2-family (per studio/1br); 1.25 for 3-family (total); 1.25 for 3-family (per studio/1br); 1.25 for 4+ family (total); 1.25 for 2+ family (per studio/1br)
35,HI--HAWAII--CV10,HI,Hawaii,CV-10,772.1450817342433,88.13555597534138,684.0095257589019,HI,Hawaii,Hawaii,CV-10,"Village Commercial - 10,000 square feet",Yes,No,No,Mixed with Residential,No,No,Allowed/Conditional,Allowed/Conditional,Allowed/Conditional,Allowed/Conditional,0.23,15,0,15,NONE,NONE,2,NONE,30,NONE,NONE,No,No,0.23,8,15,0,15,NONE,NONE,4,4,NONE,30,NONE,NONE,No,No,0.23,35,15,0,15,NONE,NONE,1.25,1.25,No,No,NONE,30,NONE,NONE,NONE,No,No,0.23,35,15,0,15,NONE,NONE,1.25,1.25,,,NONE,30,NONE,NONE,NONE,NONE,Not Mentioned,"Chapter 25 - Zoning does not list affordability requirements for development, however Chapter 12 does list the requirement of the County's affordable credit system.",,,,,,No,No,,,,Prohibited,No,No,No,No,,,,,,,Public Hearing,No,0.23,35,NONE,"3/4+-Housing - permitted provided that the maximum density shall be one thousand two hundred fifty square feet of land area per rentable unit or dwelling unit; Side yards, none, except where the adjoining building site is in an RS, RD, RM or RCX district. Where the side yard adjoins the side yard of a building site in an RS, RD, RM or RCX district, there shall be a side yard which conforms to the side yard requirements for dwelling use of the adjoining district.",,False,False,False,False,False,False,B,B,B,B,No,No,No,No,No,2 for 1-family; 4 for 2-family (total); 4 for 2-family (per studio/1br); 1.25 for 3-family (total); 1.25 for 3-family (per studio/1br); 1.25 for 4+ family (total); 1.25 for 2+ family (per studio/1br)
36,HI--HAWAII--CV15,HI,Hawaii,CV-15,0.4513346594203003,0.0,0.4513346594203003,HI,Hawaii,Hawaii,CV-15,"Village Commercial - 15,000 square feet",Yes,No,No,Mixed with Residential,No,No,Allowed/Conditional,Allowed/Conditional,Allowed/Conditional,Allowed/Conditional,0.34,15,0,15,NONE,NONE,2,NONE,30,NONE,NONE,No,No,0.34,6,15,0,15,NONE,NONE,4,4,NONE,30,NONE,NONE,No,No,0.34,35,15,0,15,NONE,NONE,1.25,1.25,No,No,NONE,30,NONE,NONE,NONE,No,No,0.34,35,15,0,15,NONE,NONE,1.25,1.25,,,NONE,30,NONE,NONE,NONE,NONE,Not Mentioned,"Chapter 25 - Zoning does not list affordability requirements for development, however Chapter 12 does list the requirement of the County's affordable credit system.",,,,,,No,No,,,,Prohibited,No,No,No,No,,,,,,,Public Hearing,No,0.34,35,NONE,"3/4+-Housing - permitted provided that the maximum density shall be one thousand two hundred fifty square feet of land area per rentable unit or dwelling unit; Side yards, none, except where the adjoining building site is in an RS, RD, RM or RCX district. Where the side yard adjoins the side yard of a building site in an RS, RD, RM or RCX district, there shall be a side yard which conforms to the side yard requirements for dwelling use of the adjoining district.",,False,False,False,False,False,False,B,B,B,B,No,No,No,No,No,2 for 1-family; 4 for 2-family (total); 4 for 2-family (per studio/1br); 1.25 for 3-family (total); 1.25 for 3-family (per studio/1br); 1.25 for 4+ family (total); 1.25 for 2+ family (per studio/1br)
37,HI--HAWAII--CV1A,HI,Hawaii,CV-1a,1.0833681458020272,0.0,1.0833681458020272,HI,Hawaii,Hawaii,CV-1a,Village Commercial - 1 acre,Yes,No,No,Mixed with Residential,No,No,Allowed/Conditional,Allowed/Conditional,Allowed/Conditional,Allowed/Conditional,1,15,0,15,NONE,NONE,2,NONE,30,NONE,NONE,No,No,1,2,15,0,15,NONE,NONE,4,4,NONE,30,NONE,NONE,No,No,1.00,35,15,0,15,NONE,NONE,1.25,1.25,No,No,NONE,30,NONE,NONE,NONE,No,No,1.00,35,15,0,15,NONE,NONE,1.25,1.25,,,NONE,30,NONE,NONE,NONE,NONE,Not Mentioned,"Chapter 25 - Zoning does not list affordability requirements for development, however Chapter 12 does list the requirement of the County's affordable credit system.",,,,,,No,No,,,,Prohibited,No,No,No,No,,,,,,,Public Hearing,No,1,35,NONE,"3/4+-Housing - permitted provided that the maximum density shall be one thousand two hundred fifty square feet of land area per rentable unit or dwelling unit; Side yards, none, except where the adjoining building site is in an RS, RD, RM or RCX district. Where the side yard adjoins the side yard of a building site in an RS, RD, RM or RCX district, there shall be a side yard which conforms to the side yard requirements for dwelling use of the adjoining district.",,False,False,False,False,False,False,D,D,D,D,No,No,No,No,No,2 for 1-family; 4 for 2-family (total); 4 for 2-family (per studio/1br); 1.25 for 3-family (total); 1.25 for 3-family (per studio/1br); 1.25 for 4+ family (total); 1.25 for 2+ family (per studio/1br)
38,HI--HAWAII--CV20,HI,Hawaii,CV-20,37.47913046407348,2.021019586508614e-06,37.47912844305389,HI,Hawaii,Hawaii,CV-20,"Village Commercial - 20,000 square feet",Yes,No,No,Mixed with Residential,No,No,Allowed/Conditional,Allowed/Conditional,Allowed/Conditional,Allowed/Conditional,0.46,15,0,15,NONE,NONE,2,NONE,30,NONE,NONE,No,No,0.46,4,15,0,15,NONE,NONE,4,4,NONE,30,NONE,NONE,No,No,0.46,35,15,0,15,NONE,NONE,1.25,1.25,No,No,NONE,30,NONE,NONE,NONE,No,No,0.46,35,15,0,15,NONE,NONE,1.25,1.25,,,NONE,30,NONE,NONE,NONE,NONE,Not Mentioned,"Chapter 25 - Zoning does not list affordability requirements for development, however Chapter 12 does list the requirement of the County's affordable credit system.",,,,,,No,No,,,,Prohibited,No,No,No,No,,,,,,,Public Hearing,No,0.46,35,NONE,"3/4+-Housing - permitted provided that the maximum density shall be one thousand two hundred fifty square feet of land area per rentable unit or dwelling unit; Side yards, none, except where the adjoining building site is in an RS, RD, RM or RCX district. Where the side yard adjoins the side yard of a building site in an RS, RD, RM or RCX district, there shall be a side yard which conforms to the side yard requirements for dwelling use of the adjoining district.",,False,False,False,False,False,False,B,B,B,B,No,No,No,No,No,2 for 1-family; 4 for 2-family (total); 4 for 2-family (per studio/1br); 1.25 for 3-family (total); 1.25 for 3-family (per studio/1br); 1.25 for 4+ family (total); 1.25 for 2+ family (per studio/1br)
39,HI--HAWAII--CV38,HI,Hawaii,CV-38,39.200077634023984,39.20007749632337,1.3770061713103132e-07,HI,Hawaii,Hawaii,CV-38,"Village Commercial - 38,000 square feet",Yes,No,No,Mixed with Residential,No,No,Allowed/Conditional,Allowed/Conditional,Allowed/Conditional,Allowed/Conditional,0.87,15,0,15,NONE,NONE,2,NONE,30,NONE,NONE,No,No,0.87,2,15,0,15,NONE,NONE,4,4,NONE,30,NONE,NONE,No,No,0.87,35,15,0,15,NONE,NONE,1.25,1.25,No,No,NONE,30,NONE,NONE,NONE,No,No,0.87,35,15,0,15,NONE,NONE,1.25,1.25,,,NONE,30,NONE,NONE,NONE,NONE,Not Mentioned,"Chapter 25 - Zoning does not list affordability requirements for development, however Chapter 12 does list the requirement of the County's affordable credit system.",,,,,,No,No,,,,Prohibited,No,No,No,No,,,,,,,Public Hearing,No,0.87,35,NONE,"3/4+-Housing - permitted provided that the maximum density shall be one thousand two hundred fifty square feet of land area per rentable unit or dwelling unit; Side yards, none, except where the adjoining building site is in an RS, RD, RM or RCX district. Where the side yard adjoins the side yard of a building site in an RS, RD, RM or RCX district, there shall be a side yard which conforms to the side yard requirements for dwelling use of the adjoining district.",,False,False,False,False,False,False,C,C,C,C,No,No,No,No,No,2 for 1-family; 4 for 2-family (total); 4 for 2-family (per studio/1br); 1.25 for 3-family (total); 1.25 for 3-family (per studio/1br); 1.25 for 4+ family (total); 1.25 for 2+ family (per studio/1br)
40,HI--HAWAII--CV40,HI,Hawaii,CV-40,4.156109671004695,0.0,4.156109671004695,HI,Hawaii,Hawaii,CV-40,"Village Commercial - 40,000 square feet",Yes,No,No,Mixed with Residential,No,No,Allowed/Conditional,Allowed/Conditional,Allowed/Conditional,Allowed/Conditional,0.92,15,0,15,NONE,NONE,2,NONE,30,NONE,NONE,No,No,0.92,2,15,0,15,NONE,NONE,4,4,NONE,30,NONE,NONE,No,No,0.92,35,15,0,15,NONE,NONE,1.25,1.25,No,No,NONE,30,NONE,NONE,NONE,No,No,0.92,35,15,0,15,NONE,NONE,1.25,1.25,,,NONE,30,NONE,NONE,NONE,NONE,Not Mentioned,"Chapter 25 - Zoning does not list affordability requirements for development, however Chapter 12 does list the requirement of the County's affordable credit system.",,,,,,No,No,,,,Prohibited,No,No,No,No,,,,,,,Public Hearing,No,0.92,35,NONE,"3/4+-Housing - permitted provided that the maximum density shall be one thousand two hundred fifty square feet of land area per rentable unit or dwelling unit; Side yards, none, except where the adjoining building site is in an RS, RD, RM or RCX district. Where the side yard adjoins the side yard of a building site in an RS, RD, RM or RCX district, there shall be a side yard which conforms to the side yard requirements for dwelling use of the adjoining district.",,False,False,False,False,False,False,D,D,D,D,No,No,No,No,No,2 for 1-family; 4 for 2-family (total); 4 for 2-family (per studio/1br); 1.25 for 3-family (total); 1.25 for 3-family (per studio/1br); 1.25 for 4+ family (total); 1.25 for 2+ family (per studio/1br)
41,HI--HAWAII--CV7.5,HI,Hawaii,CV-7.5,371.0156106296647,45.58338244935804,325.43222818030665,HI,Hawaii,Hawaii,CV-7.5,"Village Commercial - 7,500 square feet",Yes,No,No,Mixed with Residential,No,No,Allowed/Conditional,Allowed/Conditional,Allowed/Conditional,Allowed/Conditional,0.17,15,0,15,NONE,NONE,2,NONE,30,NONE,NONE,No,No,0.17,12,15,0,15,NONE,NONE,4,4,NONE,30,NONE,NONE,No,No,0.17,35,15,0,15,NONE,NONE,1.25,1.25,No,No,NONE,30,NONE,NONE,NONE,No,No,0.17,35,15,0,15,NONE,NONE,1.25,1.25,,,NONE,30,NONE,NONE,NONE,NONE,Not Mentioned,"Chapter 25 - Zoning does not list affordability requirements for development, however Chapter 12 does list the requirement of the County's affordable credit system.",,,,,,No,No,,,,Prohibited,No,No,No,No,,,,,,,Public Hearing,No,0.17,35,NONE,"3/4+-Housing - permitted provided that the maximum density shall be one thousand two hundred fifty square feet of land area per rentable unit or dwelling unit; Side yards, none, except where the adjoining building site is in an RS, RD, RM or RCX district. Where the side yard adjoins the side yard of a building site in an RS, RD, RM or RCX district, there shall be a side yard which conforms to the side yard requirements for dwelling use of the adjoining district.",,False,False,False,False,False,False,B,B,B,B,No,No,No,No,No,2 for 1-family; 4 for 2-family (total); 4 for 2-family (per studio/1br); 1.25 for 3-family (total); 1.25 for 3-family (per studio/1br); 1.25 for 4+ family (total); 1.25 for 2+ family (per studio/1br)
42,HI--HAWAII--FA1A,HI,Hawaii,FA-1a,603.9320450608496,468.60417178368846,135.3278732771612,HI,Hawaii,Hawaii,FA-1a,Family Agricultural District - minimum 1 acre,Yes,No,No,Mixed with Residential,No,No,Allowed/Conditional,Prohibited,Prohibited,Prohibited,1,30,20,30,NONE,NONE,2,NONE,35,NONE,NONE,,,,,,,,,,,,,,,,No,No,,,,,,,,,,No,No,,,,,,No,No,,,,,,,,,,No,No,,,,,,,Not Mentioned,"Chapter 25 - Zoning does not list affordability requirements for development, however Chapter 12 does list the requirement of the County's affordable credit system.",,,,,,No,No,,,,Allowed/Conditional,No,No,No,No,1,2,No,NONE,NONE,NONE,Prohibited,No,,,,,,False,False,False,False,False,False,D,A,A,A,No,No,No,No,No,2 for 1-family
43,HI--HAWAII--FA2A,HI,Hawaii,FA-2a,134.22173961501773,0.8181663225190168,133.40357329249872,HI,Hawaii,Hawaii,FA-2a,Family Agricultural District - minimum 2 acres,Yes,No,No,Mixed with Residential,No,No,Allowed/Conditional,Prohibited,Prohibited,Prohibited,2,30,20,30,NONE,NONE,2,NONE,35,NONE,NONE,,,,,,,,,,,,,,,,No,No,,,,,,,,,,No,No,,,,,,No,No,,,,,,,,,,No,No,,,,,,,Not Mentioned,"Chapter 25 - Zoning does not list affordability requirements for development, however Chapter 12 does list the requirement of the County's affordable credit system.",,,,,,No,No,,,,Allowed/Conditional,No,No,No,No,2,2,No,NONE,NONE,NONE,Prohibited,No,,,,,,False,False,False,False,False,False,E,A,A,A,No,No,No,No,No,2 for 1-family
44,HI--HAWAII--FA3A,HI,Hawaii,FA-3a,317.3244327056632,0.15898177131637997,317.1654509343468,HI,Hawaii,Hawaii,FA-3a,Family Agricultural District - minimum 3 acres,Yes,No,No,Mixed with Residential,No,No,Allowed/Conditional,Prohibited,Prohibited,Prohibited,3,30,20,30,NONE,NONE,2,NONE,35,NONE,NONE,,,,,,,,,,,,,,,,No,No,,,,,,,,,,No,No,,,,,,No,No,,,,,,,,,,No,No,,,,,,,Not Mentioned,"Chapter 25 - Zoning does not list affordability requirements for development, however Chapter 12 does list the requirement of the County's affordable credit system.",,,,,,No,No,,,,Allowed/Conditional,No,No,No,No,3,2,No,NONE,NONE,NONE,Prohibited,No,,,,,,False,False,False,False,False,False,E,A,A,A,No,No,No,No,No,2 for 1-family
45,HI--HAWAII--FA5A,HI,Hawaii,FA-5a,69.88905993079642,5.19897803122999e-07,69.88905941089861,HI,Hawaii,Hawaii,FA-5a,Family Agricultural District - minimum 5 acres,Yes,No,No,Mixed with Residential,No,No,Allowed/Conditional,Prohibited,Prohibited,Prohibited,5,30,20,30,NONE,NONE,2,NONE,35,NONE,NONE,,,,,,,,,,,,,,,,No,No,,,,,,,,,,No,No,,,,,,No,No,,,,,,,,,,No,No,,,,,,,Not Mentioned,"Chapter 25 - Zoning does not list affordability requirements for development, however Chapter 12 does list the requirement of the County's affordable credit system.",,,,,,No,No,,,,Allowed/Conditional,No,No,No,No,5,2,No,NONE,NONE,NONE,Prohibited,No,,,,,,False,False,False,False,False,False,E,A,A,A,No,No,No,No,No,2 for 1-family
46,HI--HAWAII--FR,HI,Hawaii,FR,733956.2591424767,652655.5454064613,81300.71373601537,HI,Hawaii,Hawaii,FR,Forest Reserve,Yes,No,No,Nonresidential,No,No,Prohibited,Prohibited,Prohibited,Prohibited,,,,,,,,,,,,,,,,,,,,,,,,,,,No,No,,,,,,,,,,No,No,,,,,,No,No,,,,,,,,,,No,No,,,,,,,Prohibited,,,,,,,No,No,,,,Prohibited,No,No,No,No,,,,,,,Prohibited,No,,,,,,False,False,False,False,False,False,A,A,A,A,No,No,No,No,No,
47,HI--HAWAII--MCX10,HI,Hawaii,MCX-10,0.28974362649915636,0.0,0.28974362649915636,HI,Hawaii,Hawaii,MCX-10,"Industrial-Commercial Mixed Use - 10,000 square feet",Yes,No,No,Nonresidential,No,No,Prohibited,Prohibited,Prohibited,Prohibited,,,,,,,,,,,,,,,,,,,,,,,,,,,No,No,,,,,,,,,,No,No,,,,,,No,No,,,,,,,,,,No,No,,,,,,,Prohibited,,,,,,,No,No,,,,Prohibited,No,No,No,No,,,,,,,Prohibited,No,,,,,,False,False,False,False,False,False,A,A,A,A,No,No,No,No,No,
48,HI--HAWAII--MCX1A,HI,Hawaii,MCX-1a,106.21067425355457,2.3240127114082223,103.88666154214636,HI,Hawaii,Hawaii,MCX-1a,Industrial-Commercial Mixed Use - 1 acres,Yes,No,No,Nonresidential,No,No,Prohibited,Prohibited,Prohibited,Prohibited,,,,,,,,,,,,,,,,,,,,,,,,,,,No,No,,,,,,,,,,No,No,,,,,,No,No,,,,,,,,,,No,No,,,,,,,Prohibited,,,,,,,No,No,,,,Prohibited,No,No,No,No,,,,,,,Prohibited,No,,,,,,False,False,False,False,False,False,A,A,A,A,No,No,No,No,No,
49,HI--HAWAII--MCX20,HI,Hawaii,MCX-20,399.48167676867814,19.03473630937379,380.44694045930436,HI,Hawaii,Hawaii,MCX-20,"Industrial-Commercial Mixed Use - 20,000 square feet",Yes,No,No,Nonresidential,No,No,Prohibited,Prohibited,Prohibited,Prohibited,,,,,,,,,,,,,,,,,,,,,,,,,,,No,No,,,,,,,,,,No,No,,,,,,No,No,,,,,,,,,,No,No,,,,,,,Prohibited,,,,,,,No,No,,,,Prohibited,No,No,No,No,,,,,,,Prohibited,No,,,,,,False,False,False,False,False,False,A,A,A,A,No,No,No,No,No,
50,HI--HAWAII--MCX3A,HI,Hawaii,MCX-3a,3.2398014924042524,0.0,3.2398014924042524,HI,Hawaii,Hawaii,MCX-3a,Industrial-Commercial Mixed Use - 3 acres,Yes,No,No,Nonresidential,No,No,Prohibited,Prohibited,Prohibited,Prohibited,,,,,,,,,,,,,,,,,,,,,,,,,,,No,No,,,,,,,,,,No,No,,,,,,No,No,,,,,,,,,,No,No,,,,,,,Prohibited,,,,,,,No,No,,,,Prohibited,No,No,No,No,,,,,,,Prohibited,No,,,,,,False,False,False,False,False,False,A,A,A,A,No,No,No,No,No,
51,HI--HAWAII--MG10A,HI,Hawaii,MG-10a,65.53876796837876,0.023482023109428374,65.51528594526934,HI,Hawaii,Hawaii,MG-10a,General Industrial - 10 acres,Yes,No,No,Nonresidential,No,No,Prohibited,Prohibited,Prohibited,Prohibited,,,,,,,,,,,,,,,,,,,,,,,,,,,No,No,,,,,,,,,,No,No,,,,,,No,No,,,,,,,,,,No,No,,,,,,,Prohibited,,,,,,,No,No,,,,Prohibited,No,No,No,No,,,,,,,Prohibited,No,,,,,,False,False,False,False,False,False,A,A,A,A,No,No,No,No,No,
52,HI--HAWAII--MG15A,HI,Hawaii,MG-15a,15.465385989437161,1.1915260878019604e-06,15.465384797911073,HI,Hawaii,Hawaii,MG-15a,General Industrial - 15 acres,Yes,No,No,Nonresidential,No,No,Prohibited,Prohibited,Prohibited,Prohibited,,,,,,,,,,,,,,,,,,,,,,,,,,,No,No,,,,,,,,,,No,No,,,,,,No,No,,,,,,,,,,No,No,,,,,,,Prohibited,,,,,,,No,No,,,,Prohibited,No,No,No,No,,,,,,,Prohibited,No,,,,,,False,False,False,False,False,False,A,A,A,A,No,No,No,No,No,
53,HI--HAWAII--MG1A,HI,Hawaii,MG-1a,2729.634922278845,2392.0481878877754,337.5867343910695,HI,Hawaii,Hawaii,MG-1a,General Industrial - 1 acres,Yes,No,No,Nonresidential,No,No,Prohibited,Prohibited,Prohibited,Prohibited,,,,,,,,,,,,,,,,,,,,,,,,,,,No,No,,,,,,,,,,No,No,,,,,,No,No,,,,,,,,,,No,No,,,,,,,Prohibited,,,,,,,No,No,,,,Prohibited,No,No,No,No,,,,,,,Prohibited,No,,,,missing MG10,,False,False,False,False,False,False,A,A,A,A,No,No,No,No,No,
54,HI--HAWAII--MG20,HI,Hawaii,MG-20,474.86587518378764,1.262710735192805,473.60316444859484,HI,Hawaii,Hawaii,MG-20,"General Industrial - 20,000 square feet",Yes,No,No,Nonresidential,No,No,Prohibited,Prohibited,Prohibited,Prohibited,,,,,,,,,,,,,,,,,,,,,,,,,,,No,No,,,,,,,,,,No,No,,,,,,No,No,,,,,,,,,,No,No,,,,,,,Prohibited,,,,,,,No,No,,,,Prohibited,No,No,No,No,,,,,,,Prohibited,No,,,,,,False,False,False,False,False,False,A,A,A,A,No,No,No,No,No,
55,HI--HAWAII--MG3A,HI,Hawaii,MG-3a,428.99671321394663,353.1554764657859,75.84123674816072,HI,Hawaii,Hawaii,MG-3a,General Industrial - 3 acres,Yes,No,No,Nonresidential,No,No,Prohibited,Prohibited,Prohibited,Prohibited,,,,,,,,,,,,,,,,,,,,,,,,,,,No,No,,,,,,,,,,No,No,,,,,,No,No,,,,,,,,,,No,No,,,,,,,Prohibited,,,,,,,No,No,,,,Prohibited,No,No,No,No,,,,,,,Prohibited,No,,,,,,False,False,False,False,False,False,A,A,A,A,No,No,No,No,No,
56,HI--HAWAII--MG5A,HI,Hawaii,MG-5a,62.16526274587657,3.0484032007104434,59.11685954516612,HI,Hawaii,Hawaii,MG-5a,General Industrial - 5 acres,Yes,No,No,Nonresidential,No,No,Prohibited,Prohibited,Prohibited,Prohibited,,,,,,,,,,,,,,,,,,,,,,,,,,,No,No,,,,,,,,,,No,No,,,,,,No,No,,,,,,,,,,No,No,,,,,,,Prohibited,,,,,,,No,No,,,,Prohibited,No,No,No,No,,,,,,,Prohibited,No,,,,,,False,False,False,False,False,False,A,A,A,A,No,No,No,No,No,
57,HI--HAWAII--ML10,HI,Hawaii,ML-10,25.65035203016943,0.6217370402795375,25.028614989889892,HI,Hawaii,Hawaii,ML-10,"Limited Industrial - 10,000 square feet",Yes,No,No,Nonresidential,No,No,Prohibited,Prohibited,Prohibited,Prohibited,,,,,,,,,,,,,,,,,,,,,,,,,,,No,No,,,,,,,,,,No,No,,,,,,No,No,,,,,,,,,,No,No,,,,,,,Prohibited,,,,,,,No,No,,,,Prohibited,No,No,No,No,,,,,,,Prohibited,No,,,,,,False,False,False,False,False,False,A,A,A,A,No,No,No,No,No,
58,HI--HAWAII--ML1A,HI,Hawaii,ML-1a,220.4080788525378,4.593215954670679,215.81486289786713,HI,Hawaii,Hawaii,ML-1a,"Limited Industrial - 1,000 square feet",Yes,No,No,Nonresidential,No,No,Prohibited,Prohibited,Prohibited,Prohibited,,,,,,,,,,,,,,,,,,,,,,,,,,,No,No,,,,,,,,,,No,No,,,,,,No,No,,,,,,,,,,No,No,,,,,,,Prohibited,,,,,,,No,No,,,,Prohibited,No,No,No,No,,,,,,,Prohibited,No,,,,,,False,False,False,False,False,False,A,A,A,A,No,No,No,No,No,
59,HI--HAWAII--ML20,HI,Hawaii,ML-20,1674.5497900455007,1533.3850081688418,141.16478187665894,HI,Hawaii,Hawaii,ML-20,"Limited Industrial - 20,000 square feet",Yes,No,No,Nonresidential,No,No,Prohibited,Prohibited,Prohibited,Prohibited,,,,,,,,,,,,,,,,,,,,,,,,,,,No,No,,,,,,,,,,No,No,,,,,,No,No,,,,,,,,,,No,No,,,,,,,Prohibited,,,,,,,No,No,,,,Prohibited,No,No,No,No,,,,,,,Prohibited,No,,,,,,False,False,False,False,False,False,A,A,A,A,No,No,No,No,No,
60,HI--HAWAII--ML3A,HI,Hawaii,ML-3a,39.25018155598522,29.466705598424024,9.783475957561198,HI,Hawaii,Hawaii,ML-3a,"Limited Industrial - 3,000 square feet",Yes,No,No,Nonresidential,No,No,Prohibited,Prohibited,Prohibited,Prohibited,,,,,,,,,,,,,,,,,,,,,,,,,,,No,No,,,,,,,,,,No,No,,,,,,No,No,,,,,,,,,,No,No,,,,,,,Prohibited,,,,,,,No,No,,,,Prohibited,No,No,No,No,,,,,,,Prohibited,No,,,,,,False,False,False,False,False,False,A,A,A,A,No,No,No,No,No,
61,HI--HAWAII--NP,HI,Hawaii,NP,202593.14834528763,201989.22156313335,603.9267821542744,HI,Hawaii,Hawaii,NP,National Park,Yes,No,No,Nonresidential,No,No,Prohibited,Prohibited,Prohibited,Prohibited,,,,,,,,,,,,,,,,,,,,,,,,,,,No,No,,,,,,,,,,No,No,,,,,,No,No,,,,,,,,,,No,No,,,,,,,Prohibited,,,,,,,No,No,,,,Prohibited,No,No,No,No,,,,,,,Prohibited,No,,,,,,False,False,False,False,False,False,A,A,A,A,No,No,No,No,No,
62,HI--HAWAII--OPEN,HI,Hawaii,OPEN,203754.6706145649,150199.46140960435,53555.209204960556,HI,Hawaii,Hawaii,OPEN,Open District,Yes,No,No,Nonresidential,No,No,Prohibited,Prohibited,Prohibited,Prohibited,,,,,,,,,,,,,,,,,,,,,,,,,,,No,No,,,,,,,,,,No,No,,,,,,No,No,,,,,,,,,,No,No,,,,,,,Prohibited,,,,,,,No,No,,,,Prohibited,No,No,No,No,,,,,,,Prohibited,No,,,,,,False,False,False,False,False,False,A,A,A,A,No,No,No,No,No,
63,HI--HAWAII--PD,HI,Hawaii,PD,2679.3679086220723,208.09004720293893,2471.2778614191334,HI,Hawaii,Hawaii,PD,Project District,Yes,No,No,Primarily Residential,No,No,Allowed/Conditional,Allowed/Conditional,Allowed/Conditional,Allowed/Conditional,NONE,,,,,NONE,2,NONE,NONE,NONE,NONE,No,No,,,,,,,,4,4,,,,NONE,No,No,,,,,,,,,,,,,,,,,,,,,,,,,,,,,,,,,,,,Not Mentioned,"Chapter 25 - Zoning does not list affordability requirements for development, however Chapter 12 does list the requirement of the County's affordable credit system.",,,,,,No,No,,,,Allowed/Conditional,No,No,No,No,NONE,NONE,No,NONE,NONE,NONE,Allowed/Conditional,No,,,NONE,"Any uses permitted either directly or conditionally in the RS, RD, RM, RCX, CN, CG, CV or V districts shall be permitted in a project district; provided, that each of the proposed uses and the overall densities for residential and hotel uses shall be contained in a master plan for the project district and in the project district enabling ordinance.",,False,False,False,False,False,False,A,A,A,A,No,No,No,No,No,2 for 1-family; 4 for 2-family (total); 4 for 2-family (per studio/1br)
64,HI--HAWAII--RA.5A,HI,Hawaii,RA-.5a,1206.7903680404852,46.05730853545988,1160.7330595050253,HI,Hawaii,Hawaii,RA-.5a,Residential & Agricultural - Minimum 0.5 acres,Yes,No,No,Mixed with Residential,No,No,Allowed/Conditional,Prohibited,Prohibited,Prohibited,0.5,25,15,25,NONE,NONE,2,NONE,35,NONE,NONE,,,,,,,,,,,,,,,,No,No,,,,,,,,,,No,No,,,,,,No,No,,,,,,,,,,,,,,,,,,Not Mentioned,"Chapter 25 - Zoning does not list affordability requirements for development, however Chapter 12 does list the requirement of the County's affordable credit system.",,,,,,No,No,,,,Allowed/Conditional,No,No,No,No,0.5,2,No,NONE,NONE,NONE,Prohibited,No,,,,,,False,False,False,False,False,False,C,A,A,A,No,No,No,No,No,2 for 1-family
65,HI--HAWAII--RA1.5A,HI,Hawaii,RA-1.5a,3.0614179322780983,2.738921028259131e-07,3.0614176583859956,HI,Hawaii,Hawaii,RA-1.5a,Residential & Agricultural - Minimum 1.5 acres,Yes,No,No,Mixed with Residential,No,No,Allowed/Conditional,Prohibited,Prohibited,Prohibited,1.5,25,15,25,NONE,NONE,2,NONE,35,NONE,NONE,,,,,,,,,,,,,,,,No,No,,,,,,,,,,No,No,,,,,,No,No,,,,,,,,,,,,,,,,,,Not Mentioned,"Chapter 25 - Zoning does not list affordability requirements for development, however Chapter 12 does list the requirement of the County's affordable credit system.",,,,,,No,No,,,,Allowed/Conditional,No,No,No,No,1.5,2,No,NONE,NONE,NONE,Prohibited,No,,,,,,False,False,False,False,False,False,D,A,A,A,No,No,No,No,No,2 for 1-family
66,HI--HAWAII--RA1A,HI,Hawaii,RA-1a,1821.320945308807,5.573421385437142,1815.74752392337,HI,Hawaii,Hawaii,RA-1a,Residential & Agricultural - Minimum 1 acre,Yes,No,No,Mixed with Residential,No,No,Allowed/Conditional,Prohibited,Prohibited,Prohibited,1,25,15,25,NONE,NONE,2,NONE,35,NONE,NONE,,,,,,,,,,,,,,,,No,No,,,,,,,,,,No,No,,,,,,No,No,,,,,,,,,,,,,,,,,,Not Mentioned,"Chapter 25 - Zoning does not list affordability requirements for development, however Chapter 12 does list the requirement of the County's affordable credit system.",,,,,,No,No,,,,Allowed/Conditional,No,No,No,No,1,2,No,NONE,NONE,NONE,Prohibited,No,,,,,,False,False,False,False,False,False,D,A,A,A,No,No,No,No,No,2 for 1-family
67,HI--HAWAII--RA2A,HI,Hawaii,RA-2a,304.66511233108525,0.00405889412740053,304.66105343695784,HI,Hawaii,Hawaii,RA-2a,Residential & Agricultural - Minimum 2 acres,Yes,No,No,Mixed with Residential,No,No,Allowed/Conditional,Prohibited,Prohibited,Prohibited,2,25,15,25,NONE,NONE,2,NONE,35,NONE,NONE,,,,,,,,,,,,,,,,No,No,,,,,,,,,,No,No,,,,,,No,No,,,,,,,,,,,,,,,,,,Not Mentioned,"Chapter 25 - Zoning does not list affordability requirements for development, however Chapter 12 does list the requirement of the County's affordable credit system.",,,,,,No,No,,,,Allowed/Conditional,No,No,No,No,2,2,No,NONE,NONE,NONE,Prohibited,No,,,,,,False,False,False,False,False,False,E,A,A,A,No,No,No,No,No,2 for 1-family
68,HI--HAWAII--RA3A,HI,Hawaii,RA-3a,9.611593938101112,4.256031534721268e-07,9.61159351249796,HI,Hawaii,Hawaii,RA-3a,Residential & Agricultural - Minimum 3 acres,Yes,No,No,Mixed with Residential,No,No,Allowed/Conditional,Prohibited,Prohibited,Prohibited,3,25,15,25,NONE,NONE,2,NONE,35,NONE,NONE,,,,,,,,,,,,,,,,No,No,,,,,,,,,,No,No,,,,,,No,No,,,,,,,,,,No,No,,,,,,,Not Mentioned,"Chapter 25 - Zoning does not list affordability requirements for development, however Chapter 12 does list the requirement of the County's affordable credit system.",,,,,,No,No,,,,Allowed/Conditional,No,No,No,No,3,2,No,NONE,NONE,NONE,Prohibited,No,,,,,,False,False,False,False,False,False,E,A,A,A,No,No,No,No,No,2 for 1-family
69,HI--HAWAII--RA5A,HI,Hawaii,RA-5a,43.6599997552229,0.0,43.6599997552229,HI,Hawaii,Hawaii,RA-5a,Residential & Agricultural - Minimum 5 acres,Yes,No,No,Mixed with Residential,No,No,Allowed/Conditional,Prohibited,Prohibited,Prohibited,5,25,15,25,NONe,NONE,2,NONE,35,NONE,NONE,,,,,,,,,,,,,,,,No,No,,,,,,,,,,No,No,,,,,,No,No,,,,,,,,,,No,No,,,,,,,Not Mentioned,"Chapter 25 - Zoning does not list affordability requirements for development, however Chapter 12 does list the requirement of the County's affordable credit system.",,,,,,No,No,,,,Allowed/Conditional,No,No,No,No,5,2,No,NONE,NONE,NONE,Prohibited,No,,,,,,False,False,False,False,False,False,E,A,A,A,No,No,No,No,No,2 for 1-family
70,HI--HAWAII--RCX10,HI,Hawaii,RCX-10,0.5270943338471694,0.012073095219375647,0.5150212386277938,HI,Hawaii,Hawaii,RCX-10,"Residential-Commercial Mixed Use Districts - 10,000 square feet",Yes,No,No,Mixed with Residential,No,No,Allowed/Conditional,Allowed/Conditional,Allowed/Conditional,Allowed/Conditional,0.23,20,8,20,NONE,NONE,2,NONE,45,NONE,NONE,No,No,0.46,4,20,8,20,NONE,NONE,4,4,NONE,45,NONE,NONE,No,No,0.23,4,20,8,20,NONE,NONE,1.25,1.25,No,No,NONE,45,NONE,NONE,NONE,No,No,0.23,4,20,8,20,NONE,NONE,1.25,1.25,No,No,NONE,45,NONE,NONE,NONE,NONE,Not Mentioned,"Chapter 25 - Zoning does not list affordability requirements for development, however Chapter 12 does list the requirement of the County's affordable credit system.",,,,,,No,No,,,,Prohibited,No,No,No,No,,,,,,,Public Hearing,No,0.23,4,NONE,"Where commercial uses are integrated with residential uses in the RCX district, pedestrian access to the dwelling shall be independent from other uses and shall be designed to enhance privacy for residents; No floor of any building in the RCX district shall be used for both dwelling and commercial purposes; There may be more than one main building on any building site in the RCX district; Distance between main buildings on the same building site in the RCX district shall be at least fifteen feet., Side yards, eight feet for a one-story building, plus an additional two feet for each additional story.",,False,False,False,False,False,False,B,B,B,B,No,No,No,No,No,2 for 1-family; 4 for 2-family (total); 4 for 2-family (per studio/1br); 1.25 for 3-family (total); 1.25 for 3-family (per studio/1br); 1.25 for 4+ family (total); 1.25 for 2+ family (per studio/1br)
71,HI--HAWAII--RCX2,HI,Hawaii,RCX-2,22.796931707716272,0.0,22.796931707716272,HI,Hawaii,Hawaii,RCX-2,"Residential-Commercial Mixed Use Districts - 2,000 square feeet",Yes,No,No,Mixed with Residential,No,No,Allowed/Conditional,Allowed/Conditional,Allowed/Conditional,Allowed/Conditional,0.17,20,8,20,NONE,NONE,2,NONE,45,NONE,NONE,No,No,0.17,12,20,8,20,NONE,NONE,4,4,NONE,45,NONE,NONE,No,No,0.17,22,20,8,20,NONE,NONE,1.25,1.25,No,No,NONE,45,NONE,NONE,NONE,No,No,0.17,22,20,8,20,NONE,NONE,1.25,1.25,No,No,NONE,45,NONE,NONE,NONE,NONE,Not Mentioned,"Chapter 25 - Zoning does not list affordability requirements for development, however Chapter 12 does list the requirement of the County's affordable credit system.",,,,,,No,No,,,,Prohibited,No,No,No,No,,,,,,,Public Hearing,No,0.17,22,NONE,"Where commercial uses are integrated with residential uses in the RCX district, pedestrian access to the dwelling shall be independent from other uses and shall be designed to enhance privacy for residents; No floor of any building in the RCX district shall be used for both dwelling and commercial purposes; There may be more than one main building on any building site in the RCX district; Distance between main buildings on the same building site in the RCX district shall be at least fifteen feet., Side yards, eight feet for a one-story building, plus an additional two feet for each additional story.",,False,False,False,False,False,False,B,B,B,B,No,No,No,No,No,2 for 1-family; 4 for 2-family (total); 4 for 2-family (per studio/1br); 1.25 for 3-family (total); 1.25 for 3-family (per studio/1br); 1.25 for 4+ family (total); 1.25 for 2+ family (per studio/1br)
72,HI--HAWAII--RCX20,HI,Hawaii,RCX-20,1.4665887080700117,0.0,1.4665887080700117,HI,Hawaii,Hawaii,RCX-20,"Residential-Commercial Mixed Use Districts - 20,000 square feet",Yes,No,No,Mixed with Residential,No,No,Allowed/Conditional,Allowed/Conditional,Allowed/Conditional,Allowed/Conditional,0.46,20,8,20,NONE,NONE,2,NONE,45,NONE,NONE,No,No,0.92,2,20,8,20,NONE,NONE,4,4,NONE,45,NONE,NONE,No,No,0.46,2,20,8,20,NONE,NONE,1.25,1.25,No,No,NONE,45,NONE,NONE,NONE,No,No,0.46,2,20,8,20,NONE,NONE,1.25,1.25,No,No,NONE,45,NONE,NONE,NONE,NONE,Not Mentioned,"Chapter 25 - Zoning does not list affordability requirements for development, however Chapter 12 does list the requirement of the County's affordable credit system.",,,,,,No,No,,,,Prohibited,No,No,No,No,,,,,,,Public Hearing,No,0.46,2,NONE,"Where commercial uses are integrated with residential uses in the RCX district, pedestrian access to the dwelling shall be independent from other uses and shall be designed to enhance privacy for residents; No floor of any building in the RCX district shall be used for both dwelling and commercial purposes; There may be more than one main building on any building site in the RCX district; Distance between main buildings on the same building site in the RCX district shall be at least fifteen feet., Side yards, eight feet for a one-story building, plus an additional two feet for each additional story.",,False,False,False,False,False,False,B,D,B,B,No,No,No,No,No,2 for 1-family; 4 for 2-family (total); 4 for 2-family (per studio/1br); 1.25 for 3-family (total); 1.25 for 3-family (per studio/1br); 1.25 for 4+ family (total); 1.25 for 2+ family (per studio/1br)
73,HI--HAWAII--RD3.75,HI,Hawaii,RD-3.75,143.30314164061406,50.79037997309207,92.51276166752199,HI,Hawaii,Hawaii,RD-3.75,Double-Family Residential Districts,Yes,No,No,Primarily Residential,No,No,Allowed/Conditional,Allowed/Conditional,Prohibited,Prohibited,0.17,15,8,15,NONE,NONE,2,NONE,35,NONE,NONE,No,No,0.17,12,15,8,15,NONE,NONE,4,4,NONE,35,NONE,NONE,No,No,,,,,,,,,,No,No,,,,,,No,No,,,,,,,,,,No,No,,,,,,,Not Mentioned,"Chapter 25 - Zoning does not list affordability requirements for development, however Chapter 12 does list the requirement of the County's affordable credit system.",,,,,,No,No,,,,Prohibited,No,No,No,No,,,,,,,Public Hearing,No,0.17,12,NONE,,,False,False,False,False,False,False,B,B,A,A,No,No,No,No,No,2 for 1-family; 4 for 2-family (total); 4 for 2-family (per studio/1br)
74,HI--HAWAII--RM.75,HI,Hawaii,RM-.75,18.144071477544852,0.0,18.144071477544852,HI,Hawaii,Hawaii,RM-.75,Multiple-Family Residential - 750 square feet,Yes,No,No,Primarily Residential,No,No,Allowed/Conditional,Allowed/Conditional,Allowed/Conditional,Allowed/Conditional,0.17,20,8,20,NONE,NONE,2,NONE,45; 120 in Hilo,NONE,NONE,No,No,0.17,12,20,8,20,NONE,NONE,4,4,NONE,45; 120 in Hilo,NONE,NONE,No,No,0.17,58,20,8,20,NONE,NONE,1.25,1.25,No,No,NONE,45,NONE,NONE,NONE,No,No,0.17,58,20,8,20,NONE,NONE,1.25,1.25,No,No,NONE,45,NONE,NONE,NONE,NONE,Not Mentioned,"Chapter 25 - Zoning does not list affordability requirements for development, however Chapter 12 does list the requirement of the County's affordable credit system.",,,,,,No,No,,,,Prohibited,No,No,No,No,,,,,,,Public Hearing,No,0.17,60,NONE,"In the City of Hilo, the height limit in the RM district shall be one hundred twenty feet; Side yards, eight feet for a one-story building, plus an additional two feet for each additional story; There may be more than one main building on any building site in the RM district; 
Distance between main buildings on the same building site in the RM district shall be at least fifteen feet.",,False,False,False,False,False,False,B,B,B,B,No,No,No,No,No,2 for 1-family; 4 for 2-family (total); 4 for 2-family (per studio/1br); 1.25 for 3-family (total); 1.25 for 3-family (per studio/1br); 1.25 for 4+ family (total); 1.25 for 2+ family (per studio/1br)
75,HI--HAWAII--RM1,HI,Hawaii,RM-1,163.5622606342525,26.14672783016879,137.4155328040837,HI,Hawaii,Hawaii,RM-1,"Multiple-Family Residential - 1,000 square feet",Yes,No,No,Primarily Residential,No,No,Allowed/Conditional,Allowed/Conditional,Allowed/Conditional,Allowed/Conditional,0.17,20,8,20,NONE,NONE,2,NONE,45; 120 in Hilo,NONE,NONE,No,No,0.17,12,20,8,20,NONE,NONE,4,4,NONE,45; 120 in Hilo,NONE,NONE,No,No,0.17,44,20,8,20,NONE,NONE,1.25,1.25,No,No,NONE,45,NONE,NONE,NONE,No,No,0.17,44,20,8,20,NONE,NONE,1.25,1.25,No,No,NONE,45,NONE,NONE,NONE,NONE,Not Mentioned,"Chapter 25 - Zoning does not list affordability requirements for development, however Chapter 12 does list the requirement of the County's affordable credit system.",,,,,,No,No,,,,Prohibited,No,No,No,No,,,,,,,Public Hearing,No,0.17,45,NONE,"In the City of Hilo, the height limit in the RM district shall be one hundred twenty feet; Side yards, eight feet for a one-story building, plus an additional two feet for each additional story; There may be more than one main building on any building site in the RM district; 
Distance between main buildings on the same building site in the RM district shall be at least fifteen feet.",,False,False,False,False,False,False,B,B,B,B,No,No,No,No,No,2 for 1-family; 4 for 2-family (total); 4 for 2-family (per studio/1br); 1.25 for 3-family (total); 1.25 for 3-family (per studio/1br); 1.25 for 4+ family (total); 1.25 for 2+ family (per studio/1br)
76,HI--HAWAII--RM1.25,HI,Hawaii,RM-1.25,9.649671123017335,0.0,9.649671123017335,HI,Hawaii,Hawaii,RM-1.25,"Multiple-Family Residential - 1,250 square feet",Yes,No,No,Primarily Residential,No,No,Allowed/Conditional,Allowed/Conditional,Allowed/Conditional,Allowed/Conditional,0.17,20,8,20,NONE,NONE,2,NONE,45; 120 in Hilo,NONE,NONE,No,No,0.17,12,20,8,20,NONE,NONE,4,4,NONE,45; 120 in Hilo,NONE,NONE,No,No,0.17,35,20,8,20,NONE,NONE,1.25,1.25,No,No,NONE,45,NONE,NONE,NONE,No,No,0.17,35,20,8,20,NONE,NONE,1.25,1.25,No,No,NONE,45,NONE,NONE,NONE,NONE,Not Mentioned,"Chapter 25 - Zoning does not list affordability requirements for development, however Chapter 12 does list the requirement of the County's affordable credit system.",,,,,,No,No,,,,Prohibited,No,No,No,No,,,,,,,Public Hearing,No,0.17,36,NONE,"In the City of Hilo, the height limit in the RM district shall be one hundred twenty feet; Side yards, eight feet for a one-story building, plus an additional two feet for each additional story; There may be more than one main building on any building site in the RM district; 
Distance between main buildings on the same building site in the RM district shall be at least fifteen feet.",,False,False,False,False,False,False,B,B,B,B,No,No,No,No,No,2 for 1-family; 4 for 2-family (total); 4 for 2-family (per studio/1br); 1.25 for 3-family (total); 1.25 for 3-family (per studio/1br); 1.25 for 4+ family (total); 1.25 for 2+ family (per studio/1br)
77,HI--HAWAII--RM1.5,HI,Hawaii,RM-1.5,287.7556725178014,26.677231000066765,261.07844151773463,HI,Hawaii,Hawaii,RM-1.5,"Multiple-Family Residential - 1,500 square feet",Yes,No,No,Primarily Residential,No,No,Allowed/Conditional,Allowed/Conditional,Allowed/Conditional,Allowed/Conditional,0.17,20,8,20,NONE,NONE,2,NONE,45; 120 in Hilo,NONE,NONE,No,No,0.17,12,20,8,20,NONE,NONE,4,4,NONE,45; 120 in Hilo,NONE,NONE,No,No,0.17,29,20,8,20,NONE,NONE,1.25,1.25,No,No,NONE,45,NONE,NONE,NONE,No,No,0.17,29,20,8,20,NONE,NONE,1.25,1.25,No,No,NONE,45,NONE,NONE,NONE,NONE,Not Mentioned,"Chapter 25 - Zoning does not list affordability requirements for development, however Chapter 12 does list the requirement of the County's affordable credit system.",,,,,,No,No,,,,Prohibited,No,No,No,No,,,,,,,Public Hearing,No,0.17,30,NONE,"In the City of Hilo, the height limit in the RM district shall be one hundred twenty feet; Side yards, eight feet for a one-story building, plus an additional two feet for each additional story; There may be more than one main building on any building site in the RM district; 
Distance between main buildings on the same building site in the RM district shall be at least fifteen feet.",,False,False,False,False,False,False,B,B,B,B,No,No,No,No,No,2 for 1-family; 4 for 2-family (total); 4 for 2-family (per studio/1br); 1.25 for 3-family (total); 1.25 for 3-family (per studio/1br); 1.25 for 4+ family (total); 1.25 for 2+ family (per studio/1br)
78,HI--HAWAII--RM10,HI,Hawaii,RM-10,36.57226671680183,0.0,36.57226671680183,HI,Hawaii,Hawaii,RM-10,"Multiple-Family Residential - 10,000 square feet",Yes,No,No,Primarily Residential,No,No,Allowed/Conditional,Allowed/Conditional,Allowed/Conditional,Allowed/Conditional,0.23,20,8,20,NONE,NONE,2,NONE,45; 120 in Hilo,NONE,NONE,No,No,0.46,8,20,8,20,NONE,NONE,4,4,NONE,45; 120 in Hilo,NONE,NONE,No,No,0.23,4,20,8,20,NONE,NONE,1.25,1.25,No,No,NONE,45,NONE,NONE,NONE,No,No,0.23,4,20,8,20,NONE,NONE,1.25,1.25,No,No,NONE,45,NONE,NONE,NONE,NONE,Not Mentioned,"Chapter 25 - Zoning does not list affordability requirements for development, however Chapter 12 does list the requirement of the County's affordable credit system.",,,,,,No,No,,,,Prohibited,No,No,No,No,,,,,,,Public Hearing,No,0.23,4,NONE,"In the City of Hilo, the height limit in the RM district shall be one hundred twenty feet; Side yards, eight feet for a one-story building, plus an additional two feet for each additional story; There may be more than one main building on any building site in the RM district; 
Distance between main buildings on the same building site in the RM district shall be at least fifteen feet.",,False,False,False,False,False,False,B,B,B,B,No,No,No,No,No,2 for 1-family; 4 for 2-family (total); 4 for 2-family (per studio/1br); 1.25 for 3-family (total); 1.25 for 3-family (per studio/1br); 1.25 for 4+ family (total); 1.25 for 2+ family (per studio/1br)
79,HI--HAWAII--RM14.5,HI,Hawaii,RM-14.5,187.29391894219674,0.0,187.29391894219674,HI,Hawaii,Hawaii,RM-14.5,"Multiple-Family Residential - 14,500 square feet",Yes,No,No,Primarily Residential,No,No,Allowed/Conditional,Allowed/Conditional,Allowed/Conditional,Allowed/Conditional,0.33,20,8,20,NONE,NONE,2,NONE,45; 120 in Hilo,NONE,NONE,No,No,0.66,6,20,8,20,NONE,NONE,4,4,NONE,45; 120 in Hilo,NONE,NONE,No,No,0.33,3,20,8,20,NONE,NONE,1.25,1.25,No,No,NONE,45,NONE,NONE,NONE,No,No,0.33,3,20,8,20,NONE,NONE,1.25,1.25,No,No,NONE,45,NONE,NONE,NONE,NONE,Not Mentioned,"Chapter 25 - Zoning does not list affordability requirements for development, however Chapter 12 does list the requirement of the County's affordable credit system.",,,,,,No,No,,,,Prohibited,No,No,No,No,,,,,,,Public Hearing,No,0.33,3,NONE,"In the City of Hilo, the height limit in the RM district shall be one hundred twenty feet; Side yards, eight feet for a one-story building, plus an additional two feet for each additional story; There may be more than one main building on any building site in the RM district; 
Distance between main buildings on the same building site in the RM district shall be at least fifteen feet.",,False,False,False,False,False,False,B,C,B,B,No,No,No,No,No,2 for 1-family; 4 for 2-family (total); 4 for 2-family (per studio/1br); 1.25 for 3-family (total); 1.25 for 3-family (per studio/1br); 1.25 for 4+ family (total); 1.25 for 2+ family (per studio/1br)
80,HI--HAWAII--RM15,HI,Hawaii,RM-15,24.787585145994793,0.0,24.787585145994793,HI,Hawaii,Hawaii,RM-15,"Multiple-Family Residential - 15,000 square feet",Yes,No,No,Primarily Residential,No,No,Allowed/Conditional,Allowed/Conditional,Allowed/Conditional,Allowed/Conditional,0.34,20,8,20,NONE,NONE,2,NONE,45; 120 in Hilo,NONE,NONE,No,No,0.72,6,20,8,20,NONE,NONE,4,4,NONE,45; 120 in Hilo,NONE,NONE,No,No,0.34,3,20,8,20,NONE,NONE,1.25,1.25,No,No,NONE,45,NONE,NONE,NONE,No,No,0.34,3,20,8,20,NONE,NONE,1.25,1.25,No,No,NONE,45,NONE,NONE,NONE,NONE,Not Mentioned,"Chapter 25 - Zoning does not list affordability requirements for development, however Chapter 12 does list the requirement of the County's affordable credit system.",,,,,,No,No,,,,Prohibited,No,No,No,No,,,,,,,Public Hearing,No,0.34,3,NONE,"In the City of Hilo, the height limit in the RM district shall be one hundred twenty feet; Side yards, eight feet for a one-story building, plus an additional two feet for each additional story; There may be more than one main building on any building site in the RM district; 
Distance between main buildings on the same building site in the RM district shall be at least fifteen feet.",,False,False,False,False,False,False,B,C,B,B,No,No,No,No,No,2 for 1-family; 4 for 2-family (total); 4 for 2-family (per studio/1br); 1.25 for 3-family (total); 1.25 for 3-family (per studio/1br); 1.25 for 4+ family (total); 1.25 for 2+ family (per studio/1br)
81,HI--HAWAII--RM2,HI,Hawaii,RM-2,189.02045589329833,4.0302978183162805,184.99015807498205,HI,Hawaii,Hawaii,RM-2,"Multiple-Family Residential - 2,000 square feet",Yes,No,No,Primarily Residential,No,No,Allowed/Conditional,Allowed/Conditional,Allowed/Conditional,Allowed/Conditional,0.17,20,8,20,NONE,NONE,2,NONE,45; 120 in Hilo,NONE,NONE,No,No,0.17,12,20,8,20,NONE,NONE,4,4,NONE,45; 120 in Hilo,NONE,NONE,No,No,0.17,22,20,8,20,NONE,NONE,1.25,1.25,No,No,NONE,45,NONE,NONE,NONE,No,No,0.17,22,20,8,20,NONE,NONE,1.25,1.25,No,No,NONE,45,NONE,NONE,NONE,NONE,Not Mentioned,"Chapter 25 - Zoning does not list affordability requirements for development, however Chapter 12 does list the requirement of the County's affordable credit system.",,,,,,No,No,,,,Prohibited,No,No,No,No,,,,,,,Public Hearing,No,0.17,22,NONE,"In the City of Hilo, the height limit in the RM district shall be one hundred twenty feet; Side yards, eight feet for a one-story building, plus an additional two feet for each additional story; There may be more than one main building on any building site in the RM district; 
Distance between main buildings on the same building site in the RM district shall be at least fifteen feet.",,False,False,False,False,False,False,B,B,B,B,No,No,No,No,No,2 for 1-family; 4 for 2-family (total); 4 for 2-family (per studio/1br); 1.25 for 3-family (total); 1.25 for 3-family (per studio/1br); 1.25 for 4+ family (total); 1.25 for 2+ family (per studio/1br)
82,HI--HAWAII--RM2.5,HI,Hawaii,RM-2.5,79.49615005327351,0.691178536756119,78.8049715165174,HI,Hawaii,Hawaii,RM-2.5,"Multiple-Family Residential - 2,500 square feet",Yes,No,No,Primarily Residential,No,No,Allowed/Conditional,Allowed/Conditional,Allowed/Conditional,Allowed/Conditional,0.17,20,8,20,NONE,NONE,2,NONE,45; 120 in Hilo,NONE,NONE,No,No,0.17,12,20,8,20,NONE,NONE,4,4,NONE,45; 120 in Hilo,NONE,NONE,No,No,0.17,17,20,8,20,NONE,NONE,1.25,1.25,No,No,NONE,45,NONE,NONE,NONE,No,No,0.17,17,20,8,20,NONE,NONE,1.25,1.25,No,No,NONE,45,NONE,NONE,NONE,NONE,Not Mentioned,"Chapter 25 - Zoning does not list affordability requirements for development, however Chapter 12 does list the requirement of the County's affordable credit system.",,,,,,No,No,,,,Prohibited,No,No,No,No,,,,,,,Public Hearing,No,0.17,17,NONE,"In the City of Hilo, the height limit in the RM district shall be one hundred twenty feet; Side yards, eight feet for a one-story building, plus an additional two feet for each additional story; There may be more than one main building on any building site in the RM district; 
Distance between main buildings on the same building site in the RM district shall be at least fifteen feet.",,False,False,False,False,False,False,B,B,B,B,No,No,No,No,No,2 for 1-family; 4 for 2-family (total); 4 for 2-family (per studio/1br); 1.25 for 3-family (total); 1.25 for 3-family (per studio/1br); 1.25 for 4+ family (total); 1.25 for 2+ family (per studio/1br)
83,HI--HAWAII--RM20,HI,Hawaii,RM-20,76.92132288345731,0.0,76.92132288345731,HI,Hawaii,Hawaii,RM-20,"Multiple-Family Residential - 20,000 square feet",Yes,No,No,Primarily Residential,No,No,Allowed/Conditional,Allowed/Conditional,Allowed/Conditional,Allowed/Conditional,0.46,20,8,20,NONE,NONE,2,NONE,45; 120 in Hilo,NONE,NONE,No,No,0.92,2,20,8,20,NONE,NONE,4,4,NONE,45; 120 in Hilo,NONE,NONE,No,No,0.46,2,20,8,20,NONE,NONE,1.25,1.25,No,No,NONE,45,NONE,NONE,NONE,No,No,0.46,2,20,8,20,NONE,NONE,1.25,1.25,No,No,NONE,45,NONE,NONE,NONE,NONE,Not Mentioned,"Chapter 25 - Zoning does not list affordability requirements for development, however Chapter 12 does list the requirement of the County's affordable credit system.",,,,,,No,No,,,,Prohibited,No,No,No,No,,,,,,,Public Hearing,No,0.46,2,NONE,"In the City of Hilo, the height limit in the RM district shall be one hundred twenty feet; Side yards, eight feet for a one-story building, plus an additional two feet for each additional story; There may be more than one main building on any building site in the RM district; 
Distance between main buildings on the same building site in the RM district shall be at least fifteen feet.",,False,False,False,False,False,False,B,D,B,B,No,No,No,No,No,2 for 1-family; 4 for 2-family (total); 4 for 2-family (per studio/1br); 1.25 for 3-family (total); 1.25 for 3-family (per studio/1br); 1.25 for 4+ family (total); 1.25 for 2+ family (per studio/1br)
84,HI--HAWAII--RM3,HI,Hawaii,RM-3,519.274176685752,12.55642980749295,506.717746878259,HI,Hawaii,Hawaii,RM-3,"Multiple-Family Residential - 3,000 square feet",Yes,No,No,Primarily Residential,No,No,Allowed/Conditional,Allowed/Conditional,Allowed/Conditional,Allowed/Conditional,0.17,20,8,20,NONE,NONE,2,NONE,45; 120 in Hilo,NONE,NONE,No,No,0.17,12,20,8,20,NONE,NONE,4,4,NONE,45; 120 in Hilo,NONE,NONE,No,No,0.17,15,20,8,20,NONE,NONE,1.25,1.25,No,No,NONE,45,NONE,NONE,NONE,No,No,0.17,15,20,8,20,NONE,NONE,1.25,1.25,No,No,NONE,45,NONE,NONE,NONE,NONE,Not Mentioned,"Chapter 25 - Zoning does not list affordability requirements for development, however Chapter 12 does list the requirement of the County's affordable credit system.",,,,,,No,No,,,,Prohibited,No,No,No,No,,,,,,,Public Hearing,No,0.17,14.5,NONE,"In the City of Hilo, the height limit in the RM district shall be one hundred twenty feet; Side yards, eight feet for a one-story building, plus an additional two feet for each additional story; There may be more than one main building on any building site in the RM district; 
Distance between main buildings on the same building site in the RM district shall be at least fifteen feet.",,False,False,False,False,False,False,B,B,B,B,No,No,No,No,No,2 for 1-family; 4 for 2-family (total); 4 for 2-family (per studio/1br); 1.25 for 3-family (total); 1.25 for 3-family (per studio/1br); 1.25 for 4+ family (total); 1.25 for 2+ family (per studio/1br)
85,HI--HAWAII--RM3.5,HI,Hawaii,RM-3.5,147.42228621903095,14.91708019392364,132.5052060251073,HI,Hawaii,Hawaii,RM-3.5,"Multiple-Family Residential - 3,500 square feet",Yes,No,No,Primarily Residential,No,No,Allowed/Conditional,Allowed/Conditional,Allowed/Conditional,Allowed/Conditional,0.17,20,8,20,NONE,NONE,2,NONE,45; 120 in Hilo,NONE,NONE,No,No,0.17,12,20,8,20,NONE,NONE,4,4,NONE,45; 120 in Hilo,NONE,NONE,No,No,0.17,12,20,8,20,NONE,NONE,1.25,1.25,No,No,NONE,45,NONE,NONE,NONE,No,No,0.17,12,20,8,20,NONE,NONE,1.25,1.25,No,No,NONE,45,NONE,NONE,NONE,NONE,Not Mentioned,"Chapter 25 - Zoning does not list affordability requirements for development, however Chapter 12 does list the requirement of the County's affordable credit system.",,,,,,No,No,,,,Prohibited,No,No,No,No,,,,,,,Public Hearing,No,0.17,12.5,NONE,"In the City of Hilo, the height limit in the RM district shall be one hundred twenty feet; Side yards, eight feet for a one-story building, plus an additional two feet for each additional story; There may be more than one main building on any building site in the RM district; 
Distance between main buildings on the same building site in the RM district shall be at least fifteen feet.",,False,False,False,False,False,False,B,B,B,B,No,No,No,No,No,2 for 1-family; 4 for 2-family (total); 4 for 2-family (per studio/1br); 1.25 for 3-family (total); 1.25 for 3-family (per studio/1br); 1.25 for 4+ family (total); 1.25 for 2+ family (per studio/1br)
86,HI--HAWAII--RM30,HI,Hawaii,RM-30,52.38606700460466,0.0,52.38606700460466,HI,Hawaii,Hawaii,RM-30,"Multiple-Family Residential - 30,000 square feet",Yes,No,No,Primarily Residential,No,No,Allowed/Conditional,Allowed/Conditional,Allowed/Conditional,Allowed/Conditional,0.69,20,8,20,NONE,NONE,2,NONE,45; 120 in Hilo,NONE,NONE,No,No,1.38,2,20,8,20,NONE,NONE,4,4,NONE,45; 120 in Hilo,NONE,NONE,No,No,0.69,1,20,8,20,NONE,NONE,1.25,1.25,No,No,NONE,45,NONE,NONE,NONE,No,No,0.69,1,20,8,20,NONE,NONE,1.25,1.25,No,No,NONE,45,NONE,NONE,NONE,NONE,Not Mentioned,"Chapter 25 - Zoning does not list affordability requirements for development, however Chapter 12 does list the requirement of the County's affordable credit system.",,,,,,No,No,,,,Prohibited,No,No,No,No,,,,,,,Public Hearing,No,0.69,1.5,NONE,"In the City of Hilo, the height limit in the RM district shall be one hundred twenty feet; Side yards, eight feet for a one-story building, plus an additional two feet for each additional story; There may be more than one main building on any building site in the RM district; 
Distance between main buildings on the same building site in the RM district shall be at least fifteen feet.",,False,False,False,False,False,False,C,D,C,C,No,No,No,No,No,2 for 1-family; 4 for 2-family (total); 4 for 2-family (per studio/1br); 1.25 for 3-family (total); 1.25 for 3-family (per studio/1br); 1.25 for 4+ family (total); 1.25 for 2+ family (per studio/1br)
87,HI--HAWAII--RM4,HI,Hawaii,RM-4,784.813318369979,11.424916498293328,773.3884018716857,HI,Hawaii,Hawaii,RM-4,"Multiple-Family Residential - 4,000 square feet",Yes,No,No,Primarily Residential,No,No,Allowed/Conditional,Allowed/Conditional,Allowed/Conditional,Allowed/Conditional,0.17,20,8,20,NONE,NONE,2,NONE,45; 120 in Hilo,NONE,NONE,No,No,0.18,12,20,8,20,NONE,NONE,4,4,NONE,45; 120 in Hilo,NONE,NONE,No,No,0.17,11,20,8,20,NONE,NONE,1.25,1.25,No,No,NONE,45,NONE,NONE,NONE,No,No,0.17,11,20,8,20,NONE,NONE,1.25,1.25,No,No,NONE,45,NONE,NONE,NONE,NONE,Not Mentioned,"Chapter 25 - Zoning does not list affordability requirements for development, however Chapter 12 does list the requirement of the County's affordable credit system.",,,,,,No,No,,,,Prohibited,No,No,No,No,,,,,,,Public Hearing,No,0.17,11,NONE,"In the City of Hilo, the height limit in the RM district shall be one hundred twenty feet; Side yards, eight feet for a one-story building, plus an additional two feet for each additional story; There may be more than one main building on any building site in the RM district; 
Distance between main buildings on the same building site in the RM district shall be at least fifteen feet.",,False,False,False,False,False,False,B,B,B,B,No,No,No,No,No,2 for 1-family; 4 for 2-family (total); 4 for 2-family (per studio/1br); 1.25 for 3-family (total); 1.25 for 3-family (per studio/1br); 1.25 for 4+ family (total); 1.25 for 2+ family (per studio/1br)
88,HI--HAWAII--RM5,HI,Hawaii,RM-5,192.619654559931,29.125251982687242,163.49440257724376,HI,Hawaii,Hawaii,RM-5,"Multiple-Family Residential - 5,000 square feet",Yes,No,No,Primarily Residential,No,No,Allowed/Conditional,Allowed/Conditional,Allowed/Conditional,Allowed/Conditional,0.17,20,8,20,NONE,NONE,2,NONE,45; 120 in Hilo,NONE,NONE,No,No,0.23,8,20,8,20,NONE,NONE,4,4,NONE,45; 120 in Hilo,NONE,NONE,No,No,0.17,9,20,8,20,NONE,NONE,1.25,1.25,No,No,NONE,45,NONE,NONE,NONE,No,No,0.17,9,20,8,20,NONE,NONE,1.25,1.25,No,No,NONE,45,NONE,NONE,NONE,NONE,Not Mentioned,"Chapter 25 - Zoning does not list affordability requirements for development, however Chapter 12 does list the requirement of the County's affordable credit system.",,,,,,No,No,,,,Prohibited,No,No,No,No,,,,,,,Public Hearing,No,0.17,9,NONE,"In the City of Hilo, the height limit in the RM district shall be one hundred twenty feet; Side yards, eight feet for a one-story building, plus an additional two feet for each additional story; There may be more than one main building on any building site in the RM district; 
Distance between main buildings on the same building site in the RM district shall be at least fifteen feet.",,False,False,False,False,False,False,B,B,B,B,No,No,No,No,No,2 for 1-family; 4 for 2-family (total); 4 for 2-family (per studio/1br); 1.25 for 3-family (total); 1.25 for 3-family (per studio/1br); 1.25 for 4+ family (total); 1.25 for 2+ family (per studio/1br)
89,HI--HAWAII--RM5.5,HI,Hawaii,RM-5.5,62.16832408721446,0.25846310164380126,61.90986098557066,HI,Hawaii,Hawaii,RM-5.5,"Multiple-Family Residential - 5,500 square feet",Yes,No,No,Primarily Residential,No,No,Allowed/Conditional,Allowed/Conditional,Allowed/Conditional,Allowed/Conditional,0.17,20,8,20,NONE,NONE,2,NONE,45; 120 in Hilo,NONE,NONE,No,No,0.25,8,20,8,20,NONE,NONE,4,4,NONE,45; 120 in Hilo,NONE,NONE,No,No,0.17,8,20,8,20,NONE,NONE,1.25,1.25,No,No,NONE,45,NONE,NONE,NONE,No,No,0.17,8,20,8,20,NONE,NONE,1.25,1.25,No,No,NONE,45,NONE,NONE,NONE,NONE,Not Mentioned,"Chapter 25 - Zoning does not list affordability requirements for development, however Chapter 12 does list the requirement of the County's affordable credit system.",,,,,,No,No,,,,Prohibited,No,No,No,No,,,,,,,Public Hearing,No,0.17,8,NONE,"In the City of Hilo, the height limit in the RM district shall be one hundred twenty feet; Side yards, eight feet for a one-story building, plus an additional two feet for each additional story; There may be more than one main building on any building site in the RM district; 
Distance between main buildings on the same building site in the RM district shall be at least fifteen feet.",,False,False,False,False,False,False,B,B,B,B,No,No,No,No,No,2 for 1-family; 4 for 2-family (total); 4 for 2-family (per studio/1br); 1.25 for 3-family (total); 1.25 for 3-family (per studio/1br); 1.25 for 4+ family (total); 1.25 for 2+ family (per studio/1br)
90,HI--HAWAII--RM6,HI,Hawaii,RM-6,181.42749703494923,0.0,181.42749703494923,HI,Hawaii,Hawaii,RM-6,"Multiple-Family Residential - 6,000 square feet",Yes,No,No,Primarily Residential,No,No,Allowed/Conditional,Allowed/Conditional,Allowed/Conditional,Allowed/Conditional,0.17,20,8,20,NONE,NONE,2,NONE,45; 120 in Hilo,NONE,NONE,No,No,0.28,8,20,8,20,NONE,NONE,4,4,NONE,45; 120 in Hilo,NONE,NONE,No,No,0.17,7,20,8,20,NONE,NONE,1.25,1.25,No,No,NONE,45,NONE,NONE,NONE,No,No,0.17,7,20,8,20,NONE,NONE,1.25,1.25,No,No,NONE,45,NONE,NONE,NONE,NONE,Not Mentioned,"Chapter 25 - Zoning does not list affordability requirements for development, however Chapter 12 does list the requirement of the County's affordable credit system.",,,,,,No,No,,,,Prohibited,No,No,No,No,,,,,,,Public Hearing,No,0.17,7,NONE,"In the City of Hilo, the height limit in the RM district shall be one hundred twenty feet; Side yards, eight feet for a one-story building, plus an additional two feet for each additional story; There may be more than one main building on any building site in the RM district; 
Distance between main buildings on the same building site in the RM district shall be at least fifteen feet.",,False,False,False,False,False,False,B,B,B,B,No,No,No,No,No,2 for 1-family; 4 for 2-family (total); 4 for 2-family (per studio/1br); 1.25 for 3-family (total); 1.25 for 3-family (per studio/1br); 1.25 for 4+ family (total); 1.25 for 2+ family (per studio/1br)
91,HI--HAWAII--RM7,HI,Hawaii,RM-7,104.32795146321948,4.071663125711272e-08,104.32795142250285,HI,Hawaii,Hawaii,RM-7,"Multiple-Family Residential - 7,000 square feet",Yes,No,No,Primarily Residential,No,No,Allowed/Conditional,Allowed/Conditional,Allowed/Conditional,Allowed/Conditional,0.17,20,8,20,NONE,NONE,2,NONE,45; 120 in Hilo,NONE,NONE,No,No,0.32,6,20,8,20,NONE,NONE,4,4,NONE,45; 120 in Hilo,NONE,NONE,No,No,0.17,6,20,8,20,NONE,NONE,1.25,1.25,No,No,NONE,45,NONE,NONE,NONE,No,No,0.17,6,20,8,20,NONE,NONE,1.25,1.25,No,No,NONE,45,NONE,NONE,NONE,NONE,Not Mentioned,"Chapter 25 - Zoning does not list affordability requirements for development, however Chapter 12 does list the requirement of the County's affordable credit system.",,,,,,No,No,,,,Prohibited,No,No,No,No,,,,,,,Public Hearing,No,0.17,6,NONE,"In the City of Hilo, the height limit in the RM district shall be one hundred twenty feet; Side yards, eight feet for a one-story building, plus an additional two feet for each additional story; There may be more than one main building on any building site in the RM district; 
Distance between main buildings on the same building site in the RM district shall be at least fifteen feet.",,False,False,False,False,False,False,B,B,B,B,No,No,No,No,No,2 for 1-family; 4 for 2-family (total); 4 for 2-family (per studio/1br); 1.25 for 3-family (total); 1.25 for 3-family (per studio/1br); 1.25 for 4+ family (total); 1.25 for 2+ family (per studio/1br)
92,HI--HAWAII--RM8,HI,Hawaii,RM-8,103.02130860879001,0.0,103.02130860879001,HI,Hawaii,Hawaii,RM-8,"Multiple-Family Residential - 8,000 square feet",Yes,No,No,Primarily Residential,No,No,Allowed/Conditional,Allowed/Conditional,Allowed/Conditional,Allowed/Conditional,0.18,20,8,20,NONE,NONE,2,NONE,45; 120 in Hilo,NONE,NONE,No,No,0.37,6,20,8,20,NONE,NONE,4,4,NONE,45; 120 in Hilo,NONE,NONE,No,No,0.18,5,20,8,20,NONE,NONE,1.25,1.25,No,No,NONE,45,NONE,NONE,NONE,No,No,0.18,5,20,8,20,NONE,NONE,1.25,1.25,No,No,NONE,45,NONE,NONE,NONE,NONE,Not Mentioned,"Chapter 25 - Zoning does not list affordability requirements for development, however Chapter 12 does list the requirement of the County's affordable credit system.",,,,,,No,No,,,,Prohibited,No,No,No,No,,,,,,,Public Hearing,No,0.18,5.5,NONE,"In the City of Hilo, the height limit in the RM district shall be one hundred twenty feet; Side yards, eight feet for a one-story building, plus an additional two feet for each additional story; There may be more than one main building on any building site in the RM district; 
Distance between main buildings on the same building site in the RM district shall be at least fifteen feet.",,False,False,False,False,False,False,B,B,B,B,No,No,No,No,No,2 for 1-family; 4 for 2-family (total); 4 for 2-family (per studio/1br); 1.25 for 3-family (total); 1.25 for 3-family (per studio/1br); 1.25 for 4+ family (total); 1.25 for 2+ family (per studio/1br)
93,HI--HAWAII--RS10,HI,Hawaii,RS-10,8494.904964131316,1482.478495278178,7012.426468853138,HI,Hawaii,Hawaii,RS-10,"Single-Family Residential - 10,000 square feet",Yes,No,No,Primarily Residential,No,No,Allowed/Conditional,Prohibited,Prohibited,Prohibited,0.23,20,10,20,NONE,NONE,2,NONE,35,NONE,NONE,,,,,,,,,,,,,,,,No,No,,,,,,,,,,No,No,,,,,,No,No,,,,,,,,,,No,No,,,,,,,Not Mentioned,"Chapter 25 - Zoning does not list affordability requirements for development, however Chapter 12 does list the requirement of the County's affordable credit system.",,,,,,No,No,,,,Allowed/Conditional,No,No,No,No,0.23,2,No,NONE,NONE,NONE,Public Hearing,No,0.17,6,NONE,Min lots are for cluster planned development,,False,False,False,False,False,False,B,A,A,A,No,No,No,No,No,2 for 1-family
94,HI--HAWAII--RS10A,HI,Hawaii,RS-10a,14.757563527053343,0.0,14.757563527053343,HI,Hawaii,Hawaii,RS-10a,Single-Family Residential - 10 acres,Yes,No,No,Primarily Residential,No,No,Allowed/Conditional,Prohibited,Prohibited,Prohibited,10,25,15,25,NONE,NONE,2,NONE,35,NONE,NONE,,,,,,,,,,,,,,,,No,No,,,,,,,,,,No,No,,,,,,No,No,,,,,,,,,,No,No,,,,,,,Not Mentioned,"Chapter 25 - Zoning does not list affordability requirements for development, however Chapter 12 does list the requirement of the County's affordable credit system.",,,,,,No,No,,,,Allowed/Conditional,No,No,No,No,10,2,No,NONE,NONE,NONE,Public Hearing,No,10,0.1,NONE,Min lots are for cluster planned development,,False,False,False,False,False,False,E,A,A,A,No,No,No,No,No,2 for 1-family
95,HI--HAWAII--RS15,HI,Hawaii,RS-15,5459.875772251069,1124.708717589125,4335.167054661944,HI,Hawaii,Hawaii,RS-15,"Single-Family Residential - 15,000 square feet",Yes,No,No,Primarily Residential,No,No,Allowed/Conditional,Prohibited,Prohibited,Prohibited,0.34,20,10,20,NONE,NONE,2,NONE,35,NONE,NONE,,,,,,,,,,,,,,,,No,No,,,,,,,,,,No,No,,,,,,No,No,,,,,,,,,,No,No,,,,,,,Not Mentioned,"Chapter 25 - Zoning does not list affordability requirements for development, however Chapter 12 does list the requirement of the County's affordable credit system.",,,,,,No,No,,,,Allowed/Conditional,No,No,No,No,0.34,2,No,NONE,NONE,NONE,Public Hearing,No,0.23,4,NONE,Min lots are for cluster planned development,,False,False,False,False,False,False,B,A,A,A,No,No,No,No,No,2 for 1-family
96,HI--HAWAII--RS20,HI,Hawaii,RS-20,2307.885412210697,86.36077082124301,2221.524641389454,HI,Hawaii,Hawaii,RS-20,"Single-Family Residential - 20,000 squre feet",Yes,No,No,Primarily Residential,No,No,Allowed/Conditional,Prohibited,Prohibited,Prohibited,0.46,25,15,25,NONE,NONE,2,NONE,35,NONE,NONE,,,,,,,,,,,,,,,,No,No,,,,,,,,,,No,No,,,,,,No,No,,,,,,,,,,No,No,,,,,,,Not Mentioned,"Chapter 25 - Zoning does not list affordability requirements for development, however Chapter 12 does list the requirement of the County's affordable credit system.",,,,,,No,No,,,,Allowed/Conditional,No,No,No,No,0.46,2,No,NONE,NONE,NONE,Public Hearing,No,0.28,3.5,NONE,Min lots are for cluster planned development,,False,False,False,False,False,False,B,A,A,A,No,No,No,No,No,2 for 1-family
97,HI--HAWAII--RS22,HI,Hawaii,RS-22,157.17760557538617,157.17760541795548,1.5743069070595084e-07,HI,Hawaii,Hawaii,RS-22,"Single-Family Residential - 22,000 square feet",Yes,No,No,Primarily Residential,No,No,Allowed/Conditional,Prohibited,Prohibited,Prohibited,0.49,25,15,25,NONE,NONE,2,NONE,35,NONE,NONE,,,,,,,,,,,,,,,,No,No,,,,,,,,,,No,No,,,,,,No,No,,,,,,,,,,No,No,,,,,,,Not Mentioned,"Chapter 25 - Zoning does not list affordability requirements for development, however Chapter 12 does list the requirement of the County's affordable credit system.",,,,,,No,No,,,,Allowed/Conditional,No,No,No,No,0.51,2,No,NONE,NONE,NONE,Public Hearing,No,0.5,2,NONE,Min lots are for cluster planned development,,False,False,False,False,False,False,C,A,A,A,No,No,No,No,No,2 for 1-family
98,HI--HAWAII--RS40,HI,Hawaii,RS-40,0.9993223074942783,0.0,0.9993223074942783,HI,Hawaii,Hawaii,RS-40,"Single-Family Residential - 40,000 square feet",Yes,No,No,Primarily Residential,No,No,Allowed/Conditional,Prohibited,Prohibited,Prohibited,0.92,25,15,25,NONE,NONE,2,NONE,35,NONE,NONE,,,,,,,,,,,,,,,,No,No,,,,,,,,,,No,No,,,,,,No,No,,,,,,,,,,No,No,,,,,,,Not Mentioned,"Chapter 25 - Zoning does not list affordability requirements for development, however Chapter 12 does list the requirement of the County's affordable credit system.",,,,,,No,No,,,,Allowed/Conditional,No,No,No,No,0.92,2,No,NONE,NONE,NONE,Public Hearing,No,0.46,2,NONE,Min lots are for cluster planned development,,False,False,False,False,False,False,D,A,A,A,No,No,No,No,No,2 for 1-family
99,HI--HAWAII--RS5A,HI,Hawaii,RS-5a,32.413589732432115,0.0,32.413589732432115,HI,Hawaii,Hawaii,RS-5a,Single-Family Residential - 5 acres,Yes,No,No,Primarily Residential,No,No,Allowed/Conditional,Prohibited,Prohibited,Prohibited,5,25,15,25,NONE,NONE,2,NONE,35,NONE,NONE,,,,,,,,,,,,,,,,No,No,,,,,,,,,,No,No,,,,,,No,No,,,,,,,,,,No,No,,,,,,,Not Mentioned,"Chapter 25 - Zoning does not list affordability requirements for development, however Chapter 12 does list the requirement of the County's affordable credit system.",,,,,,No,No,,,,Allowed/Conditional,No,No,No,No,5,2,No,NONE,NONE,NONE,Public Hearing,No,5,0.2,NONE,Min lots are for cluster planned development,,False,False,False,False,False,False,E,A,A,A,No,No,No,No,No,2 for 1-family
100,HI--HAWAII--RS7.5,HI,Hawaii,RS-7.5,1941.702737122309,288.2301352288072,1653.4726018935016,HI,Hawaii,Hawaii,RS-7.5,"Single-Family Residential - 7,500 squre feet",Yes,No,No,Primarily Residential,No,No,Allowed/Conditional,Prohibited,Prohibited,Prohibited,0.17,15,8,15,NONE,NONE,2,NONE,35,NONE,NONE,,,,,,,,,,,,,,,,No,No,,,,,,,,,,No,No,,,,,,No,No,,,,,,,,,,No,No,,,,,,,Not Mentioned,"Chapter 25 - Zoning does not list affordability requirements for development, however Chapter 12 does list the requirement of the County's affordable credit system.",,,,,,No,No,,,,Allowed/Conditional,No,No,No,No,0.23,2,No,NONE,NONE,NONE,Public Hearing,No,0.14,7,NONE,Min lots are for cluster planned development,,False,False,False,False,False,False,B,A,A,A,No,No,No,No,No,2 for 1-family
101,HI--HAWAII--UNV,HI,Hawaii,UNV,311.311498027669,310.8023221310769,0.5091758965921258,HI,Hawaii,Hawaii,UNV,University - 10 acres,Yes,No,No,Nonresidential,No,No,Prohibited,Prohibited,Prohibited,Prohibited,,,,,,,,,,,,,,,,,,,,,,,,,,,No,No,,,,,,,,,,No,No,,,,,,No,No,,,,,,,,,,No,No,,,,,,,Not Mentioned,"Chapter 25 - Zoning does not list affordability requirements for development, however Chapter 12 does list the requirement of the County's affordable credit system.",,,,,,No,No,,,,Prohibited,No,No,No,No,No,No,No,No,No,No,Prohibited,No,,,,3/4+ Housing - for currently enrolled university students and their dependents and for current university employees and their dependents; The minimum building site area for leased lots shall be seven thousand five hundred square feet.,,False,False,False,False,False,False,A,A,A,A,No,No,No,No,No,
102,HI--HAWAII--V.75,HI,Hawaii,V-.75,286.7873833324269,29.126221508355172,257.6611618240717,HI,Hawaii,Hawaii,V-.75,Resort-Hotel - 750 square feet,Yes,No,No,Mixed with Residential,No,No,Allowed/Conditional,Allowed/Conditional,Allowed/Conditional,Allowed/Conditional,0.34,20,8,20,NONE,NONE,2,NONE,45,NONE,NONE,No,No,0.34,6,20,8,20,NONE,NONE,4,4,NONE,45,NONE,NONE,No,No,0.34,58,20,8,20,NONE,NONE,1.25,1.25,No,No,NONE,45,NONE,NONE,NONE,No,No,0.34,58,20,8,20,NONE,NONE,1.25,1.25,No,No,NONE,45,NONE,NONE,NONE,NONE,Not Mentioned,"Chapter 25 - Zoning does not list affordability requirements for development, however Chapter 12 does list the requirement of the County's affordable credit system.",,,,,,No,No,,,,Prohibited,No,No,No,No,No,No,No,No,No,No,Public Hearing,No,0.34,58,NONE,"Height: Hilo = 125ft, Keauhou Bay = 90ft,  Kahaluu Bay= 90ft; In case any of the permitted uses have dormitories, two beds shall be equivalent to one separate rentable unit for purposes related to the required land area in the V district; Side yards, eight feet for one story, and an additional two feet for each additional story.",,False,False,False,False,False,False,B,B,B,B,No,No,No,No,No,2 for 1-family; 4 for 2-family (total); 4 for 2-family (per studio/1br); 1.25 for 3-family (total); 1.25 for 3-family (per studio/1br); 1.25 for 4+ family (total); 1.25 for 2+ family (per studio/1br)
103,HI--HAWAII--V1,HI,Hawaii,V-1,2.1986491941199096,0.0,2.1986491941199096,HI,Hawaii,Hawaii,V-1,"Resort-Hotel - 1,000 square feet",Yes,No,No,Mixed with Residential,No,No,Allowed/Conditional,Allowed/Conditional,Allowed/Conditional,Allowed/Conditional,0.34,20,8,20,NONE,NONE,2,NONE,45,NONE,NONE,No,No,0.34,6,20,8,20,NONE,NONE,4,4,NONE,45,NONE,NONE,No,No,0.34,44,20,8,20,NONE,NONE,1.25,1.25,No,No,NONE,45,NONE,NONE,NONE,No,No,0.34,44,20,8,20,NONE,NONE,1.25,1.25,No,No,NONE,45,NONE,NONE,NONE,NONE,Not Mentioned,"Chapter 25 - Zoning does not list affordability requirements for development, however Chapter 12 does list the requirement of the County's affordable credit system.",,,,,,No,No,,,,Prohibited,No,No,No,No,No,No,No,No,No,No,Public Hearing,No,0.34,43.5,NONE,"Height: Hilo = 125ft, Keauhou Bay = 90ft,  Kahaluu Bay= 90ft; In case any of the permitted uses have dormitories, two beds shall be equivalent to one separate rentable unit for purposes related to the required land area in the V district; Side yards, eight feet for one story, and an additional two feet for each additional story.",,False,False,False,False,False,False,B,B,B,B,No,No,No,No,No,2 for 1-family; 4 for 2-family (total); 4 for 2-family (per studio/1br); 1.25 for 3-family (total); 1.25 for 3-family (per studio/1br); 1.25 for 4+ family (total); 1.25 for 2+ family (per studio/1br)
104,HI--HAWAII--V1.0,HI,Hawaii,V-1.0,23.355018685343982,0.0,23.355018685343982,HI,Hawaii,Hawaii,V-1.0,"Resort-Hotel - 1,000 square feet",Yes,No,No,Mixed with Residential,No,No,Allowed/Conditional,Allowed/Conditional,Allowed/Conditional,Allowed/Conditional,0.34,20,8,20,NONE,NONE,2,NONE,45,NONE,NONE,No,No,0.34,6,20,8,20,NONE,NONE,4,4,NONE,45,NONE,NONE,No,No,0.34,44,20,8,20,NONE,NONE,1.25,1.25,No,No,NONE,45,NONE,NONE,NONE,No,No,0.34,44,20,8,20,NONE,NONE,1.25,1.25,No,No,NONE,45,NONE,NONE,NONE,NONE,Not Mentioned,"Chapter 25 - Zoning does not list affordability requirements for development, however Chapter 12 does list the requirement of the County's affordable credit system.",,,,,,No,No,,,,Prohibited,No,No,No,No,No,No,No,No,No,No,Public Hearing,No,0.34,43.5,NONE,"Height: Hilo = 125ft, Keauhou Bay = 90ft,  Kahaluu Bay= 90ft; In case any of the permitted uses have dormitories, two beds shall be equivalent to one separate rentable unit for purposes related to the required land area in the V district; Side yards, eight feet for one story, and an additional two feet for each additional story.",,False,False,False,False,False,False,B,B,B,B,No,No,No,No,No,2 for 1-family; 4 for 2-family (total); 4 for 2-family (per studio/1br); 1.25 for 3-family (total); 1.25 for 3-family (per studio/1br); 1.25 for 4+ family (total); 1.25 for 2+ family (per studio/1br)
105,HI--HAWAII--V1.25,HI,Hawaii,V-1.25,588.6691262787352,34.21366486710501,554.4554614116303,HI,Hawaii,Hawaii,V-1.25,"Resort-Hotel - 1,250 square feet",Yes,No,No,Mixed with Residential,No,No,Allowed/Conditional,Allowed/Conditional,Allowed/Conditional,Allowed/Conditional,0.34,20,8,20,NONE,NONE,2,NONE,45,NONE,NONE,No,No,0.34,6,20,8,20,NONE,NONE,4,4,NONE,45,NONE,NONE,No,No,0.34,35,20,8,20,NONE,NONE,1.25,1.25,No,No,NONE,45,NONE,NONE,NONE,No,No,0.34,35,20,8,20,NONE,NONE,1.25,1.25,No,No,NONE,45,NONE,NONE,NONE,NONE,Not Mentioned,"Chapter 25 - Zoning does not list affordability requirements for development, however Chapter 12 does list the requirement of the County's affordable credit system.",,,,,,No,No,,,,Prohibited,No,No,No,No,No,No,No,No,No,No,Public Hearing,No,0.34,35,NONE,"Height: Hilo = 125ft, Keauhou Bay = 90ft,  Kahaluu Bay= 90ft; In case any of the permitted uses have dormitories, two beds shall be equivalent to one separate rentable unit for purposes related to the required land area in the V district; Side yards, eight feet for one story, and an additional two feet for each additional story.",,False,False,False,False,False,False,B,B,B,B,No,No,No,No,No,2 for 1-family; 4 for 2-family (total); 4 for 2-family (per studio/1br); 1.25 for 3-family (total); 1.25 for 3-family (per studio/1br); 1.25 for 4+ family (total); 1.25 for 2+ family (per studio/1br)
106,HI--HAWAII--V1.5,HI,Hawaii,V-1.5,42.46330041237263,0.08155672934045799,42.38174368303218,HI,Hawaii,Hawaii,V-1.5,"Resort-Hotel - 1,500 square feet",Yes,No,No,Mixed with Residential,No,No,Allowed/Conditional,Allowed/Conditional,Allowed/Conditional,Allowed/Conditional,0.34,20,8,20,NONE,NONE,2,NONE,45,NONE,NONE,No,No,0.34,6,20,8,20,NONE,NONE,4,4,NONE,45,NONE,NONE,No,No,0.34,29,20,8,20,NONE,NONE,1.25,1.25,No,No,NONE,45,NONE,NONE,NONE,No,No,0.34,29,20,8,20,NONE,NONE,1.25,1.25,No,No,NONE,45,NONE,NONE,NONE,NONE,Not Mentioned,"Chapter 25 - Zoning does not list affordability requirements for development, however Chapter 12 does list the requirement of the County's affordable credit system.",,,,,,No,No,,,,Prohibited,No,No,No,No,No,No,No,No,No,No,Public Hearing,No,0.34,29,NONE,"Height: Hilo = 125ft, Keauhou Bay = 90ft,  Kahaluu Bay= 90ft; In case any of the permitted uses have dormitories, two beds shall be equivalent to one separate rentable unit for purposes related to the required land area in the V district; Side yards, eight feet for one story, and an additional two feet for each additional story.",,False,False,False,False,False,False,B,B,B,B,No,No,No,No,No,2 for 1-family; 4 for 2-family (total); 4 for 2-family (per studio/1br); 1.25 for 3-family (total); 1.25 for 3-family (per studio/1br); 1.25 for 4+ family (total); 1.25 for 2+ family (per studio/1br)
107,HI--HAWAII--V1.75,HI,Hawaii,V-1.75,8.528810060886656,0.08948890902676504,8.439321151859891,HI,Hawaii,Hawaii,V-1.75,"Resort-Hotel - 1,750 square feet",Yes,No,No,Mixed with Residential,No,No,Allowed/Conditional,Allowed/Conditional,Allowed/Conditional,Allowed/Conditional,0.34,20,8,20,NONE,NONE,2,NONE,45,NONE,NONE,No,No,0.34,6,20,8,20,NONE,NONE,4,4,NONE,45,NONE,NONE,No,No,0.34,25,20,8,20,NONE,NONE,1.25,1.25,No,No,NONE,45,NONE,NONE,NONE,No,No,0.34,25,20,8,20,NONE,NONE,1.25,1.25,No,No,NONE,45,NONE,NONE,NONE,NONE,Not Mentioned,"Chapter 25 - Zoning does not list affordability requirements for development, however Chapter 12 does list the requirement of the County's affordable credit system.",,,,,,No,No,,,,Prohibited,No,No,No,No,No,No,No,No,No,No,Public Hearing,No,0.34,25,NONE,"Height: Hilo = 125ft, Keauhou Bay = 90ft,  Kahaluu Bay= 90ft; In case any of the permitted uses have dormitories, two beds shall be equivalent to one separate rentable unit for purposes related to the required land area in the V district; Side yards, eight feet for one story, and an additional two feet for each additional story.",,False,False,False,False,False,False,B,B,B,B,No,No,No,No,No,2 for 1-family; 4 for 2-family (total); 4 for 2-family (per studio/1br); 1.25 for 3-family (total); 1.25 for 3-family (per studio/1br); 1.25 for 4+ family (total); 1.25 for 2+ family (per studio/1br)
108,HI--HAWAII--V2,HI,Hawaii,V-2,0.5325623152195774,0.0,0.5325623152195774,HI,Hawaii,Hawaii,V-2,"Resort-Hotel - 2,000 square feet",Yes,No,No,Mixed with Residential,No,No,Allowed/Conditional,Allowed/Conditional,Allowed/Conditional,Allowed/Conditional,0.34,20,8,20,NONE,NONE,2,NONE,45,NONE,NONE,No,No,0.34,6,20,8,20,NONE,NONE,4,4,NONE,45,NONE,NONE,No,No,0.34,22,20,8,20,NONE,NONE,1.25,1.25,No,No,NONE,45,NONE,NONE,NONE,No,No,0.34,22,20,8,20,NONE,NONE,1.25,1.25,No,No,NONE,45,NONE,NONE,NONE,NONE,Not Mentioned,"Chapter 25 - Zoning does not list affordability requirements for development, however Chapter 12 does list the requirement of the County's affordable credit system.",,,,,,No,No,,,,Prohibited,No,No,No,No,No,No,No,No,No,No,Public Hearing,No,0.34,22,NONE,"Height: Hilo = 125ft, Keauhou Bay = 90ft,  Kahaluu Bay= 90ft; In case any of the permitted uses have dormitories, two beds shall be equivalent to one separate rentable unit for purposes related to the required land area in the V district; Side yards, eight feet for one story, and an additional two feet for each additional story.",,False,False,False,False,False,False,B,B,B,B,No,No,No,No,No,2 for 1-family; 4 for 2-family (total); 4 for 2-family (per studio/1br); 1.25 for 3-family (total); 1.25 for 3-family (per studio/1br); 1.25 for 4+ family (total); 1.25 for 2+ family (per studio/1br)
109,HI--HAWAII--V2.0,HI,Hawaii,V-2.0,33.323112531187796,5.175811292492862e-07,33.32311201360667,HI,Hawaii,Hawaii,V-2.0,"Resort-Hotel - 2,000 square feet",Yes,No,No,Mixed with Residential,No,No,Allowed/Conditional,Allowed/Conditional,Allowed/Conditional,Allowed/Conditional,0.34,20,8,20,NONE,NONE,2,NONE,45,NONE,NONE,No,No,0.34,6,20,8,20,NONE,NONE,4,4,NONE,45,NONE,NONE,No,No,0.34,22,20,8,20,NONE,NONE,1.25,1.25,No,No,NONE,45,NONE,NONE,NONE,No,No,0.34,22,20,8,20,NONE,NONE,1.25,1.25,No,No,NONE,45,NONE,NONE,NONE,NONE,Not Mentioned,"Chapter 25 - Zoning does not list affordability requirements for development, however Chapter 12 does list the requirement of the County's affordable credit system.",,,,,,No,No,,,,Prohibited,No,No,No,No,No,No,No,No,No,No,Public Hearing,No,0.34,22,NONE,"Height: Hilo = 125ft, Keauhou Bay = 90ft,  Kahaluu Bay= 90ft; In case any of the permitted uses have dormitories, two beds shall be equivalent to one separate rentable unit for purposes related to the required land area in the V district; Side yards, eight feet for one story, and an additional two feet for each additional story.",,False,False,False,False,False,False,B,B,B,B,No,No,No,No,No,2 for 1-family; 4 for 2-family (total); 4 for 2-family (per studio/1br); 1.25 for 3-family (total); 1.25 for 3-family (per studio/1br); 1.25 for 4+ family (total); 1.25 for 2+ family (per studio/1br)
110,HI--HAWAII--V2.25,HI,Hawaii,V-2.25,73.18259200377484,0.0,73.18259200377484,HI,Hawaii,Hawaii,V-2.25,"Resort-Hotel - 2,250 square feet",Yes,No,No,Mixed with Residential,No,No,Allowed/Conditional,Allowed/Conditional,Allowed/Conditional,Allowed/Conditional,0.34,20,8,20,NONE,NONE,2,NONE,45,NONE,NONE,No,No,0.34,6,20,8,20,NONE,NONE,4,4,NONE,45,NONE,NONE,No,No,0.34,19,20,8,20,NONE,NONE,1.25,1.25,No,No,NONE,45,NONE,NONE,NONE,No,No,0.34,19,20,8,20,NONE,NONE,1.25,1.25,No,No,NONE,45,NONE,NONE,NONE,NONE,Not Mentioned,"Chapter 25 - Zoning does not list affordability requirements for development, however Chapter 12 does list the requirement of the County's affordable credit system.",,,,,,No,No,,,,Prohibited,No,No,No,No,No,No,No,No,No,No,Public Hearing,No,0.34,19,NONE,"Height: Hilo = 125ft, Keauhou Bay = 90ft,  Kahaluu Bay= 90ft; In case any of the permitted uses have dormitories, two beds shall be equivalent to one separate rentable unit for purposes related to the required land area in the V district; Side yards, eight feet for one story, and an additional two feet for each additional story.",,False,False,False,False,False,False,B,B,B,B,No,No,No,No,No,2 for 1-family; 4 for 2-family (total); 4 for 2-family (per studio/1br); 1.25 for 3-family (total); 1.25 for 3-family (per studio/1br); 1.25 for 4+ family (total); 1.25 for 2+ family (per studio/1br)
111,HI--HAWAII--V2A,HI,Hawaii,V-2a,9.898278286032435,0.0,9.898278286032435,HI,Hawaii,Hawaii,V-2a,Resort-Hotel - 2 acres,Yes,No,No,Mixed with Residential,No,No,Allowed/Conditional,Allowed/Conditional,Allowed/Conditional,Allowed/Conditional,2,20,8,20,NONE,NONE,2,NONE,45,NONE,NONE,No,No,2,1,20,8,20,NONE,NONE,4,4,NONE,45,NONE,NONE,No,No,0.34,1,20,8,20,NONE,NONE,1.25,1.25,No,No,NONE,45,NONE,NONE,NONE,No,No,0.34,1,20,8,20,NONE,NONE,1.25,1.25,No,No,NONE,45,NONE,NONE,NONE,NONE,Not Mentioned,"Chapter 25 - Zoning does not list affordability requirements for development, however Chapter 12 does list the requirement of the County's affordable credit system.",,,,,,No,No,,,,Prohibited,No,No,No,No,No,No,No,No,No,No,Public Hearing,No,2,0.5,NONE,"Height: Hilo = 125ft, Keauhou Bay = 90ft,  Kahaluu Bay= 90ft; In case any of the permitted uses have dormitories, two beds shall be equivalent to one separate rentable unit for purposes related to the required land area in the V district; Side yards, eight feet for one story, and an additional two feet for each additional story.",,False,False,False,False,False,False,E,E,B,B,No,No,No,No,No,2 for 1-family; 4 for 2-family (total); 4 for 2-family (per studio/1br); 1.25 for 3-family (total); 1.25 for 3-family (per studio/1br); 1.25 for 4+ family (total); 1.25 for 2+ family (per studio/1br)
112,HI--HAWAII--V4,HI,Hawaii,V-4,12.246350118586658,0.0,12.246350118586658,HI,Hawaii,Hawaii,V-4,"Resort-Hotel - 4,000 square feet",Yes,No,No,Mixed with Residential,No,No,Allowed/Conditional,Allowed/Conditional,Allowed/Conditional,Allowed/Conditional,0.34,20,8,20,NONE,NONE,2,NONE,45,NONE,NONE,No,No,0.34,6,20,8,20,NONE,NONE,4,4,NONE,45,NONE,NONE,No,No,0.34,11,20,8,20,NONE,NONE,1.25,1.25,No,No,NONE,45,NONE,NONE,NONE,No,No,0.34,11,20,8,20,NONE,NONE,1.25,1.25,No,No,NONE,45,NONE,NONE,NONE,NONE,Not Mentioned,"Chapter 25 - Zoning does not list affordability requirements for development, however Chapter 12 does list the requirement of the County's affordable credit system.",,,,,,No,No,,,,Prohibited,No,No,No,No,No,No,No,No,No,No,Public Hearing,No,0.34,11,NONE,"Height: Hilo = 125ft, Keauhou Bay = 90ft,  Kahaluu Bay= 90ft; In case any of the permitted uses have dormitories, two beds shall be equivalent to one separate rentable unit for purposes related to the required land area in the V district; Side yards, eight feet for one story, and an additional two feet for each additional story.",,False,False,False,False,False,False,B,B,B,B,No,No,No,No,No,2 for 1-family; 4 for 2-family (total); 4 for 2-family (per studio/1br); 1.25 for 3-family (total); 1.25 for 3-family (per studio/1br); 1.25 for 4+ family (total); 1.25 for 2+ family (per studio/1br)
113,HI--HAWAII--V7,HI,Hawaii,V-7,48.898311193199724,0.0,48.898311193199724,HI,Hawaii,Hawaii,V-7,"Resort-Hotel - 7,000 square feet",Yes,No,No,Mixed with Residential,No,No,Allowed/Conditional,Allowed/Conditional,Allowed/Conditional,Allowed/Conditional,0.34,20,8,20,NONE,NONE,2,NONE,45,NONE,NONE,No,No,0.34,6,20,8,20,NONE,NONE,4,4,NONE,45,NONE,NONE,No,No,0.34,19,20,8,20,NONE,NONE,1.25,1.25,No,No,NONE,45,NONE,NONE,NONE,No,No,0.34,19,20,8,20,NONE,NONE,1.25,1.25,No,No,NONE,45,NONE,NONE,NONE,NONE,Not Mentioned,"Chapter 25 - Zoning does not list affordability requirements for development, however Chapter 12 does list the requirement of the County's affordable credit system.",,,,,,No,No,,,,Prohibited,No,No,No,No,No,No,No,No,No,No,Public Hearing,No,0.34,6,NONE,"Height: Hilo = 125ft, Keauhou Bay = 90ft,  Kahaluu Bay= 90ft; In case any of the permitted uses have dormitories, two beds shall be equivalent to one separate rentable unit for purposes related to the required land area in the V district; Side yards, eight feet for one story, and an additional two feet for each additional story.",,False,False,False,False,False,False,B,B,B,B,No,No,No,No,No,2 for 1-family; 4 for 2-family (total); 4 for 2-family (per studio/1br); 1.25 for 3-family (total); 1.25 for 3-family (per studio/1br); 1.25 for 4+ family (total); 1.25 for 2+ family (per studio/1br)
114,HI--HONOLULU--A1,HI,Honolulu,A-1,3306.55363077787,218.17327176917422,3088.3803590086955,HI,Honolulu,Honolulu County,A-1,Apartment - Low-Density,Yes,No,No,Primarily Residential,No,No,Allowed/Conditional,Allowed/Conditional,Allowed/Conditional,Allowed/Conditional,0.172,10,10,10,"60% if < 0.172 acres
50% if 0.172 - 0.459 acres
40% if > 0.459 acres",None,"2 per unit up to 3,249 square feet of floor area
3 per unit from 3,250 to 3,999 square feet of floor area
4 per unit from 4,000 to 4,749 square feet of floor rea
1 additional for each 750 square feet of floor area over 4,000 square feet",,30,1.307 x Lot Area + 0.3 if lot below 0.2296 acres; 0.436 x Lot Area + 0.5 if lot between 0.2296 acres & 0.9183 acres; 0.9 if lot above 0.9183 acres,None,No,No,0.172,,10,"10, except if adjoining another duplex lot, in which case the setback is 0 along the common wall and 5 feet for any portion of the structure not located on the the common property line",10,"60% if < 0.172 acres
50% if 0.172 - 0.459 acres
40% if > 0.459 acres",None,"2 per unit up to 3,249 square feet of floor area
3 per unit from 3,250 to 3,999 square feet of floor area
4 per unit from 4,000 to 4,749 square feet of floor rea
1 additional for each 750 square feet of floor area over 4,000 square feet","2 per unit up to 3,249 square feet of floor area
3 per unit from 3,250 to 3,999 square feet of floor area
4 per unit from 4,000 to 4,749 square feet of floor rea
1 additional for each 750 square feet of floor area over 4,000 square feet",,30,1.307 x Lot Area + 0.3 if lot below 0.2296 acres; 0.436 x Lot Area + 0.5 if lot between 0.2296 acres & 0.9183 acres; 0.9 if lot above 0.9183 acres,None,No,No,0.172,,10,10,10,"60% if < 0.172 acres
50% if 0.172 - 0.459 acres
40% if > 0.459 acres",None,"1 per <600 square ft unit
1.5 per >600, <800 square ft unit
2 per >800 square ft unit
+ 1 extra per every 10 units","1 per <600 square ft unit
1.5 per >600, <800 square ft unit
2 per >800 square ft unit
+ 1 extra per every 10 units",No,No,,30,1.307 x Lot Area + 0.3 if lot below 0.2296 acres; 0.436 x Lot Area + 0.5 if lot between 0.2296 acres & 0.9183 acres; 0.9 if lot above 0.9183 acres,None,None,No,No,0.172,,10,10,10,"60% if < 0.172 acres
50% if 0.172 - 0.459 acres
40% if > 0.459 acres",None,"1 per <600 square ft unit
1.5 per >600, <800 square ft unit
2 per >800 square ft unit
+ 1 extra per every 10 units","1 per <600 square ft unit
1.5 per >600, <800 square ft unit
2 per >800 square ft unit
+ 1 extra per every 10 units",No,No,,30,1.307 x Lot Area + 0.3 if lot below 0.2296 acres; 0.436 x Lot Area + 0.5 if lot between 0.2296 acres & 0.9183 acres; 0.9 if lot above 0.9183 acres,None,None,None,Not Mentioned,,,,,,,,,,,,Prohibited,,,,,,,,,,,Public Hearing,No,0.5,,Total Project Area/0.08,Special needs housing for the elderly—public hearing required;  PD-H PRDs are allowed with a minimum lot size of 0.5 acres and require an FAR of 0.79 < 1 acre and 1.00 > 1 acre and a public hearing; no minimum lot area for off-site parking facilities,,False,False,False,False,False,False,B,B,B,B,No,No,No,No,No,"2 per unit up to 3,249 square feet of floor area
3 per unit from 3,250 to 3,999 square feet of floor area
4 per unit from 4,000 to 4,749 square feet of floor rea
1 additional for each 750 square feet of floor area over 4,000 square feet for 1-family; 2 per unit up to 3,249 square feet of floor area
3 per unit from 3,250 to 3,999 square feet of floor area
4 per unit from 4,000 to 4,749 square feet of floor rea
1 additional for each 750 square feet of floor area over 4,000 square feet for 2-family (total); 2 per unit up to 3,249 square feet of floor area
3 per unit from 3,250 to 3,999 square feet of floor area
4 per unit from 4,000 to 4,749 square feet of floor rea
1 additional for each 750 square feet of floor area over 4,000 square feet for 2-family (per studio/1br); 1 per <600 square ft unit
1.5 per >600, <800 square ft unit
2 per >800 square ft unit
+ 1 extra per every 10 units for 3-family (total); 1 per <600 square ft unit
1.5 per >600, <800 square ft unit
2 per >800 square ft unit
+ 1 extra per every 10 units for 3-family (per studio/1br); 1 per <600 square ft unit
1.5 per >600, <800 square ft unit
2 per >800 square ft unit
+ 1 extra per every 10 units for 4+ family (total); 1 per <600 square ft unit
1.5 per >600, <800 square ft unit
2 per >800 square ft unit
+ 1 extra per every 10 units for 2+ family (per studio/1br)"
115,HI--HONOLULU--A2,HI,Honolulu,A-2,2935.941796908031,371.9723240883882,2563.9694728196428,HI,Honolulu,Honolulu County,A-2,Apartment - Medium-Density,Yes,No,No,Primarily Residential,No,No,Allowed/Conditional,Allowed/Conditional,Allowed/Conditional,Allowed/Conditional,0.230,10,10,10,"60% if < 0.172 acres
50% if 0.172 - 0.459 acres
40% if > 0.459 acres",None,"2 per unit up to 3,249 square feet of floor area
3 per unit from 3,250 to 3,999 square feet of floor area
4 per unit from 4,000 to 4,749 square feet of floor rea
1 additional for each 750 square feet of floor area over 4,000 square feet",,"Baseline: 40 plus

10 more feet per additional foot (to the rear and side) of uniform, sloping height setback from 30 ft up to height ""shown on zoning maps"": https://honolulu-cchnl.opendata.arcgis.com/datasets/cchnl::zoning-map-height-limit/explore?location=21.302458%2C-157.847074%2C14.88",3.92 x Lot Area + 0.4 if lot below 0.2296 acres; 0.871 x Lot Area + 1.1 if lot between 0.2296 acres & 0.9183 acres; 1.9 if lot above 0.9183 acres,None,No,No,0.230,,10,"10, except if adjoining another duplex lot, in which case the setback is 0 along the common wall and 5 feet for any portion of the structure not located on the the common property line",10,"60% if < 0.172 acres
50% if 0.172 - 0.459 acres
40% if > 0.459 acres",None,"2 per unit up to 3,249 square feet
3 per unit from 3,250 to 3,999 square feet
4 per unit from 4,000 to 4,749 square feet
1 additional for each 750 square feet over 4,000 square feet","2 per unit up to 3,249 square feet
3 per unit from 3,250 to 3,999 square feet
4 per unit from 4,000 to 4,749 square feet
1 additional for each 750 square feet over 4,000 square feet",,"Baseline: 40 plus

10 more feet per additional foot (to the rear and side) of uniform, sloping height setback from 30 ft up to height ""shown on zoning maps"": https://honolulu-cchnl.opendata.arcgis.com/datasets/cchnl::zoning-map-height-limit/explore?location=21.302458%2C-157.847074%2C14.88",3.92 x Lot Area + 0.4 if lot below 0.2296 acres; 0.871 x Lot Area + 1.1 if lot between 0.2296 acres & 0.9183 acres; 1.9 if lot above 0.9183 acres,None,No,No,0.230,,10,10,10,"60% if < 0.172 acres
50% if 0.172 - 0.459 acres
40% if > 0.459 acres",None,"1 per <600 square ft unit
1.5 per >600, <800 square ft unit
2 per >800 square ft unit
+ 1 extra per every 10 units","1 per <600 square ft unit
1.5 per >600, <800 square ft unit
2 per >800 square ft unit
+ 1 extra per every 10 units",No,No,,"Baseline: 40 plus

10 more feet per additional foot (to the rear and side) of uniform, sloping height setback from 30 ft up to height ""shown on zoning maps"": https://honolulu-cchnl.opendata.arcgis.com/datasets/cchnl::zoning-map-height-limit/explore?location=21.302458%2C-157.847074%2C14.88",3.92 x Lot Area + 0.4 if lot below 0.2296 acres; 0.871 x Lot Area + 1.1 if lot between 0.2296 acres & 0.9183 acres; 1.9 if lot above 0.9183 acres,None,None,No,No,0.230,,10,10,10,"60% if < 0.172 acres
50% if 0.172 - 0.459 acres
40% if > 0.459 acres",None,"1 per <600 square ft unit
1.5 per >600, <800 square ft unit
2 per >800 square ft unit
+ 1 extra per every 10 units","1 per <600 square ft unit
1.5 per >600, <800 square ft unit
2 per >800 square ft unit
+ 1 extra per every 10 units",No,No,,"Baseline: 40 plus

10 more feet per additional foot (to the rear and side) of uniform, sloping height setback from 30 ft up to height ""shown on zoning maps"": https://honolulu-cchnl.opendata.arcgis.com/datasets/cchnl::zoning-map-height-limit/explore?location=21.302458%2C-157.847074%2C14.88",3.92 x Lot Area + 0.4 if lot below 0.2296 acres; 0.871 x Lot Area + 1.1 if lot between 0.2296 acres & 0.9183 acres; 1.9 if lot above 0.9183 acres,None,None,None,Not Mentioned,,,,,,,,,,,,Prohibited,,,,,,,,,,,Public Hearing,No,0.5,,Total Project Area/0.08,Special needs housing for the elderly—public hearing required; PD-H PRDs are allowed with a minimum lot size of 0.5 acres and require an FAR of 1.61 < 1 acre and 2.00 > 1 acre and a public hearing; no minimum lot area for off-site parking facilities,,False,False,False,False,False,False,B,B,B,B,No,No,No,No,No,"2 per unit up to 3,249 square feet of floor area
3 per unit from 3,250 to 3,999 square feet of floor area
4 per unit from 4,000 to 4,749 square feet of floor rea
1 additional for each 750 square feet of floor area over 4,000 square feet for 1-family; 2 per unit up to 3,249 square feet
3 per unit from 3,250 to 3,999 square feet
4 per unit from 4,000 to 4,749 square feet
1 additional for each 750 square feet over 4,000 square feet for 2-family (total); 2 per unit up to 3,249 square feet
3 per unit from 3,250 to 3,999 square feet
4 per unit from 4,000 to 4,749 square feet
1 additional for each 750 square feet over 4,000 square feet for 2-family (per studio/1br); 1 per <600 square ft unit
1.5 per >600, <800 square ft unit
2 per >800 square ft unit
+ 1 extra per every 10 units for 3-family (total); 1 per <600 square ft unit
1.5 per >600, <800 square ft unit
2 per >800 square ft unit
+ 1 extra per every 10 units for 3-family (per studio/1br); 1 per <600 square ft unit
1.5 per >600, <800 square ft unit
2 per >800 square ft unit
+ 1 extra per every 10 units for 4+ family (total); 1 per <600 square ft unit
1.5 per >600, <800 square ft unit
2 per >800 square ft unit
+ 1 extra per every 10 units for 2+ family (per studio/1br)"
116,HI--HONOLULU--A3,HI,Honolulu,A-3,123.73659210177388,11.851874379501833,111.88471772227204,HI,Honolulu,Honolulu County,A-3,Apartment - High-Density,Yes,No,No,Primarily Residential,No,No,Allowed/Conditional,Allowed/Conditional,Allowed/Conditional,Allowed/Conditional,0.344,10,10,10,"60% if < 0.172 acres
50% if 0.172 - 0.459 acres
40% if > 0.459 acres",None,"2 per unit up to 3,249 square feet of floor area
3 per unit from 3,250 to 3,999 square feet of floor area
4 per unit from 4,000 to 4,749 square feet of floor rea
1 additional for each 750 square feet of floor area over 4,000 square feet",,"Baseline: 40 plus

10 more feet per additional foot (to the rear and side) of uniform, sloping height setback from 30 ft up to height ""shown on zoning maps"": https://honolulu-cchnl.opendata.arcgis.com/datasets/cchnl::zoning-map-height-limit/explore?location=21.302458%2C-157.847074%2C14.88",6.098 x Lot Area + 0.6 if lot below 0.2296 acres; 1.742 x Lot Area + 1.6 if lot between 0.2296 acres & 0.4591 acres; 0.871 x Lot Area + 2.0 if lot between 0.4591 acres & 0.9183 acres; 2.8 if lot above 0.9183 acres,None,No,No,0.344,,10,"10, except if adjoining another duplex lot, in which case the setback is 0 along the common wall and 5 feet for any portion of the structure not located on the the common property line",10,"60% if < 0.172 acres
50% if 0.172 - 0.459 acres
40% if > 0.459 acres",None,"2 per unit up to 3,249 square feet
3 per unit from 3,250 to 3,999 square feet
4 per unit from 4,000 to 4,749 square feet
1 additional for each 750 square feet over 4,000 square feet","2 per unit up to 3,249 square feet
3 per unit from 3,250 to 3,999 square feet
4 per unit from 4,000 to 4,749 square feet
1 additional for each 750 square feet over 4,000 square feet",,"Baseline: 40 plus

10 more feet per additional foot (to the rear and side) of uniform, sloping height setback from 30 ft up to height ""shown on zoning maps"": https://honolulu-cchnl.opendata.arcgis.com/datasets/cchnl::zoning-map-height-limit/explore?location=21.302458%2C-157.847074%2C14.88",6.098 x Lot Area + 0.6 if lot below 0.2296 acres; 1.742 x Lot Area + 1.6 if lot between 0.2296 acres & 0.4591 acres; 0.871 x Lot Area + 2.0 if lot between 0.4591 acres & 0.9183 acres; 2.8 if lot above 0.9183 acres,None,No,No,0.344,,10,10,10,"60% if < 0.172 acres
50% if 0.172 - 0.459 acres
40% if > 0.459 acres",None,"1 per <600 square ft unit
1.5 per >600, <800 square ft unit
2 per >800 square ft unit
+ 1 extra per every 10 units","1 per <600 square ft unit
1.5 per >600, <800 square ft unit
2 per >800 square ft unit
+ 1 extra per every 10 units",No,No,,"Baseline: 40 plus

10 more feet per additional foot (to the rear and side) of uniform, sloping height setback from 30 ft up to height ""shown on zoning maps"": https://honolulu-cchnl.opendata.arcgis.com/datasets/cchnl::zoning-map-height-limit/explore?location=21.302458%2C-157.847074%2C14.88",6.098 x Lot Area + 0.6 if lot below 0.2296 acres; 1.742 x Lot Area + 1.6 if lot between 0.2296 acres & 0.4591 acres; 0.871 x Lot Area + 2.0 if lot between 0.4591 acres & 0.9183 acres; 2.8 if lot above 0.9183 acres,None,None,No,No,0.344,,10,10,10,"60% if < 0.172 acres
50% if 0.172 - 0.459 acres
40% if > 0.459 acres",None,"1 per <600 square ft unit
1.5 per >600, <800 square ft unit
2 per >800 square ft unit
+ 1 extra per every 10 units","1 per <600 square ft unit
1.5 per >600, <800 square ft unit
2 per >800 square ft unit
+ 1 extra per every 10 units",No,No,,"Baseline: 40 plus

10 more feet per additional foot (to the rear and side) of uniform, sloping height setback from 30 ft up to height ""shown on zoning maps"": https://honolulu-cchnl.opendata.arcgis.com/datasets/cchnl::zoning-map-height-limit/explore?location=21.302458%2C-157.847074%2C14.88",6.098 x Lot Area + 0.6 if lot below 0.2296 acres; 1.742 x Lot Area + 1.6 if lot between 0.2296 acres & 0.4591 acres; 0.871 x Lot Area + 2.0 if lot between 0.4591 acres & 0.9183 acres; 2.8 if lot above 0.9183 acres,None,None,None,Not Mentioned,,,,,,,,,,,,Prohibited,,,,,,,,,,,Public Hearing,No,0.5,,Total Project Area/0.08,Special needs housing for the elderly—public hearing required;  PD-H PRDs are allowed with a minimum lot size of 0.5 acres and require an FAR of 2.60 < 1 acre and 3.00 > 1 acre and a public hearing; no minimum lot area for off-site parking facilities,,False,False,False,False,False,False,B,B,B,B,No,No,No,No,No,"2 per unit up to 3,249 square feet of floor area
3 per unit from 3,250 to 3,999 square feet of floor area
4 per unit from 4,000 to 4,749 square feet of floor rea
1 additional for each 750 square feet of floor area over 4,000 square feet for 1-family; 2 per unit up to 3,249 square feet
3 per unit from 3,250 to 3,999 square feet
4 per unit from 4,000 to 4,749 square feet
1 additional for each 750 square feet over 4,000 square feet for 2-family (total); 2 per unit up to 3,249 square feet
3 per unit from 3,250 to 3,999 square feet
4 per unit from 4,000 to 4,749 square feet
1 additional for each 750 square feet over 4,000 square feet for 2-family (per studio/1br); 1 per <600 square ft unit
1.5 per >600, <800 square ft unit
2 per >800 square ft unit
+ 1 extra per every 10 units for 3-family (total); 1 per <600 square ft unit
1.5 per >600, <800 square ft unit
2 per >800 square ft unit
+ 1 extra per every 10 units for 3-family (per studio/1br); 1 per <600 square ft unit
1.5 per >600, <800 square ft unit
2 per >800 square ft unit
+ 1 extra per every 10 units for 4+ family (total); 1 per <600 square ft unit
1.5 per >600, <800 square ft unit
2 per >800 square ft unit
+ 1 extra per every 10 units for 2+ family (per studio/1br)"
117,HI--HONOLULU--AG1,HI,Honolulu,AG-1,63461.69069520939,9140.504622229135,54321.18607298026,HI,Honolulu,Honolulu County,AG-1,Agricultural - Restricted,Yes,No,No,Nonresidential,No,No,Allowed/Conditional,Allowed/Conditional,Allowed/Conditional,Allowed/Conditional,5,15,10,10,"10%, for nonagricultural structures","None, ""Building area"" includes ""all-weather surfaces"", which are basically roads or concrete pads for building on, but do not include all impervious surfaces","Excluding carport or garage areas: 
2 per unit up to 3,249 square feet of floor area
3 per unit from 3,250 to 3,999 square feet of floor area
4 per unit from 4,000 to 4,749 square feet of floor rea
1 additional for each 750 square feet of floor area over 4,000 square feet",,"Baseline: 15 ft If w/ height setbacks: 25 ft, set back from every side and rear buildable area boundary line one foot for each two feet of additional height above 15 feet",None,None,No,No,5,0.2,15,10,10,"10%, for nonagricultural structures","None, ""Building area"" includes ""all-weather surfaces"", which are basically roads or concrete pads for building on, but do not include all impervious surfaces","Excluding carport or garage areas: 
2 per unit up to 3,249 square feet of floor area
3 per unit from 3,250 to 3,999 square feet of floor area
4 per unit from 4,000 to 4,749 square feet of floor rea
1 additional for each 750 square feet of floor area over 4,000 square feet","Excluding carport or garage areas: 
2 per unit up to 3,249 square feet of floor area
3 per unit from 3,250 to 3,999 square feet of floor area
4 per unit from 4,000 to 4,749 square feet of floor rea
1 additional for each 750 square feet of floor area over 4,000 square feet",,"Baseline: 15 ft If w/ height setbacks: 25 ft, set back from every side and rear buildable area boundary line one foot for each two feet of additional height above 15 feet",,None,No,No,0.1148 x # of Dwellings,0.2 buildings/acre,15,10,10,"Can be less than 25%, provided 75% of cluster is open space",None,specified in the approval of the agricultural cluster (PRD) plan,specified in the approval of the agricultural cluster (PRD) plan,No,No,,"Baseline: 15 ft If w/ height setbacks: 25 ft, set back from every side and rear buildable area boundary line one foot for each two feet of additional height above 15 feet",,None,None,No,No,0.1148 x # of Dwellings,0.5 buildings/acre,15,10,10,"Can be less than 25%, provided 75% of cluster is open space",None,specified in the approval of the agricultural cluster (PRD) plan,specified in the approval of the agricultural cluster (PRD) plan,No,No,,"Baseline: 15 ft If w/ height setbacks: 25 ft, set back from every side and rear buildable area boundary line one foot for each two feet of additional height above 15 feet",,None,None,4,Not Mentioned,,,,,,,,,,,,Allowed/Conditional,Yes,No,No,No,,"2 per unit up to 3,249 square feet of floor area
3 per unit from 3,250 to 3,999 square feet of floor area
4 per unit from 4,000 to 4,749 square feet of floor rea
1 additional for each 750 square feet of floor area over 4,000 square feet",No,,None,None,Not Mentioned,,,,,"Only dwellings allowed are ""farm dwellings"", which are dwellings located on and used in connection with a farm where agricultural activity provides income to the family occupying the dwelling. 

Listed ADU is an ""ohana dwelling"".",,False,False,False,False,False,False,E,E,B,B,No,No,No,No,No,"Excluding carport or garage areas: 
2 per unit up to 3,249 square feet of floor area
3 per unit from 3,250 to 3,999 square feet of floor area
4 per unit from 4,000 to 4,749 square feet of floor rea
1 additional for each 750 square feet of floor area over 4,000 square feet for 1-family; Excluding carport or garage areas: 
2 per unit up to 3,249 square feet of floor area
3 per unit from 3,250 to 3,999 square feet of floor area
4 per unit from 4,000 to 4,749 square feet of floor rea
1 additional for each 750 square feet of floor area over 4,000 square feet for 2-family (total); Excluding carport or garage areas: 
2 per unit up to 3,249 square feet of floor area
3 per unit from 3,250 to 3,999 square feet of floor area
4 per unit from 4,000 to 4,749 square feet of floor rea
1 additional for each 750 square feet of floor area over 4,000 square feet for 2-family (per studio/1br); specified in the approval of the agricultural cluster (PRD) plan for 3-family (total); specified in the approval of the agricultural cluster (PRD) plan for 3-family (per studio/1br); specified in the approval of the agricultural cluster (PRD) plan for 4+ family (total); specified in the approval of the agricultural cluster (PRD) plan for 2+ family (per studio/1br)"
118,HI--HONOLULU--AG2,HI,Honolulu,AG-2,41835.48788589138,16491.038599177675,25344.449286713705,HI,Honolulu,Honolulu County,AG-2,Agricultural - General,Yes,No,No,Nonresidential,No,No,Allowed/Conditional,Allowed/Conditional,Allowed/Conditional,Allowed/Conditional,"2, or 3 if used for major livestock production",15,10,10,"10%, for nonagricultural structures","None, ""Building area"" includes ""all-weather surfaces"", which are basically roads or concrete pads for building on, but do not include all impervious surfaces","Excluding carport or garage areas: 
2 per unit up to 3,249 square feet of floor area
3 per unit from 3,250 to 3,999 square feet of floor area
4 per unit from 4,000 to 4,749 square feet of floor rea
1 additional for each 750 square feet of floor area over 4,000 square feet",,"Baseline: 15 ft If w/ height setbacks: 25 ft, set back from every side and rear buildable area boundary line one foot for each two feet of additional height above 15 feet",None,None,No,No,"2, or 3 if used for major livestock production",0.5,15,10,10,"10%, for nonagricultural structures","None, ""Building area"" includes ""all-weather surfaces"", which are basically roads or concrete pads for building on, but do not include all impervious surfaces","Excluding carport or garage areas: 
2 per unit up to 3,249 square feet of floor area
3 per unit from 3,250 to 3,999 square feet of floor area
4 per unit from 4,000 to 4,749 square feet of floor rea
1 additional for each 750 square feet of floor area over 4,000 square feet","Excluding carport or garage areas: 
2 per unit up to 3,249 square feet of floor area
3 per unit from 3,250 to 3,999 square feet of floor area
4 per unit from 4,000 to 4,749 square feet of floor rea
1 additional for each 750 square feet of floor area over 4,000 square feet",,"Baseline: 15 ft If w/ height setbacks: 25 ft, set back from every side and rear buildable area boundary line one foot for each two feet of additional height above 15 feet",,None,No,No,0.1148 x # of Dwellings,0.5 buildings/acre,15,10,10,"Can be less than 25%, provided 75% of cluster is open space",None,specified in the approval of the agricultural cluster (PRD) plan,specified in the approval of the agricultural cluster (PRD) plan,No,No,,"Baseline: 15 ft If w/ height setbacks: 25 ft, set back from every side and rear buildable area boundary line one foot for each two feet of additional height above 15 feet",,None,None,No,No,0.1148 x # of Dwellings,0.33 buildings/acre,10,5,5,"25%, for nonagricultural structures","None, ""Building area"" includes ""all-weather surfaces"", which are basically roads or concrete pads for building on, but do not include all impervious surfaces",specified in the approval of the country cluster (PRD) plan,specified in the approval of the country cluster (PRD) plan,No,No,,"Baseline: 15 ft    

If w/ height setbacks:  25 ft, set back from every side
and rear buildable area boundary line one foot for each two feet of additional height above 15 feet 

Except if lot has a slope of 15 degrees or greater, in which case the maximum height varies from 20 feet at the edge of the buildable area along to up to 30 feet along a line measured 60 degrees from the horizontal top of the 20 foot heigh.",,None,None,4,Not Mentioned,,,,,,,,,,,,Allowed/Conditional,Yes,No,No,No,,"2 per unit up to 3,249 square feet of floor area
3 per unit from 3,250 to 3,999 square feet of floor area
4 per unit from 4,000 to 4,749 square feet of floor rea
1 additional for each 750 square feet of floor area over 4,000 square feet",No,,None,None,Not Mentioned,,,,,"Only dwellings allowed are ""farm dwellings"", which are dwellings located on and used in connection with a farm where agricultural activity provides income to the family occupying the dwelling. 

Listed ADU is an ""ohana dwelling"".
3 and 4+ family housing allowed, but only in a PRD (""agricultural cluster""), and with no more than 4 dwelling units per structure;
(Current) listed PRD is an ""agricultural cluster""",,False,False,False,False,False,False,E,E,B,B,No,No,No,No,No,"Excluding carport or garage areas: 
2 per unit up to 3,249 square feet of floor area
3 per unit from 3,250 to 3,999 square feet of floor area
4 per unit from 4,000 to 4,749 square feet of floor rea
1 additional for each 750 square feet of floor area over 4,000 square feet for 1-family; Excluding carport or garage areas: 
2 per unit up to 3,249 square feet of floor area
3 per unit from 3,250 to 3,999 square feet of floor area
4 per unit from 4,000 to 4,749 square feet of floor rea
1 additional for each 750 square feet of floor area over 4,000 square feet for 2-family (total); Excluding carport or garage areas: 
2 per unit up to 3,249 square feet of floor area
3 per unit from 3,250 to 3,999 square feet of floor area
4 per unit from 4,000 to 4,749 square feet of floor rea
1 additional for each 750 square feet of floor area over 4,000 square feet for 2-family (per studio/1br); specified in the approval of the agricultural cluster (PRD) plan for 3-family (total); specified in the approval of the agricultural cluster (PRD) plan for 3-family (per studio/1br); specified in the approval of the country cluster (PRD) plan for 4+ family (total); specified in the approval of the country cluster (PRD) plan for 2+ family (per studio/1br)"
119,HI--HONOLULU--ALOHA,HI,Honolulu,Aloha,32.250094572444205,31.82952557757659,0.42056899486761523,HI,Honolulu,Honolulu County,Aloha,State Jurisdiction: Aloha Tower Project (Admin. by Aloha Tower Development Corp.),Yes,No,No,Nonresidential,No,No,Prohibited,Prohibited,Prohibited,Prohibited,,,,,,,,,,,,,,,,,,,,,,,,,,,,,,,,,,,,,,,,,,,,,,,,,,,,,,,,,,,,,,,,Not Mentioned,,,,,,,,,,,,Prohibited,,,,,,,,,,,,,,,,,,False,False,False,False,False,False,A,A,A,A,No,No,No,No,No,
120,HI--HONOLULU--AMX1,HI,Honolulu,AMX-1,41.260273998887996,2.475233554676633,38.78504044421136,HI,Honolulu,Honolulu County,AMX-1,Apartment Mixed Use - Low-Density,Yes,No,No,Mixed with Residential,No,No,Allowed/Conditional,Allowed/Conditional,Allowed/Conditional,Allowed/Conditional,0.172,10,10,10,"60% if < 0.172 acres
50% if 0.172 - 0.459 acres
40% if > 0.459 acres",None,"2 per unit up to 3,249 square feet of floor area
3 per unit from 3,250 to 3,999 square feet of floor area
4 per unit from 4,000 to 4,749 square feet of floor rea
1 additional for each 750 square feet of floor area over 4,000 square feet",,30,1.307 x Lot Area + 0.3 if lot below 0.2296 acres; 0.436 x Lot Area + 0.5 if lot between 0.2296 acres & 0.9183 acres; 0.9 if lot above 0.9183 acres,None,No,No,0.172,,10,"10, except if adjoining another duplex lot, in which case the setback is 0 along the common wall and 5 feet for any portion of the structure not located on the the common property line",10,"60% if < 0.172 acres
50% if 0.172 - 0.459 acres
40% if > 0.459 acres",None,"2 per unit up to 3,249 square feet of floor area
3 per unit from 3,250 to 3,999 square feet of floor area
4 per unit from 4,000 to 4,749 square feet of floor rea
1 additional for each 750 square feet of floor area over 4,000 square feet","2 per unit up to 3,249 square feet of floor area
3 per unit from 3,250 to 3,999 square feet of floor area
4 per unit from 4,000 to 4,749 square feet of floor rea
1 additional for each 750 square feet of floor area over 4,000 square feet",,30,1.307 x Lot Area + 0.3 if lot below 0.2296 acres; 0.436 x Lot Area + 0.5 if lot between 0.2296 acres & 0.9183 acres; 0.9 if lot above 0.9183 acres,None,No,No,0.172,,10,10,10,"60% if < 0.172 acres
50% if 0.172 - 0.459 acres
40% if > 0.459 acres",None,"1 per <600 square ft unit
1.5 per >600, <800 square ft unit
2 per >800 square ft unit
+ 1 extra per every 10 units","1 per <600 square ft unit
1.5 per >600, <800 square ft unit
2 per >800 square ft unit
+ 1 extra per every 10 units",No,No,,30,1.307 x Lot Area + 0.3 if lot below 0.2296 acres; 0.436 x Lot Area + 0.5 if lot between 0.2296 acres & 0.9183 acres; 0.9 if lot above 0.9183 acres,None,None,No,No,0.172,,10,10,10,"60% if < 0.172 acres
50% if 0.172 - 0.459 acres
40% if > 0.459 acres",None,"1 per <600 square ft unit
1.5 per >600, <800 square ft unit
2 per >800 square ft unit
+ 1 extra per every 10 units","1 per <600 square ft unit
1.5 per >600, <800 square ft unit
2 per >800 square ft unit
+ 1 extra per every 10 units",No,No,,30,1.307 x Lot Area + 0.3 if lot below 0.2296 acres; 0.436 x Lot Area + 0.5 if lot between 0.2296 acres & 0.9183 acres; 0.9 if lot above 0.9183 acres,None,None,None,Not Mentioned,,,,,,,,,,,,Prohibited,,,,,,,,,,,Not Mentioned,,,,,Special needs housing for the elderly—public hearing required; no minimum lot area for off-site parking facilities,,False,False,False,False,False,False,B,B,B,B,No,No,No,No,No,"2 per unit up to 3,249 square feet of floor area
3 per unit from 3,250 to 3,999 square feet of floor area
4 per unit from 4,000 to 4,749 square feet of floor rea
1 additional for each 750 square feet of floor area over 4,000 square feet for 1-family; 2 per unit up to 3,249 square feet of floor area
3 per unit from 3,250 to 3,999 square feet of floor area
4 per unit from 4,000 to 4,749 square feet of floor rea
1 additional for each 750 square feet of floor area over 4,000 square feet for 2-family (total); 2 per unit up to 3,249 square feet of floor area
3 per unit from 3,250 to 3,999 square feet of floor area
4 per unit from 4,000 to 4,749 square feet of floor rea
1 additional for each 750 square feet of floor area over 4,000 square feet for 2-family (per studio/1br); 1 per <600 square ft unit
1.5 per >600, <800 square ft unit
2 per >800 square ft unit
+ 1 extra per every 10 units for 3-family (total); 1 per <600 square ft unit
1.5 per >600, <800 square ft unit
2 per >800 square ft unit
+ 1 extra per every 10 units for 3-family (per studio/1br); 1 per <600 square ft unit
1.5 per >600, <800 square ft unit
2 per >800 square ft unit
+ 1 extra per every 10 units for 4+ family (total); 1 per <600 square ft unit
1.5 per >600, <800 square ft unit
2 per >800 square ft unit
+ 1 extra per every 10 units for 2+ family (per studio/1br)"
121,HI--HONOLULU--AMX2,HI,Honolulu,AMX-2,487.4102203903813,10.632393568947577,476.77782682143373,HI,Honolulu,Honolulu County,AMX-2,Apartment Mixed Use - Medium-Density,Yes,No,No,Mixed with Residential,No,No,Allowed/Conditional,Allowed/Conditional,Allowed/Conditional,Allowed/Conditional,0.230,10,10,10,"60% if < 0.172 acres
50% if 0.172 - 0.459 acres
40% if > 0.459 acres",None,"2 per unit up to 3,249 square feet of floor area
3 per unit from 3,250 to 3,999 square feet of floor area
4 per unit from 4,000 to 4,749 square feet of floor rea
1 additional for each 750 square feet of floor area over 4,000 square feet",,"Baseline: 40 plus

10 more feet per additional foot (to the rear and side) of uniform, sloping height setback from 30 ft up to height ""shown on zoning maps"": https://honolulu-cchnl.opendata.arcgis.com/datasets/cchnl::zoning-map-height-limit/explore?location=21.302458%2C-157.847074%2C14.88",3.92 x Lot Area + 0.4 if lot below 0.2296 acres; 0.871 x Lot Area + 1.1 if lot between 0.2296 acres & 0.9183 acres; 1.9 if lot above 0.9183 acres,None,No,No,0.230,,10,"10, except if adjoining another duplex lot, in which case the setback is 0 along the common wall and 5 feet for any portion of the structure not located on the the common property line",10,"60% if < 0.172 acres
50% if 0.172 - 0.459 acres
40% if > 0.459 acres",None,"2 per unit up to 3,249 square feet
3 per unit from 3,250 to 3,999 square feet
4 per unit from 4,000 to 4,749 square feet
1 additional for each 750 square feet over 4,000 square feet","2 per unit up to 3,249 square feet
3 per unit from 3,250 to 3,999 square feet
4 per unit from 4,000 to 4,749 square feet
1 additional for each 750 square feet over 4,000 square feet",,"Baseline: 40 plus

10 more feet per additional foot (to the rear and side) of uniform, sloping height setback from 30 ft up to height ""shown on zoning maps"": https://honolulu-cchnl.opendata.arcgis.com/datasets/cchnl::zoning-map-height-limit/explore?location=21.302458%2C-157.847074%2C14.88",3.92 x Lot Area + 0.4 if lot below 0.2296 acres; 0.871 x Lot Area + 1.1 if lot between 0.2296 acres & 0.9183 acres; 1.9 if lot above 0.9183 acres,None,No,No,0.230,,10,10,10,"60% if < 0.172 acres
50% if 0.172 - 0.459 acres
40% if > 0.459 acres",None,"1 per <600 square ft unit
1.5 per >600, <800 square ft unit
2 per >800 square ft unit
+ 1 extra per every 10 units","1 per <600 square ft unit
1.5 per >600, <800 square ft unit
2 per >800 square ft unit
+ 1 extra per every 10 units",No,No,,"Baseline: 40 plus

10 more feet per additional foot (to the rear and side) of uniform, sloping height setback from 30 ft up to height ""shown on zoning maps"": https://honolulu-cchnl.opendata.arcgis.com/datasets/cchnl::zoning-map-height-limit/explore?location=21.302458%2C-157.847074%2C14.88",3.92 x Lot Area + 0.4 if lot below 0.2296 acres; 0.871 x Lot Area + 1.1 if lot between 0.2296 acres & 0.9183 acres; 1.9 if lot above 0.9183 acres,None,None,No,No,0.230,,10,10,10,"60% if < 0.172 acres
50% if 0.172 - 0.459 acres
40% if > 0.459 acres",None,"1 per <600 square ft unit
1.5 per >600, <800 square ft unit
2 per >800 square ft unit
+ 1 extra per every 10 units","1 per <600 square ft unit
1.5 per >600, <800 square ft unit
2 per >800 square ft unit
+ 1 extra per every 10 units",No,No,,"Baseline: 40 plus

10 more feet per additional foot (to the rear and side) of uniform, sloping height setback from 30 ft up to height ""shown on zoning maps"": https://honolulu-cchnl.opendata.arcgis.com/datasets/cchnl::zoning-map-height-limit/explore?location=21.302458%2C-157.847074%2C14.88",3.92 x Lot Area + 0.4 if lot below 0.2296 acres; 0.871 x Lot Area + 1.1 if lot between 0.2296 acres & 0.9183 acres; 1.9 if lot above 0.9183 acres,None,None,None,Not Mentioned,,,,,,,,,,,,Prohibited,,,,,,,,,,,Not Mentioned,,,,,Special needs housing for the elderly—public hearing required;  no minimum lot area for off-site parking facilities,,False,False,False,False,False,False,B,B,B,B,No,No,No,No,No,"2 per unit up to 3,249 square feet of floor area
3 per unit from 3,250 to 3,999 square feet of floor area
4 per unit from 4,000 to 4,749 square feet of floor rea
1 additional for each 750 square feet of floor area over 4,000 square feet for 1-family; 2 per unit up to 3,249 square feet
3 per unit from 3,250 to 3,999 square feet
4 per unit from 4,000 to 4,749 square feet
1 additional for each 750 square feet over 4,000 square feet for 2-family (total); 2 per unit up to 3,249 square feet
3 per unit from 3,250 to 3,999 square feet
4 per unit from 4,000 to 4,749 square feet
1 additional for each 750 square feet over 4,000 square feet for 2-family (per studio/1br); 1 per <600 square ft unit
1.5 per >600, <800 square ft unit
2 per >800 square ft unit
+ 1 extra per every 10 units for 3-family (total); 1 per <600 square ft unit
1.5 per >600, <800 square ft unit
2 per >800 square ft unit
+ 1 extra per every 10 units for 3-family (per studio/1br); 1 per <600 square ft unit
1.5 per >600, <800 square ft unit
2 per >800 square ft unit
+ 1 extra per every 10 units for 4+ family (total); 1 per <600 square ft unit
1.5 per >600, <800 square ft unit
2 per >800 square ft unit
+ 1 extra per every 10 units for 2+ family (per studio/1br)"
122,HI--HONOLULU--AMX3,HI,Honolulu,AMX-3,13.573046690017735,0.0,13.573046690017735,HI,Honolulu,Honolulu County,AMX-3,Apartment Mixed Use - High-Density,Yes,No,No,Mixed with Residential,No,No,Allowed/Conditional,Allowed/Conditional,Allowed/Conditional,Allowed/Conditional,0.344,10,10,10,"60% if < 0.172 acres
50% if 0.172 - 0.459 acres
40% if > 0.459 acres",None,"2 per unit up to 3,249 square feet of floor area
3 per unit from 3,250 to 3,999 square feet of floor area
4 per unit from 4,000 to 4,749 square feet of floor rea
1 additional for each 750 square feet of floor area over 4,000 square feet",,"Baseline: 40 plus

10 more feet per additional foot (to the rear and side) of uniform, sloping height setback from 30 ft up to height ""shown on zoning maps"": https://honolulu-cchnl.opendata.arcgis.com/datasets/cchnl::zoning-map-height-limit/explore?location=21.302458%2C-157.847074%2C14.88",6.098 x Lot Area + 0.6 if lot below 0.2296 acres; 1.742 x Lot Area + 1.6 if lot between 0.2296 acres & 0.4591 acres; 0.871 x Lot Area + 2.0 if lot between 0.4591 acres & 0.9183 acres; 2.8 if lot above 0.9183 acres,None,No,No,0.344,,10,"10, except if adjoining another duplex lot, in which case the setback is 0 along the common wall and 5 feet for any portion of the structure not located on the the common property line",10,"60% if < 0.172 acres
50% if 0.172 - 0.459 acres
40% if > 0.459 acres",None,"2 per unit up to 3,249 square feet
3 per unit from 3,250 to 3,999 square feet
4 per unit from 4,000 to 4,749 square feet
1 additional for each 750 square feet over 4,000 square feet","2 per unit up to 3,249 square feet
3 per unit from 3,250 to 3,999 square feet
4 per unit from 4,000 to 4,749 square feet
1 additional for each 750 square feet over 4,000 square feet",,"Baseline: 40 plus

10 more feet per additional foot (to the rear and side) of uniform, sloping height setback from 30 ft up to height ""shown on zoning maps"": https://honolulu-cchnl.opendata.arcgis.com/datasets/cchnl::zoning-map-height-limit/explore?location=21.302458%2C-157.847074%2C14.88",6.098 x Lot Area + 0.6 if lot below 0.2296 acres; 1.742 x Lot Area + 1.6 if lot between 0.2296 acres & 0.4591 acres; 0.871 x Lot Area + 2.0 if lot between 0.4591 acres & 0.9183 acres; 2.8 if lot above 0.9183 acres,None,No,No,0.344,,10,10,10,"60% if < 0.172 acres
50% if 0.172 - 0.459 acres
40% if > 0.459 acres",None,"1 per <600 square ft unit
1.5 per >600, <800 square ft unit
2 per >800 square ft unit
+ 1 extra per every 10 units","1 per <600 square ft unit
1.5 per >600, <800 square ft unit
2 per >800 square ft unit
+ 1 extra per every 10 units",No,No,,"Baseline: 40 plus

10 more feet per additional foot (to the rear and side) of uniform, sloping height setback from 30 ft up to height ""shown on zoning maps"": https://honolulu-cchnl.opendata.arcgis.com/datasets/cchnl::zoning-map-height-limit/explore?location=21.302458%2C-157.847074%2C14.88",6.098 x Lot Area + 0.6 if lot below 0.2296 acres; 1.742 x Lot Area + 1.6 if lot between 0.2296 acres & 0.4591 acres; 0.871 x Lot Area + 2.0 if lot between 0.4591 acres & 0.9183 acres; 2.8 if lot above 0.9183 acres,None,None,No,No,0.344,,10,10,10,"60% if < 0.172 acres
50% if 0.172 - 0.459 acres
40% if > 0.459 acres",None,"1 per <600 square ft unit
1.5 per >600, <800 square ft unit
2 per >800 square ft unit
+ 1 extra per every 10 units","1 per <600 square ft unit
1.5 per >600, <800 square ft unit
2 per >800 square ft unit
+ 1 extra per every 10 units",No,No,,"Baseline: 40 plus

10 more feet per additional foot (to the rear and side) of uniform, sloping height setback from 30 ft up to height ""shown on zoning maps"": https://honolulu-cchnl.opendata.arcgis.com/datasets/cchnl::zoning-map-height-limit/explore?location=21.302458%2C-157.847074%2C14.88",6.098 x Lot Area + 0.6 if lot below 0.2296 acres; 1.742 x Lot Area + 1.6 if lot between 0.2296 acres & 0.4591 acres; 0.871 x Lot Area + 2.0 if lot between 0.4591 acres & 0.9183 acres; 2.8 if lot above 0.9183 acres,None,None,None,Not Mentioned,,,,,,,,,,,,Prohibited,,,,,,,,,,,Not Mentioned,,,,,Special needs housing for the elderly—public hearing required;  no minimum lot area for off-site parking facilities,,False,False,False,False,False,False,B,B,B,B,No,No,No,No,No,"2 per unit up to 3,249 square feet of floor area
3 per unit from 3,250 to 3,999 square feet of floor area
4 per unit from 4,000 to 4,749 square feet of floor rea
1 additional for each 750 square feet of floor area over 4,000 square feet for 1-family; 2 per unit up to 3,249 square feet
3 per unit from 3,250 to 3,999 square feet
4 per unit from 4,000 to 4,749 square feet
1 additional for each 750 square feet over 4,000 square feet for 2-family (total); 2 per unit up to 3,249 square feet
3 per unit from 3,250 to 3,999 square feet
4 per unit from 4,000 to 4,749 square feet
1 additional for each 750 square feet over 4,000 square feet for 2-family (per studio/1br); 1 per <600 square ft unit
1.5 per >600, <800 square ft unit
2 per >800 square ft unit
+ 1 extra per every 10 units for 3-family (total); 1 per <600 square ft unit
1.5 per >600, <800 square ft unit
2 per >800 square ft unit
+ 1 extra per every 10 units for 3-family (per studio/1br); 1 per <600 square ft unit
1.5 per >600, <800 square ft unit
2 per >800 square ft unit
+ 1 extra per every 10 units for 4+ family (total); 1 per <600 square ft unit
1.5 per >600, <800 square ft unit
2 per >800 square ft unit
+ 1 extra per every 10 units for 2+ family (per studio/1br)"
123,HI--HONOLULU--APART,HI,Honolulu,Apart,114.29140441961478,2.1541313320666537,112.13727308754812,HI,Honolulu,Honolulu County,Apart,Apartment Precinct (Waikiki Special District),Yes,No,No,Mixed with Residential,Yes,No,Allowed/Conditional,Allowed/Conditional,Allowed/Conditional,Allowed/Conditional,0.17,"For any portion of a structure above 40 feet in height, additional front, side, and rear height setbacks equal to 1 foot for each 10 feet in height, or fraction thereof, shall be provided.","For any portion of a structure above 40 feet in height, additional front, side, and rear height setbacks equal to 1 foot for each 10 feet in height, or fraction thereof, shall be provided.","For any portion of a structure above 40 feet in height, additional front, side, and rear height setbacks equal to 1 foot for each 10 feet in height, or fraction thereof, shall be provided.",50%,None,1 per dwelling or lodging unit,,"Baseline: 40 ft

10 more feet per additional foot of height setback",,,No,No,0.17,,"For any portion of a structure above 40 feet in height, additional front, side, and rear height setbacks equal to 1 foot for each 10 feet in height, or fraction thereof, shall be provided.","For any portion of a structure above 40 feet in height, additional front, side, and rear height setbacks equal to 1 foot for each 10 feet in height, or fraction thereof, shall be provided.","For any portion of a structure above 40 feet in height, additional front, side, and rear height setbacks equal to 1 foot for each 10 feet in height, or fraction thereof, shall be provided.",50%,None,1 per dwelling or lodging unit,1 per dwelling or lodging unit,,"Baseline: 40 ft

10 more feet per additional foot of height setback",,,No,No,0.17,,"For any portion of a structure above 40 feet in height, additional front, side, and rear height setbacks equal to 1 foot for each 10 feet in height, or fraction thereof, shall be provided.","For any portion of a structure above 40 feet in height, additional front, side, and rear height setbacks equal to 1 foot for each 10 feet in height, or fraction thereof, shall be provided.","For any portion of a structure above 40 feet in height, additional front, side, and rear height setbacks equal to 1 foot for each 10 feet in height, or fraction thereof, shall be provided.",50,50,1 per dwelling or lodging unit,1 per dwelling or lodging unit,No,No,,"Baseline: 40 ft

10 more feet per additional foot of height setback",,,,No,No,0.17,,"For any portion of a structure above 40 feet in height, additional front, side, and rear height setbacks equal to 1 foot for each 10 feet in height, or fraction thereof, shall be provided.","For any portion of a structure above 40 feet in height, additional front, side, and rear height setbacks equal to 1 foot for each 10 feet in height, or fraction thereof, shall be provided.","For any portion of a structure above 40 feet in height, additional front, side, and rear height setbacks equal to 1 foot for each 10 feet in height, or fraction thereof, shall be provided.",50,50,1 per dwelling or lodging unit,1 per dwelling or lodging unit,No,No,,"Baseline: 40 ft

10 more feet per additional foot of height setback",,,,,Not Mentioned,,,,,,,,,,,,Allowed/Conditional,,,,,,,,,,,Public Hearing,No,,,,,,False,False,False,False,False,False,B,B,B,B,No,No,No,No,No,1 per dwelling or lodging unit for 1-family; 1 per dwelling or lodging unit for 2-family (total); 1 per dwelling or lodging unit for 2-family (per studio/1br); 1 per dwelling or lodging unit for 3-family (total); 1 per dwelling or lodging unit for 3-family (per studio/1br); 1 per dwelling or lodging unit for 4+ family (total); 1 per dwelling or lodging unit for 2+ family (per studio/1br)
124,HI--HONOLULU--APARTMIX,HI,Honolulu,ApartMix,36.98624284026033,0.06665074456262969,36.9195920956977,HI,Honolulu,Honolulu County,ApartMix,Apartment Mixed Use Subprecinct (Waikiki Special District),Yes,No,No,Mixed with Residential,No,No,Allowed/Conditional,Allowed/Conditional,Allowed/Conditional,Allowed/Conditional,0.17,"For any portion of a structure above 40 feet in height, additional front, side, and rear height setbacks equal to 1 foot for each 10 feet in height, or fraction thereof, shall be provided.","For any portion of a structure above 40 feet in height, additional front, side, and rear height setbacks equal to 1 foot for each 10 feet in height, or fraction thereof, shall be provided.","For any portion of a structure above 40 feet in height, additional front, side, and rear height setbacks equal to 1 foot for each 10 feet in height, or fraction thereof, shall be provided.",50%,None,1 per dwelling or lodging unit,,"Baseline: 40 ft

10 more feet per additional foot of height setback",,,No,No,0.17,,"For any portion of a structure above 40 feet in height, additional front, side, and rear height setbacks equal to 1 foot for each 10 feet in height, or fraction thereof, shall be provided.","For any portion of a structure above 40 feet in height, additional front, side, and rear height setbacks equal to 1 foot for each 10 feet in height, or fraction thereof, shall be provided.","For any portion of a structure above 40 feet in height, additional front, side, and rear height setbacks equal to 1 foot for each 10 feet in height, or fraction thereof, shall be provided.",50%,None,1 per dwelling or lodging unit,1 per dwelling or lodging unit,,"Baseline: 40 ft

10 more feet per additional foot of height setback",,,No,No,0.17,,"For any portion of a structure above 40 feet in height, additional front, side, and rear height setbacks equal to 1 foot for each 10 feet in height, or fraction thereof, shall be provided.","For any portion of a structure above 40 feet in height, additional front, side, and rear height setbacks equal to 1 foot for each 10 feet in height, or fraction thereof, shall be provided.","For any portion of a structure above 40 feet in height, additional front, side, and rear height setbacks equal to 1 foot for each 10 feet in height, or fraction thereof, shall be provided.",50,50,1 per dwelling or lodging unit,1 per dwelling or lodging unit,No,No,,"Baseline: 40 ft

10 more feet per additional foot of height setback",,,,No,No,0.17,,"For any portion of a structure above 40 feet in height, additional front, side, and rear height setbacks equal to 1 foot for each 10 feet in height, or fraction thereof, shall be provided.","For any portion of a structure above 40 feet in height, additional front, side, and rear height setbacks equal to 1 foot for each 10 feet in height, or fraction thereof, shall be provided.","For any portion of a structure above 40 feet in height, additional front, side, and rear height setbacks equal to 1 foot for each 10 feet in height, or fraction thereof, shall be provided.",50,50,1 per dwelling or lodging unit,1 per dwelling or lodging unit,No,No,,"Baseline: 40 ft

10 more feet per additional foot of height setback",,,,,Not Mentioned,,,,,,,,,,,,Allowed/Conditional,,,,,,,,,,,Not Mentioned,No,,,,,,False,False,False,False,False,False,B,B,B,B,No,No,No,No,No,1 per dwelling or lodging unit for 1-family; 1 per dwelling or lodging unit for 2-family (total); 1 per dwelling or lodging unit for 2-family (per studio/1br); 1 per dwelling or lodging unit for 3-family (total); 1 per dwelling or lodging unit for 3-family (per studio/1br); 1 per dwelling or lodging unit for 4+ family (total); 1 per dwelling or lodging unit for 2+ family (per studio/1br)
125,HI--HONOLULU--B1,HI,Honolulu,B-1,414.52493754896034,13.271572618086713,401.2533649308736,HI,Honolulu,Honolulu County,B-1,Business - Neighborhood,Yes,No,No,Nonresidential,No,No,Prohibited,Prohibited,Prohibited,Prohibited,,,,,,,,,,,,,,,,,,,,,,,,,,,,,,,,,,,,,,,,,,,,,,,,,,,,,,,,,,,,,,,,Prohibited,,,,,,,,,,,,Allowed/Conditional,Yes,No,No,No,,1 per unit plus any required by business type,No,,None,None,Not Mentioned,,,,,"One caretaker unit allowed for an owner or employee, per business establishment on the lot, up to 4.",,False,False,False,False,False,False,A,A,A,A,No,No,No,No,No,
126,HI--HONOLULU--B2,HI,Honolulu,B-2,1766.13317288304,124.9424752895364,1641.1906975935037,HI,Honolulu,Honolulu County,B-2,Business - Community,Yes,No,No,Nonresidential,No,No,Prohibited,Prohibited,Prohibited,Prohibited,,,,,,,,,,,,,,,,,,,,,,,,,,,,,,,,,,,,,,,,,,,,,,,,,,,,,,,,,,,,,,,,Prohibited,,,,,,,,,,,,Allowed/Conditional,Yes,No,No,No,,1 per unit plus any required by business type,No,,None,None,Not Mentioned,,,,,"One caretaker unit allowed for an owner or employee, per business establishment on the lot, up to 4.",,False,False,False,False,False,False,A,A,A,A,No,No,No,No,No,
127,HI--HONOLULU--BMX3,HI,Honolulu,BMX-3,1711.8912861346794,434.57522771463186,1277.3160584200475,HI,Honolulu,Honolulu County,BMX-3,Business Mixed Use - Community,Yes,No,No,Mixed with Residential,No,No,Allowed/Conditional,Allowed/Conditional,Allowed/Conditional,Allowed/Conditional,0.115,"10, unless zoning lot adjoins an R-, A-, or AMX- district and forms a continuous yard, in which case for at least the first 100 feet of the lot line, the setback will conform to that of the adjoining district",5,5,None,None,"2 per unit up to 3,249 square feet of floor area
3 per unit from 3,250 to 3,999 square feet of floor area
4 per unit from 4,000 to 4,749 square feet of floor rea
1 additional for each 750 square feet of floor area over 4,000 square feet",,"Baseline: 40 plus

10 more feet per additional foot of uniform, sloping height setback from 40 ft up to height ""shown on zoning maps"": https://honolulu-cchnl.opendata.arcgis.com/datasets/cchnl::zoning-map-height-limit/explore?location=21.302458%2C-157.847074%2C14.88","2.5, plus 5 square ft/1 square ft of public open space and 3 square ft/1 square ft of arcade area up to 3.5 FAR",None,No,No,0.115,None,"10, unless zoning lot adjoins an R-, A-, or AMX- district and forms a continuous yard, in which case for at least the first 100 feet of the lot line, the setback will conform to that of the adjoining district","5, except if adjoining another duplex lot, in which case the setback is 0 along the common wall","5, except if adjoining another duplex lot, in which case the setback is 0 along the common wall",None,None,"2 per unit up to 3,249 square feet of floor area
3 per unit from 3,250 to 3,999 square feet of floor area
4 per unit from 4,000 to 4,749 square feet of floor rea
1 additional for each 750 square feet of floor area over 4,000 square feet","2 per unit up to 3,249 square feet of floor area
3 per unit from 3,250 to 3,999 square feet of floor area
4 per unit from 4,000 to 4,749 square feet of floor rea
1 additional for each 750 square feet of floor area over 4,000 square feet",,"Baseline: 40 

10 more feet per additional foot of uniform, sloping height setback from 40 ft up to height ""shown on zoning maps"": https://honolulu-cchnl.opendata.arcgis.com/datasets/cchnl::zoning-map-height-limit/explore?location=21.302458%2C-157.847074%2C14.88","2.5, plus 5 square ft/1 square ft of public open space and 3 square ft/1 square ft of arcade area up to 3.5 FAR",None,No,No,0.115,,"10, unless zoning lot adjoins an R-, A-, or AMX- district and forms a continuous yard, in which case for at least the first 100 feet of the lot line, the setback will conform to that of the adjoining district",10,10,None,None,"1 per <600 square ft unit
1.5 per >600, <800 square ft unit
2 per >800 square ft unit
+ 1 extra per every 10 units","1 per <600 square ft unit
1.5 per >600, <800 square ft unit
2 per >800 square ft unit
+ 1 extra per every 10 units",No,No,N/a,"Baseline: 40 

10 more feet per additional foot of uniform, sloping height setback from 40 ft up to height ""shown on zoning maps"": https://honolulu-cchnl.opendata.arcgis.com/datasets/cchnl::zoning-map-height-limit/explore?location=21.302458%2C-157.847074%2C14.88","2.5, plus 5 square ft/1 square ft of public open space and 3 square ft/1 square ft of arcade area up to 3.5 FAR",None,None,No,No,0.115,,"10, unless zoning lot adjoins an R-, A-, or AMX- district and forms a continuous yard, in which case for at least the first 100 feet of the lot line, the setback will conform to that of the adjoining district",10,10,None,None,"1 per <600 square ft unit
1.5 per >600, <800 square ft unit
2 per >800 square ft unit
+ 1 extra per every 10 units","1 per <600 square ft unit
1.5 per >600, <800 square ft unit
2 per >800 square ft unit
+ 1 extra per every 10 units",No,No,N/a,"Baseline: 40 

10 more feet per additional foot of uniform, sloping height setback from 40 ft up to height ""shown on zoning maps"": https://honolulu-cchnl.opendata.arcgis.com/datasets/cchnl::zoning-map-height-limit/explore?location=21.302458%2C-157.847074%2C14.88

When a BMX-3 district borders a residential, A-1, or AMX-1 district, the setback will begin at the buildable area boundary line on the side of the lot adjoining the neighboring district","2.5, plus 5 square ft/1 square ft of public open space and 3 square ft/1 square ft of arcade area up to 3.5 FAR",None,None,None,Not Mentioned,,,,,,,,,,,,Prohibited,,,,,,,,,,,Not Mentioned,No,,,,,,False,False,False,False,False,False,B,B,B,B,No,No,No,No,No,"2 per unit up to 3,249 square feet of floor area
3 per unit from 3,250 to 3,999 square feet of floor area
4 per unit from 4,000 to 4,749 square feet of floor rea
1 additional for each 750 square feet of floor area over 4,000 square feet for 1-family; 2 per unit up to 3,249 square feet of floor area
3 per unit from 3,250 to 3,999 square feet of floor area
4 per unit from 4,000 to 4,749 square feet of floor rea
1 additional for each 750 square feet of floor area over 4,000 square feet for 2-family (total); 2 per unit up to 3,249 square feet of floor area
3 per unit from 3,250 to 3,999 square feet of floor area
4 per unit from 4,000 to 4,749 square feet of floor rea
1 additional for each 750 square feet of floor area over 4,000 square feet for 2-family (per studio/1br); 1 per <600 square ft unit
1.5 per >600, <800 square ft unit
2 per >800 square ft unit
+ 1 extra per every 10 units for 3-family (total); 1 per <600 square ft unit
1.5 per >600, <800 square ft unit
2 per >800 square ft unit
+ 1 extra per every 10 units for 3-family (per studio/1br); 1 per <600 square ft unit
1.5 per >600, <800 square ft unit
2 per >800 square ft unit
+ 1 extra per every 10 units for 4+ family (total); 1 per <600 square ft unit
1.5 per >600, <800 square ft unit
2 per >800 square ft unit
+ 1 extra per every 10 units for 2+ family (per studio/1br)"
128,HI--HONOLULU--BMX4,HI,Honolulu,BMX-4,164.15965715357075,22.945461737802994,141.21419541576776,HI,Honolulu,Honolulu County,BMX-4,Business Mixed Use - Central,Yes,No,No,Mixed with Residential,No,No,Prohibited,Prohibited,Allowed/Conditional,Allowed/Conditional,,,,,,,,,,,,,,,,,,,,,,,,,,,No,No,0.115,,"5, unless zoning lot adjoins an R-, A-, or AMX- district and forms a continuous yard, in which case for at least the first 100 feet of the lot line, the setback will conform to that of the adjoining district; or 0 above 12 feet provided required yard area is compensated elsewhere on the property as open space or an arcade","0, unless side or rear setback adjoins an R-, A-, or AMX- district, in which case the setback will conform to that of the adjoining district","0, unless side or rear setback adjoins an R-, A-, or AMX- district, in which case the setback will conform to that of the adjoining district",None,None,1 per dwelling unit,1 per dwelling unit,No,No,,"Baseline: no higher than the height stated in this map—https://honolulu-cchnl.opendata.arcgis.com/datasets/cchnl::zoning-map-height-limit/explore?location=21.302458%2C-157.847074%2C14.88

where for at least 50% of contiguous street frontage, the structure cannot exceed a height that is intersected by a plane over the buildable area that makes an angle of 65 degrees with the horizontal at ground elevation at the center line of the street

and if above 350 feet, has been approved according to the major permit protocol, which includes a public hearing

and if bordering a residential, apartment, AMX, or resort district, on the side of the lot adjoining the neighboring district, no higher than the height setback of the adjoining district at the edge of the buildable area boundary line","4.0, plus 10 square ft/1 square ft of public open space below 350 ft or 7 square ft above 350 ft, and 5 square ft/1 square ft of arcade up to 7.5 FAR",None,None,No,No,0.115,,"5, unless zoning lot adjoins an R-, A-, or AMX- district and forms a continuous yard, in which case for at least the first 100 feet of the lot line, the setback will conform to that of the adjoining district; or 0 above 12 feet provided required yard area is compensated elsewhere on the property as open space or an arcade","0, unless side or rear setback adjoins an R-, A-, or AMX- district, in which case the setback will conform to that of the adjoining district","0, unless side or rear setback adjoins an R-, A-, or AMX- district, in which case the setback will conform to that of the adjoining district",None,None,1 per dwelling unit,1 per dwelling unit,No,No,,"Baseline: no higher than the height stated in this map—https://honolulu-cchnl.opendata.arcgis.com/datasets/cchnl::zoning-map-height-limit/explore?location=21.302458%2C-157.847074%2C14.88

where for at least 50% of contiguous street frontage, the structure cannot exceed a height that is intersected by a plane over the buildable area that makes an angle of 65 degrees with the horizontal at ground elevation at the center line of the street

and if above 350 feet, has been approved according to the major permit protocol, which includes a public hearing

and if bordering a residential, apartment, AMX, or resort district, on the side of the lot adjoining the neighboring district, no higher than the height setback of the adjoining district at the edge of the buildable area boundary line","4.0, plus 10 square ft/1 square ft of public open space below 350 ft or 7 square ft above 350 ft, and 5 square ft/1 square ft of arcade up to 7.5 FAR",None,None,None,Not Mentioned,,,,,,,,,,,,Allowed/Conditional,Yes,No,No,No,,1 per unit plus any required by business type,No,,None,None,Not Mentioned,No,,,,"One caretaker unit allowed for an owner or employee, per business establishment on the lot, up to 4.",,False,False,False,False,False,False,A,A,B,B,No,No,No,No,No,1 per dwelling unit for 3-family (total); 1 per dwelling unit for 3-family (per studio/1br); 1 per dwelling unit for 4+ family (total); 1 per dwelling unit for 2+ family (per studio/1br)
129,HI--HONOLULU--C,HI,Honolulu,C,3254.3990027560894,94.00498752119111,3160.3940152348982,HI,Honolulu,Honolulu County,C,Country,Yes,No,No,Mixed with Residential,No,No,Allowed/Conditional,Allowed/Conditional,Allowed/Conditional,Allowed/Conditional,1.000,15,10,10,"25%, for nonagricultural structures","None, ""Building area"" includes ""all-weather surfaces"", which are basically roads or concrete pads for building on, but do not include all impervious surfaces","Excluding carport or garage areas: 
2 per unit up to 3,249 square feet of floor area
3 per unit from 3,250 to 3,999 square feet of floor area
4 per unit from 4,000 to 4,749 square feet of floor rea
1 additional for each 750 square feet of floor area over 4,000 square feet",,"Baseline: 15 ft    

If w/ height setbacks:  25 ft, set back from every side
and rear buildable area boundary line one foot for each two feet of additional height above 15 feet 

Except if lot has a slope of 15 degrees or greater, in which case the maximum height varies from 20 feet at the edge of the buildable area along to up to 30 feet along a line measured 60 degrees from the horizontal top of the 20 foot heigh.",None,None,No,No,1.000,,15,10,10,"25%, for nonagricultural structures","None, ""Building area"" includes ""all-weather surfaces"", which are basically roads or concrete pads for building on, but do not include all impervious surfaces","Excluding carport or garage areas: 
2 per unit up to 3,249 square feet
3 per unit from 3,250 to 3,999 square feet
4 per unit from 4,000 to 4,749 square feet
1 additional for each 750 square feet over 4,000 square feet",,,"Baseline: 15 ft    

If w/ height setbacks:  25 ft, set back from every side
and rear buildable area boundary line one foot for each two feet of additional height above 15 feet 

Except if lot has a slope of 15 degrees or greater, in which case the maximum height varies from 20 feet at the edge of the buildable area along to up to 30 feet along a line measured 60 degrees from the horizontal top of the 20 foot heigh.",None,None,No,No,0.1148 x # of Dwellings,0.33 buildings/acre,10,5,5,"25%, for nonagricultural structures","None, ""Building area"" includes ""all-weather surfaces"", which are basically roads or concrete pads for building on, but do not include all impervious surfaces",specified in the approval of the country cluster (PRD) plan,specified in the approval of the country cluster (PRD) plan,No,No,,"Baseline: 15 ft    

If w/ height setbacks:  25 ft, set back from every side
and rear buildable area boundary line one foot for each two feet of additional height above 15 feet 

Except if lot has a slope of 15 degrees or greater, in which case the maximum height varies from 20 feet at the edge of the buildable area along to up to 30 feet along a line measured 60 degrees from the horizontal top of the 20 foot heigh.",,None,None,No,No,3,1,10/dwelling lot,5/dwelling lot,5/dwelling lot,"25%, for nonagricultural structures","None, ""Building area"" includes ""all-weather surfaces"", which are basically roads or concrete pads for building on, but do not include all impervious surfaces",specified in the approval of the country cluster (PRD) plan,specified in the approval of the country cluster (PRD) plan,No,No,,"Baseline: 15 ft    

If w/ height setbacks:  25 ft, set back from every side
and rear buildable area boundary line one foot for each two feet of additional height above 15 feet 

Except if lot has a slope of 15 degrees or greater, in which case the maximum height varies from 20 feet at the edge of the buildable area along to up to 30 feet along a line measured 60 degrees from the horizontal top of the 20 foot heigh.",None,None,None,4,Not Mentioned,,,,,,,,,,,,Allowed/Conditional,Yes,No,No,No,,"2 per unit up to 3,249 square feet of floor area
3 per unit from 3,250 to 3,999 square feet of floor area
4 per unit from 4,000 to 4,749 square feet of floor rea
1 additional for each 750 square feet of floor area over 4,000 square feet",No,,None,None,Not Mentioned,No,3,1,None,"Listed ADU is an ""ohana unit"", which requires family members to live in both units and is allowed conditionally, but not within zero lot line districts, clusters, or on aduplex lot",,False,False,False,False,False,False,D,D,B,E,No,No,No,No,No,"Excluding carport or garage areas: 
2 per unit up to 3,249 square feet of floor area
3 per unit from 3,250 to 3,999 square feet of floor area
4 per unit from 4,000 to 4,749 square feet of floor rea
1 additional for each 750 square feet of floor area over 4,000 square feet for 1-family; Excluding carport or garage areas: 
2 per unit up to 3,249 square feet
3 per unit from 3,250 to 3,999 square feet
4 per unit from 4,000 to 4,749 square feet
1 additional for each 750 square feet over 4,000 square feet for 2-family (per studio/1br); specified in the approval of the country cluster (PRD) plan for 3-family (total); specified in the approval of the country cluster (PRD) plan for 3-family (per studio/1br); specified in the approval of the country cluster (PRD) plan for 4+ family (total); specified in the approval of the country cluster (PRD) plan for 2+ family (per studio/1br)"
130,HI--HONOLULU--F1,HI,Honolulu,F-1,38575.72119996399,37009.83136559991,1565.889834364083,HI,Honolulu,Honolulu County,F-1,Preservation - Military and Federal,Yes,No,No,Nonresidential,No,No,Prohibited,Prohibited,Prohibited,Prohibited,,,,,,,,,,,,,,,,,,,,,,,,,,,,,,,,,,,,,,,,,,,,,,,,,,,,,,,,,,,,,,,,Prohibited,,,,,,,,,,,,Prohibited,,,,,,,,,,,,,,,,,,False,False,False,False,False,False,A,A,A,A,No,No,No,No,No,
131,HI--HONOLULU--I1,HI,Honolulu,I-1,234.4783137287488,6.746548061993832,227.73176566675497,HI,Honolulu,Honolulu County,I-1,Industrial - Limited,Yes,No,No,Nonresidential,No,No,Prohibited,Prohibited,Prohibited,Prohibited,,,,,,,,,,,,,,,,,,,,,,,,,,,,,,,,,,,,,,,,,,,,,,,,,,,,,,,,,,,,,,,,Not Mentioned,,,,,,,,,,,,Allowed/Conditional,Yes,No,No,No,,1 per unit plus any required by business type,No,,None,None,Prohibited,,,,,"One caretaker unit allowed for an owner or employee, per business establishment on the lot, up to 4.",,False,False,False,False,False,False,A,A,A,A,No,No,No,No,No,
132,HI--HONOLULU--I2,HI,Honolulu,I-2,6134.379403208836,2844.5451051084096,3289.8342981004266,HI,Honolulu,Honolulu County,I-2,Industrial - Intensive,Yes,No,No,Nonresidential,No,No,Prohibited,Prohibited,Prohibited,Prohibited,,,,,,,,,,,,,,,,,,,,,,,,,,,,,,,,,,,,,,,,,,,,,,,,,,,,,,,,,,,,,,,,Not Mentioned,,,,,,,,,,,,Allowed/Conditional,Yes,No,No,No,,1 per unit plus any required by business type,No,,None,None,Prohibited,,,,,"One caretaker unit allowed for an owner or employee, per business establishment on the lot, up to 4.",,False,False,False,False,False,False,A,A,A,A,No,No,No,No,No,
133,HI--HONOLULU--I3,HI,Honolulu,I-3,896.2039422690098,712.7582770263364,183.44566524267339,HI,Honolulu,Honolulu County,I-3,Industrial - Waterfront,Yes,No,No,Nonresidential,No,No,Prohibited,Prohibited,Prohibited,Prohibited,,,,,,,,,,,,,,,,,,,,,,,,,,,,,,,,,,,,,,,,,,,,,,,,,,,,,,,,,,,,,,,,Not Mentioned,,,,,,,,,,,,Allowed/Conditional,Yes,No,No,No,,1 per unit plus any required by business type,No,,None,None,Prohibited,,,,,"One caretaker unit allowed for an owner or employee, per business establishment on the lot, up to 4.",,False,False,False,False,False,False,A,A,A,A,No,No,No,No,No,
134,HI--HONOLULU--IMX1,HI,Honolulu,IMX-1,1178.9601128967586,116.97821231090856,1061.98190058585,HI,Honolulu,Honolulu County,IMX-1,Industrial-Commercial Mixed Use,Yes,No,No,Nonresidential,No,No,Prohibited,Prohibited,Prohibited,Prohibited,,,,,,,,,,,,,,,,,,,,,,,,,,,,,,,,,,,,,,,,,,,,,,,,,,,,,,,,,,,,,,,,Not Mentioned,,,,,,,,,,,,Allowed/Conditional,Yes,No,No,No,,1 per unit plus any required by business type,No,,None,None,Prohibited,,,,,"One caretaker unit allowed for an owner or employee, per business establishment on the lot, up to 4.",,False,False,False,False,False,False,A,A,A,A,No,No,No,No,No,
135,HI--HONOLULU--KAK,HI,Honolulu,Kak,618.2401771472171,232.43708294542768,385.8030942017894,HI,Honolulu,Honolulu County,Kak,State Jurisdiction: Kakaako Community Development (Admin. by HCDA),Yes,No,No,Mixed with Residential,No,No,Allowed/Conditional,Allowed/Conditional,Allowed/Conditional,Allowed/Conditional,0.22956841,,,,,,,,,,,No,No,0.22956841,8,,,,70,70,1 if unit <400sqft; 1.25 if 400<unit<800sqft; 1.5 if unit>800sqft,1 if unit <400sqft; 1.25 if 400<unit<800sqft; 1.5 if unit>800sqft,,,2.5; 3.5 if mixed-use,,No,No,0.22956841,12,,,,,,,,,,,,2.5; 3.5 if mixed-use,,,No,No,0.22956841,,,,,70,70,1 if unit <400sqft; 1.25 if 400<unit<800sqft; 1.5 if unit>800sqft,1 if unit <400sqft; 1.25 if 400<unit<800sqft; 1.5 if unit>800sqft,No,No,,,2.5; 3.5 if mixed-use,,,,Allowed/Conditional,,,,,,,,,,,,Allowed/Conditional,,,,,,,,,,,,,,,,,,False,False,False,False,False,False,B,B,B,B,No,No,No,No,No,1 if unit <400sqft; 1.25 if 400<unit<800sqft; 1.5 if unit>800sqft for 2-family (total); 1 if unit <400sqft; 1.25 if 400<unit<800sqft; 1.5 if unit>800sqft for 2-family (per studio/1br); 1 if unit <400sqft; 1.25 if 400<unit<800sqft; 1.5 if unit>800sqft for 4+ family (total); 1 if unit <400sqft; 1.25 if 400<unit<800sqft; 1.5 if unit>800sqft for 2+ family (per studio/1br)
136,HI--HONOLULU--MU,HI,Honolulu,MU,1.1619341793645501,0.0,1.1619341793645501,HI,Honolulu,Honolulu County,MU,Mixed Use Precinct (Kakaako Special Design District),Yes,No,No,Mixed with Residential,No,No,Prohibited,Allowed/Conditional,Allowed/Conditional,Allowed/Conditional,,,,,,,,,,,,No,No,0.22956841,8,,,,70,70,1 if unit <400sqft; 1.25 if 400<unit<800sqft; 1.5 if unit>800sqft,1 if unit <400sqft; 1.25 if 400<unit<800sqft; 1.5 if unit>800sqft,,,2.5; 3.5 if mixed-use,,No,No,0.22956841,12,,,,70,70,1 if unit <400sqft; 1.25 if 400<unit<800sqft; 1.5 if unit>800sqft,1 if unit <400sqft; 1.25 if 400<unit<800sqft; 1.5 if unit>800sqft,No,No,,,2.5; 3.5 if mixed-use,,,No,No,0.22956841,,,,,70,70,1 if unit <400sqft; 1.25 if 400<unit<800sqft; 1.5 if unit>800sqft,1 if unit <400sqft; 1.25 if 400<unit<800sqft; 1.5 if unit>800sqft,No,No,,,2.5; 3.5 if mixed-use,,,,Not Mentioned,,,,,,,,,,,,Allowed/Conditional,,,,,,,,,,,,,,,,,,False,False,False,False,False,False,A,B,B,B,No,No,No,No,No,1 if unit <400sqft; 1.25 if 400<unit<800sqft; 1.5 if unit>800sqft for 2-family (total); 1 if unit <400sqft; 1.25 if 400<unit<800sqft; 1.5 if unit>800sqft for 2-family (per studio/1br); 1 if unit <400sqft; 1.25 if 400<unit<800sqft; 1.5 if unit>800sqft for 3-family (total); 1 if unit <400sqft; 1.25 if 400<unit<800sqft; 1.5 if unit>800sqft for 3-family (per studio/1br); 1 if unit <400sqft; 1.25 if 400<unit<800sqft; 1.5 if unit>800sqft for 4+ family (total); 1 if unit <400sqft; 1.25 if 400<unit<800sqft; 1.5 if unit>800sqft for 2+ family (per studio/1br)
137,HI--HONOLULU--P1,HI,Honolulu,P-1,157479.8590827506,92168.13523907763,65311.72384367297,HI,Honolulu,Honolulu County,P-1,Preservation - Restricted,Yes,No,No,Nonresidential,No,No,Prohibited,Prohibited,Prohibited,Prohibited,,,,,,,,,,,,,,,,,,,,,,,,,,,,,,,,,,,,,,,,,,,,,,,,,,,,,,,,,,,,,,,,Prohibited,,,,,,,,,,,,Prohibited,,,,,,,,,,,,,,,,,,False,False,False,False,False,False,A,A,A,A,No,No,No,No,No,
138,HI--HONOLULU--P2,HI,Honolulu,P-2,17135.974633756905,8465.883557326475,8670.09107643043,HI,Honolulu,Honolulu County,P-2,Preservation - General,Yes,No,No,Nonresidential,No,No,Prohibited,Prohibited,Prohibited,Prohibited,,,,,,,,,,,,,,,,,,,,,,,,,,,,,,,,,,,,,,,,,,,,,,,,,,,,,,,,,,,,,,,,Prohibited,,,,,,,,,,,,Allowed/Conditional,Yes,No,No,No,,"2 per unit up to 3,249 square feet of floor area
3 per unit from 3,250 to 3,999 square feet of floor area
4 per unit from 4,000 to 4,749 square feet of floor rea
1 additional for each 750 square feet of floor area over 4,000 square feet",No,,1000,None,Not Mentioned,,,,,"Only ADUs allowed are ""cemetery caretaker dwellings"": no more than one caretaker dwelling shall be permitted per cemetery",,True,False,False,False,False,False,A,A,A,A,No,No,No,No,No,
139,HI--HONOLULU--PU,HI,Honolulu,PU,7.407573162292631,7.379571994197821,0.028001168094809792,HI,Honolulu,Honolulu County,PU,Public Use Precinct (Kakaako Special Design District),Yes,No,No,Nonresidential,No,No,Prohibited,Prohibited,Prohibited,Prohibited,,,,,,,,,,,,,,,,,,,,,,,,,,,,,,,,,,,,,,,,,,,,,,,,,,,,,,,,,,,,,,,,Not Mentioned,,,,,,,,,,,,Prohibited,,,,,,,,,,,,,,,,,,False,False,False,False,False,False,A,A,A,A,No,No,No,No,No,
140,HI--HONOLULU--PUB,HI,Honolulu,Pub,259.235752413584,116.85006522601115,142.38568718757284,HI,Honolulu,Honolulu County,Pub,Public Precinct (Waikiki Special District),Yes,No,No,Nonresidential,No,No,Prohibited,Prohibited,Prohibited,Prohibited,,,,,,,,,,,,,,,,,,,,,,,,,,,,,,,,,,,,,,,,,,,,,,,,,,,,,,,,,,,,,,,,Not Mentioned,,,,,,,,,,,,Prohibited,,,,,,,,,,,,,,,,,,False,False,False,False,False,False,A,A,A,A,No,No,No,No,No,
141,HI--HONOLULU--R10,HI,Honolulu,R-10,5022.720706190945,339.8758682784841,4682.844837912461,HI,Honolulu,Honolulu County,R-10,"Residential - 10,000 sf",Yes,No,No,Primarily Residential,No,No,Allowed/Conditional,Allowed/Conditional,Allowed/Conditional,Allowed/Conditional,0.230,10,"5, unless the FAR is greater than 0.6, in which case 8","5, unless the FAR is greater than 0.6, in which case 8",50%,75%,"2 per unit up to 3,249 square feet of floor area
3 per unit from 3,250 to 3,999 square feet of floor area
4 per unit from 4,000 to 4,749 square feet of floor rea
1 additional for each 750 square feet of floor area over 4,000 square feet",,"The height of the building envelope created by intersecting the varying plane 30 ft above any point on the property with a horizontal plane 25 ft above the high point of the buildable area boundary line, or the 25 ft plane if the two planes do not intersect. 

Any portion of the structure exceeding 15 ft must be set back from the side and rear boundary lines by 1 ft for every 2 ft of additional height, and any portion exceeding 20 ft must be set back from the front boundary line by 1 ft for every 2 ft of additional height.",0.7,None,No,No,"0.344 if detached
0.172 if attached",,10,"5, unless the FAR is greater than 0.6, in which case 8, or if adjoining another duplex lot, in which case the setback is 0 along the common wall and 5 feet for any portion of the structure not located on the the common property line","5, unless the FAR is greater than 0.6, in which case 8, or if adjoining another duplex lot, in which case the setback is 0 along the common wall and 5 feet for any portion of the structure not located on the the common property line",50% of zoning area,75% of zoning area,"2 per unit up to 3,249 square feet
3 per unit from 3,250 to 3,999 square feet
4 per unit from 4,000 to 4,749 square feet
1 additional for each 750 square feet over 4,000 square feet","2 per unit up to 3,249 square feet
3 per unit from 3,250 to 3,999 square feet
4 per unit from 4,000 to 4,749 square feet
1 additional for each 750 square feet over 4,000 square feet",,"The height of the building envelope created by intersecting the varying plane 30 ft above any point on the property with a horizontal plane 25 ft above the high point of the buildable area boundary line, or the 25 ft plane if the two planes do not intersect. 

Any portion of the structure exceeding 15 ft must be set back from the side and rear boundary lines by 1 ft for every 2 ft of additional height, and any portion exceeding 20 ft must be set back from the front boundary line by 1 ft for every 2 ft of additional height.",0.7,None,No,No,0.689,Total Project Area/0.230,"10, unless the road is private, in which case a wall, landscaped buffering, or a combination of wall and landscaped buffering shall be installed along the road","10, unless the FAR is greater than 0.6, in which case 15, or 5 if suitable landscaping or a fence/wall buffering is provided, or if adjoining another duplex lot, in which case the setback is 0 along the common wall and 5 feet for any portion of the structure not located on the the common property line","10, unless the FAR is greater than 0.6, in which case 15, or 5 if suitable landscaping or a fence/wall buffering is provided, or if adjoining another duplex lot, in which case the setback is 0 along the common wall and 5 feet for any portion of the structure not located on the the common property line","80%, provided 50% of cluster development is open space","80%, provided 50% of cluster development is open space",specified in the approval of the cluster (PRD) plan,specified in the approval of the cluster (PRD) plan,No,No,,"34, provided the building contains multifamily dwellings, has hipped or gabled roof forms, has walls that do not exceed 30 feet, has at least 20 foot side and rear setbacks (30 feet for three story buildings), and does not adversely affect neighborhood character",,None,None,No,No,0.689,Total Project Area/0.230,"10, unless the road is private, in which case a wall, landscaped buffering, or a combination of wall and landscaped buffering shall be installed along the road","10, unless the FAR is greater than 0.6, in which case 15, or 5 if suitable landscaping or a fence/wall buffering is provided, or if adjoining another duplex lot, in which case the setback is 0 along the common wall and 5 feet for any portion of the structure not located on the the common property line","10, unless the FAR is greater than 0.6, in which case 15, or 5 if suitable landscaping or a fence/wall buffering is provided, or if adjoining another duplex lot, in which case the setback is 0 along the common wall and 5 feet for any portion of the structure not located on the the common property line","80%, provided 50% of cluster development is open space","80%, provided 50% of cluster development is open space",specified in the approval of the cluster (PRD) plan,specified in the approval of the cluster (PRD) plan,No,No,,"34, provided the building contains multifamily dwellings, has hipped or gabled roof forms, has walls that do not exceed 30 feet, has at least 20 foot side and rear setbacks (30 feet for three story buildings), and does not adversely affect neighborhood character",,None,None,8,Not Mentioned,,,,,,,,,,,,Allowed/Conditional,Yes,No,No,No,,"2 per unit up to 3,249 square feet of floor area
3 per unit from 3,250 to 3,999 square feet of floor area
4 per unit from 4,000 to 4,749 square feet of floor rea
1 additional for each 750 square feet of floor area over 4,000 square feet",No,,None,None,Public Hearing,No,2,,None,"PD-H PRDs are allowed with a minimum district size of 2 acres and require a district FAR of 0.24 and a public hearing; no minimum lot area for off-site parking facilities;  Listed ADU is an ""ohana unit"", which requires family members to live in both units and is allowed conditionally, but not within zero lot line districts, clusters, or PD-Hs, or on duplex lot; District also allows ""accessory dwelling unit"" ADUs, which have maximum floor area contingent on lot area (400 sqft for 3500-4999 sqft lots, 800 sqft for lots above 5000sqft). District does not allow both ohana units and ADUs on the same lot.",,False,False,False,False,False,False,B,B,C,C,No,No,No,No,No,"2 per unit up to 3,249 square feet of floor area
3 per unit from 3,250 to 3,999 square feet of floor area
4 per unit from 4,000 to 4,749 square feet of floor rea
1 additional for each 750 square feet of floor area over 4,000 square feet for 1-family; 2 per unit up to 3,249 square feet
3 per unit from 3,250 to 3,999 square feet
4 per unit from 4,000 to 4,749 square feet
1 additional for each 750 square feet over 4,000 square feet for 2-family (total); 2 per unit up to 3,249 square feet
3 per unit from 3,250 to 3,999 square feet
4 per unit from 4,000 to 4,749 square feet
1 additional for each 750 square feet over 4,000 square feet for 2-family (per studio/1br); specified in the approval of the cluster (PRD) plan for 3-family (total); specified in the approval of the cluster (PRD) plan for 3-family (per studio/1br); specified in the approval of the cluster (PRD) plan for 4+ family (total); specified in the approval of the cluster (PRD) plan for 2+ family (per studio/1br)"
142,HI--HONOLULU--R20,HI,Honolulu,R-20,521.1701485849135,3.4001982697057,517.7699503152078,HI,Honolulu,Honolulu County,R-20,"Residential - 20,000 sf",Yes,No,No,Primarily Residential,No,No,Allowed/Conditional,Allowed/Conditional,Allowed/Conditional,Allowed/Conditional,0.459,10,"5, unless the FAR is greater than 0.6, in which case 8","5, unless the FAR is greater than 0.6, in which case 8",50%,75%,"2 per unit up to 3,249 square feet of floor area
3 per unit from 3,250 to 3,999 square feet of floor area
4 per unit from 4,000 to 4,749 square feet of floor rea
1 additional for each 750 square feet of floor area over 4,000 square feet",,"The height of the building envelope created by intersecting the varying plane 30 ft above any point on the property with a horizontal plane 25 ft above the high point of the buildable area boundary line, or the 25 ft plane if the two planes do not intersect. 

Any portion of the structure exceeding 15 ft must be set back from the side and rear boundary lines by 1 ft for every 2 ft of additional height, and any portion exceeding 20 ft must be set back from the front boundary line by 1 ft for every 2 ft of additional height.",0.7,None,No,No,"0.574 if detached
0.287 if attached",,10,"5, unless the FAR is greater than 0.6, in which case 8, or if adjoining another duplex lot, in which case the setback is 0 along the common wall and 5 feet for any portion of the structure not located on the the common property line","5, unless the FAR is greater than 0.6, in which case 8, or if adjoining another duplex lot, in which case the setback is 0 along the common wall and 5 feet for any portion of the structure not located on the the common property line",50% of zoning area,75% of zoning area,"2 per unit up to 3,249 square feet
3 per unit from 3,250 to 3,999 square feet
4 per unit from 4,000 to 4,749 square feet
1 additional for each 750 square feet over 4,000 square feet","2 per unit up to 3,249 square feet
3 per unit from 3,250 to 3,999 square feet
4 per unit from 4,000 to 4,749 square feet
1 additional for each 750 square feet over 4,000 square feet",,"The height of the building envelope created by intersecting the varying plane 30 ft above any point on the property with a horizontal plane 25 ft above the high point of the buildable area boundary line, or the 25 ft plane if the two planes do not intersect. 

Any portion of the structure exceeding 15 ft must be set back from the side and rear boundary lines by 1 ft for every 2 ft of additional height, and any portion exceeding 20 ft must be set back from the front boundary line by 1 ft for every 2 ft of additional height.",0.7,None,No,No,1.377,Total Project Area/0.459,"10, unless the road is private, in which case a wall, landscaped buffering, or a combination of wall and landscaped buffering shall be installed along the road","10, unless the FAR is greater than 0.6, in which case 15, or 5 if suitable landscaping or a fence/wall buffering is provided, or if adjoining another duplex lot, in which case the setback is 0 along the common wall and 5 feet for any portion of the structure not located on the the common property line","10, unless the FAR is greater than 0.6, in which case 15, or 5 if suitable landscaping or a fence/wall buffering is provided, or if adjoining another duplex lot, in which case the setback is 0 along the common wall and 5 feet for any portion of the structure not located on the the common property line","80%, provided 50% of cluster development is open space","80%, provided 50% of cluster development is open space",specified in the approval of the cluster (PRD) plan,specified in the approval of the cluster (PRD) plan,No,No,,"34, provided the building contains multifamily dwellings, has hipped or gabled roof forms, has walls that do not exceed 30 feet, has at least 20 foot side and rear setbacks (30 feet for three story buildings), and does not adversely affect neighborhood character",,None,None,No,No,1.377,Total Project Area/0.459,"10, unless the road is private, in which case a wall, landscaped buffering, or a combination of wall and landscaped buffering shall be installed along the road","10, unless the FAR is greater than 0.6, in which case 15, or 5 if suitable landscaping or a fence/wall buffering is provided, or if adjoining another duplex lot, in which case the setback is 0 along the common wall and 5 feet for any portion of the structure not located on the the common property line","10, unless the FAR is greater than 0.6, in which case 15, or 5 if suitable landscaping or a fence/wall buffering is provided, or if adjoining another duplex lot, in which case the setback is 0 along the common wall and 5 feet for any portion of the structure not located on the the common property line","80%, provided 50% of cluster development is open space","80%, provided 50% of cluster development is open space",specified in the approval of the cluster (PRD) plan,specified in the approval of the cluster (PRD) plan,No,No,,"34, provided the building contains multifamily dwellings, has hipped or gabled roof forms, has walls that do not exceed 30 feet, has at least 20 foot side and rear setbacks (30 feet for three story buildings), and does not adversely affect neighborhood character",,None,None,8,Not Mentioned,,,,,,,,,,,,Allowed/Conditional,Yes,No,No,No,,"2 per unit up to 3,249 square feet of floor area
3 per unit from 3,250 to 3,999 square feet of floor area
4 per unit from 4,000 to 4,749 square feet of floor rea
1 additional for each 750 square feet of floor area over 4,000 square feet",No,,None,None,Allowed/Conditional,No,4,,None,"PD-H PRDs are allowed with a minimum district size of 4 acres and require a district FAR of 0.13 and a public hearing; no minimum lot area for off-site parking facilities; Listed ADU is an ""ohana unit"", which requires family members to live in both units and is allowed conditionally, but not within zero lot line districts, clusters, or PD-Hs, or on duplex lot; District also allows ""accessory dwelling unit"" ADUs, which have maximum floor area contingent on lot area (400 sqft for 3500-4999 sqft lots, 800 sqft for lots above 5000sqft). District does not allow both ohana units and ADUs on the same lot.",,False,False,False,False,False,False,B,C,D,D,No,No,No,No,No,"2 per unit up to 3,249 square feet of floor area
3 per unit from 3,250 to 3,999 square feet of floor area
4 per unit from 4,000 to 4,749 square feet of floor rea
1 additional for each 750 square feet of floor area over 4,000 square feet for 1-family; 2 per unit up to 3,249 square feet
3 per unit from 3,250 to 3,999 square feet
4 per unit from 4,000 to 4,749 square feet
1 additional for each 750 square feet over 4,000 square feet for 2-family (total); 2 per unit up to 3,249 square feet
3 per unit from 3,250 to 3,999 square feet
4 per unit from 4,000 to 4,749 square feet
1 additional for each 750 square feet over 4,000 square feet for 2-family (per studio/1br); specified in the approval of the cluster (PRD) plan for 3-family (total); specified in the approval of the cluster (PRD) plan for 3-family (per studio/1br); specified in the approval of the cluster (PRD) plan for 4+ family (total); specified in the approval of the cluster (PRD) plan for 2+ family (per studio/1br)"
143,HI--HONOLULU--R3.5,HI,Honolulu,R-3.5,1735.2706158067267,248.6125876777493,1486.6580281289773,HI,Honolulu,Honolulu County,R-3.5,"Residential - 3,500 sf",Yes,No,No,Primarily Residential,No,No,Allowed/Conditional,Allowed/Conditional,Allowed/Conditional,Allowed/Conditional,0.080,10,"5, unless the FAR is greater than 0.6, in which case 8, or 0 if the lot is the minimum size for a duplex unit, the maximum building area is 50%, the maximum height is measured from five feet from the opposite side of the lot line from the property, the lot is not situated next to a lot that is not part of a zero lot line project, the total side setback is doubled taking into account lots grouped into pairs, dwelling units are randomly staggered by at least two feet on adjacent lots, and that walls along the zero lot line not contain openings except for light and ventilation purposes provided the window sill is at least six feet from the floor to which the window belongs","5, unless the FAR is greater than 0.6, in which case 8, or 0 if the lot is the minimum size for a duplex unit, the maximum building area is 50%, the maximum height is measured from five feet from the opposite side of the lot line from the property, the lot is not situated next to a lot that is not part of a zero lot line project, the total side setback is doubled taking into account lots grouped into pairs, dwelling units are randomly staggered by at least two feet on adjacent lots, and that walls along the zero lot line not contain openings except for light and ventilation purposes provided the window sill is at least six feet from the floor to which the window belongs",50%,75%,"2 per unit up to 3,249 square feet of floor area
3 per unit from 3,250 to 3,999 square feet of floor area
4 per unit from 4,000 to 4,749 square feet of floor rea
1 additional for each 750 square feet of floor area over 4,000 square feet",,"The height of the building envelope created by intersecting the varying plane 30 ft above any point on the property with a horizontal plane 25 ft above the high point of the buildable area boundary line, or the 25 ft plane if the two planes do not intersect. 

Any portion of the structure exceeding 15 ft must be set back from the side and rear boundary lines by 1 ft for every 2 ft of additional height, and any portion exceeding 20 ft must be set back from the front boundary line by 1 ft for every 2 ft of additional height.",0.7,None,No,No,"0.161 if detached
0.080 if attached",,10,"5, unless the FAR is greater than 0.6, in which case 8, or if adjoining another duplex lot, in which case the setback is 0 along the common wall and 5 feet for any portion of the structure not located on the the common property line, or 0 if the lot is the minimum size for a duplex unit, the maximum building area is 50%, the maximum height is measured from five feet from the opposite side of the lot line from the property, the lot is not situated next to a lot that is not part of a zero lot line project, the total side setback is doubled taking into account lots grouped into pairs, dwelling units are randomly staggered by at least two feet on adjacent lots, and that walls along the zero lot line not contain openings except for light and ventilation purposes provided the window sill is at least six feet from the floor to which the window belongs","5, unless the FAR is greater than 0.6, in which case 8, or if adjoining another duplex lot, in which case the setback is 0 along the common wall and 5 feet for any portion of the structure not located on the the common property line, or 0 if the lot is the minimum size for a duplex unit, the maximum building area is 50%, the maximum height is measured from five feet from the opposite side of the lot line from the property, the lot is not situated next to a lot that is not part of a zero lot line project, the total side setback is doubled taking into account lots grouped into pairs, dwelling units are randomly staggered by at least two feet on adjacent lots, and that walls along the zero lot line not contain openings except for light and ventilation purposes provided the window sill is at least six feet from the floor to which the window belongs",50% of zoning area,75% of zoning area,"2 per unit up to 3,249 square feet
3 per unit from 3,250 to 3,999 square feet
4 per unit from 4,000 to 4,749 square feet
1 additional for each 750 square feet over 4,000 square feet","2 per unit up to 3,249 square feet
3 per unit from 3,250 to 3,999 square feet
4 per unit from 4,000 to 4,749 square feet
1 additional for each 750 square feet over 4,000 square feet",,"The height of the building envelope created by intersecting the varying plane 30 ft above any point on the property with a horizontal plane 25 ft above the high point of the buildable area boundary line, or the 25 ft plane if the two planes do not intersect. 

Any portion of the structure exceeding 15 ft must be set back from the side and rear boundary lines by 1 ft for every 2 ft of additional height, and any portion exceeding 20 ft must be set back from the front boundary line by 1 ft for every 2 ft of additional height.",0.7,None,No,No,0.241,Total Project Area/0.080,"10, unless the road is private, in which case a wall, landscaped buffering, or a combination of wall and landscaped buffering shall be installed along the road","10, unless the FAR is greater than 0.6, in which case 15, or 5 if suitable landscaping or a fence/wall buffering is provided, or if adjoining another duplex lot, in which case the setback is 0 along the common wall and 5 feet for any portion of the structure not located on the the common property line","10, unless the FAR is greater than 0.6, in which case 15, or 5 if suitable landscaping or a fence/wall buffering is provided, or if adjoining another duplex lot, in which case the setback is 0 along the common wall and 5 feet for any portion of the structure not located on the the common property line","80%, provided 50% of cluster development is open space","80%, provided 50% of cluster development is open space",specified in the approval of the cluster (PRD) plan,specified in the approval of the cluster (PRD) plan,No,No,,"34, provided the building contains multifamily dwellings, has hipped or gabled roof forms, has walls that do not exceed 30 feet, has at least 20 foot side and rear setbacks (30 feet for three story buildings), and does not adversely affect neighborhood character",,None,None,No,No,0.241,Total Project Area/0.080,"10, unless the road is private, in which case a wall, landscaped buffering, or a combination of wall and landscaped buffering shall be installed along the road","10, unless the FAR is greater than 0.6, in which case 15, or 5 if suitable landscaping or a fence/wall buffering is provided, or if adjoining another duplex lot, in which case the setback is 0 along the common wall and 5 feet for any portion of the structure not located on the the common property line","10, unless the FAR is greater than 0.6, in which case 15, or 5 if suitable landscaping or a fence/wall buffering is provided, or if adjoining another duplex lot, in which case the setback is 0 along the common wall and 5 feet for any portion of the structure not located on the the common property line","80%, provided 50% of cluster development is open space","80%, provided 50% of cluster development is open space",specified in the approval of the cluster (PRD) plan,specified in the approval of the cluster (PRD) plan,No,No,,"34, provided the building contains multifamily dwellings, has hipped or gabled roof forms, has walls that do not exceed 30 feet, has at least 20 foot side and rear setbacks (30 feet for three story buildings), and does not adversely affect neighborhood character",,None,None,8,Not Mentioned,,,,,,,,,,,,Allowed/Conditional,No,No,Yes,No,0.08,"1, unless with 0.5 miles of a rail station, in which case, 0",No,,"400 for 0.114 > Lot Area > 0.08
800 for Lot Area > 0.114",None,Public Hearing,No,1,,None,PD-H PRDs are allowed with a minimum district size of 1 acre and require a district FAR of 0.4 and a public hearing; no minimum lot area for off-site parking facilities;,,True,False,False,False,False,False,B,B,B,B,No,No,No,No,No,"2 per unit up to 3,249 square feet of floor area
3 per unit from 3,250 to 3,999 square feet of floor area
4 per unit from 4,000 to 4,749 square feet of floor rea
1 additional for each 750 square feet of floor area over 4,000 square feet for 1-family; 2 per unit up to 3,249 square feet
3 per unit from 3,250 to 3,999 square feet
4 per unit from 4,000 to 4,749 square feet
1 additional for each 750 square feet over 4,000 square feet for 2-family (total); 2 per unit up to 3,249 square feet
3 per unit from 3,250 to 3,999 square feet
4 per unit from 4,000 to 4,749 square feet
1 additional for each 750 square feet over 4,000 square feet for 2-family (per studio/1br); specified in the approval of the cluster (PRD) plan for 3-family (total); specified in the approval of the cluster (PRD) plan for 3-family (per studio/1br); specified in the approval of the cluster (PRD) plan for 4+ family (total); specified in the approval of the cluster (PRD) plan for 2+ family (per studio/1br)"
144,HI--HONOLULU--R5,HI,Honolulu,R-5,26875.21810565091,3383.60521351424,23491.61289213667,HI,Honolulu,Honolulu County,R-5,"Residential - 5,000 sf",Yes,No,No,Primarily Residential,No,No,Allowed/Conditional,Allowed/Conditional,Allowed/Conditional,Allowed/Conditional,0.115,10,"5, unless the FAR is greater than 0.6, in which case 8, or 0 if the lot is the minimum size for a duplex unit, the maximum building area is 50%, the maximum height is measured from five feet from the opposite side of the lot line from the property, the lot is not situated next to a lot that is not part of a zero lot line project, the total side setback is doubled taking into account lots grouped into pairs, dwelling units are randomly staggered by at least two feet on adjacent lots, and that walls along the zero lot line not contain openings except for light and ventilation purposes provided the window sill is at least six feet from the floor to which the window belongs","5, unless the FAR is greater than 0.6, in which case 8, or 0 if the lot is the minimum size for a duplex unit, the maximum building area is 50%, the maximum height is measured from five feet from the opposite side of the lot line from the property, the lot is not situated next to a lot that is not part of a zero lot line project, the total side setback is doubled taking into account lots grouped into pairs, dwelling units are randomly staggered by at least two feet on adjacent lots, and that walls along the zero lot line not contain openings except for light and ventilation purposes provided the window sill is at least six feet from the floor to which the window belongs",50%,75%,"2 per unit up to 3,249 square feet of floor area
3 per unit from 3,250 to 3,999 square feet of floor area
4 per unit from 4,000 to 4,749 square feet of floor rea
1 additional for each 750 square feet of floor area over 4,000 square feet",,"The height of the building envelope created by intersecting the varying plane 30 ft above any point on the property with a horizontal plane 25 ft above the high point of the buildable area boundary line, or the 25 ft plane if the two planes do not intersect. 

Any portion of the structure exceeding 15 ft must be set back from the side and rear boundary lines by 1 ft for every 2 ft of additional height, and any portion exceeding 20 ft must be set back from the front boundary line by 1 ft for every 2 ft of additional height.",0.7,None,No,No,"0.172 if detached
0.086 if attached",,10,"5, unless the FAR is greater than 0.6, in which case 8, or if adjoining another duplex lot, in which case the setback is 0 along the common wall and 5 feet for any portion of the structure not located on the the common property line, or 0 if the lot is the minimum size for a duplex unit, the maximum building area is 50%, the maximum height is measured from five feet from the opposite side of the lot line from the property, the lot is not situated next to a lot that is not part of a zero lot line project, the total side setback is doubled taking into account lots grouped into pairs, dwelling units are randomly staggered by at least two feet on adjacent lots, and that walls along the zero lot line not contain openings except for light and ventilation purposes provided the window sill is at least six feet from the floor to which the window belongs","5, unless the FAR is greater than 0.6, in which case 8, or if adjoining another duplex lot, in which case the setback is 0 along the common wall and 5 feet for any portion of the structure not located on the the common property line, or 0 if the lot is the minimum size for a duplex unit, the maximum building area is 50%, the maximum height is measured from five feet from the opposite side of the lot line from the property, the lot is not situated next to a lot that is not part of a zero lot line project, the total side setback is doubled taking into account lots grouped into pairs, dwelling units are randomly staggered by at least two feet on adjacent lots, and that walls along the zero lot line not contain openings except for light and ventilation purposes provided the window sill is at least six feet from the floor to which the window belongs",50% of zoning area,75% of zoning area,"2 per unit up to 3,249 square feet
3 per unit from 3,250 to 3,999 square feet
4 per unit from 4,000 to 4,749 square feet
1 additional for each 750 square feet over 4,000 square feet","2 per unit up to 3,249 square feet
3 per unit from 3,250 to 3,999 square feet
4 per unit from 4,000 to 4,749 square feet
1 additional for each 750 square feet over 4,000 square feet",,"The height of the building envelope created by intersecting the varying plane 30 ft above any point on the property with a horizontal plane 25 ft above the high point of the buildable area boundary line, or the 25 ft plane if the two planes do not intersect. 

Any portion of the structure exceeding 15 ft must be set back from the side and rear boundary lines by 1 ft for every 2 ft of additional height, and any portion exceeding 20 ft must be set back from the front boundary line by 1 ft for every 2 ft of additional height.",0.7,None,No,No,0.344,Total Project Area/0.086,"10, unless the road is private, in which case a wall, landscaped buffering, or a combination of wall and landscaped buffering shall be installed along the road","10, unless the FAR is greater than 0.6, in which case 15, or 5 if suitable landscaping or a fence/wall buffering is provided, or if adjoining another duplex lot, in which case the setback is 0 along the common wall and 5 feet for any portion of the structure not located on the the common property line","10, unless the FAR is greater than 0.6, in which case 15, or 5 if suitable landscaping or a fence/wall buffering is provided, or if adjoining another duplex lot, in which case the setback is 0 along the common wall and 5 feet for any portion of the structure not located on the the common property line","80%, provided 50% of cluster development is open space","80%, provided 50% of cluster development is open space",specified in the approval of the cluster (PRD) plan,specified in the approval of the cluster (PRD) plan,No,No,,"34, provided the building contains multifamily dwellings, has hipped or gabled roof forms, has walls that do not exceed 30 feet, has at least 20 foot side and rear setbacks (30 feet for three story buildings), and does not adversely affect neighborhood character",,None,None,No,No,0.344,Total Project Area/0.086,"10, unless the road is private, in which case a wall, landscaped buffering, or a combination of wall and landscaped buffering shall be installed along the road","10, unless the FAR is greater than 0.6, in which case 15, or 5 if suitable landscaping or a fence/wall buffering is provided, or if adjoining another duplex lot, in which case the setback is 0 along the common wall and 5 feet for any portion of the structure not located on the the common property line","10, unless the FAR is greater than 0.6, in which case 15, or 5 if suitable landscaping or a fence/wall buffering is provided, or if adjoining another duplex lot, in which case the setback is 0 along the common wall and 5 feet for any portion of the structure not located on the the common property line","80%, provided 50% of cluster development is open space","80%, provided 50% of cluster development is open space",specified in the approval of the cluster (PRD) plan,specified in the approval of the cluster (PRD) plan,No,No,,"34, provided the building contains multifamily dwellings, has hipped or gabled roof forms, has walls that do not exceed 30 feet, has at least 20 foot side and rear setbacks (30 feet for three story buildings), and does not adversely affect neighborhood character",,None,None,8,Not Mentioned,,,,,,,,,,,,Allowed/Conditional,Yes,No,No,No,,"2 per unit up to 3,249 square feet of floor area
3 per unit from 3,250 to 3,999 square feet of floor area
4 per unit from 4,000 to 4,749 square feet of floor rea
1 additional for each 750 square feet of floor area over 4,000 square feet",No,,None,None,Public Hearing,No,1,,None,"PD-H PRDs are allowed with a minimum district size of 1 acre and require a district FAR of 0.35 and a public hearing; no minimum lot area for off-site parking facilities;  Listed ADU is an ""ohana unit"", which requires family members to live in both units and is allowed conditionally, but not within zero lot line districts, clusters, or PD-Hs, or on duplex lots; District also allows ""accessory dwelling unit"" ADUs, which have maximum floor area contingent on lot area (400 sqft for 3500-4999 sqft lots, 800 sqft for lots above 5000sqft). District does not allow both ohana units and ADUs on the same lot.",,False,False,False,False,False,False,B,B,B,B,No,No,No,No,No,"2 per unit up to 3,249 square feet of floor area
3 per unit from 3,250 to 3,999 square feet of floor area
4 per unit from 4,000 to 4,749 square feet of floor rea
1 additional for each 750 square feet of floor area over 4,000 square feet for 1-family; 2 per unit up to 3,249 square feet
3 per unit from 3,250 to 3,999 square feet
4 per unit from 4,000 to 4,749 square feet
1 additional for each 750 square feet over 4,000 square feet for 2-family (total); 2 per unit up to 3,249 square feet
3 per unit from 3,250 to 3,999 square feet
4 per unit from 4,000 to 4,749 square feet
1 additional for each 750 square feet over 4,000 square feet for 2-family (per studio/1br); specified in the approval of the cluster (PRD) plan for 3-family (total); specified in the approval of the cluster (PRD) plan for 3-family (per studio/1br); specified in the approval of the cluster (PRD) plan for 4+ family (total); specified in the approval of the cluster (PRD) plan for 2+ family (per studio/1br)"
145,HI--HONOLULU--R7.5,HI,Honolulu,R-7.5,6351.118680249352,510.07678232958796,5841.041897919764,HI,Honolulu,Honolulu County,R-7.5,"Residential - 7,500 sf",Yes,No,No,Primarily Residential,No,No,Allowed/Conditional,Allowed/Conditional,Allowed/Conditional,Allowed/Conditional,0.172,10,"5, unless the FAR is greater than 0.6, in which case 8, or 0 if the lot is the minimum size for a duplex unit, the maximum building area is 50%, the maximum height is measured from five feet from the opposite side of the lot line from the property, the lot is not situated next to a lot that is not part of a zero lot line project, the total side setback is doubled taking into account lots grouped into pairs, dwelling units are randomly staggered by at least two feet on adjacent lots, and that walls along the zero lot line not contain openings except for light and ventilation purposes provided the window sill is at least six feet from the floor to which the window belongs","5, unless the FAR is greater than 0.6, in which case 8, or 0 if the lot is the minimum size for a duplex unit, the maximum building area is 50%, the maximum height is measured from five feet from the opposite side of the lot line from the property, the lot is not situated next to a lot that is not part of a zero lot line project, the total side setback is doubled taking into account lots grouped into pairs, dwelling units are randomly staggered by at least two feet on adjacent lots, and that walls along the zero lot line not contain openings except for light and ventilation purposes provided the window sill is at least six feet from the floor to which the window belongs",50%,75%,"2 per unit up to 3,249 square feet of floor area
3 per unit from 3,250 to 3,999 square feet of floor area
4 per unit from 4,000 to 4,749 square feet of floor rea
1 additional for each 750 square feet of floor area over 4,000 square feet",,"The height of the building envelope created by intersecting the varying plane 30 ft above any point on the property with a horizontal plane 25 ft above the high point of the buildable area boundary line, or the 25 ft plane if the two planes do not intersect. 

Any portion of the structure exceeding 15 ft must be set back from the side and rear boundary lines by 1 ft for every 2 ft of additional height, and any portion exceeding 20 ft must be set back from the front boundary line by 1 ft for every 2 ft of additional height.",0.7,None,No,No,"0.321 if detached
0.161 if attached",,10,"5, unless the FAR is greater than 0.6, in which case 8, or if adjoining another duplex lot, in which case the setback is 0 along the common wall and 5 feet for any portion of the structure not located on the the common property line, or 0 if the lot is the minimum size for a duplex unit, the maximum building area is 50%, the maximum height is measured from five feet from the opposite side of the lot line from the property, the lot is not situated next to a lot that is not part of a zero lot line project, the total side setback is doubled taking into account lots grouped into pairs, dwelling units are randomly staggered by at least two feet on adjacent lots, and that walls along the zero lot line not contain openings except for light and ventilation purposes provided the window sill is at least six feet from the floor to which the window belongs","5, unless the FAR is greater than 0.6, in which case 8, or if adjoining another duplex lot, in which case the setback is 0 along the common wall and 5 feet for any portion of the structure not located on the the common property line, or 0 if the lot is the minimum size for a duplex unit, the maximum building area is 50%, the maximum height is measured from five feet from the opposite side of the lot line from the property, the lot is not situated next to a lot that is not part of a zero lot line project, the total side setback is doubled taking into account lots grouped into pairs, dwelling units are randomly staggered by at least two feet on adjacent lots, and that walls along the zero lot line not contain openings except for light and ventilation purposes provided the window sill is at least six feet from the floor to which the window belongs",50% of zoning area,75% of zoning area,"2 per unit up to 3,249 square feet
3 per unit from 3,250 to 3,999 square feet
4 per unit from 4,000 to 4,749 square feet
1 additional for each 750 square feet over 4,000 square feet","2 per unit up to 3,249 square feet
3 per unit from 3,250 to 3,999 square feet
4 per unit from 4,000 to 4,749 square feet
1 additional for each 750 square feet over 4,000 square feet",,"The height of the building envelope created by intersecting the varying plane 30 ft above any point on the property with a horizontal plane 25 ft above the high point of the buildable area boundary line, or the 25 ft plane if the two planes do not intersect. 

Any portion of the structure exceeding 15 ft must be set back from the side and rear boundary lines by 1 ft for every 2 ft of additional height, and any portion exceeding 20 ft must be set back from the front boundary line by 1 ft for every 2 ft of additional height.",0.7,None,No,No,0.517,Total Project Area/0.161,"10, unless the road is private, in which case a wall, landscaped buffering, or a combination of wall and landscaped buffering shall be installed along the road","10, unless the FAR is greater than 0.6, in which case 15, or 5 if suitable landscaping or a fence/wall buffering is provided, or if adjoining another duplex lot, in which case the setback is 0 along the common wall and 5 feet for any portion of the structure not located on the the common property line","10, unless the FAR is greater than 0.6, in which case 15, or 5 if suitable landscaping or a fence/wall buffering is provided, or if adjoining another duplex lot, in which case the setback is 0 along the common wall and 5 feet for any portion of the structure not located on the the common property line","80%, provided 50% of cluster development is open space","80%, provided 50% of cluster development is open space",specified in the approval of the cluster (PRD) plan,specified in the approval of the cluster (PRD) plan,No,No,,"34, provided the building contains multifamily dwellings, has hipped or gabled roof forms, has walls that do not exceed 30 feet, has at least 20 foot side and rear setbacks (30 feet for three story buildings), and does not adversely affect neighborhood character",,None,None,No,No,0.517,Total Project Area/0.161,"10, unless the road is private, in which case a wall, landscaped buffering, or a combination of wall and landscaped buffering shall be installed along the road","10, unless the FAR is greater than 0.6, in which case 15, or 5 if suitable landscaping or a fence/wall buffering is provided, or if adjoining another duplex lot, in which case the setback is 0 along the common wall and 5 feet for any portion of the structure not located on the the common property line","10, unless the FAR is greater than 0.6, in which case 15, or 5 if suitable landscaping or a fence/wall buffering is provided, or if adjoining another duplex lot, in which case the setback is 0 along the common wall and 5 feet for any portion of the structure not located on the the common property line","80%, provided 50% of cluster development is open space","80%, provided 50% of cluster development is open space",specified in the approval of the cluster (PRD) plan,specified in the approval of the cluster (PRD) plan,No,No,,"34, provided the building contains multifamily dwellings, has hipped or gabled roof forms, has walls that do not exceed 30 feet, has at least 20 foot side and rear setbacks (30 feet for three story buildings), and does not adversely affect neighborhood character",,None,None,8,Not Mentioned,,,,,,,,,,,,Allowed/Conditional,Yes,No,No,No,,"2 per unit up to 3,249 square feet of floor area
3 per unit from 3,250 to 3,999 square feet of floor area
4 per unit from 4,000 to 4,749 square feet of floor rea
1 additional for each 750 square feet of floor area over 4,000 square feet",No,,None,None,Public Hearing,No,1.5,,None,"PD-H PRDs are allowed with a minimum district size of 1.5 acres and require a district FAR of 0.26 and a public hearing; no minimum lot area for off-site parking facilities;  Listed ADU is an ""ohana unit"", which requires family members to live in both units and is allowed conditionally, but not within zero lot line districts, clusters, or PD-Hs, or on duplex lot; District also allows ""accessory dwelling unit"" ADUs, which have maximum floor area contingent on lot area (400 sqft for 3500-4999 sqft lots, 800 sqft for lots above 5000sqft). District does not allow both ohana units and ADUs on the same lot.",,False,False,False,False,False,False,B,B,C,C,No,No,No,No,No,"2 per unit up to 3,249 square feet of floor area
3 per unit from 3,250 to 3,999 square feet of floor area
4 per unit from 4,000 to 4,749 square feet of floor rea
1 additional for each 750 square feet of floor area over 4,000 square feet for 1-family; 2 per unit up to 3,249 square feet
3 per unit from 3,250 to 3,999 square feet
4 per unit from 4,000 to 4,749 square feet
1 additional for each 750 square feet over 4,000 square feet for 2-family (total); 2 per unit up to 3,249 square feet
3 per unit from 3,250 to 3,999 square feet
4 per unit from 4,000 to 4,749 square feet
1 additional for each 750 square feet over 4,000 square feet for 2-family (per studio/1br); specified in the approval of the cluster (PRD) plan for 3-family (total); specified in the approval of the cluster (PRD) plan for 3-family (per studio/1br); specified in the approval of the cluster (PRD) plan for 4+ family (total); specified in the approval of the cluster (PRD) plan for 2+ family (per studio/1br)"
146,HI--HONOLULU--RESMIX,HI,Honolulu,ResMix,207.5312207960678,12.76164254245001,194.7695782536178,HI,Honolulu,Honolulu County,ResMix,Resort Mixed Use Precinct (Waikiki Special District),Yes,No,No,Mixed with Residential,No,No,Prohibited,Prohibited,Allowed/Conditional,Allowed/Conditional,,,,,,,1 per dwelling or lodging unit,,,,,,,,,,,,,,1 per dwelling or lodging unit,,,,,,No,No,0.23,12,15-20,0-10,0-10,65,65,1 if unit <400sqft; 1.25 if 400<unit<800sqft; 1.5 if unit>800sqft,1 if unit <400sqft; 1.25 if 400<unit<800sqft; 1.5 if unit>800sqft,No,No,,"Baseline: 40 ft

10 more feet per additional foot of height setback",1,,,No,No,0.23,,15-20,0-10,0-10,65,65,1 if unit <400sqft; 1.25 if 400<unit<800sqft; 1.5 if unit>800sqft,1 if unit <400sqft; 1.25 if 400<unit<800sqft; 1.5 if unit>800sqft,No,No,,"Baseline: 40 ft

10 more feet per additional foot of height setback",1,,,,Not Mentioned,,,,,,,,,,,,Allowed/Conditional,,,,,,,,,,,,,,,,,,False,False,False,False,False,False,A,A,B,B,No,No,No,No,No,1 per dwelling or lodging unit for 1-family; 1 per dwelling or lodging unit for 2-family (per studio/1br); 1 if unit <400sqft; 1.25 if 400<unit<800sqft; 1.5 if unit>800sqft for 3-family (total); 1 if unit <400sqft; 1.25 if 400<unit<800sqft; 1.5 if unit>800sqft for 3-family (per studio/1br); 1 if unit <400sqft; 1.25 if 400<unit<800sqft; 1.5 if unit>800sqft for 4+ family (total); 1 if unit <400sqft; 1.25 if 400<unit<800sqft; 1.5 if unit>800sqft for 2+ family (per studio/1br)
147,HI--HONOLULU--RESORT,HI,Honolulu,Resort,513.723479190039,59.72914362842746,453.9943355616116,HI,Honolulu,Honolulu County,Resort,Resort,Yes,No,No,Mixed with Residential,No,No,Allowed/Conditional,Allowed/Conditional,Allowed/Conditional,Allowed/Conditional,0.344,25,20,20,50%,None,"2 per unit up to 3,249 square feet of floor area
3 per unit from 3,250 to 3,999 square feet of floor area
4 per unit from 4,000 to 4,749 square feet of floor rea
1 additional for each 750 square feet of floor area over 4,000 square feet",,"Baseline: 30 plus

10 more feet per additional foot (to the rear and side) of uniform, sloping height setback from 30 ft up to height ""shown on zoning maps"": https://honolulu-cchnl.opendata.arcgis.com/datasets/cchnl::zoning-map-height-limit/explore?location=21.302458%2C-157.847074%2C14.88",2.6136 x Lot Area + 0.4 if lot below 0.2296 acres; 0.8712 x Lot Area + 0.8 if lot between 0.2296 & 0.6887 acres; 1.4 if lot above 0.6887 acres,None,No,No,0.344,,25,"20, except if adjoining another duplex lot, in which case the setback is 0 along the common wall and 5 feet for any portion of the structure not located on the the common property line",20,50%,None,"2 per unit up to 3,249 square feet
3 per unit from 3,250 to 3,999 square feet
4 per unit from 4,000 to 4,749 square feet
1 additional for each 750 square feet over 4,000 square feet",,,"Baseline: 30 plus

10 more feet per additional foot (to the rear and side) of uniform, sloping height setback from 30 ft up to height ""shown on zoning maps"": https://honolulu-cchnl.opendata.arcgis.com/datasets/cchnl::zoning-map-height-limit/explore?location=21.302458%2C-157.847074%2C14.88",2.6136 x Lot Area + 0.4 if lot below 0.2296 acres; 0.8712 x Lot Area + 0.8 if lot between 0.2296 & 0.6887 acres; 1.4 if lot above 0.6887 acres,None,No,No,0.344,None,25,20,20,50%,None,"1 per <600 square ft unit
1.5 per >600, <800 square ft unit
2 per >800 square ft unit
+ 1 extra per every 10 units","1 per <600 square ft unit
1.5 per >600, <800 square ft unit
2 per >800 square ft unit
+ 1 extra per every 10 units",No,No,,"Baseline: 30 plus

10 more feet per additional foot (to the rear and side) of uniform, sloping height setback from 30 ft up to height ""shown on zoning maps"": https://honolulu-cchnl.opendata.arcgis.com/datasets/cchnl::zoning-map-height-limit/explore?location=21.302458%2C-157.847074%2C14.88",2.6136 x Lot Area + 0.4 if lot below 0.2296 acres; 0.8712 x Lot Area + 0.8 if lot between 0.2296 & 0.6887 acres; 1.4 if lot above 0.6887 acres,None,None,No,No,0.344,None,25,20,20,50%,None,"1 per <600 square ft unit
1.5 per >600, <800 square ft unit
2 per >800 square ft unit
+ 1 extra per every 10 units","1 per <600 square ft unit
1.5 per >600, <800 square ft unit
2 per >800 square ft unit
+ 1 extra per every 10 units",No,No,,"Baseline: 30 plus

10 more feet per additional foot (to the rear and side) of uniform, sloping height setback from 30 ft up to height ""shown on zoning maps"": https://honolulu-cchnl.opendata.arcgis.com/datasets/cchnl::zoning-map-height-limit/explore?location=21.302458%2C-157.847074%2C14.88",2.6136 x Lot Area + 0.4 if lot below 0.2296 acres; 0.8712 x Lot Area + 0.8 if lot between 0.2296 & 0.6887 acres; 1.4 if lot above 0.6887 acres,None,None,None,Not Mentioned,,,,,,,,,,,,Prohibited,Yes,,,,,,,,,,Not Mentioned,,,,,"No minimum lot area, minimum width, or minimum depth for off-site parking facilities",,False,False,False,False,False,False,B,B,B,B,No,No,No,No,No,"2 per unit up to 3,249 square feet of floor area
3 per unit from 3,250 to 3,999 square feet of floor area
4 per unit from 4,000 to 4,749 square feet of floor rea
1 additional for each 750 square feet of floor area over 4,000 square feet for 1-family; 2 per unit up to 3,249 square feet
3 per unit from 3,250 to 3,999 square feet
4 per unit from 4,000 to 4,749 square feet
1 additional for each 750 square feet over 4,000 square feet for 2-family (per studio/1br); 1 per <600 square ft unit
1.5 per >600, <800 square ft unit
2 per >800 square ft unit
+ 1 extra per every 10 units for 3-family (total); 1 per <600 square ft unit
1.5 per >600, <800 square ft unit
2 per >800 square ft unit
+ 1 extra per every 10 units for 3-family (per studio/1br); 1 per <600 square ft unit
1.5 per >600, <800 square ft unit
2 per >800 square ft unit
+ 1 extra per every 10 units for 4+ family (total); 1 per <600 square ft unit
1.5 per >600, <800 square ft unit
2 per >800 square ft unit
+ 1 extra per every 10 units for 2+ family (per studio/1br)"
148,HI--HONOLULU--WI,HI,Honolulu,WI,56.860653766226356,55.844448688984,1.016205077242354,HI,Honolulu,Honolulu County,WI,Waterfront Industrial Precinct (Kakaako Special Design District),Yes,No,No,Nonresidential,No,No,Prohibited,Prohibited,Prohibited,Prohibited,,,,,,,,,,,,,,,,,,,,,,,,,,,,,,,,,,,,,,,,,,,,,,,,,,,,,,,,,,,,,,,,Not Mentioned,,,,,,,,,,,,Allowed/Conditional,,,,,,,,,,,,,,,,,,False,False,False,False,False,False,A,A,A,A,No,No,No,No,No,
149,HI--KAUAI--A,HI,Kauai,A,91981.58545914442,22794.941579223683,69186.64387992074,HI,Kauai,Kauai,A,Agricultural,Yes,No,No,Nonresidential,No,No,Allowed/Conditional,Allowed/Conditional,Allowed/Conditional,Allowed/Conditional,1,10,5 OR 1/2*height of highest adjacent building wall,5 OR 1/2*height of highest adjacent building wall,10%,10,2,2,34,,,No,No,4,2,10,5 OR 1/2*height of highest adjacent building wall,5 OR 1/2*height of highest adjacent building wall,10,10,2,2,4,55,,,No,No,7,2.33,10,5 OR 1/2*height of highest adjacent building wall,5 OR 1/2*height of highest adjacent building wall,10,10,2,2,No,No,4,55,,,,No,No,10; 13 for 5-FAM,2.5,10,5 OR 1/2*height of highest adjacent building wall,5 OR 1/2*height of highest adjacent building wall,10,10,2,2,No,No,4,55,,,,5,Prohibited,,,,,,,,,,,,Allowed/Conditional,Yes,Yes,No,No,1,1,No,,,,Allowed/Conditional,No,10,1,,"Up to 5 units, 13 acre minimum for 5 DUs",,False,False,False,False,False,False,D,E,E,A,No,No,No,No,No,2 for 1-family; 2 for 2-family (total); 2 for 2-family (per studio/1br); 2 for 3-family (total); 2 for 3-family (per studio/1br); 2 for 4+ family (total); 2 for 2+ family (per studio/1br)
150,HI--KAUAI--A/STCE,HI,Kauai,A/ST-CE,3.898607627748955,0.0,3.898607627748955,HI,Kauai,Kauai,A/ST-CE,Agricultural/Special Treatment - Coastal Edge,Yes,No,No,Nonresidential,No,No,Public Hearing,Public Hearing,Public Hearing,Public Hearing,1,10,5 OR 1/2*height of highest adjacent building wall,5 OR 1/2*height of highest adjacent building wall,10%,10,2,2,34,,,No,No,4,2,10,5 OR 1/2*height of highest adjacent building wall,5 OR 1/2*height of highest adjacent building wall,10,10,2,2,4,55,,,No,No,7,2.33,10,5 OR 1/2*height of highest adjacent building wall,5 OR 1/2*height of highest adjacent building wall,10,10,2,2,No,No,4,55,,,,No,No,10; 13 for 5-FAM,2.5,10,5 OR 1/2*height of highest adjacent building wall,5 OR 1/2*height of highest adjacent building wall,10,10,2,2,No,No,4,55,,,,5,Prohibited,,,,,,,,,,,,Allowed/Conditional,Yes,Yes,No,No,1,1,No,,,,Allowed/Conditional,No,10,1,,,,False,False,False,False,False,False,D,E,E,A,No,No,No,No,No,2 for 1-family; 2 for 2-family (total); 2 for 2-family (per studio/1br); 2 for 3-family (total); 2 for 3-family (per studio/1br); 2 for 4+ family (total); 2 for 2+ family (per studio/1br)
151,HI--KAUAI--C,HI,Kauai,C,194616.3777612935,113647.17091265187,80969.20684864162,HI,Kauai,Kauai,C,Conservation,Yes,No,No,Nonresidential,No,No,Prohibited,Prohibited,Prohibited,Prohibited,,,,,,,,,,,,,,,,,,,,,,,,,,,,,,,,,,,,,,,,,,,,,,,,,,,,,,,,,,,,,,,,Prohibited,,,,,,,,,,,,Prohibited,,,,,,,,,,,Prohibited,No,,,,,,False,False,False,False,False,False,A,A,A,A,No,No,No,No,No,
152,HI--KAUAI--CG,HI,Kauai,C-G,543.4968682083041,26.369076333635185,517.1277918746689,HI,Kauai,Kauai,C-G,Commercial General,Yes,No,No,Mixed with Residential,No,No,Allowed/Conditional,Allowed/Conditional,Allowed/Conditional,Allowed/Conditional,0.2,10,5 OR 1/2*height of highest adjacent building wall,5 OR 1/2*height of highest adjacent building wall,90%,90,2,2,34,,,No,No,0.23,20,10,5 OR 1/2*height of highest adjacent building wall,5 OR 1/2*height of highest adjacent building wall,90,90,2,2,4,55,,,No,No,0.23,20,10,5 OR 1/2*height of highest adjacent building wall,5 OR 1/2*height of highest adjacent building wall,90,90,2,2,Yes,No,4,55,,,,No,No,0.23,20,10,5 OR 1/2*height of highest adjacent building wall,5 OR 1/2*height of highest adjacent building wall,90,90,2,2,Yes,No,4,55,,,,,Not Mentioned,,,,,,,,,,,,Allowed/Conditional,No,No,No,No,0.2,1,No,,,,Allowed/Conditional,No,1,20,,,,False,False,False,False,False,False,B,B,B,B,No,No,No,No,No,2 for 1-family; 2 for 2-family (total); 2 for 2-family (per studio/1br); 2 for 3-family (total); 2 for 3-family (per studio/1br); 2 for 4+ family (total); 2 for 2+ family (per studio/1br)
153,HI--KAUAI--CG/PD,HI,Kauai,C-G/P-D,3.3490320409402776,0.0,3.3490320409402776,HI,Kauai,Kauai,C-G/PD,Commercial General/Project District,Yes,No,No,Mixed with Residential,No,No,Public Hearing,Public Hearing,Public Hearing,Public Hearing,0.2,10,5 OR 1/2*height of highest adjacent building wall,5 OR 1/2*height of highest adjacent building wall,90%,90,2,2,34,,,No,No,0.23,20,10,5 OR 1/2*height of highest adjacent building wall,5 OR 1/2*height of highest adjacent building wall,90,90,2,2,4,55,,,No,No,0.23,20,10,5 OR 1/2*height of highest adjacent building wall,5 OR 1/2*height of highest adjacent building wall,90,90,2,2,Yes,No,4,55,,,,No,No,0.23,20,10,5 OR 1/2*height of highest adjacent building wall,5 OR 1/2*height of highest adjacent building wall,90,90,2,2,Yes,No,4,55,,,,,Not Mentioned,,,,,,,,,,,,Allowed/Conditional,No,No,No,No,0.2,1,No,,,,Public Hearing,No,1,20,,,,False,False,False,False,False,False,B,B,B,B,No,No,No,No,No,2 for 1-family; 2 for 2-family (total); 2 for 2-family (per studio/1br); 2 for 3-family (total); 2 for 3-family (per studio/1br); 2 for 4+ family (total); 2 for 2+ family (per studio/1br)
154,HI--KAUAI--CG/STP,HI,Kauai,C-G/ST-P,29.249558555652392,12.999084207414805,16.25047434823759,HI,Kauai,Kauai,C-G/ST-P,Commercial General/Special Treatment - Public,Yes,No,No,Mixed with Residential,No,No,Public Hearing,Public Hearing,Public Hearing,Public Hearing,0.2,10,5 OR 1/2*height of highest adjacent building wall,5 OR 1/2*height of highest adjacent building wall,90%,90,2,2,34,,,No,No,0.23,20,10,5 OR 1/2*height of highest adjacent building wall,5 OR 1/2*height of highest adjacent building wall,90,90,2,2,4,55,,,No,No,0.23,20,10,5 OR 1/2*height of highest adjacent building wall,5 OR 1/2*height of highest adjacent building wall,90,90,2,2,Yes,No,4,55,,,,No,No,0.23,20,10,5 OR 1/2*height of highest adjacent building wall,5 OR 1/2*height of highest adjacent building wall,90,90,2,2,Yes,No,4,55,,,,,Not Mentioned,,,,,,,,,,,,Allowed/Conditional,No,No,No,No,0.2,1,No,,,,Public Hearing,No,1,20,,,,False,False,False,False,False,False,B,B,B,B,No,No,No,No,No,2 for 1-family; 2 for 2-family (total); 2 for 2-family (per studio/1br); 2 for 3-family (total); 2 for 3-family (per studio/1br); 2 for 4+ family (total); 2 for 2+ family (per studio/1br)
155,HI--KAUAI--CN,HI,Kauai,C-N,58.46263654149239,2.4204853337066248,56.042151207785764,HI,Kauai,Kauai,C-N,Commercial Neighborhood,Yes,No,No,Mixed with Residential,No,No,Allowed/Conditional,Prohibited,Prohibited,Prohibited,0.14,10,5 OR 1/2*height of highest adjacent building wall,5 OR 1/2*height of highest adjacent building wall,80,80,2,2,34,,,,,,,,,,,,,,,,,,,,,,,,,,,,,,,,,,,,,,,,,,,,,,,,,,,,,,,Not Mentioned,,,,,,,,,,,,Allowed/Conditional,No,No,No,No,0.14,1,No,,,,Allowed/Conditional,No,1,6,,,,False,False,False,False,False,False,B,A,A,A,No,No,No,No,No,2 for 1-family
156,HI--KAUAI--CN/PD,HI,Kauai,C-N/P-D,13.913758813786654,0.03239915021709109,13.881359663569562,HI,Kauai,Kauai,C-N/PD,Commercial Neighborhood/Project District,Yes,No,No,Mixed with Residential,No,No,Public Hearing,Prohibited,Prohibited,Prohibited,0.14,10,5 OR 1/2*height of highest adjacent building wall,5 OR 1/2*height of highest adjacent building wall,80,80,2,2,34,,,,,,,,,,,,,,,,,,,,,,,,,,,,,,,,,,,,,,,,,,,,,,,,,,,,,,,Not Mentioned,,,,,,,,,,,,Allowed/Conditional,No,No,No,No,0.14,1,No,,,,Public Hearing,No,1,6,,,,False,False,False,False,False,False,B,A,A,A,No,No,No,No,No,2 for 1-family
157,HI--KAUAI--CN/STP,HI,Kauai,C-N/ST-P,9.001903634011924,0.00532763972934306,8.996575994282582,HI,Kauai,Kauai,C-N/ST-P,Commercial Neighborhood/Special Treatment - Public,Yes,No,No,Mixed with Residential,No,No,Public Hearing,Prohibited,Prohibited,Prohibited,0.14,10,5 OR 1/2*height of highest adjacent building wall,5 OR 1/2*height of highest adjacent building wall,80,80,2,2,34,,,,,,,,,,,,,,,,,,,,,,,,,,,,,,,,,,,,,,,,,,,,,,,,,,,,,,,Not Mentioned,,,,,,,,,,,,Allowed/Conditional,No,No,No,No,0.14,1,No,,,,Public Hearing,No,1,6,,,,False,False,False,False,False,False,B,A,A,A,No,No,No,No,No,2 for 1-family
158,HI--KAUAI--IG,HI,Kauai,I-G,382.21715069275655,67.99277295472115,314.2243777380354,HI,Kauai,Kauai,I-G,Industrial General,Yes,No,No,Nonresidential,No,No,Prohibited,Prohibited,Prohibited,Prohibited,,,,,,,,,,,,,,,,,,,,,,,,,,,,,,,,,,,,,,,,,,,,,,,,,,,,,,,,,,,,,,,,Prohibited,,,,,,,,,,,,Prohibited,,,,,,,,,,,Allowed/Conditional,No,1,,,,,False,False,False,False,False,False,A,A,A,A,No,No,No,No,No,
159,HI--KAUAI--IG/STP,HI,Kauai,I-G/ST-P,747.9181227872479,747.4387843631423,0.47933842410554917,HI,Kauai,Kauai,I-G/ST-P,Industrial General/Special Treatment - Public,Yes,No,No,Nonresidential,No,No,Prohibited,Prohibited,Prohibited,Prohibited,,,,,,,,,,,,,,,,,,,,,,,,,,,,,,,,,,,,,,,,,,,,,,,,,,,,,,,,,,,,,,,,Prohibited,,,,,,,,,,,,Prohibited,,,,,,,,,,,Public Hearing,No,1,,,,,False,False,False,False,False,False,A,A,A,A,No,No,No,No,No,
160,HI--KAUAI--IL,HI,Kauai,I-L,190.46403505707866,32.29775834551482,158.16627671156385,HI,Kauai,Kauai,I-L,Industrial Limited,Yes,No,No,Nonresidential,No,No,Allowed/Conditional,Prohibited,Prohibited,Prohibited,0.23,15,10,10,80,80,2,2,34,,,,,,,,,,,,,,,,,,,,,,,,,,,,,,,,,,,,,,,,,,,,,,,,,,,,,,,Not Mentioned,,,,,,,,,,,,Allowed/Conditional,No,No,No,No,0.23,1,No,,,,Allowed/Conditional,No,1,4,,Use permit required,,False,False,False,False,False,False,B,A,A,A,No,No,No,No,No,2 for 1-family
161,HI--KAUAI--OS,HI,Kauai,OS,53700.18269618342,21367.52027387066,32332.662422312762,HI,Kauai,Kauai,OS,Open Space,Yes,No,No,Nonresidential,No,No,Allowed/Conditional,Prohibited,Prohibited,Prohibited,3,10,5 OR 1/2*height of highest adjacent building wall,5 OR 1/2*height of highest adjacent building wall,10,10,2,2,34,,,,,,,,,,,,,,,,,,,,,,,,,,,,,,,,,,,,,,,,,,,,,,,,,,,,,,,Not Mentioned,,,,,,,,,,,,Allowed/Conditional,No,No,No,No,3,1,No,,,,Prohibited,No,,,,,,False,False,False,False,False,False,E,A,A,A,No,No,No,No,No,2 for 1-family
162,HI--KAUAI--OS/PD,HI,Kauai,OS/PD,1.8540278568858084,0.0,1.8540278568858084,HI,Kauai,Kauai,OS/PD,Open Space/Project District,Yes,No,No,Nonresidential,No,No,Allowed/Conditional,Prohibited,Prohibited,Prohibited,3,10,5 OR 1/2*height of highest adjacent building wall,5 OR 1/2*height of highest adjacent building wall,10,10,2,2,34,,,,,,,,,,,,,,,,,,,,,,,,,,,,,,,,,,,,,,,,,,,,,,,,,,,,,,,Not Mentioned,,,,,,,,,,,,Allowed/Conditional,No,No,No,No,3,1,No,,,,Prohibited,No,,,,,,False,False,False,False,False,False,E,A,A,A,No,No,No,No,No,2 for 1-family
163,HI--KAUAI--OS/STC,HI,Kauai,OS/ST-C,107.18075068563977,0.7886641440539388,106.39208654158583,HI,Kauai,Kauai,OS/ST-C,Open Space/Special Treatment - Cultural,Yes,No,No,Nonresidential,No,No,Public Hearing,Prohibited,Prohibited,Prohibited,3,10,5 OR 1/2*height of highest adjacent building wall,5 OR 1/2*height of highest adjacent building wall,10,10,2,2,34,,,,,,,,,,,,,,,,,,,,,,,,,,,,,,,,,,,,,,,,,,,,,,,,,,,,,,,Not Mentioned,,,,,,,,,,,,Allowed/Conditional,No,No,No,No,3,1,No,,,,Prohibited,No,,,,,,False,False,False,False,False,False,E,A,A,A,No,No,No,No,No,2 for 1-family
164,HI--KAUAI--OS/STCE,HI,Kauai,OS/ST-CE,95.12315259623516,33.355612330312596,61.76754026592256,HI,Kauai,Kauai,OS/ST-CE,Open Space/Special Treatment - Coastal Edge,Yes,No,No,Nonresidential,No,No,Public Hearing,Prohibited,Prohibited,Prohibited,3,10,5 OR 1/2*height of highest adjacent building wall,5 OR 1/2*height of highest adjacent building wall,10,10,2,2,34,,,,,,,,,,,,,,,,,,,,,,,,,,,,,,,,,,,,,,,,,,,,,,,,,,,,,,,Not Mentioned,,,,,,,,,,,,Allowed/Conditional,No,No,No,No,3,1,No,,,,Prohibited,No,,,,,,False,False,False,False,False,False,E,A,A,A,No,No,No,No,No,2 for 1-family
165,HI--KAUAI--OS/STE,HI,Kauai,OS/ST-E,676.7452057327964,90.13223497531263,586.6129707574838,HI,Kauai,Kauai,OS/ST-E,Open Space//Special Treatment - Ecological,Yes,No,No,Nonresidential,No,No,Public Hearing,Prohibited,Prohibited,Prohibited,3,10,5 OR 1/2*height of highest adjacent building wall,5 OR 1/2*height of highest adjacent building wall,10,10,2,2,34,,,,,,,,,,,,,,,,,,,,,,,,,,,,,,,,,,,,,,,,,,,,,,,,,,,,,,,Not Mentioned,,,,,,,,,,,,Allowed/Conditional,No,No,No,No,3,1,No,,,,Prohibited,No,,,,,,False,False,False,False,False,False,E,A,A,A,No,No,No,No,No,2 for 1-family
166,HI--KAUAI--OS/STE/STC,HI,Kauai,OS/ST-E/ST-C,33.42157795527685,33.42157795527686,-7.105427357601002e-15,HI,Kauai,Kauai,OS/ST-E/ST-C,Open Space/Special Treatment - Ecological/Special Treatment - Cultural,Yes,No,No,Nonresidential,No,No,Public Hearing,Prohibited,Prohibited,Prohibited,3,10,5 OR 1/2*height of highest adjacent building wall,5 OR 1/2*height of highest adjacent building wall,10,10,2,2,34,,,,,,,,,,,,,,,,,,,,,,,,,,,,,,,,,,,,,,,,,,,,,,,,,,,,,,,Not Mentioned,,,,,,,,,,,,Allowed/Conditional,No,No,No,No,3,1,No,,,,Prohibited,No,,,,,,False,False,False,False,False,False,E,A,A,A,No,No,No,No,No,2 for 1-family
167,HI--KAUAI--OS/STO,HI,Kauai,OS/ST-O,0.7337017918329528,0.0,0.7337017918329528,HI,Kauai,Kauai,OS/ST-O,Open Space/Special Treatment - Open,Yes,No,No,Nonresidential,No,No,Prohibited,Prohibited,Prohibited,Prohibited,,,,,,,,,,,,,,,,,,,,,,,,,,,,,,,,,,,,,,,,,,,,,,,,,,,,,,,,,,,,,,,,Prohibited,,,,,,,,,,,,Prohibited,,,,,,,,,,,Prohibited,No,,,,,,False,False,False,False,False,False,A,A,A,A,No,No,No,No,No,
168,HI--KAUAI--OS/STP,HI,Kauai,OS/ST-P,286.2032302893556,246.43468954504306,39.76854074431253,HI,Kauai,Kauai,OS/ST-P,Open Space//Special Treatment - Public,Yes,No,No,Nonresidential,No,No,Public Hearing,Public Hearing,Public Hearing,Public Hearing,3,10,5 OR 1/2*height of highest adjacent building wall,5 OR 1/2*height of highest adjacent building wall,10,10,2,2,34,,,No,No,6,0.33,10,5 OR 1/2*height of highest adjacent building wall,5 OR 1/2*height of highest adjacent building wall,,,2,2,4,55,,,No,No,9,0.33,10,5 OR 1/2*height of highest adjacent building wall,5 OR 1/2*height of highest adjacent building wall,,,2,2,,,4,55,,,,No,No,12 (3 / DU),0.33,10,5 OR 1/2*height of highest adjacent building wall,5 OR 1/2*height of highest adjacent building wall,,,2,2,Yes,No,4,55,,,,,Not Mentioned,,,,,,,,,,,,Allowed/Conditional,No,No,No,No,3,1,No,,,,Prohibited,No,,,,,,False,False,False,False,False,False,E,E,E,E,No,No,No,No,No,2 for 1-family; 2 for 2-family (total); 2 for 2-family (per studio/1br); 2 for 3-family (total); 2 for 3-family (per studio/1br); 2 for 4+ family (total); 2 for 2+ family (per studio/1br)
169,HI--KAUAI--OS/STP/STC,HI,Kauai,OS/ST-P/ST-C,20.08048794635905,18.234198155440833,1.8462897909182168,HI,Kauai,Kauai,OS/ST-P/ST-C,Open Space//Special Treatment - Public/Special Treatment - Cultural,Yes,No,No,Nonresidential,No,No,Public Hearing,Public Hearing,Public Hearing,Public Hearing,3,10,5 OR 1/2*height of highest adjacent building wall,5 OR 1/2*height of highest adjacent building wall,10,10,2,2,34,,,No,No,6,0.33,10,5 OR 1/2*height of highest adjacent building wall,5 OR 1/2*height of highest adjacent building wall,,,2,2,4,55,,,No,No,9,0.33,10,5 OR 1/2*height of highest adjacent building wall,5 OR 1/2*height of highest adjacent building wall,,,2,2,,,4,55,,,,No,No,12 (3 / DU),0.33,10,5 OR 1/2*height of highest adjacent building wall,5 OR 1/2*height of highest adjacent building wall,,,2,2,Yes,No,4,55,,,,,Not Mentioned,,,,,,,,,,,,Allowed/Conditional,No,No,No,No,3,1,No,,,,Prohibited,No,,,,,,False,False,False,False,False,False,E,E,E,E,No,No,No,No,No,2 for 1-family; 2 for 2-family (total); 2 for 2-family (per studio/1br); 2 for 3-family (total); 2 for 3-family (per studio/1br); 2 for 4+ family (total); 2 for 2+ family (per studio/1br)
170,HI--KAUAI--PC,HI,Kauai,PC,124.77702178964007,0.0,124.77702178964007,HI,Kauai,Kauai,PC,Plantation Camp,Yes,No,No,Mixed with Residential,No,No,Allowed/Conditional,Prohibited,Prohibited,Prohibited,,10,5 OR 1/2*height of highest adjacent building wall,5 OR 1/2*height of highest adjacent building wall,60,60,2,2,34,,,,,,,,,,,,,,,,,,,,,,,,,,,,,,,,,,,,,,,,,,,,,,,,,,,,,,,Prohibited,,,,,,,,,,,,Prohibited,,,,,,,,,,,Prohibited,No,,,,,,False,False,False,False,False,False,A,A,A,A,No,No,No,No,No,2 for 1-family
171,HI--KAUAI--PD,HI,Kauai,PD,49.228168900340236,39.465536106741204,9.762632793599032,HI,Kauai,Kauai,PD,Project District,Yes,No,No,Mixed with Residential,No,No,Allowed/Conditional,Allowed/Conditional,Allowed/Conditional,Allowed/Conditional,,10,5 OR 1/2*height of highest adjacent building wall,5 OR 1/2*height of highest adjacent building wall,,,2,2,34,,,No,No,0.23,,10,5 OR 1/2*height of highest adjacent building wall,5 OR 1/2*height of highest adjacent building wall,,,2,2,4,55,,,No,No,0.23,,10,5 OR 1/2*height of highest adjacent building wall,5 OR 1/2*height of highest adjacent building wall,,,2,2,,,4,55,,,,No,No,0.23,,10,5 OR 1/2*height of highest adjacent building wall,5 OR 1/2*height of highest adjacent building wall,,,2,2,Yes,No,4,55,,,,,Not Mentioned,,,,,,,,,,,,Prohibited,,,,,,,,,,,Allowed/Conditional,No,1,,,"Master planned, base zoning restrictions apply",,False,False,False,False,False,False,A,B,B,B,No,No,No,No,No,2 for 1-family; 2 for 2-family (total); 2 for 2-family (per studio/1br); 2 for 3-family (total); 2 for 3-family (per studio/1br); 2 for 4+ family (total); 2 for 2+ family (per studio/1br)
172,HI--KAUAI--PD/STC,HI,Kauai,PD/ST-C,1.5294461942629345,0.006806043268866885,1.5226401509940677,HI,Kauai,Kauai,PD/ST-C,Project District/Special Treatment - Cultural,Yes,No,No,Mixed with Residential,No,No,Allowed/Conditional,Allowed/Conditional,Allowed/Conditional,Allowed/Conditional,,10,5 OR 1/2*height of highest adjacent building wall,5 OR 1/2*height of highest adjacent building wall,,,2,2,34,,,No,No,0.23,,10,5 OR 1/2*height of highest adjacent building wall,5 OR 1/2*height of highest adjacent building wall,,,2,2,4,55,,,No,No,0.23,,10,5 OR 1/2*height of highest adjacent building wall,5 OR 1/2*height of highest adjacent building wall,,,2,2,,,4,55,,,,No,No,0.23,,10,5 OR 1/2*height of highest adjacent building wall,5 OR 1/2*height of highest adjacent building wall,,,2,2,Yes,No,4,55,,,,,Not Mentioned,,,,,,,,,,,,Prohibited,,,,,,,,,,,Public Hearing,No,1,,,"Master planned, base zoning restrictions apply",,False,False,False,False,False,False,A,B,B,B,No,No,No,No,No,2 for 1-family; 2 for 2-family (total); 2 for 2-family (per studio/1br); 2 for 3-family (total); 2 for 3-family (per studio/1br); 2 for 4+ family (total); 2 for 2+ family (per studio/1br)
173,HI--KAUAI--PD/STCE,HI,Kauai,PD/ST-CE,8.581871071113687,0.0,8.581871071113687,HI,Kauai,Kauai,PD/ST-CE,Project District/Special Treatment - Coastal Edge,Yes,No,No,Mixed with Residential,No,No,Allowed/Conditional,Allowed/Conditional,Allowed/Conditional,Allowed/Conditional,,10,5 OR 1/2*height of highest adjacent building wall,5 OR 1/2*height of highest adjacent building wall,,,2,2,34,,,No,No,0.23,,10,5 OR 1/2*height of highest adjacent building wall,5 OR 1/2*height of highest adjacent building wall,,,2,2,4,55,,,No,No,0.23,,10,5 OR 1/2*height of highest adjacent building wall,5 OR 1/2*height of highest adjacent building wall,,,2,2,,,4,55,,,,No,No,0.23,,10,5 OR 1/2*height of highest adjacent building wall,5 OR 1/2*height of highest adjacent building wall,,,2,2,Yes,No,4,55,,,,,Not Mentioned,,,,,,,,,,,,Prohibited,,,,,,,,,,,Public Hearing,No,1,,,"Master planned, base zoning restrictions apply",,False,False,False,False,False,False,A,B,B,B,No,No,No,No,No,2 for 1-family; 2 for 2-family (total); 2 for 2-family (per studio/1br); 2 for 3-family (total); 2 for 3-family (per studio/1br); 2 for 4+ family (total); 2 for 2+ family (per studio/1br)
174,HI--KAUAI--PDC,HI,Kauai,PDC,12.231076299141492,0.0,12.231076299141492,HI,Kauai,Kauai,PDC,Plan Development Community,Yes,No,No,Mixed with Residential,No,No,Allowed/Conditional,Allowed/Conditional,Allowed/Conditional,Allowed/Conditional,,10,5 OR 1/2*height of highest adjacent building wall,5 OR 1/2*height of highest adjacent building wall,,,2,2,34,,,No,No,0.23,,10,5 OR 1/2*height of highest adjacent building wall,5 OR 1/2*height of highest adjacent building wall,,,2,2,4,55,,,No,No,0.23,,10,5 OR 1/2*height of highest adjacent building wall,5 OR 1/2*height of highest adjacent building wall,,,2,2,,,4,55,,,,No,No,0.23,,10,5 OR 1/2*height of highest adjacent building wall,5 OR 1/2*height of highest adjacent building wall,,,2,2,Yes,No,4,55,,,,,Not Mentioned,,,,,,,,,,,,Prohibited,,,,,,,,,,,Allowed/Conditional,No,1,,,"Master planned, base zoning restrictions apply",,False,False,False,False,False,False,A,B,B,B,No,No,No,No,No,2 for 1-family; 2 for 2-family (total); 2 for 2-family (per studio/1br); 2 for 3-family (total); 2 for 3-family (per studio/1br); 2 for 4+ family (total); 2 for 2+ family (per studio/1br)
175,HI--KAUAI--R10,HI,Kauai,R-10,305.96131073218146,11.039218838974946,294.9220918932065,HI,Kauai,Kauai,R-10,Residential (10 units/acre),Yes,No,No,Primarily Residential,No,No,Allowed/Conditional,Allowed/Conditional,Allowed/Conditional,Allowed/Conditional,0.1,10,5 OR 1/2*height of highest adjacent building wall,5 OR 1/2*height of highest adjacent building wall,80,80,2,2,34,,,No,No,0.23,10,10,5 OR 1/2*height of highest adjacent building wall,5 OR 1/2*height of highest adjacent building wall,,,2,2,4,55,,,No,No,0.23,10,10,5 OR 1/2*height of highest adjacent building wall,5 OR 1/2*height of highest adjacent building wall,,,2,2,Yes,,4,55,,,,No,No,0.23,10,10,5 OR 1/2*height of highest adjacent building wall,5 OR 1/2*height of highest adjacent building wall,,,2,2,Yes,No,4,55,,,,,Not Mentioned,,,,,,,,,,,,Allowed/Conditional,No,No,No,No,0.1,1,No,,800,,Allowed/Conditional,No,1,10,,ADUs/ARUs on 1-fam lots only,,True,False,False,False,False,False,B,B,B,B,No,No,No,No,No,2 for 1-family; 2 for 2-family (total); 2 for 2-family (per studio/1br); 2 for 3-family (total); 2 for 3-family (per studio/1br); 2 for 4+ family (total); 2 for 2+ family (per studio/1br)
176,HI--KAUAI--R10/PD,HI,Kauai,R-10/PD,2.7765430948920726,2.7176501010699563,0.058892993822116324,HI,Kauai,Kauai,R-10/PD,Residential (10 units/acre)/Project District,Yes,No,No,Primarily Residential,No,No,Allowed/Conditional,Allowed/Conditional,Allowed/Conditional,Allowed/Conditional,0.1,10,5 OR 1/2*height of highest adjacent building wall,5 OR 1/2*height of highest adjacent building wall,80%,80,2,2,34,,,No,No,0.23,10,10,5 OR 1/2*height of highest adjacent building wall,5 OR 1/2*height of highest adjacent building wall,,,2,2,4,55,,,No,No,0.23,10,10,5 OR 1/2*height of highest adjacent building wall,5 OR 1/2*height of highest adjacent building wall,,,2,2,Yes,,4,55,,,,No,No,0.23,10,10,5 OR 1/2*height of highest adjacent building wall,5 OR 1/2*height of highest adjacent building wall,,,2,2,Yes,No,4,55,,,,,Not Mentioned,,,,,,,,,,,,Allowed/Conditional,No,No,No,No,0.1,1,No,,800,,Public Hearing,No,1,10,,ADUs/ARUs on 1-fam lots only,,True,False,False,False,False,False,B,B,B,B,No,No,No,No,No,2 for 1-family; 2 for 2-family (total); 2 for 2-family (per studio/1br); 2 for 3-family (total); 2 for 3-family (per studio/1br); 2 for 4+ family (total); 2 for 2+ family (per studio/1br)
177,HI--KAUAI--R10/STCE,HI,Kauai,R-10/ST-CE,0.7026412469118773,9.354793528609262e-05,0.7025476989765913,HI,Kauai,Kauai,R-10/ST-CE,Residential (10 units/acre)/Special Treatment - Coastal Edge,Yes,No,No,Primarily Residential,No,No,Public Hearing,Public Hearing,Public Hearing,Public Hearing,0.1,10,5 OR 1/2*height of highest adjacent building wall,5 OR 1/2*height of highest adjacent building wall,80,80,2,2,34,,,No,No,0.23,10,10,5 OR 1/2*height of highest adjacent building wall,5 OR 1/2*height of highest adjacent building wall,,,2,2,4,55,,,No,No,0.23,10,10,5 OR 1/2*height of highest adjacent building wall,5 OR 1/2*height of highest adjacent building wall,,,2,2,Yes,,4,55,,,,No,No,0.23,10,10,5 OR 1/2*height of highest adjacent building wall,5 OR 1/2*height of highest adjacent building wall,,,2,2,Yes,No,4,55,,,,,Not Mentioned,,,,,,,,,,,,Allowed/Conditional,No,No,No,No,0.1,1,No,,800,,Public Hearing,No,1,10,,ADUs/ARUs on 1-fam lots only,,True,False,False,False,False,False,B,B,B,B,No,No,No,No,No,2 for 1-family; 2 for 2-family (total); 2 for 2-family (per studio/1br); 2 for 3-family (total); 2 for 3-family (per studio/1br); 2 for 4+ family (total); 2 for 2+ family (per studio/1br)
178,HI--KAUAI--R10/STP,HI,Kauai,R-10/ST-P,6.097255538501995,1.3641101125989041,4.733145425903091,HI,Kauai,Kauai,R-10/ST-P,Residential (10 units/acre)/Special Treatment - Public,Yes,No,No,Primarily Residential,No,No,Public Hearing,Public Hearing,Public Hearing,Public Hearing,0.1,10,5 OR 1/2*height of highest adjacent building wall,5 OR 1/2*height of highest adjacent building wall,80,80,2,2,34,,,No,No,0.23,10,10,5 OR 1/2*height of highest adjacent building wall,5 OR 1/2*height of highest adjacent building wall,,,2,2,4,55,,,No,No,0.23,10,10,5 OR 1/2*height of highest adjacent building wall,5 OR 1/2*height of highest adjacent building wall,,,2,2,Yes,,4,55,,,,No,No,0.23,10,10,5 OR 1/2*height of highest adjacent building wall,5 OR 1/2*height of highest adjacent building wall,,,2,2,Yes,No,4,55,,,,,Not Mentioned,,,,,,,,,,,,Allowed/Conditional,No,No,No,No,0.1,1,No,,800,,Public Hearing,No,1,10,,ADUs/ARUs on 1-fam lots only,,True,False,False,False,False,False,B,B,B,B,No,No,No,No,No,2 for 1-family; 2 for 2-family (total); 2 for 2-family (per studio/1br); 2 for 3-family (total); 2 for 3-family (per studio/1br); 2 for 4+ family (total); 2 for 2+ family (per studio/1br)
179,HI--KAUAI--R15,HI,Kauai,R-15,54.75371173398171,0.0,54.75371173398171,HI,Kauai,Kauai,R-15,Residential (15 units/acre),Yes,No,No,Primarily Residential,No,No,Allowed/Conditional,Allowed/Conditional,Allowed/Conditional,Allowed/Conditional,0.07,10,5 OR 1/2*height of highest adjacent building wall,5 OR 1/2*height of highest adjacent building wall,80,80,2,2,34,,,No,No,0.23,15,10,5 OR 1/2*height of highest adjacent building wall,5 OR 1/2*height of highest adjacent building wall,,,2,2,4,55,,,No,No,0.23,15,10,5 OR 1/2*height of highest adjacent building wall,5 OR 1/2*height of highest adjacent building wall,,,2,2,Yes,,4,55,,,,No,No,0.23,15,10,5 OR 1/2*height of highest adjacent building wall,5 OR 1/2*height of highest adjacent building wall,,,2,2,Yes,No,4,55,,,,,Not Mentioned,,,,,,,,,,,,Allowed/Conditional,No,No,No,No,0.07,1,No,,800,,Allowed/Conditional,No,0.66,15,,ADUs/ARUs on 1-fam lots only,,True,False,False,False,False,False,B,B,B,B,No,No,No,No,No,2 for 1-family; 2 for 2-family (total); 2 for 2-family (per studio/1br); 2 for 3-family (total); 2 for 3-family (per studio/1br); 2 for 4+ family (total); 2 for 2+ family (per studio/1br)
180,HI--KAUAI--R2,HI,Kauai,R-2,1088.007563006052,79.2577529913681,1008.7498100146838,HI,Kauai,Kauai,R-2,Residential (2 units/acre),Yes,No,No,Primarily Residential,No,No,Allowed/Conditional,Allowed/Conditional,Allowed/Conditional,Allowed/Conditional,0.5,10,5 OR 1/2*height of highest adjacent building wall,5 OR 1/2*height of highest adjacent building wall,60,60,2,2,34,,,No,No,0.23,2,10,5 OR 1/2*height of highest adjacent building wall,5 OR 1/2*height of highest adjacent building wall,,,2,2,4,55,,,No,No,0.23,2,10,5 OR 1/2*height of highest adjacent building wall,5 OR 1/2*height of highest adjacent building wall,,,2,2,Yes,,4,55,,,,No,No,0.23,2,10,5 OR 1/2*height of highest adjacent building wall,5 OR 1/2*height of highest adjacent building wall,,,2,2,Yes,No,4,55,,,,,Not Mentioned,,,,,,,,,,,,Allowed/Conditional,No,No,No,No,0.5,1,No,,800,,Allowed/Conditional,No,5,2,,ADUs/ARUs on 1-fam lots only,,True,False,False,False,False,False,C,B,B,B,No,No,No,No,No,2 for 1-family; 2 for 2-family (total); 2 for 2-family (per studio/1br); 2 for 3-family (total); 2 for 3-family (per studio/1br); 2 for 4+ family (total); 2 for 2+ family (per studio/1br)
181,HI--KAUAI--R2/PD,HI,Kauai,R-2/PD,20.69178012739247,0.0,20.69178012739247,HI,Kauai,Kauai,R-2/PD,Residential (2 units/acre)/Project District,Yes,No,No,Primarily Residential,No,No,Allowed/Conditional,Allowed/Conditional,Allowed/Conditional,Allowed/Conditional,0.5,10,5 OR 1/2*height of highest adjacent building wall,5 OR 1/2*height of highest adjacent building wall,60,60,2,2,34,,,No,No,0.23,2,10,5 OR 1/2*height of highest adjacent building wall,5 OR 1/2*height of highest adjacent building wall,,,2,2,4,55,,,No,No,0.23,2,10,5 OR 1/2*height of highest adjacent building wall,5 OR 1/2*height of highest adjacent building wall,,,2,2,Yes,,4,55,,,,No,No,0.23,2,10,5 OR 1/2*height of highest adjacent building wall,5 OR 1/2*height of highest adjacent building wall,,,2,2,Yes,No,4,55,,,,,Not Mentioned,,,,,,,,,,,,Allowed/Conditional,No,No,No,No,0.5,1,No,,800,,Public Hearing,No,5,2,,ADUs/ARUs on 1-fam lots only,,True,False,False,False,False,False,C,B,B,B,No,No,No,No,No,2 for 1-family; 2 for 2-family (total); 2 for 2-family (per studio/1br); 2 for 3-family (total); 2 for 3-family (per studio/1br); 2 for 4+ family (total); 2 for 2+ family (per studio/1br)
182,HI--KAUAI--R2/STCE,HI,Kauai,R-2/ST-CE,0.9185380575070511,0.0006684483181602198,0.9178696091888908,HI,Kauai,Kauai,R-2/ST-CE,Residential (2 units/acre)/Special Treatment - Coastal Edge,Yes,No,No,Primarily Residential,No,No,Public Hearing,Public Hearing,Public Hearing,Public Hearing,0.5,10,5 OR 1/2*height of highest adjacent building wall,5 OR 1/2*height of highest adjacent building wall,60,60,2,2,34,,,No,No,0.23,2,10,5 OR 1/2*height of highest adjacent building wall,5 OR 1/2*height of highest adjacent building wall,,,2,2,4,55,,,No,No,0.23,2,10,5 OR 1/2*height of highest adjacent building wall,5 OR 1/2*height of highest adjacent building wall,,,2,2,Yes,,4,55,,,,No,No,0.23,2,10,5 OR 1/2*height of highest adjacent building wall,5 OR 1/2*height of highest adjacent building wall,,,2,2,Yes,No,4,55,,,,,Not Mentioned,,,,,,,,,,,,Allowed/Conditional,No,No,No,No,0.5,1,No,,800,,Public Hearing,No,5,2,,ADUs/ARUs on 1-fam lots only,,True,False,False,False,False,False,C,B,B,B,No,No,No,No,No,2 for 1-family; 2 for 2-family (total); 2 for 2-family (per studio/1br); 2 for 3-family (total); 2 for 3-family (per studio/1br); 2 for 4+ family (total); 2 for 2+ family (per studio/1br)
183,HI--KAUAI--R20,HI,Kauai,R-20,389.5158410426177,45.52832959781692,343.98751144480076,HI,Kauai,Kauai,R-20,Residential (20 units/acre),Yes,No,No,Primarily Residential,No,No,Allowed/Conditional,Allowed/Conditional,Allowed/Conditional,Allowed/Conditional,0.05,10,5 OR 1/2*height of highest adjacent building wall,5 OR 1/2*height of highest adjacent building wall,90,90,2,2,34,,,No,No,0.23,20,10,5 OR 1/2*height of highest adjacent building wall,5 OR 1/2*height of highest adjacent building wall,,,2,2,4,55,,,No,No,0.23,20,10,5 OR 1/2*height of highest adjacent building wall,5 OR 1/2*height of highest adjacent building wall,,,2,2,Yes,,4,55,,,,No,No,0.23,20,10,5 OR 1/2*height of highest adjacent building wall,5 OR 1/2*height of highest adjacent building wall,,,2,2,Yes,No,4,55,,,,,Not Mentioned,,,,,,,,,,,,Allowed/Conditional,No,No,No,No,0.05,1,No,,800,,Allowed/Conditional,No,0.5,20,,ADUs/ARUs on 1-fam lots only,,True,False,False,False,False,False,B,B,B,B,No,No,No,No,No,2 for 1-family; 2 for 2-family (total); 2 for 2-family (per studio/1br); 2 for 3-family (total); 2 for 3-family (per studio/1br); 2 for 4+ family (total); 2 for 2+ family (per studio/1br)
184,HI--KAUAI--R4,HI,Kauai,R-4,2355.2292827300207,102.54950110021794,2252.6797816298026,HI,Kauai,Kauai,R-4,Residential (4 units/acre),Yes,No,No,Primarily Residential,No,No,Allowed/Conditional,Allowed/Conditional,Allowed/Conditional,Allowed/Conditional,0.25,10,5 OR 1/2*height of highest adjacent building wall,5 OR 1/2*height of highest adjacent building wall,60,60,2,2,34,,,No,No,0.23,4,10,5 OR 1/2*height of highest adjacent building wall,5 OR 1/2*height of highest adjacent building wall,,,2,2,4,55,,,No,No,0.23,4,10,5 OR 1/2*height of highest adjacent building wall,5 OR 1/2*height of highest adjacent building wall,,,2,2,Yes,,4,55,,,,No,No,0.23,4,10,5 OR 1/2*height of highest adjacent building wall,5 OR 1/2*height of highest adjacent building wall,,,2,2,Yes,No,4,55,,,,,Not Mentioned,,,,,,,,,,,,Allowed/Conditional,No,No,No,No,0.25,1,No,,800,,Allowed/Conditional,No,2.5,4,,ADUs/ARUs on 1-fam lots only,,True,False,False,False,False,False,B,B,B,B,No,No,No,No,No,2 for 1-family; 2 for 2-family (total); 2 for 2-family (per studio/1br); 2 for 3-family (total); 2 for 3-family (per studio/1br); 2 for 4+ family (total); 2 for 2+ family (per studio/1br)
185,HI--KAUAI--R4/STCE,HI,Kauai,R-4/ST-CE,1.6764606608958463,0.0,1.6764606608958463,HI,Kauai,Kauai,R-4/ST-CE,Residential (4 units/acre)/Special Treatment - Coastal Edge,Yes,No,No,Primarily Residential,No,No,Public Hearing,Public Hearing,Public Hearing,Public Hearing,0.25,10,5 OR 1/2*height of highest adjacent building wall,5 OR 1/2*height of highest adjacent building wall,60,60,2,2,34,,,No,No,0.23,4,10,5 OR 1/2*height of highest adjacent building wall,5 OR 1/2*height of highest adjacent building wall,,,2,2,4,55,,,No,No,0.23,4,10,5 OR 1/2*height of highest adjacent building wall,5 OR 1/2*height of highest adjacent building wall,,,2,2,Yes,,4,55,,,,No,No,0.23,4,10,5 OR 1/2*height of highest adjacent building wall,5 OR 1/2*height of highest adjacent building wall,,,2,2,Yes,No,4,55,,,,,Not Mentioned,,,,,,,,,,,,Allowed/Conditional,No,No,No,No,0.25,1,No,,800,,Public Hearing,No,2.5,4,,ADUs/ARUs on 1-fam lots only,,True,False,False,False,False,False,B,B,B,B,No,No,No,No,No,2 for 1-family; 2 for 2-family (total); 2 for 2-family (per studio/1br); 2 for 3-family (total); 2 for 3-family (per studio/1br); 2 for 4+ family (total); 2 for 2+ family (per studio/1br)
186,HI--KAUAI--R4/STP,HI,Kauai,R-4/ST-P,104.403053726197,26.175794547160276,78.22725917903672,HI,Kauai,Kauai,R-4/ST-P,Residential (4 units/acre)/Special Treatment - Public,Yes,No,No,Primarily Residential,No,No,Public Hearing,Public Hearing,Public Hearing,Public Hearing,0.25,10,5 OR 1/2*height of highest adjacent building wall,5 OR 1/2*height of highest adjacent building wall,60,60,2,2,34,,,No,No,0.23,4,10,5 OR 1/2*height of highest adjacent building wall,5 OR 1/2*height of highest adjacent building wall,,,2,2,4,55,,,No,No,0.23,4,10,5 OR 1/2*height of highest adjacent building wall,5 OR 1/2*height of highest adjacent building wall,,,2,2,Yes,,4,55,,,,No,No,0.23,4,10,5 OR 1/2*height of highest adjacent building wall,5 OR 1/2*height of highest adjacent building wall,,,2,2,Yes,No,4,55,,,,,Not Mentioned,,,,,,,,,,,,Allowed/Conditional,No,No,No,No,0.25,1,No,,800,,Public Hearing,No,2.5,4,,ADUs/ARUs on 1-fam lots only,,True,False,False,False,False,False,B,B,B,B,No,No,No,No,No,2 for 1-family; 2 for 2-family (total); 2 for 2-family (per studio/1br); 2 for 3-family (total); 2 for 3-family (per studio/1br); 2 for 4+ family (total); 2 for 2+ family (per studio/1br)
187,HI--KAUAI--R6,HI,Kauai,R-6,1637.265012163386,149.82288670705586,1487.4421254563301,HI,Kauai,Kauai,R-6,Residential (6 units/acre),Yes,No,No,Primarily Residential,No,No,Allowed/Conditional,Allowed/Conditional,Allowed/Conditional,Allowed/Conditional,0.17,10,5 OR 1/2*height of highest adjacent building wall,5 OR 1/2*height of highest adjacent building wall,60,60,2,2,34,,,No,No,0.23,6,10,5 OR 1/2*height of highest adjacent building wall,5 OR 1/2*height of highest adjacent building wall,,,2,2,4,55,,,No,No,0.23,6,10,5 OR 1/2*height of highest adjacent building wall,5 OR 1/2*height of highest adjacent building wall,,,2,2,Yes,,4,55,,,,No,No,0.23,6,10,5 OR 1/2*height of highest adjacent building wall,5 OR 1/2*height of highest adjacent building wall,,,2,2,Yes,No,4,55,,,,,Not Mentioned,,,,,,,,,,,,Allowed/Conditional,No,No,No,No,0.17,1,No,,800,,Allowed/Conditional,No,1.66,6,,ADUs/ARUs on 1-fam lots only,,True,False,False,False,False,False,B,B,B,B,No,No,No,No,No,2 for 1-family; 2 for 2-family (total); 2 for 2-family (per studio/1br); 2 for 3-family (total); 2 for 3-family (per studio/1br); 2 for 4+ family (total); 2 for 2+ family (per studio/1br)
188,HI--KAUAI--R6/PD,HI,Kauai,R-6/PD,32.42921255080125,0.07574413812361362,32.35346841267764,HI,Kauai,Kauai,R-6/PD,Residential (6 units/acre)/Project District,Yes,No,No,Primarily Residential,No,No,Allowed/Conditional,Allowed/Conditional,Allowed/Conditional,Allowed/Conditional,0.17,10,5 OR 1/2*height of highest adjacent building wall,5 OR 1/2*height of highest adjacent building wall,60,60,2,2,34,,,No,No,0.23,6,10,5 OR 1/2*height of highest adjacent building wall,5 OR 1/2*height of highest adjacent building wall,,,2,2,4,55,,,No,No,0.23,6,10,5 OR 1/2*height of highest adjacent building wall,5 OR 1/2*height of highest adjacent building wall,,,2,2,Yes,,4,55,,,,No,No,0.23,6,10,5 OR 1/2*height of highest adjacent building wall,5 OR 1/2*height of highest adjacent building wall,,,2,2,Yes,No,4,55,,,,,Not Mentioned,,,,,,,,,,,,Allowed/Conditional,No,No,No,No,0.17,1,No,,800,,Public Hearing,No,1.66,6,,ADUs/ARUs on 1-fam lots only,,True,False,False,False,False,False,B,B,B,B,No,No,No,No,No,2 for 1-family; 2 for 2-family (total); 2 for 2-family (per studio/1br); 2 for 3-family (total); 2 for 3-family (per studio/1br); 2 for 4+ family (total); 2 for 2+ family (per studio/1br)
189,HI--KAUAI--R6/STP,HI,Kauai,R-6/ST-P,16.146820451807475,11.772467443980283,4.374353007827192,HI,Kauai,Kauai,R-6/ST-P,Residential (6 units/acre)/Special Treatment - Public,Yes,No,No,Primarily Residential,No,No,Public Hearing,Public Hearing,Public Hearing,Public Hearing,0.17,10,5 OR 1/2*height of highest adjacent building wall,5 OR 1/2*height of highest adjacent building wall,60,60,2,2,34,,,No,No,0.23,6,10,5 OR 1/2*height of highest adjacent building wall,5 OR 1/2*height of highest adjacent building wall,,,2,2,4,55,,,No,No,0.23,6,10,5 OR 1/2*height of highest adjacent building wall,5 OR 1/2*height of highest adjacent building wall,,,2,2,Yes,,4,55,,,,No,No,0.23,6,10,5 OR 1/2*height of highest adjacent building wall,5 OR 1/2*height of highest adjacent building wall,,,2,2,Yes,No,4,55,,,,,Not Mentioned,,,,,,,,,,,,Allowed/Conditional,No,No,No,No,0.17,1,No,,800,,Public Hearing,No,1.66,6,,ADUs/ARUs on 1-fam lots only,,True,False,False,False,False,False,B,B,B,B,No,No,No,No,No,2 for 1-family; 2 for 2-family (total); 2 for 2-family (per studio/1br); 2 for 3-family (total); 2 for 3-family (per studio/1br); 2 for 4+ family (total); 2 for 2+ family (per studio/1br)
190,HI--KAUAI--R8,HI,Kauai,R-8,165.87100857031336,4.937757799283265,160.9332507710301,HI,Kauai,Kauai,R-8,Residential (8 units/acre),Yes,No,No,Primarily Residential,No,No,Allowed/Conditional,Allowed/Conditional,Allowed/Conditional,Allowed/Conditional,0.13,10,5 OR 1/2*height of highest adjacent building wall,5 OR 1/2*height of highest adjacent building wall,80,80,2,2,34,,,No,No,0.23,8,10,5 OR 1/2*height of highest adjacent building wall,5 OR 1/2*height of highest adjacent building wall,,,2,2,4,55,,,No,No,0.23,8,10,5 OR 1/2*height of highest adjacent building wall,5 OR 1/2*height of highest adjacent building wall,,,2,2,Yes,,4,55,,,,No,No,0.23,8,10,5 OR 1/2*height of highest adjacent building wall,5 OR 1/2*height of highest adjacent building wall,,,2,2,Yes,No,4,55,,,,,Not Mentioned,,,,,,,,,,,,Allowed/Conditional,No,No,No,No,0.13,1,No,,800,,Allowed/Conditional,No,1.25,8,,ADUs/ARUs on 1-fam lots only,,True,False,False,False,False,False,B,B,B,B,No,No,No,No,No,2 for 1-family; 2 for 2-family (total); 2 for 2-family (per studio/1br); 2 for 3-family (total); 2 for 3-family (per studio/1br); 2 for 4+ family (total); 2 for 2+ family (per studio/1br)
191,HI--KAUAI--RES,HI,Kauai,RES,3.020356512881161,0.0,3.020356512881161,HI,Kauai,Kauai,RES,Resort,Yes,No,No,Mixed with Residential,No,No,Allowed/Conditional,Prohibited,Prohibited,Prohibited,,10,5 OR 1/2*height of highest adjacent building wall,5 OR 1/2*height of highest adjacent building wall,60,60,2,2,34,,,,,,,,,,,,,,,,,,,,,,,,,,,,,,,,,,,,,,,,,,,,,,,,,,,,,,,Not Mentioned,,,,,,,,,,,,Allowed/Conditional,No,No,No,No,,1,No,,,,Allowed/Conditional,No,1,,,ADUs/ARUs on 1-fam lots only,,False,False,False,False,False,False,A,A,A,A,No,No,No,No,No,2 for 1-family
192,HI--KAUAI--RES1,HI,Kauai,RES-1,105.5421249636371,0.0,105.5421249636371,HI,Kauai,Kauai,RES-1,Resort (1 unit/acre),Yes,No,No,Mixed with Residential,No,No,Allowed/Conditional,Prohibited,Prohibited,Prohibited,1,10,5 OR 1/2*height of highest adjacent building wall,5 OR 1/2*height of highest adjacent building wall,60,60,2,2,34,,,,,,,,,,,,,,,,,,,,,,,,,,,,,,,,,,,,,,,,,,,,,,,,,,,,,,,Not Mentioned,,,,,,,,,,,,Allowed/Conditional,No,No,No,No,1,1,No,,,,Allowed/Conditional,No,1,1,,ADUs/ARUs on 1-fam lots only,,False,False,False,False,False,False,D,A,A,A,No,No,No,No,No,2 for 1-family
193,HI--KAUAI--RES1/STC,HI,Kauai,RES-1/ST-C,19.450754491429443,0.0,19.450754491429443,HI,Kauai,Kauai,RES-1/ST-C,Resort (1 unit/acre)/Special Treatment - Cultural,Yes,No,No,Mixed with Residential,No,No,Public Hearing,Public Hearing,Public Hearing,Public Hearing,1,10,5 OR 1/2*height of highest adjacent building wall,5 OR 1/2*height of highest adjacent building wall,60,60,2,2,34,,,No,No,0.23,1,10,5 OR 1/2*height of highest adjacent building wall,5 OR 1/2*height of highest adjacent building wall,,,2,2,4,55,,,No,No,0.23,1,10,5 OR 1/2*height of highest adjacent building wall,5 OR 1/2*height of highest adjacent building wall,,,2,2,Yes,No,4,55,,,,No,No,0.23,1,10,5 OR 1/2*height of highest adjacent building wall,5 OR 1/2*height of highest adjacent building wall,,,2,2,Yes,No,4,55,,,,,Not Mentioned,,,,,,,,,,,,Allowed/Conditional,No,No,No,No,1,1,No,,,,Public Hearing,No,1,1,,ADUs/ARUs on 1-fam lots only,,False,False,False,False,False,False,D,B,B,B,No,No,No,No,No,2 for 1-family; 2 for 2-family (total); 2 for 2-family (per studio/1br); 2 for 3-family (total); 2 for 3-family (per studio/1br); 2 for 4+ family (total); 2 for 2+ family (per studio/1br)
194,HI--KAUAI--RES10,HI,Kauai,RES-10,113.0613037571903,0.0,113.0613037571903,HI,Kauai,Kauai,RES-10,Resort (10 units/acre),Yes,No,No,Mixed with Residential,No,No,Allowed/Conditional,Prohibited,Prohibited,Prohibited,0.1,10,5 OR 1/2*height of highest adjacent building wall,5 OR 1/2*height of highest adjacent building wall,90,90,2,2,34,,,,,,,,,,,,,,,,,,,,,,,,,,,,,,,,,,,,,,,,,,,,,,,,,,,,,,,Not Mentioned,,,,,,,,,,,,Allowed/Conditional,No,No,No,No,0.1,1,No,,,,Allowed/Conditional,No,1,10,,ADUs/ARUs on 1-fam lots only,,False,False,False,False,False,False,B,A,A,A,No,No,No,No,No,2 for 1-family
195,HI--KAUAI--RES20,HI,Kauai,RES-20,300.5493583296192,11.82499840710073,288.7243599225185,HI,Kauai,Kauai,RES-20,Resort (20 units/acre),Yes,No,No,Mixed with Residential,No,No,Allowed/Conditional,Prohibited,Prohibited,Prohibited,0.05,10,5 OR 1/2*height of highest adjacent building wall,5 OR 1/2*height of highest adjacent building wall,90,90,2,2,34,,,,,,,,,,,,,,,,,,,,,,,,,,,,,,,,,,,,,,,,,,,,,,,,,,,,,,,Not Mentioned,,,,,,,,,,,,Allowed/Conditional,No,No,No,No,0.05,1,No,,,,Allowed/Conditional,No,1,20,,ADUs/ARUs on 1-fam lots only,,False,False,False,False,False,False,B,A,A,A,No,No,No,No,No,2 for 1-family
196,HI--KAUAI--RES4,HI,Kauai,RES-4,41.7125562052318,0.0,41.7125562052318,HI,Kauai,Kauai,RES-4,Resort (4 units/acre),Yes,No,No,Mixed with Residential,No,No,Allowed/Conditional,Prohibited,Prohibited,Prohibited,0.25,10,5 OR 1/2*height of highest adjacent building wall,5 OR 1/2*height of highest adjacent building wall,60,60,2,2,34,,,,,,,,,,,,,,,,,,,,,,,,,,,,,,,,,,,,,,,,,,,,,,,,,,,,,,,Not Mentioned,,,,,,,,,,,,Allowed/Conditional,No,No,No,No,0.25,1,No,,,,Allowed/Conditional,No,1,4,,ADUs/ARUs on 1-fam lots only,,False,False,False,False,False,False,B,A,A,A,No,No,No,No,No,2 for 1-family
197,HI--KAUAI--RUR1,HI,Kauai,RUR-1,130.52930734169524,3.142505560287264,127.38680178140798,HI,Kauai,Kauai,RUR-1,Rural (1 unit/acre),Yes,No,No,Mixed with Residential,No,No,Allowed/Conditional,Prohibited,Prohibited,Prohibited,1,10,5 OR 1/2*height of highest adjacent building wall,5 OR 1/2*height of highest adjacent building wall,,,2,2,34,,,No,No,,,,,,,,,,,,,,No,No,,,,,,,,,,,,,,,,,No,No,,,,,,,,,,Yes,No,,,,,,,Not Mentioned,,,,,,,,,,,,Allowed/Conditional,No,No,No,No,1,1,No,,,,Prohibited,No,,,,ADUs/ARUs on 1-fam lots only,,False,False,False,False,False,False,D,A,A,A,No,No,No,No,No,2 for 1-family
198,HI--KAUAI--RUR1/STP,HI,Kauai,RUR-1/ST-P,348.7249375770157,300.33251743641273,48.39242014060295,HI,Kauai,Kauai,RUR-1/ST-P,Rural (1 unit/acre)/Special Treatment - Public,Yes,No,No,Nonresidential,No,No,Public Hearing,Prohibited,Prohibited,Prohibited,1,10,5 OR 1/2*height of highest adjacent building wall,5 OR 1/2*height of highest adjacent building wall,,,2,2,34,,,No,No,,,,,,,,,,,,,,No,No,,,,,,,,,,,,,,,,,No,No,,,,,,,,,,Yes,No,,,,,,,Not Mentioned,,,,,,,,,,,,Allowed/Conditional,No,No,No,No,1,1,No,,,,Prohibited,No,,,,ADUs/ARUs on 1-fam lots only,,False,False,False,False,False,False,D,A,A,A,No,No,No,No,No,2 for 1-family
199,HI--KAUAI--SPAA,HI,Kauai,SPA-A,25.01411032033085,2.09879217211736,22.91531814821349,HI,Kauai,Kauai,SPA-A,Special Planning Area - A,Yes,No,No,Mixed with Residential,No,No,Allowed/Conditional,Allowed/Conditional,Allowed/Conditional,Allowed/Conditional,,10,5 OR 1/2*height of highest adjacent building wall,5 OR 1/2*height of highest adjacent building wall,,,2,2,34,,,No,No,0.23,,10,5 OR 1/2*height of highest adjacent building wall,5 OR 1/2*height of highest adjacent building wall,,,2,2,4,55,,,No,No,0.23,,10,5 OR 1/2*height of highest adjacent building wall,5 OR 1/2*height of highest adjacent building wall,,,2,2,Yes,No,4,55,,,,No,No,,,10,5 OR 1/2*height of highest adjacent building wall,5 OR 1/2*height of highest adjacent building wall,,,2,2,Yes,No,4,55,,,,,Not Mentioned,,,,,,,,,,,,Prohibited,,,,,,,,,,,Allowed/Conditional,No,,,,"These are master-planned, standards are site-specific",,False,False,False,False,False,False,A,B,B,A,No,No,No,No,No,2 for 1-family; 2 for 2-family (total); 2 for 2-family (per studio/1br); 2 for 3-family (total); 2 for 3-family (per studio/1br); 2 for 4+ family (total); 2 for 2+ family (per studio/1br)
200,HI--KAUAI--SPD,HI,Kauai,SPD,1421.4308378005373,4.543009155702476,1416.8878286448348,HI,Kauai,Kauai,SPD,See Planning Department,Yes,No,No,,No,No,,,,,,10,5 OR 1/2*height of highest adjacent building wall,5 OR 1/2*height of highest adjacent building wall,,,2,2,34,,,No,No,0.23,,10,5 OR 1/2*height of highest adjacent building wall,5 OR 1/2*height of highest adjacent building wall,,,2,2,4,55,,,No,No,0.23,,10,5 OR 1/2*height of highest adjacent building wall,5 OR 1/2*height of highest adjacent building wall,,,2,2,Yes,No,4,55,,,,No,No,,,10,5 OR 1/2*height of highest adjacent building wall,5 OR 1/2*height of highest adjacent building wall,,,2,2,Yes,No,4,55,,,,,Not Mentioned,,,,,,,,,,,,Allowed/Conditional,No,No,,,,1,No,,,,Not Mentioned,No,,,,ADUs/ARUs on 1-fam lots only,,False,False,False,False,False,False,A,B,B,A,No,No,No,No,No,2 for 1-family; 2 for 2-family (total); 2 for 2-family (per studio/1br); 2 for 3-family (total); 2 for 3-family (per studio/1br); 2 for 4+ family (total); 2 for 2+ family (per studio/1br)
201,HI--KAUAI--STC,HI,Kauai,ST-C,12.034371452416588,7.349959258554428,4.68441219386216,HI,Kauai,Kauai,ST-C,Special Treatment - Cultural,Yes,No,No,Nonresidential,No,No,Public Hearing,Public Hearing,Public Hearing,Public Hearing,,10,5 OR 1/2*height of highest adjacent building wall,5 OR 1/2*height of highest adjacent building wall,,,2,2,34,,,No,No,0.23,,10,5 OR 1/2*height of highest adjacent building wall,5 OR 1/2*height of highest adjacent building wall,,,2,2,4,55,,,No,No,0.23,,10,5 OR 1/2*height of highest adjacent building wall,5 OR 1/2*height of highest adjacent building wall,,,2,2,Yes,No,4,55,,,,No,No,,,10,5 OR 1/2*height of highest adjacent building wall,5 OR 1/2*height of highest adjacent building wall,,,2,2,Yes,No,4,55,,,,,Not Mentioned,,,,,,,,,,,,Allowed/Conditional,No,No,,,,1,No,,,,Public Hearing,No,,,,ADUs/ARUs on 1-fam lots only,,False,False,False,False,False,False,A,B,B,A,No,No,No,No,No,2 for 1-family; 2 for 2-family (total); 2 for 2-family (per studio/1br); 2 for 3-family (total); 2 for 3-family (per studio/1br); 2 for 4+ family (total); 2 for 2+ family (per studio/1br)
202,HI--KAUAI--STE,HI,Kauai,ST-E,116.6154563809595,116.61545638095956,-5.684341886080802e-14,HI,Kauai,Kauai,ST-E,Special Treatment - Ecological,Yes,No,No,Nonresidential,No,No,Public Hearing,Public Hearing,Public Hearing,Public Hearing,,10,5 OR 1/2*height of highest adjacent building wall,5 OR 1/2*height of highest adjacent building wall,,,2,2,34,,,No,No,0.23,,10,5 OR 1/2*height of highest adjacent building wall,5 OR 1/2*height of highest adjacent building wall,,,2,2,4,55,,,No,No,0.23,,10,5 OR 1/2*height of highest adjacent building wall,5 OR 1/2*height of highest adjacent building wall,,,2,2,Yes,No,4,55,,,,No,No,,,10,5 OR 1/2*height of highest adjacent building wall,5 OR 1/2*height of highest adjacent building wall,,,2,2,Yes,No,4,55,,,,,Not Mentioned,,,,,,,,,,,,Allowed/Conditional,No,No,,,,1,No,,,,Public Hearing,No,,,,ADUs/ARUs on 1-fam lots only,,False,False,False,False,False,False,A,B,B,A,No,No,No,No,No,2 for 1-family; 2 for 2-family (total); 2 for 2-family (per studio/1br); 2 for 3-family (total); 2 for 3-family (per studio/1br); 2 for 4+ family (total); 2 for 2+ family (per studio/1br)
203,HI--KAUAI--U,HI,Kauai,U,40.69695281136966,0.18901717672630583,40.50793563464336,HI,Kauai,Kauai,U,University District,Yes,No,No,Nonresidential,No,No,Allowed/Conditional,Allowed/Conditional,Allowed/Conditional,Allowed/Conditional,0.05,10,5 OR 1/2*height of highest adjacent building wall,5 OR 1/2*height of highest adjacent building wall,80,80,2,2,34,,,No,No,0.23,20,10,5 OR 1/2*height of highest adjacent building wall,5 OR 1/2*height of highest adjacent building wall,,,2,2,4,55,,,No,No,0.23,20,10,5 OR 1/2*height of highest adjacent building wall,5 OR 1/2*height of highest adjacent building wall,,,2,2,Yes,No,4,55,,,,No,No,0.23,20,10,5 OR 1/2*height of highest adjacent building wall,5 OR 1/2*height of highest adjacent building wall,,,2,2,Yes,No,4,55,,,,,Not Mentioned,,,,,,,,,,,,Allowed/Conditional,No,No,,,0.1,1,No,,,,Prohibited,No,,,,Use permit required,,False,False,False,False,False,False,B,B,B,B,No,No,No,No,No,2 for 1-family; 2 for 2-family (total); 2 for 2-family (per studio/1br); 2 for 3-family (total); 2 for 3-family (per studio/1br); 2 for 4+ family (total); 2 for 2+ family (per studio/1br)
204,HI--MAUI--A1,HI,Maui,A-1,656.6091377078775,20.318584484513273,636.2905532233642,HI,Maui,Maui,A-1,A-1 Apartment,Yes,No,No,Primarily Residential,No,No,Allowed/Conditional,Allowed/Conditional,Allowed/Conditional,Allowed/Conditional,0.23,15 (25 if building taller than 35 feet,10 (15 if building taller than 35 feet),15 (25 if building taller than 35 feet,25,25,"2 + 1/add'l 1,000 sqft",2,35,".4 / 3+ acres
.5 / <3 acres",None,No,No,0.23,None,15 (25 if building taller than 35 feet,10 (15 if building taller than 35 feet),15 (25 if building taller than 35 feet,25,25,"2 + 1/add'l 1,000 sqft","2 + 1/add'l 1,000 sqft",None,35,".4 for lots 3 acres or more
.5 for lots less than 3 acres",None,No,No,0.23,None,"15 feet for the portion of the building 35 feet or less in height, and 20 feet for the portion of the building taller than 35 feet","10 feet for the portion of the building 35 feet or less in height, and 15 feet for the portion of the building taller than 35 feet","15 feet for the portion of the building 35 feet or less in height, and 20 feet for the portion of the building taller than 35 feet",25,25,"2 + 1/add'l 1,000 sqft)","2 + 1/add'l 1,000 sqft)",No,No,None,35,".4 for lots 3 acres or more
.5 for lots less than 3 acres",None,None,No,No,0.23,None,"15 feet for the portion of the building 35 feet or less in height, and 20 feet for the portion of the building taller than 35 feet","10 feet for the portion of the building 35 feet or less in height, and 15 feet for the portion of the building taller than 35 feet","15 feet for the portion of the building 35 feet or less in height, and 20 feet for the portion of the building taller than 35 feet",25,25,"2 + 1/add'l 1,000 sqft)","2 + 1/add'l 1,000 sqft)",No,No,None,35,".4 for lots 3 acres or more
.5 for lots less than 3 acres",None,None,None,Not Mentioned,None,No,None,None,None,None,No,No,None,None,None,Allowed/Conditional,No,No,No,No,0.23,1,No,None,720 (see note),None,Allowed/Conditional,No,"3 (if within the State Urban District, 10 if not within), 0.23 - cluster housing","Base Standard; Cluster housing - total project area / 2,500 sf",None; Cluster housing - max 8 units in one structure,"ADU maximum size: 10,000 to 21,779 sq ft: 720 sq ft, 21,780 to 43,559 sq ft: 840 sq ft, 43,560 to 87,119 sq ft: 960 sq, 87,120 sq ft or more: 1,200 sq ft",,True,False,False,False,False,False,B,B,B,B,No,No,No,No,No,"2 + 1/add'l 1,000 sqft for 1-family; 2 + 1/add'l 1,000 sqft for 2-family (total); 2 + 1/add'l 1,000 sqft for 2-family (per studio/1br); 2 + 1/add'l 1,000 sqft) for 3-family (total); 2 + 1/add'l 1,000 sqft) for 3-family (per studio/1br); 2 + 1/add'l 1,000 sqft) for 4+ family (total); 2 + 1/add'l 1,000 sqft) for 2+ family (per studio/1br)"
205,HI--MAUI--A2,HI,Maui,A-2,863.398038752076,23.337254109827747,840.0607846422482,HI,Maui,Maui,A-2,A-2 Apartment,Yes,No,No,Primarily Residential,No,No,Allowed/Conditional,Allowed/Conditional,Allowed/Conditional,Allowed/Conditional,0.23,15 (25 if building taller than 35 feet,10 (15 if building taller than 35 feet),15 (25 if building taller than 35 feet,35,35,"2 + 1/add'l 1,000 sqft",2,35,0.9,None,No,No,0.23,None,15 (25 if building taller than 35 feet,10 (15 if building taller than 35 feet),15 (25 if building taller than 35 feet,35,35,"2 + 1/add'l 1,000 sqft","2 + 1/add'l 1,000 sqft",None,60,0.9,None,No,No,0.23,None,"15 feet for the portion of the building 35 feet or less in height, and 20 feet for the portion of the building taller than 35 feet","10 feet for the portion of the building 35 feet or less in height, and 15 feet for the portion of the building taller than 35 feet","15 feet for the portion of the building 35 feet or less in height, and 20 feet for the portion of the building taller than 35 feet",35,35,"2 + 1/add'l 1,000 sqft)","2 + 1/add'l 1,000 sqft)",No,No,None,60,0.9,None,None,No,No,0.23,None,"15 feet for the portion of the building 35 feet or less in height, and 20 feet for the portion of the building taller than 35 feet","10 feet for the portion of the building 35 feet or less in height, and 15 feet for the portion of the building taller than 35 feet","15 feet for the portion of the building 35 feet or less in height, and 20 feet for the portion of the building taller than 35 feet",35,35,"2 + 1/add'l 1,000 sqft)","2 + 1/add'l 1,000 sqft)",No,No,None,60,0.9,None,None,None,Not Mentioned,None,No,None,None,None,None,No,No,None,None,None,Allowed/Conditional,No,No,No,No,0.23,1,No,None,720 (see note),None,Allowed/Conditional,No,"3 (if within the State Urban District, 10 if not within), 0.23 - cluster housing","Base Standard; Cluster housing - total project area / 2,500 sf",None; Cluster housing - max 8 units in one structure,"ADU maximum size: 10,000 to 21,779 sq ft: 720 sq ft, 21,780 to 43,559 sq ft: 840 sq ft, 43,560 to 87,119 sq ft: 960 sq, 87,120 sq ft or more: 1,200 sq ft",,True,False,False,False,False,False,B,B,B,B,No,No,No,No,No,"2 + 1/add'l 1,000 sqft for 1-family; 2 + 1/add'l 1,000 sqft for 2-family (total); 2 + 1/add'l 1,000 sqft for 2-family (per studio/1br); 2 + 1/add'l 1,000 sqft) for 3-family (total); 2 + 1/add'l 1,000 sqft) for 3-family (per studio/1br); 2 + 1/add'l 1,000 sqft) for 4+ family (total); 2 + 1/add'l 1,000 sqft) for 2+ family (per studio/1br)"
206,HI--MAUI--AG,HI,Maui,AG,376134.6907665685,78563.51923570117,297571.17153086734,HI,Maui,Maui,AG,AG Agriculture,Yes,No,No,Nonresidential,No,No,Prohibited,Prohibited,Prohibited,Prohibited,,,,,,,,,,,,,,,,,,,,,,,,,,,No,No,,,,,,,,,,No,No,,,,,,No,No,,,,,,,,,,,,,,,,,,Allowed/Conditional,"19.30A.100 - Exemptions pursuant to State law. - B.Affordable housing projects as set forth in chapter 201E, Hawai'i Revised Statutes, shall be exempt from the requirements of this chapter.",No,None,None,None,None,No,No,None,None,None,Prohibited,,,,,,,,,,,Prohibited,No,,,,,,False,False,False,False,False,False,A,A,A,A,No,No,No,No,No,
207,HI--MAUI--AP,HI,Maui,AP,1872.0171382572726,1857.4179876782325,14.599150579040042,HI,Maui,Maui,AP,AP Airport,Yes,No,No,Nonresidential,No,No,Prohibited,Prohibited,Prohibited,Prohibited,,,,,,,,,,,,,,,,,,,,,,,,,,,No,No,,,,,,,,,,No,No,,,,,,No,No,,,,,,,,,,,,,,,,,,Prohibited,,,,,,,No,No,,,,Prohibited,,,,,,,,,,,Prohibited,No,,,,,,False,False,False,False,False,False,A,A,A,A,No,No,No,No,No,
208,HI--MAUI--B1,HI,Maui,B-1,18.822684950170583,0.1080179236687419,18.71466702650184,HI,Maui,Maui,B-1,B-1 Business - Neighborhood,Yes,No,No,Mixed with Residential,No,No,Allowed/Conditional,Prohibited,Prohibited,Prohibited,0.14,15,6,10,None,None,"2 + 1/add'l 1,000 sqft",2,30,None,None,,,,,,,,,,,,,,,,No,No,,,,,,,,,,No,No,,,,,,No,No,,,,,,,,,,,,,,,,,,Not Mentioned,None,No,None,None,None,None,No,No,None,None,None,Prohibited,No,No,No,No,,,,,,,Allowed/Conditional,No,"3 (if within the State Urban District, 10 if not within)",Base Standard,None,,,False,False,False,False,False,False,B,A,A,A,No,No,No,No,No,"2 + 1/add'l 1,000 sqft for 1-family"
209,HI--MAUI--B2,HI,Maui,B-2,372.9161406370538,11.817526845070352,361.09861379198344,HI,Maui,Maui,B-2,B-2 Business-Community,Yes,No,No,Mixed with Residential,No,No,Prohibited,Allowed/Conditional,Allowed/Conditional,Allowed/Conditional,,,,,,,,,,,,No,No,0.14,None,0,0 or same as adjoining zoning district,0 or some as adjoining zoning district,None,None,"2 + 1/add'l 1,000 sqft","2 + 1/add'l 1,000 sqft",None,"35 in Molokai, 45 in Hana and West Maui, 90 in rest",2,None,No,No,0.14,None,None,"0 or the same as the adjoining zoning category, whichever is greater","0 or the same as the adjoining zoning category, whichever is greater",None,None,"2 + 1/add'l 1,000 sqft)","2 + 1/add'l 1,000 sqft)",No,No,None,"90 for Maui, excluding the West Maui community plan area and Hāna community plan area; 45 for West Maui community plan area; 45 for Hāna community plan area; 45 for Lāna‘ i; and 35 for Moloka‘i",2,None,None,No,No,0.14,None,None,"0 or the same as the adjoining zoning category, whichever is greater","0 or the same as the adjoining zoning category, whichever is greater",None,None,"2 + 1/add'l 1,000 sqft)","2 + 1/add'l 1,000 sqft)",No,No,None,"90 for Maui, excluding the West Maui community plan area and Hāna community plan area; 45 for West Maui community plan area; 45 for Hāna community plan area; 45 for Lāna‘ i; and 35 for Moloka‘i",2,None,None,None,Not Mentioned,None,No,None,None,None,None,No,No,None,None,None,Allowed/Conditional,No,No,No,No,0.14,1,No,None,500,None,Allowed/Conditional,No,"3 (if within the State Urban District, 10 if not within)",Base Standard,None,ADU: Permitted above or below the first floor of a permitted use,,True,False,False,False,False,False,A,B,B,B,No,No,No,No,No,"2 + 1/add'l 1,000 sqft for 2-family (total); 2 + 1/add'l 1,000 sqft for 2-family (per studio/1br); 2 + 1/add'l 1,000 sqft) for 3-family (total); 2 + 1/add'l 1,000 sqft) for 3-family (per studio/1br); 2 + 1/add'l 1,000 sqft) for 4+ family (total); 2 + 1/add'l 1,000 sqft) for 2+ family (per studio/1br)"
210,HI--MAUI--B3,HI,Maui,B-3,8.759901478654145,6.384181934948225,2.3757195437059195,HI,Maui,Maui,B-3,B-3 Business - Central District,Yes,No,No,Mixed with Residential,No,No,Prohibited,Allowed/Conditional,Allowed/Conditional,Allowed/Conditional,,,,,,,,,,,,No,No,0.14,None,0,0 or same as adjoining zoning district,0 or some as adjoining zoning district,None,None,"2 + 1/add'l 1,000 sqft","2 + 1/add'l 1,000 sqft",None,"35 in Molokai, 45 in Hana and West Maui, 144 elsewhere",4,None,No,No,0.14,None,None,"0 or the same as the adjoining zoning category, whichever is greater","0 or the same as the adjoining zoning category, whichever is greater",None,None,"2 + 1/add'l 1,000 sqft)","2 + 1/add'l 1,000 sqft)",No,No,None,"144 for Maui, excluding the West Maui community plan area and Hāna community plan area; 45 for West Maui community plan area; 45 for Hāna community plan area; 45 for Lāna‘i, and 35 for Moloka‘i",4,None,None,No,No,0.14,None,None,"0 or the same as the adjoining zoning category, whichever is greater","0 or the same as the adjoining zoning category, whichever is greater",None,None,"2 + 1/add'l 1,000 sqft)","2 + 1/add'l 1,000 sqft)",No,No,None,"144 for Maui, excluding the West Maui community plan area and Hāna community plan area; 45 for West Maui community plan area; 45 for Hāna community plan area; 45 for Lāna‘i, and 35 for Moloka‘i",4,None,None,None,Not Mentioned,None,No,None,None,None,None,No,No,None,None,None,Allowed/Conditional,No,No,No,No,0.14,1,No,None,500,None,Allowed/Conditional,No,"3 (if within the State Urban District, 10 if not within)",Base Standard,None,ADU: Permitted above or below the first floor of a permitted use,,True,False,False,False,False,False,A,B,B,B,No,No,No,No,No,"2 + 1/add'l 1,000 sqft for 2-family (total); 2 + 1/add'l 1,000 sqft for 2-family (per studio/1br); 2 + 1/add'l 1,000 sqft) for 3-family (total); 2 + 1/add'l 1,000 sqft) for 3-family (per studio/1br); 2 + 1/add'l 1,000 sqft) for 4+ family (total); 2 + 1/add'l 1,000 sqft) for 2+ family (per studio/1br)"
211,HI--MAUI--BCT,HI,Maui,B-CT,128.85465082784876,10.051683927597056,118.8029669002517,HI,Maui,Maui,B-CT,B-CT Business - Country Town,Yes,No,No,Mixed with Residential,No,No,Prohibited,Allowed/Conditional,Allowed/Conditional,Allowed/Conditional,,,,,,,,,,,,No,No,0.14,None,0,0,0,None,None,"2 + 1/add'l 1,000 sqft","2 + 1/add'l 1,000 sqft",None,35,None,None,No,No,0.14,None,None,"Where the side or rear of a lot abuts a lot in any zoning district that requires a setback, the abutting side or rear yard shall have the same yard setback as required in the abutting district","Where the side or rear of a lot abuts a lot in any zoning district that requires a setback, the abutting side or rear yard shall have the same yard setback as required in the abutting district",None,None,"2 + 1/add'l 1,000 sqft)","2 + 1/add'l 1,000 sqft)",No,No,None,35,None,None,None,No,No,0.14,None,None,"Where the side or rear of a lot abuts a lot in any zoning district that requires a setback, the abutting side or rear yard shall have the same yard setback as required in the abutting district","Where the side or rear of a lot abuts a lot in any zoning district that requires a setback, the abutting side or rear yard shall have the same yard setback as required in the abutting district",None,None,"2 + 1/add'l 1,000 sqft)","2 + 1/add'l 1,000 sqft)",No,No,None,35,None,None,None,None,Not Mentioned,None,No,None,None,None,None,No,No,None,None,None,Prohibited,No,No,No,No,,,,,,,Allowed/Conditional,No,"3 (if within the State Urban District, 10 if not within)",Base Standard,None,Residential Units allowed except on Lanai and Molokai. Setback requirements take on those of adjacent parcel if it is in a different zoning district,,False,False,False,False,False,False,A,B,B,B,No,No,No,No,No,"2 + 1/add'l 1,000 sqft for 2-family (total); 2 + 1/add'l 1,000 sqft for 2-family (per studio/1br); 2 + 1/add'l 1,000 sqft) for 3-family (total); 2 + 1/add'l 1,000 sqft) for 3-family (per studio/1br); 2 + 1/add'l 1,000 sqft) for 4+ family (total); 2 + 1/add'l 1,000 sqft) for 2+ family (per studio/1br)"
212,HI--MAUI--BMFWRA,HI,Maui,BMF-WRA,12.507767665942962,0.009926266046188473,12.497841399896775,HI,Maui,Maui,BMF-WRA,Business Multi Family - WRA,Yes,No,No,Mixed with Residential,No,No,Allowed/Conditional,Allowed/Conditional,Allowed/Conditional,Allowed/Conditional,0.1,15,10,10,None,None,"2 + 1/add'l 1,000 sqft",2,30,None,None,No,No,0.103,None,15,10,10,60,60,"2 + 1/add'l 1,000 sqft","2 + 1/add'l 1,000 sqft",None,"30-60 feet, depending on the street",1.2,None,No,No,0.1,None,"Up to 30 ft.: None: For lots where front yard setback abuts the following streets: Wells Street; Main Street; Vineyard Street; High Street; Church Street between Wells Street and Vineyard Avenue; Market Street; and Central Avenue.; 6 feet.:For lots where front yard setback abuts all other streets and for landlocked lots. 30-45 ft: 10ft, 45-60 ft: 20ft","Up to 30 ft.: None: For lots where front yard setback abuts the following streets: Wells Street; Main Street; Vineyard Street; High Street; Church Street between Wells Street and Vineyard Avenue; Market Street; and Central Avenue.; 6 feet.:For lots where front yard setback abuts all other streets and for landlocked lots. 30-45 ft: 10ft, 45-60 ft: 20ft","Up to 30 ft.: None: For lots where front yard setback abuts the following streets: Wells Street; Main Street; Vineyard Street; High Street; Church Street between Wells Street and Vineyard Avenue; Market Street; and Central Avenue.; 6 feet.:For lots where front yard setback abuts all other streets and for landlocked lots. 30-45 ft: 10ft, 45-60 ft: 20ft",None,None,"2 + 1/add'l 1,000 sqft)","2 + 1/add'l 1,000 sqft)",No,No,None,"30 ft (For lots where the greatest street frontage is along the following streets, or for the purposes of a landlocked lot, where principal access is from the following streets: Nani Street; Loke Street; Church Street north of Vineyard Avenue and from Main Street to Pakahi Street; Maluhia Drive; Alahee Drive; Wailani Street; Kapoai Place; Lani Place; and Holowai Place.); 45 ft (For lots where the greatest street frontage is along the following streets, or for the purposes of a landlocked lot, where principal access is from the following streets: Wells Street; Vineyard Avenue; Hinano Street; High Street; Church Street from Vineyard Street to Main Street; Market Street; and Central Avenue.); 60 ft (For lots where the greatest street frontage is along Main Street, or for the purposes of a landlocked lot, where principal access is from Main Street.)",3,None,None,No,No,0.1,None,"Up to 30 ft.: None: For lots where front yard setback abuts the following streets: Wells Street; Main Street; Vineyard Street; High Street; Church Street between Wells Street and Vineyard Avenue; Market Street; and Central Avenue.; 6 feet.:For lots where front yard setback abuts all other streets and for landlocked lots. 30-45 ft: 10ft, 45-60 ft: 20ft","Up to 30 ft.: None: For lots where front yard setback abuts the following streets: Wells Street; Main Street; Vineyard Street; High Street; Church Street between Wells Street and Vineyard Avenue; Market Street; and Central Avenue.; 6 feet.:For lots where front yard setback abuts all other streets and for landlocked lots. 30-45 ft: 10ft, 45-60 ft: 20ft","Up to 30 ft.: None: For lots where front yard setback abuts the following streets: Wells Street; Main Street; Vineyard Street; High Street; Church Street between Wells Street and Vineyard Avenue; Market Street; and Central Avenue.; 6 feet.:For lots where front yard setback abuts all other streets and for landlocked lots. 30-45 ft: 10ft, 45-60 ft: 20ft",None,None,"2 + 1/add'l 1,000 sqft","2 + 1/add'l 1,000 sqft)",No,No,None,"30 ft (For lots where the greatest street frontage is along the following streets, or for the purposes of a landlocked lot, where principal access is from the following streets: Nani Street; Loke Street; Church Street north of Vineyard Avenue and from Main Street to Pakahi Street; Maluhia Drive; Alahee Drive; Wailani Street; Kapoai Place; Lani Place; and Holowai Place.); 45 ft (For lots where the greatest street frontage is along the following streets, or for the purposes of a landlocked lot, where principal access is from the following streets: Wells Street; Vineyard Avenue; Hinano Street; High Street; Church Street from Vineyard Street to Main Street; Market Street; and Central Avenue.); 60 ft (For lots where the greatest street frontage is along Main Street, or for the purposes of a landlocked lot, where principal access is from Main Street.)",3,None,None,None,Not Mentioned,None,No,None,None,None,None,No,No,None,None,None,Allowed/Conditional,,No,No,No,0.1,1,No,None,500,None,Allowed/Conditional,No,"3 (if within the State Urban District, 10 if not within)",Base Standard,None,"If a front, rear, or side yard property line adjoins a lot in the residential or multi-family district, that front, rear, or side yard setback will be the same as that of the adjoining district.; Additional heights may be permitted, under the Wailuku Redevelopment Area Design Guidelines, for architectural elements such as false fronts, spires, motifs, and similar features.",,True,False,False,False,False,False,B,B,B,B,No,No,No,No,No,"2 + 1/add'l 1,000 sqft for 1-family; 2 + 1/add'l 1,000 sqft for 2-family (total); 2 + 1/add'l 1,000 sqft for 2-family (per studio/1br); 2 + 1/add'l 1,000 sqft) for 3-family (total); 2 + 1/add'l 1,000 sqft) for 3-family (per studio/1br); 2 + 1/add'l 1,000 sqft for 4+ family (total); 2 + 1/add'l 1,000 sqft) for 2+ family (per studio/1br)"
213,HI--MAUI--BR,HI,Maui,BR,101.75309417530184,0.8078732354316411,100.9452209398702,HI,Maui,Maui,BR,BR Business - Resort,Yes,No,No,Nonresidential,No,No,Prohibited,Prohibited,Prohibited,Prohibited,,,,,,,,,,,,,No,0.14,,,,,,,,,,,,,No,No,,,,,,,,,,No,No,,,,,,No,No,,,,,,,,,,,,,,,,,,Prohibited,,,,,,,No,No,,,,Allowed/Conditional,No,No,No,No,0.14,1,No,None,500,None,Prohibited,No,,,,ADU: Permitted above or below the first floor of a permitted use,,True,False,False,False,False,False,A,B,A,A,No,No,No,No,No,
214,HI--MAUI--BRW,HI,Maui,BRW,2.7698117948078447,1.9687009754339382,0.8011108193739065,,,,,,,,,,,,,,,,,,,,,,,,,,,,,,,,,,,,,,,,,,,,,,,,,,,,,,,,,,,,,,,,,,,,,,,,,,,,,,,,,,,,,,,,,,,,,,,,,,,,,,,,,,,,,,,,,,,,,,,,,,,,
215,HI--MAUI--CID,HI,Maui,CID,50.661130258599975,1.4501947446760914,49.210935513923886,HI,Maui,Maui,CID,CID Napili Bay Civic Improvement District,Yes,No,No,Primarily Residential,No,No,Allowed/Conditional,Allowed/Conditional,Allowed/Conditional,Allowed/Conditional,0.14,15,10,10,50%,50%,"2 + 1/add'l 1,000 sqft",2,30,50%,None,No,No,0.17,None,15,6,6,50%,50%,"2 + 1/add'l 1,000 sqft","2 + 1/add'l 1,000 sqft",2,30,None,None,No,No,None,None,None,None,None,0.5,None,"2 + 1/add'l 1,000 sqft)","2 + 1/add'l 1,000 sqft)",No,No,2,30,None,None,None,No,No,None,None,None,None,None,0.5,None,"2 + 1/add'l 1,000 sqft)","2 + 1/add'l 1,000 sqft)",No,No,2,30,None,None,None,None,Not Mentioned,None,No,None,None,None,None,No,No,None,None,None,Prohibited,No,No,No,No,,,,,,,Allowed/Conditional,No,"3 (if within the State Urban District, 10 if not within)",Base Standard,None,"The permitted uses shall be as provided for in the hotel district and as listed in chapter 19.14 of this code, for any hotel or apartment-hotel use established by August 6, 2021, provided, that any permitted accessory use shall be an integral function of the hotel operation, and shall be operated by the management provided only for the convenience of the guests and shall not be an independent commercial venture. The permitted uses shall be as provided for in the residential and apartment districts as listed in chapters 19.08 and 19.12 of this title for any use established after August 6, 2021.",,False,False,False,False,False,False,B,B,A,A,No,No,No,No,No,"2 + 1/add'l 1,000 sqft for 1-family; 2 + 1/add'l 1,000 sqft for 2-family (total); 2 + 1/add'l 1,000 sqft for 2-family (per studio/1br); 2 + 1/add'l 1,000 sqft) for 3-family (total); 2 + 1/add'l 1,000 sqft) for 3-family (per studio/1br); 2 + 1/add'l 1,000 sqft) for 4+ family (total); 2 + 1/add'l 1,000 sqft) for 2+ family (per studio/1br)"
216,HI--MAUI--CMUWRA,HI,Maui,CMU-WRA,40.80260405038248,3.286713287283955,37.515890763098525,HI,Maui,Maui,CMU-WRA,Commercial Mixed Use - WRA,Yes,No,No,Mixed with Residential,No,No,Allowed/Conditional,Allowed/Conditional,Allowed/Conditional,Allowed/Conditional,0.1,15,10,10,None,None,"2 + 1/add'l 1,000 sqft",2,30,None,None,No,No,0.103,None,15,10,10,60,60,"2 + 1/add'l 1,000 sqft","2 + 1/add'l 1,000 sqft",None,"30-60 feet, depending on the street",1.2,None,No,No,0.1,None,"Up to 30 ft.: None: For lots where front yard setback abuts the following streets: Wells Street; Main Street; Vineyard Street; High Street; Church Street between Wells Street and Vineyard Avenue; Market Street; and Central Avenue.; 6 feet.:For lots where front yard setback abuts all other streets and for landlocked lots. 30-45 ft: 10ft, 45-60 ft: 20ft","Up to 30 ft.: None: For lots where front yard setback abuts the following streets: Wells Street; Main Street; Vineyard Street; High Street; Church Street between Wells Street and Vineyard Avenue; Market Street; and Central Avenue.; 6 feet.:For lots where front yard setback abuts all other streets and for landlocked lots. 30-45 ft: 10ft, 45-60 ft: 20ft","Up to 30 ft.: None: For lots where front yard setback abuts the following streets: Wells Street; Main Street; Vineyard Street; High Street; Church Street between Wells Street and Vineyard Avenue; Market Street; and Central Avenue.; 6 feet.:For lots where front yard setback abuts all other streets and for landlocked lots. 30-45 ft: 10ft, 45-60 ft: 20ft",None,None,"2 + 1/add'l 1,000 sqft)","2 + 1/add'l 1,000 sqft)",No,No,None,"31 ft (For lots where the greatest street frontage is along the following streets, or for the purposes of a landlocked lot, where principal access is from the following streets: Nani Street; Loke Street; Church Street north of Vineyard Avenue and from Main Street to Pakahi Street; Maluhia Drive; Alahee Drive; Wailani Street; Kapoai Place; Lani Place; and Holowai Place.); 45 ft (For lots where the greatest street frontage is along the following streets, or for the purposes of a landlocked lot, where principal access is from the following streets: Wells Street; Vineyard Avenue; Hinano Street; High Street; Church Street from Vineyard Street to Main Street; Market Street; and Central Avenue.); 60 ft (For lots where the greatest street frontage is along Main Street, or for the purposes of a landlocked lot, where principal access is from Main Street.)",3,None,None,No,No,0.1,None,"Up to 30 ft.: None: For lots where front yard setback abuts the following streets: Wells Street; Main Street; Vineyard Street; High Street; Church Street between Wells Street and Vineyard Avenue; Market Street; and Central Avenue.; 6 feet.:For lots where front yard setback abuts all other streets and for landlocked lots. 30-45 ft: 10ft, 45-60 ft: 20ft","Up to 30 ft.: None: For lots where front yard setback abuts the following streets: Wells Street; Main Street; Vineyard Street; High Street; Church Street between Wells Street and Vineyard Avenue; Market Street; and Central Avenue.; 6 feet.:For lots where front yard setback abuts all other streets and for landlocked lots. 30-45 ft: 10ft, 45-60 ft: 20ft","Up to 30 ft.: None: For lots where front yard setback abuts the following streets: Wells Street; Main Street; Vineyard Street; High Street; Church Street between Wells Street and Vineyard Avenue; Market Street; and Central Avenue.; 6 feet.:For lots where front yard setback abuts all other streets and for landlocked lots. 30-45 ft: 10ft, 45-60 ft: 20ft",None,None,"2 + 1/add'l 1,000 sqft)","2 + 1/add'l 1,000 sqft)",No,No,None,"31 ft (For lots where the greatest street frontage is along the following streets, or for the purposes of a landlocked lot, where principal access is from the following streets: Nani Street; Loke Street; Church Street north of Vineyard Avenue and from Main Street to Pakahi Street; Maluhia Drive; Alahee Drive; Wailani Street; Kapoai Place; Lani Place; and Holowai Place.); 45 ft (For lots where the greatest street frontage is along the following streets, or for the purposes of a landlocked lot, where principal access is from the following streets: Wells Street; Vineyard Avenue; Hinano Street; High Street; Church Street from Vineyard Street to Main Street; Market Street; and Central Avenue.); 60 ft (For lots where the greatest street frontage is along Main Street, or for the purposes of a landlocked lot, where principal access is from Main Street.)",3,None,None,None,Not Mentioned,None,No,None,None,None,None,No,No,None,None,None,Allowed/Conditional,,No,No,No,0.1,1,No,None,500,None,Allowed/Conditional,No,"3 (if within the State Urban District, 10 if not within)",Base Standard,None,"If a front, rear, or side yard property line adjoins a lot in the residential or multi-family district, that front, rear, or side yard setback will be the same as that of the adjoining district.; Additional heights may be permitted, under the Wailuku Redevelopment Area Design Guidelines, for architectural elements such as false fronts, spires, motifs, and similar features.",,True,False,False,False,False,False,B,B,B,B,No,No,No,No,No,"2 + 1/add'l 1,000 sqft for 1-family; 2 + 1/add'l 1,000 sqft for 2-family (total); 2 + 1/add'l 1,000 sqft for 2-family (per studio/1br); 2 + 1/add'l 1,000 sqft) for 3-family (total); 2 + 1/add'l 1,000 sqft) for 3-family (per studio/1br); 2 + 1/add'l 1,000 sqft) for 4+ family (total); 2 + 1/add'l 1,000 sqft) for 2+ family (per studio/1br)"
217,HI--MAUI--D1,HI,Maui,D-1,15.314345667031294,0.041097361782227296,15.273248305249066,HI,Maui,Maui,D-1,D-1 Duplex,Yes,No,No,Primarily Residential,No,No,Allowed/Conditional,Allowed/Conditional,Prohibited,Prohibited,0.17,15,6 (10 if building is above 1 story or 15 feet),20,,,"2 + 1/add'l 1,000 sqft",2,35,None,None,No,No,0.17,None,15,6 (10 if building is above 1 story or 15 feet),20,None,None,"2 + 1/add'l 1,000 sqft","2 + 1/add'l 1,000 sqft",2,35,None,None,No,No,,,,,,,,,,No,No,,,,,,No,No,,,,,,,,,,,,,,,,,,Not Mentioned,None,No,None,None,None,None,No,No,None,None,None,Allowed/Conditional,No,No,No,No,0.17,1,No,None,600,None,Allowed/Conditional,No,"3 (if within the State Urban District, 10 if not within)",11.62,None,,,True,False,False,False,False,False,B,B,A,A,No,No,No,No,No,"2 + 1/add'l 1,000 sqft for 1-family; 2 + 1/add'l 1,000 sqft for 2-family (total); 2 + 1/add'l 1,000 sqft for 2-family (per studio/1br)"
218,HI--MAUI--D2,HI,Maui,D-2,42.81634018392077,0.0,42.81634018392077,HI,Maui,Maui,D-2,D-2 Duplex,Yes,No,No,Primarily Residential,No,No,Allowed/Conditional,Allowed/Conditional,Prohibited,Prohibited,0.23,15,6 (10 if building is above 1 story or 15 feet),20,,,"2 + 1/add'l 1,000 sqft",2,35,None,None,No,No,0.23,None,15,6 (10 if building is above 1 story or 15 feet),20,None,None,"2 + 1/add'l 1,000 sqft","2 + 1/add'l 1,000 sqft",2,35,None,None,No,No,,,,,,,,,,No,No,,,,,,No,No,,,,,,,,,,,,,,,,,,Not Mentioned,None,No,None,None,None,None,No,No,None,None,None,Allowed/Conditional,No,No,No,No,0.23,1,No,None,720 (see note),None,Allowed/Conditional,No,"3 (if within the State Urban District, 10 if not within)",8.72,None,"ADU maximum size: 10,000 to 21,779 sq ft: 720 sq ft, 21,780 to 43,559 sq ft: 840 sq ft, 43,560 to 87,119 sq ft: 960 sq, 87,120 sq ft or more: 1,200 sq ft",,True,False,False,False,False,False,B,B,A,A,No,No,No,No,No,"2 + 1/add'l 1,000 sqft for 1-family; 2 + 1/add'l 1,000 sqft for 2-family (total); 2 + 1/add'l 1,000 sqft for 2-family (per studio/1br)"
219,HI--MAUI--DR,HI,Maui,DR,8.434066022744004,0.12615813707920592,8.307907885664799,,,,,,,,,,,,,,,,,,,,,,,,,,,,,,,,,,,,,,,,,,,,,,,,,,,,,,,,,,,,,,,,,,,,,,,,,,,,,,,,,,,,,,,,,,,,,,,,,,,,,,,,,,,,,,,,,,,,,,,,,,,,
220,HI--MAUI--GC,HI,Maui,GC,0.058691331780551345,0.0,0.058691331780551345,HI,Maui,Maui,GC,GC Golf Course,Yes,No,No,Nonresidential,No,No,Prohibited,Prohibited,Prohibited,Prohibited,,,,,,,,,,,,,,,,,,,,,,,,,,,No,No,,,,,,,,,,No,No,,,,,,No,No,,,,,,,,,,,,,,,,,,Prohibited,,,,,,,No,No,,,,Prohibited,,,,,,,,,,,Prohibited,No,,,,,,False,False,False,False,False,False,A,A,A,A,No,No,No,No,No,
221,HI--MAUI--H,HI,Maui,H,83.5537734223049,0.9861282082005963,82.5676452141043,HI,Maui,Maui,H,H Hotel,Yes,Yes,No,Mixed with Residential,No,No,Allowed/Conditional,Allowed/Conditional,Allowed/Conditional,Allowed/Conditional,0.46,15,10,15,35,35,"2 + 1/add'l 1,000 sqft",2,160,1.5,None,No,No,0.46,None,15,10,15,35,35,"2 + 1/add'l 1,000 sqft","2 + 1/add'l 1,000 sqft",None,160,1.5,None,No,No,0.46,None,½ the height of building with a minimum of 15 feet,"Building height (ft): less than 30 - 10 ft, 30-60 - 15 ft, 60 to 90 - 20 ft, 90-120 - 25 ft, 120-160 - 30 ft",½ the height of building with a minimum of 15 feet,25,25,"2 + 1/add'l 1,000 sqft)","2 + 1/add'l 1,000 sqft)",No,No,None,160,1.5,None,None,No,No,0.46,None,½ the height of building with a minimum of 15 feet,"Building height (ft): less than 30 - 10 ft, 30-60 - 15 ft, 60 to 90 - 20 ft, 90-120 - 25 ft, 120-160 - 30 ft",½ the height of building with a minimum of 15 feet,25,25,"2 + 1/add'l 1,000 sqft)","2 + 1/add'l 1,000 sqft)",No,No,None,160,1.5,None,None,None,Not Mentioned,None,No,None,None,None,None,No,No,None,None,None,Allowed/Conditional,No,No,No,No,0.46,1,No,None,720 (see note),None,Allowed/Conditional,,"3 (if within the State Urban District, 10 if not within)",Base Standard,None,"ADU maximum size: 10,000 to 21,779 sq ft: 720 sq ft, 21,780 to 43,559 sq ft: 840 sq ft, 43,560 to 87,119 sq ft: 960 sq, 87,120 sq ft or more: 1,200 sq ft",,True,False,False,False,False,False,B,B,B,B,No,No,No,No,No,"2 + 1/add'l 1,000 sqft for 1-family; 2 + 1/add'l 1,000 sqft for 2-family (total); 2 + 1/add'l 1,000 sqft for 2-family (per studio/1br); 2 + 1/add'l 1,000 sqft) for 3-family (total); 2 + 1/add'l 1,000 sqft) for 3-family (per studio/1br); 2 + 1/add'l 1,000 sqft) for 4+ family (total); 2 + 1/add'l 1,000 sqft) for 2+ family (per studio/1br)"
222,HI--MAUI--H1,HI,Maui,H-1,223.3510136875504,2.522762318317465,220.82825136923293,HI,Maui,Maui,H-1,H-1 Hotel,Yes,No,No,Mixed with Residential,No,No,Allowed/Conditional,Allowed/Conditional,Allowed/Conditional,Allowed/Conditional,0.23,15,10,15,25,25,"2 + 1/add'l 1,000 sqft",2,35,0.5,None,No,No,0.23,None,15,10,15,25,25,"2 + 1/add'l 1,000 sqft","2 + 1/add'l 1,000 sqft",None,35,0.5,None,No,No,0.23,None,½ the height of building with a minimum of 15 feet,"Building height (ft): less than 30 - 10 ft, 30-60 - 15 ft, 60 to 90 - 20 ft, 90-120 - 25 ft, 120-160 - 30 ft",½ the height of building with a minimum of 15 feet,25,25,"2 + 1/add'l 1,000 sqft)","2 + 1/add'l 1,000 sqft)",No,No,None,35,0.5,None,None,No,No,0.23,None,½ the height of building with a minimum of 15 feet,"Building height (ft): less than 30 - 10 ft, 30-60 - 15 ft, 60 to 90 - 20 ft, 90-120 - 25 ft, 120-160 - 30 ft",½ the height of building with a minimum of 15 feet,25,25,"2 + 1/add'l 1,000 sqft)","2 + 1/add'l 1,000 sqft)",No,No,None,35,0.5,None,None,None,Not Mentioned,None,No,None,None,None,None,No,No,None,None,None,Allowed/Conditional,No,No,No,No,0.23,1,No,None,620,None,Allowed/Conditional,No,"3 (if within the State Urban District, 10 if not within)",Base Standard,None,,,True,False,False,False,False,False,B,B,B,B,No,No,No,No,No,"2 + 1/add'l 1,000 sqft for 1-family; 2 + 1/add'l 1,000 sqft for 2-family (total); 2 + 1/add'l 1,000 sqft for 2-family (per studio/1br); 2 + 1/add'l 1,000 sqft) for 3-family (total); 2 + 1/add'l 1,000 sqft) for 3-family (per studio/1br); 2 + 1/add'l 1,000 sqft) for 4+ family (total); 2 + 1/add'l 1,000 sqft) for 2+ family (per studio/1br)"
223,HI--MAUI--H2,HI,Maui,H-2,220.8984979903363,0.5953029854711603,220.30319500486513,HI,Maui,Maui,H-2,H-2 Hotel,Yes,No,No,Mixed with Residential,No,No,Allowed/Conditional,Allowed/Conditional,Allowed/Conditional,Allowed/Conditional,0.46,15,10,15,35,30,"2 + 1/add'l 1,000 sqft",2,90,1.5,None,No,No,0.46,None,15,10,15,35,30,"2 + 1/add'l 1,000 sqft","2 + 1/add'l 1,000 sqft",None,90,1.5,None,No,No,0.46,None,½ the height of building with a minimum of 15 feet,"Building height (ft): less than 30 - 10 ft, 30-60 - 15 ft, 60 to 90 - 20 ft, 90-120 - 25 ft, 120-160 - 30 ft",½ the height of building with a minimum of 15 feet,35,35,"2 + 1/add'l 1,000 sqft)","2 + 1/add'l 1,000 sqft)",No,No,None,160,1.5,None,None,No,No,0.46,None,½ the height of building with a minimum of 15 feet,"Building height (ft): less than 30 - 10 ft, 30-60 - 15 ft, 60 to 90 - 20 ft, 90-120 - 25 ft, 120-160 - 30 ft",½ the height of building with a minimum of 15 feet,35,35,"2 + 1/add'l 1,000 sqft)","2 + 1/add'l 1,000 sqft)",No,No,None,160,1.5,None,None,None,Not Mentioned,None,No,None,None,None,None,No,No,None,None,None,Allowed/Conditional,No,No,No,No,0.46,1,No,None,720 (see note),None,Allowed/Conditional,No,"3 (if within the State Urban District, 10 if not within)",Base Standard,None,"ADU maximum size: 10,000 to 21,779 sq ft: 720 sq ft, 21,780 to 43,559 sq ft: 840 sq ft, 43,560 to 87,119 sq ft: 960 sq, 87,120 sq ft or more: 1,200 sq ft",,True,False,False,False,False,False,B,B,B,B,No,No,No,No,No,"2 + 1/add'l 1,000 sqft for 1-family; 2 + 1/add'l 1,000 sqft for 2-family (total); 2 + 1/add'l 1,000 sqft for 2-family (per studio/1br); 2 + 1/add'l 1,000 sqft) for 3-family (total); 2 + 1/add'l 1,000 sqft) for 3-family (per studio/1br); 2 + 1/add'l 1,000 sqft) for 4+ family (total); 2 + 1/add'l 1,000 sqft) for 2+ family (per studio/1br)"
224,HI--MAUI--HD1,HI,Maui,HD-1,48.68314753675149,25.767787498258873,22.91536003849262,HI,Maui,Maui,HD-1,HD-1 Historic District 1,Yes,No,No,Mixed with Residential,No,No,Allowed/Conditional,Allowed/Conditional,Allowed/Conditional,Allowed/Conditional,0.17,None,None,None,None,None,"2 + 1/add'l 1,000 sqft",2,30,None,None,No,No,0.17,None,None,None,None,None,None,"2 + 1/add'l 1,000 sqft","2 + 1/add'l 1,000 sqft",None,None,None,None,No,No,None,None,10,5,15,None,None,"2 + 1/add'l 1,000 sqft)","2 + 1/add'l 1,000 sqft)",No,No,2,35,None,None,None,No,No,None,None,10,5,15,None,None,"2 + 1/add'l 1,000 sqft)","2 + 1/add'l 1,000 sqft)",No,No,2,35,None,None,None,None,Not Mentioned,None,No,None,None,None,None,No,No,None,None,None,Allowed/Conditional,,No,No,No,0.17,1,No,None,500,None,Not Mentioned,No,"3 (if within the State Urban District, 10 if not within)",Base Standard,None,,,True,False,False,False,False,False,B,B,A,A,No,No,No,No,No,"2 + 1/add'l 1,000 sqft for 1-family; 2 + 1/add'l 1,000 sqft for 2-family (total); 2 + 1/add'l 1,000 sqft for 2-family (per studio/1br); 2 + 1/add'l 1,000 sqft) for 3-family (total); 2 + 1/add'l 1,000 sqft) for 3-family (per studio/1br); 2 + 1/add'l 1,000 sqft) for 4+ family (total); 2 + 1/add'l 1,000 sqft) for 2+ family (per studio/1br)"
225,HI--MAUI--HD2,HI,Maui,HD-2,18.192312598471176,1.9390788215345027,16.253233776936675,HI,Maui,Maui,HD-2,HD-2 Historic District 2,Yes,No,No,Mixed with Residential,No,No,Allowed/Conditional,Allowed/Conditional,Allowed/Conditional,Allowed/Conditional,0.17,None,None,None,None,None,"2 + 1/add'l 1,000 sqft",2,30,None,None,No,No,0.17,None,None,None,None,None,None,"2 + 1/add'l 1,000 sqft","2 + 1/add'l 1,000 sqft",None,None,None,None,No,No,None,None,10,5,15,None,None,"2 + 1/add'l 1,000 sqft)","2 + 1/add'l 1,000 sqft)",No,No,2,35,None,None,None,No,No,None,None,10,5,15,None,None,"2 + 1/add'l 1,000 sqft)","2 + 1/add'l 1,000 sqft)",No,No,2,35,None,None,None,None,Not Mentioned,None,No,None,None,None,None,No,No,None,None,None,Allowed/Conditional,,No,No,No,0.17,1,No,None,500,None,Not Mentioned,No,"3 (if within the State Urban District, 10 if not within)",Base Standard,None,,,True,False,False,False,False,False,B,B,A,A,No,No,No,No,No,"2 + 1/add'l 1,000 sqft for 1-family; 2 + 1/add'l 1,000 sqft for 2-family (total); 2 + 1/add'l 1,000 sqft for 2-family (per studio/1br); 2 + 1/add'l 1,000 sqft) for 3-family (total); 2 + 1/add'l 1,000 sqft) for 3-family (per studio/1br); 2 + 1/add'l 1,000 sqft) for 4+ family (total); 2 + 1/add'l 1,000 sqft) for 2+ family (per studio/1br)"
226,HI--MAUI--HD3,HI,Maui,HD-3,12.089315345005092,0.8663036894901402,11.223011655514952,HI,Maui,Maui,HD-3,HD-3 Historic District 3,Yes,No,No,Mixed with Residential,No,No,Allowed/Conditional,Prohibited,Prohibited,Prohibited,0.23,15,6-10,6-10,None,None,"2 + 1/add'l 1,000 sqft",2,35,None,None,,,,,,,,,,,,,,,,No,No,,,,,,,,,,No,No,,,,,,No,No,,,,,,,,,,,,,,,,,,Not Mentioned,None,No,None,None,None,None,No,No,None,None,None,Prohibited,,,,,,1,,,400,,Allowed/Conditional,No,"3 (if within the State Urban District, 10 if not within)",Base Standard,None,,,True,False,False,False,False,False,B,A,A,A,No,No,No,No,No,"2 + 1/add'l 1,000 sqft for 1-family"
227,HI--MAUI--HM,HI,Maui,H-M,535.0877152007552,2.168755952848102,532.9189592479071,HI,Maui,Maui,H-M,H-M Hotel,Yes,No,No,Mixed with Residential,No,No,Allowed/Conditional,Allowed/Conditional,Allowed/Conditional,Allowed/Conditional,0.34,15,10,15,30,35,"2 + 1/add'l 1,000 sqft",2,160,1,None,No,No,0.34,None,15,10,15,30,35,"2 + 1/add'l 1,000 sqft","2 + 1/add'l 1,000 sqft",None,160,1,None,No,No,0.34,None,½ the height of building with a minimum of 15 feet,"Building height (ft): less than 30 - 10 ft, 30-60 - 15 ft, 60 to 90 - 20 ft, 90-120 - 25 ft, 120-160 - 30 ft",½ the height of building with a minimum of 15 feet,30,30,"2 + 1/add'l 1,000 sqft)","2 + 1/add'l 1,000 sqft)",No,No,None,90,1,None,None,No,No,0.34,None,½ the height of building with a minimum of 15 feet,"Building height (ft): less than 30 - 10 ft, 30-60 - 15 ft, 60 to 90 - 20 ft, 90-120 - 25 ft, 120-160 - 30 ft",½ the height of building with a minimum of 15 feet,30,30,"2 + 1/add'l 1,000 sqft)","2 + 1/add'l 1,000 sqft)",No,No,None,90,1,None,None,None,Not Mentioned,None,No,None,None,None,None,No,No,None,None,None,Allowed/Conditional,No,No,No,No,0.34,1,No,None,720 (see note),None,Allowed/Conditional,No,"3 (if within the State Urban District, 10 if not within)",Base Standard,None,"ADU maximum size: 10,000 to 21,779 sq ft: 720 sq ft, 21,780 to 43,559 sq ft: 840 sq ft, 43,560 to 87,119 sq ft: 960 sq, 87,120 sq ft or more: 1,200 sq ft",,True,False,False,False,False,False,B,B,B,B,No,No,No,No,No,"2 + 1/add'l 1,000 sqft for 1-family; 2 + 1/add'l 1,000 sqft for 2-family (total); 2 + 1/add'l 1,000 sqft for 2-family (per studio/1br); 2 + 1/add'l 1,000 sqft) for 3-family (total); 2 + 1/add'l 1,000 sqft) for 3-family (per studio/1br); 2 + 1/add'l 1,000 sqft) for 4+ family (total); 2 + 1/add'l 1,000 sqft) for 2+ family (per studio/1br)"
228,HI--MAUI--INT,HI,Maui,INT,300102.0276137827,152902.7416008686,147199.28601291406,HI,Maui,Maui,INT,INT Interim,Yes,No,No,Nonresidential,No,No,Allowed/Conditional,Allowed/Conditional,Prohibited,Prohibited,0.14,15,6; 10 if building 15 feet or higher,6; 10 if building 15 feet or higher,,,"2 + 1/add'l 1,000 sqft",,,,,No,No,0.28,None,15,6; 10 if building 15 feet or higher,6; 10 if building 15 feet or higher,None,None,"2 + 1/add'l 1,000 sqft","2 + 1/add'l 1,000 sqft",None,None,None,None,No,No,,,,,,,,,,No,No,,,,,,No,No,,,,,,,,,,,,,,,,,,Prohibited,,,,,,,No,No,,,,Allowed/Conditional,,No,No,No,0.14,1,No,None,500,None,Allowed/Conditional,No,,,,,,True,False,False,False,False,False,B,B,A,A,No,No,No,No,No,"2 + 1/add'l 1,000 sqft for 1-family; 2 + 1/add'l 1,000 sqft for 2-family (total); 2 + 1/add'l 1,000 sqft for 2-family (per studio/1br)"
229,HI--MAUI--KRTP,HI,Maui,KRTP,20.770585901765415,7.250776148549115,13.5198097532163,HI,Maui,Maui,KRTP,KRTP Kihei Research and Technology Park District,Yes,No,No,Nonresidential,No,No,Prohibited,Prohibited,Prohibited,Prohibited,,,,,,,,,,,,,,,,,,,,,,,,,,,No,No,,,,,,,,,,No,No,,,,,,No,No,,,,,,,,,,,,,,,,,,Prohibited,,,,,,,No,No,,,,Prohibited,,,,,,,,,,,Prohibited,No,,,,,,False,False,False,False,False,False,A,A,A,A,No,No,No,No,No,
230,HI--MAUI--M1,HI,Maui,M-1,908.5605112514486,57.19660823049816,851.3639030209504,HI,Maui,Maui,M-1,M-1 Light Industrial,Yes,No,No,Nonresidential,No,No,Prohibited,Prohibited,Prohibited,Prohibited,,,,,,,,,,,,,,,,,,,,,,,,,,,No,No,,,,,,,,,,No,No,,,,,,No,No,,,,,,,,,,,,,,,,,,Prohibited,,,,,,,No,No,,,,Prohibited,,,,,,,,,,,Prohibited,No,,,,,,False,False,False,False,False,False,A,A,A,A,No,No,No,No,No,
231,HI--MAUI--M2,HI,Maui,M-2,726.445640942403,54.60429745814839,671.8413434842546,HI,Maui,Maui,M-2,M-2 Heavy Industrial,Yes,No,No,Nonresidential,No,No,Prohibited,Prohibited,Prohibited,Prohibited,,,,,,,,,,,,,,,,,,,,,,,,,,,No,No,,,,,,,,,,No,No,,,,,,No,No,,,,,,,,,,,,,,,,,,Prohibited,,,,,,,No,No,,,,Prohibited,,,,,,,,,,,Prohibited,No,,,,,,False,False,False,False,False,False,A,A,A,A,No,No,No,No,No,
232,HI--MAUI--M3,HI,Maui,M-3,86.03039407124491,0.0,86.03039407124491,HI,Maui,Maui,M-3,M-3 Heavy Industrial,Yes,No,No,Nonresidential,No,No,Prohibited,Prohibited,Prohibited,Prohibited,,,,,,,,,,,,,,,,,,,,,,,,,,,No,No,,,,,,,,,,No,No,,,,,,No,No,,,,,,,,,,,,,,,,,,Prohibited,,,,,,,No,No,,,,Prohibited,,,,,,,,,,,Prohibited,No,,,,,,False,False,False,False,False,False,A,A,A,A,No,No,No,No,No,
233,HI--MAUI--MFWRA,HI,Maui,MF-WRA,8.805085830380763,5.203471617582307,3.6016142127984567,HI,Maui,Maui,MF-WRA,Multi Family - WRA,Yes,No,No,Primarily Residential,No,No,Allowed/Conditional,Allowed/Conditional,Allowed/Conditional,Allowed/Conditional,0.1,15,10,10,None,None,"2 + 1/add'l 1,000 sqft",2,30,None,None,No,No,0.103,None,15,10,10,60,60,"2 + 1/add'l 1,000 sqft","2 + 1/add'l 1,000 sqft",None,"30-60 feet, depending on the street",1.2,None,No,No,0.1,None,"Up to 30 ft.: None: For lots where front yard setback abuts the following streets: Wells Street; Main Street; Vineyard Street; High Street; Church Street between Wells Street and Vineyard Avenue; Market Street; and Central Avenue.; 6 feet.:For lots where front yard setback abuts all other streets and for landlocked lots. 30-45 ft: 10ft, 45-60 ft: 20ft","Up to 30 ft.: None: For lots where front yard setback abuts the following streets: Wells Street; Main Street; Vineyard Street; High Street; Church Street between Wells Street and Vineyard Avenue; Market Street; and Central Avenue.; 6 feet.:For lots where front yard setback abuts all other streets and for landlocked lots. 30-45 ft: 10ft, 45-60 ft: 20ft","Up to 30 ft.: None: For lots where front yard setback abuts the following streets: Wells Street; Main Street; Vineyard Street; High Street; Church Street between Wells Street and Vineyard Avenue; Market Street; and Central Avenue.; 6 feet.:For lots where front yard setback abuts all other streets and for landlocked lots. 30-45 ft: 10ft, 45-60 ft: 20ft",None,None,"2 + 1/add'l 1,000 sqft)","2 + 1/add'l 1,000 sqft)",No,No,None,"32 ft (For lots where the greatest street frontage is along the following streets, or for the purposes of a landlocked lot, where principal access is from the following streets: Nani Street; Loke Street; Church Street north of Vineyard Avenue and from Main Street to Pakahi Street; Maluhia Drive; Alahee Drive; Wailani Street; Kapoai Place; Lani Place; and Holowai Place.); 45 ft (For lots where the greatest street frontage is along the following streets, or for the purposes of a landlocked lot, where principal access is from the following streets: Wells Street; Vineyard Avenue; Hinano Street; High Street; Church Street from Vineyard Street to Main Street; Market Street; and Central Avenue.); 60 ft (For lots where the greatest street frontage is along Main Street, or for the purposes of a landlocked lot, where principal access is from Main Street.)",3,None,None,No,No,0.1,None,"Up to 30 ft.: None: For lots where front yard setback abuts the following streets: Wells Street; Main Street; Vineyard Street; High Street; Church Street between Wells Street and Vineyard Avenue; Market Street; and Central Avenue.; 6 feet.:For lots where front yard setback abuts all other streets and for landlocked lots. 30-45 ft: 10ft, 45-60 ft: 20ft","Up to 30 ft.: None: For lots where front yard setback abuts the following streets: Wells Street; Main Street; Vineyard Street; High Street; Church Street between Wells Street and Vineyard Avenue; Market Street; and Central Avenue.; 6 feet.:For lots where front yard setback abuts all other streets and for landlocked lots. 30-45 ft: 10ft, 45-60 ft: 20ft","Up to 30 ft.: None: For lots where front yard setback abuts the following streets: Wells Street; Main Street; Vineyard Street; High Street; Church Street between Wells Street and Vineyard Avenue; Market Street; and Central Avenue.; 6 feet.:For lots where front yard setback abuts all other streets and for landlocked lots. 30-45 ft: 10ft, 45-60 ft: 20ft",None,None,"2 + 1/add'l 1,000 sqft)","2 + 1/add'l 1,000 sqft)",No,No,None,"32 ft (For lots where the greatest street frontage is along the following streets, or for the purposes of a landlocked lot, where principal access is from the following streets: Nani Street; Loke Street; Church Street north of Vineyard Avenue and from Main Street to Pakahi Street; Maluhia Drive; Alahee Drive; Wailani Street; Kapoai Place; Lani Place; and Holowai Place.); 45 ft (For lots where the greatest street frontage is along the following streets, or for the purposes of a landlocked lot, where principal access is from the following streets: Wells Street; Vineyard Avenue; Hinano Street; High Street; Church Street from Vineyard Street to Main Street; Market Street; and Central Avenue.); 60 ft (For lots where the greatest street frontage is along Main Street, or for the purposes of a landlocked lot, where principal access is from Main Street.)",3,None,None,None,Not Mentioned,None,No,None,None,None,None,No,No,None,None,None,Allowed/Conditional,,No,No,No,0.1,1,No,None,500,None,Allowed/Conditional,No,"3 (if within the State Urban District, 10 if not within)",Base Standard,None,"If a front, rear, or side yard property line adjoins a lot in the residential or multi-family district, that front, rear, or side yard setback will be the same as that of the adjoining district.; Additional heights may be permitted, under the Wailuku Redevelopment Area Design Guidelines, for architectural elements such as false fronts, spires, motifs, and similar features.",,True,False,False,False,False,False,B,B,B,B,No,No,No,No,No,"2 + 1/add'l 1,000 sqft for 1-family; 2 + 1/add'l 1,000 sqft for 2-family (total); 2 + 1/add'l 1,000 sqft for 2-family (per studio/1br); 2 + 1/add'l 1,000 sqft) for 3-family (total); 2 + 1/add'l 1,000 sqft) for 3-family (per studio/1br); 2 + 1/add'l 1,000 sqft) for 4+ family (total); 2 + 1/add'l 1,000 sqft) for 2+ family (per studio/1br)"
234,HI--MAUI--MRTP,HI,Maui,MRTP,374.7160151091157,0.12109148679550252,374.5949236223202,HI,Maui,Maui,MRTP,MRTP Maui Research and Technology Park District,Yes,No,No,Mixed with Residential,No,No,Allowed/Conditional,Prohibited,Allowed/Conditional,Allowed/Conditional,0.025,5,0,5,None,None,"2 + 1/add'l 1,000 sqft",2,40,None,None,,,,,,,,,,,,,,,,No,No,0.05,,,,,,,"2 + 1/add'l 1,000 sqft)","2 + 1/add'l 1,000 sqft)",,,3,40,,,,No,No,0.06,,,,,,,"2 + 1/add'l 1,000 sqft)","2 + 1/add'l 1,000 sqft)",,,3,40,,,,,Not Mentioned,None,No,None,None,None,None,No,No,None,None,None,Allowed/Conditional,No,No,No,No,See note.,1,No,None,600,None,Allowed/Conditional,No,"3 (if within the State Urban District, 10 if not within)",Base Standard,None,"Residential Uses Notes and exeptions: *Provided that such building(s) in the employment/campus and civic districts are associated with a permitted educational institution at the Maui Research & Technology Park and used to house staff, faculty, students and/or campus visitors of such educational institution. -- **Multiple types of single family buildings allowed (e.g. townhome, single family green court, single family small lot, single family large lot) 
Min lot size is for townhome. Green Court min lot size is 1650, single family small lot min is 3,600, single family large lot min in 4,801. Residential over retail is also a common land use, as are standard multifamily buildings, four-plexes, triplexes",,True,False,False,False,False,False,B,A,B,B,No,No,No,No,No,"2 + 1/add'l 1,000 sqft for 1-family; 2 + 1/add'l 1,000 sqft) for 3-family (total); 2 + 1/add'l 1,000 sqft) for 3-family (per studio/1br); 2 + 1/add'l 1,000 sqft) for 4+ family (total); 2 + 1/add'l 1,000 sqft) for 2+ family (per studio/1br)"
235,HI--MAUI--NZ,HI,Maui,NZ,8463.320730447274,8451.203290424128,12.117440023146628,,,,,,,,,,,,,,,,,,,,,,,,,,,,,,,,,,,,,,,,,,,,,,,,,,,,,,,,,,,,,,,,,,,,,,,,,,,,,,,,,,,,,,,,,,,,,,,,,,,,,,,,,,,,,,,,,,,,,,,,,,,,
236,HI--MAUI--OS,HI,Maui,OS,35.01436918651046,0.13157072615865986,34.8827984603518,HI,Maui,Maui,OS,Open Space,Yes,Yes,No,Nonresidential,No,No,Prohibited,Prohibited,Prohibited,Prohibited,,,,,,,,,,,,,,,,,,,,,,,,,,,,,,,,,,,,,,,,,,,,,,,,,,,,,,,,,,,,,,,,Prohibited,,,,,,,No,No,,,,Prohibited,,,,,,,,,,,Prohibited,No,,,,"Ch 19.07 it states purpose of OS is to ""retain the spatial identity of existing urban areas and discourage urban sprawl""",,False,False,False,False,False,False,A,A,A,A,No,No,No,No,No,
237,HI--MAUI--OS1,HI,Maui,OS-1,271.46447739760805,0.0,271.46447739760805,HI,Maui,Maui,OS-1,OS-1 Open Space (Passive),Yes,No,No,Nonresidential,No,No,Prohibited,Prohibited,Prohibited,Prohibited,,,,,,,,,,,,,,,,,,,,,,,,,,,No,No,,,,,,,,,,No,No,,,,,,No,No,,,,,,,,,,,,,,,,,,Prohibited,,,,,,,No,No,,,,Prohibited,,,,,,,,,,,Prohibited,No,,,,,,False,False,False,False,False,False,A,A,A,A,No,No,No,No,No,
238,HI--MAUI--OS2,HI,Maui,OS-2,350.1854519644935,5.709240966022821,344.47621099847066,HI,Maui,Maui,OS-2,OS-2 Open Space (Active),Yes,No,No,Nonresidential,No,No,Prohibited,Prohibited,Prohibited,Prohibited,,,,,,,,,,,,,,,,,,,,,,,,,,,No,No,,,,,,,,,,No,No,,,,,,No,No,,,,,,,,,,,,,,,,,,Prohibited,,,,,,,No,No,,,,Prohibited,,,,,,,,,,,Prohibited,No,,,,,,False,False,False,False,False,False,A,A,A,A,No,No,No,No,No,
239,HI--MAUI--OZ,HI,Maui,OZ,1525.4636187539006,234.52821163608417,1290.9354071178163,HI,Maui,Maui,OZ,OZ Open Zone,Yes,Yes,No,Nonresidential,No,No,Prohibited,Prohibited,Prohibited,Prohibited,,,,,,,,,,,,,,,,,,,,,,,,,,,,,,,,,,,,,,,,,,,,,,,,,,,,,,,,,,,,,,,,Prohibited,,,,,,,No,No,,,,Prohibited,,,,,,,,,,,Prohibited,No,,,,,,False,False,False,False,False,False,A,A,A,A,No,No,No,No,No,
240,HI--MAUI--P,HI,Maui,P,47.184218563012614,24.776411385380896,22.407807177631717,HI,Maui,Maui,P,Public Use,Yes,Yes,No,Nonresidential,No,No,Prohibited,Prohibited,Prohibited,Prohibited,,,,,,,,,,,,,,,,,,,,,,,,,,,No,No,,,,,,,,,,No,No,,,,,,No,No,,,,,,,,,,,,,,,,,,Not Mentioned,None,No,None,None,None,None,No,No,None,None,None,Prohibited,,,,,,,,,,,Prohibited,No,,,,,,False,False,False,False,False,False,A,A,A,A,No,No,No,No,No,
241,HI--MAUI--P/QPWRA,HI,Maui,P/QP-WRA,1.4116880759384802,0.0,1.4116880759384802,HI,Maui,Maui,P/QP-WRA,Public/Quasi-Public - WRA,Yes,No,No,Nonresidential,No,No,Prohibited,Prohibited,Prohibited,Prohibited,,,,,,,,,,,,,,,,,,,,,,,,,,,No,No,,,,,,,,,,No,No,,,,,,No,No,,,,,,,,,,No,,,,,,,,Prohibited,,,,,,,No,No,,,,Prohibited,,,,,,,,,,,Prohibited,No,,,,,,False,False,False,False,False,False,A,A,A,A,No,No,No,No,No,
242,HI--MAUI--P1,HI,Maui,P-1,743.0807651640755,401.7536616607651,341.3271035033104,HI,Maui,Maui,P-1,P-1 Public/Quasi-Public,Yes,No,No,Nonresidential,No,No,Prohibited,Prohibited,Prohibited,Prohibited,,,,,,,,,,,,,,,,,,,,,,,,,,,No,No,,,,,,,,,,No,No,,,,,,No,No,,,,,,,,,,,,,,,,,,Prohibited,,,,,,,No,No,,,,Prohibited,,,,,,,,,,,Prohibited,No,,,,,,False,False,False,False,False,False,A,A,A,A,No,No,No,No,No,
243,HI--MAUI--P2,HI,Maui,P-2,18.69887377326304,0.20384649109924777,18.49502728216379,HI,Maui,Maui,P-2,P-2 Public/Quasi-Public,Yes,No,No,Nonresidential,No,No,Prohibited,Prohibited,Prohibited,Prohibited,,,,,,,,,,,,,,,,,,,,,,,,,,,No,No,,,,,,,,,,No,No,,,,,,No,No,,,,,,,,,,,,,,,,,,Prohibited,,,,,,,No,No,,,,Prohibited,,,,,,,,,,,Prohibited,No,,,,,,False,False,False,False,False,False,A,A,A,A,No,No,No,No,No,
244,HI--MAUI--PD,HI,Maui,PD,5732.9195376179205,190.60274545447578,5542.316792163445,HI,Maui,Maui,PD,PD Project District,Yes,No,No,Primarily Residential,No,No,Allowed/Conditional,Prohibited,Prohibited,Prohibited,0.14,None,None,None,None,None,"2 + 1/add'l 1,000 sqft",2,25,None,None,,,,,,,,,,,,,,,,No,No,,,,,,,,,,No,No,,,,,,No,No,,,,,,,,,,,,,,,,,,Not Mentioned,None,No,None,None,None,None,No,No,None,None,None,Allowed/Conditional,,No,No,No,0.14,1,No,None,840 (in PD-L1 & PD-L2),None,Allowed/Conditional,No,"3 (if within the State Urban District, 10 if not within)",Base Standard,None,,,True,False,False,False,False,False,B,A,A,A,No,No,No,No,No,"2 + 1/add'l 1,000 sqft for 1-family"
245,HI--MAUI--PK,HI,Maui,PK,1334.5033966224385,1144.2720642894806,190.2313323329579,HI,Maui,Maui,PK,PK Park,Yes,No,No,Nonresidential,No,No,Prohibited,Prohibited,Prohibited,Prohibited,,,,,,,,,,,,,,,,,,,,,,,,,,,No,No,,,,,,,,,,No,No,,,,,,No,No,,,,,,,,,,,,,,,,,,Prohibited,,,,,,,No,No,,,,Prohibited,,,,,,,,,,,Prohibited,No,,,,,,False,False,False,False,False,False,A,A,A,A,No,No,No,No,No,
246,HI--MAUI--PK(GC),HI,Maui,PK(GC),1924.4050694418986,88.29557337298905,1836.1094960689095,HI,Maui,Maui,PK(GC),PK/GC Park Golf Course,Yes,Yes,No,Nonresidential,No,No,Prohibited,Prohibited,Prohibited,Prohibited,,,,,,,,,,,,,,,,,,,,,,,,,,,,,,,,,,,,,,,,,,,,,,,,,,,,,,,,,,,,,,,,Prohibited,,,,,,,No,No,,,,Prohibited,,,,,,,,,,,Prohibited,No,,,,,,False,False,False,False,False,False,A,A,A,A,No,No,No,No,No,
247,HI--MAUI--PR,HI,Maui,PR,93.27012739862397,10.419720084591045,82.85040731403292,,,,,,,,,,,,,,,,,,,,,,,,,,,,,,,,,,,,,,,,,,,,,,,,,,,,,,,,,,,,,,,,,,,,,,,,,,,,,,,,,,,,,,,,,,,,,,,,,,,,,,,,,,,,,,,,,,,,,,,,,,,,
248,HI--MAUI--R,HI,Maui,R,649.8817354344453,4.6031927779017385,645.2785426565436,HI,Maui,Maui,R,R Rural,Yes,Yes,No,Mixed with Residential,No,No,Allowed/Conditional,Prohibited,Prohibited,Prohibited,0.5,25,15,15,None,None,"2 + 1/add'l 1,000 sqft",,,None,None,,,,,,,,,,,,,,,,No,No,,,,,,,,,,No,No,,,,,,No,No,,,,,,,,,,,,,,,,,,Not Mentioned,None,No,None,None,None,None,No,No,None,None,None,Allowed/Conditional,,No,No,No,0.5,1,No,None,840 (see note),None,Allowed/Conditional,No,"3 (if within the State Urban District, 10 if not within)",Base Standard,None,"ADU maximum size: 21,780 to 43,559 sq ft: 840 sq ft, 43,560 to 87,119 sq ft: 960 sq, 87,120 sq ft or more: 1,200 sq ft",,True,False,False,False,False,False,C,A,A,A,No,No,No,No,No,"2 + 1/add'l 1,000 sqft for 1-family"
249,HI--MAUI--R0,HI,Maui,R-0,14.045100925893628,0.5781518308992059,13.466949094994423,HI,Maui,Maui,R-0,R-0 Zero Lot Line Residential,Yes,No,No,Primarily Residential,No,No,Allowed/Conditional,Prohibited,Prohibited,Prohibited,0.06,10,See Special Notes,See Special Notes,,,"2 + 1/add'l 1,000 sqft",2,30,None,None,No,No,,,,,,,,,,,,,,No,No,,,,,,,,,,No,No,,,,,,No,No,,,,,,,,,,,,,,,,,,Allowed/Conditional,NoneThe purpose and intent of the R-O zero lot line residential district is to encourage affordable housing in a district which retains the character of a single-family residential district with cost savings attributable to less street frontage per zoning lot and smaller lot sizes.,No,None,None,None,None,No,No,None,None,None,Prohibited,No,No,No,No,,,No,,,,Allowed/Conditional,No,"3 (if within the State Urban District, 10 if not within)",Base standard,None,"R-0 applies to all of Maui County except the island of Molokai; Additional setback standards: Access Yard Setback Line. There shall be an access yard setback line of fifteen feet; Zero Lot Line. Not more than one zero lot line shall be permitted in accordance with the standards established in this chapter; provided that no other zero lot line shall be permitted to allow two private garages or carports on two abutting lots to adjoin; Setback for Alternating Zero Lot Lines. For lots where a zero lot line of a lot is not adjoined by a zero lot line of an adjacent lot, this adjacent lot shall provide a ten-foot setback line that shall include within the setback a five-foot wide maintenance easement pursuant to section 19.84.050 of this chapter; Other Setback Lines. Except for the front setback line, access yard setback line, zero lot lines, and setback for alternating zero lot lines, there shall be setbacks from all other lot lines of not less than six feet for a lot upon which a one-story dwelling unit is built and not less than ten feet for a lot upon which a two-story dwelling unit is built; and Additional Yard. Except for the front setback line and the zero setback line and the alternating zero setback lines, there shall be at least one other yard of not less than two hundred twenty-five square feet with a width of ten feet.",,False,False,False,False,False,False,B,A,A,A,No,No,No,No,No,"2 + 1/add'l 1,000 sqft for 1-family"
250,HI--MAUI--R1,HI,Maui,R-1,1072.603387913527,33.71489423932995,1038.8884936741972,HI,Maui,Maui,R-1,R-1 Residential,Yes,No,No,Primarily Residential,No,No,Allowed/Conditional,Prohibited,Prohibited,Prohibited,0.14,15,6 (10 for 2 story buildings),6 (10 for 2 story buildings),,,"2 + 1/add'l 1,000 sqft",2,30,None,None,No,No,0.14,None,15,6 (10 for 2 story buildings),6 (10 for 2 story buildings),None,None,None,None,2,30,None,None,No,No,,,,,,,,,,No,No,,,,,,No,No,,,,,,,,,,,,,,,,,,Not Mentioned,None,No,None,None,None,None,No,No,None,None,None,Allowed/Conditional,No,No,No,No,0.14,1,No,None,500,None,Allowed/Conditional,No,"3 (if within the State Urban District, 10 if not within), 0.41 - cluster housing","7.26; Cluster housing - total project area / 6,000 sf",None; Cluster housing - max 8 units in one structure,,,True,False,False,False,False,False,B,B,A,A,No,No,No,No,No,"2 + 1/add'l 1,000 sqft for 1-family; None for 2-family (total); None for 2-family (per studio/1br)"
251,HI--MAUI--R2,HI,Maui,R-2,2421.722946087869,291.1166879033696,2130.6062581844994,HI,Maui,Maui,R-2,R-2 Residential,Yes,No,No,Primarily Residential,No,No,Allowed/Conditional,Prohibited,Prohibited,Prohibited,0.17,15,6 (10 for 2 story buildings),6 (10 for 2 story buildings),,,"2 + 1/add'l 1,000 sqft",2,30,None,None,No,No,0.17,None,15,6 (10 for 2 story buildings),6 (10 for 2 story buildings),None,None,None,None,2,30,None,None,No,No,,,,,,,,,,No,No,,,,,,No,No,,,,,,,,,,,,,,,,,,Not Mentioned,None,No,None,None,None,None,No,No,None,None,None,Allowed/Conditional,No,No,No,No,0.17,1,No,None,600,None,Allowed/Conditional,No,"3 (if within the State Urban District, 10 if not within), 0.51 - cluster housing","5.81; Cluster housing - total project area / 7,500 sf",None; Cluster housing - max 8 units in one structure,,,True,False,False,False,False,False,B,B,A,A,No,No,No,No,No,"2 + 1/add'l 1,000 sqft for 1-family; None for 2-family (total); None for 2-family (per studio/1br)"
252,HI--MAUI--R3,HI,Maui,R-3,3547.116793438734,404.60348634562615,3142.513307093108,HI,Maui,Maui,R-3,R-3 Residential,Yes,No,No,Primarily Residential,No,No,Allowed/Conditional,Prohibited,Prohibited,Prohibited,0.23,15,6 (10 for 2 story buildings),6 (10 for 2 story buildings),,,"2 + 1/add'l 1,000 sqft",2,30,None,None,No,No,0.23,None,15,6 (10 for 2 story buildings),6 (10 for 2 story buildings),None,None,None,None,2,30,None,None,No,No,,,,,,,,,,No,No,,,,,,No,No,,,,,,,,,,,,,,,,,,Not Mentioned,None,No,None,None,None,None,No,No,None,None,None,Allowed/Conditional,No,No,No,No,0.23,1,No,None,720 (see note),None,Allowed/Conditional,No,"3 (if within the State Urban District, 10 if not within), 0.69 - cluster housing","4.36; Cluster housing - total project area / 10,000 sf",None; Cluster housing - max 8 units in one structure,"ADU maximum size: 10,000 to 21,779 sq ft: 720 sq ft, 21,780 to 43,559 sq ft: 840 sq ft, 43,560 to 87,119 sq ft: 960 sq, 87,120 sq ft or more: 1,200 sq ft",,True,False,False,False,False,False,B,B,A,A,No,No,No,No,No,"2 + 1/add'l 1,000 sqft for 1-family; None for 2-family (total); None for 2-family (per studio/1br)"
253,HI--MAUI--RESWRA,HI,Maui,RES-WRA,7.096618878128531,0.05107510163580102,7.04554377649273,HI,Maui,Maui,RES-WRA,Residential - WRA,Yes,No,No,Primarily Residential,No,No,Allowed/Conditional,Prohibited,Prohibited,Prohibited,0.14,15,10,10,None,None,"2 + 1/add'l 1,000 sqft",2,30,None,None,,,0.14,,,,,,,,,,,,,No,No,,,,,,,,,,No,No,,,,,,No,No,,,,,,,,,,,,,,,,,,Not Mentioned,None,No,None,None,None,None,No,No,None,None,None,Allowed/Conditional,,No,No,No,0.14,1,No,None,500,None,Allowed/Conditional,No,"3 (if within the State Urban District, 10 if not within)",Base Standard,None,,,True,False,False,False,False,False,B,B,A,A,No,No,No,No,No,"2 + 1/add'l 1,000 sqft for 1-family"
254,HI--MAUI--ROAD,HI,Maui,ROAD,7163.2212629681935,299.26970094098573,6863.951562027208,,,,,,,,,,,,,,,,,,,,,,,,,,,,,,,,,,,,,,,,,,,,,,,,,,,,,,,,,,,,,,,,,,,,,,,,,,,,,,,,,,,,,,,,,,,,,,,,,,,,,,,,,,,,,,,,,,,,,,,,,,,,
255,HI--MAUI--RU0.5,HI,Maui,RU-0.5,2476.440649603908,276.80784024957666,2199.632809354331,HI,Maui,Maui,RU-0.5,RU-0.5 Rural - 1/2 Acre,Yes,No,No,Mixed with Residential,No,No,Allowed/Conditional,Prohibited,Prohibited,Prohibited,0.5,25,15,15,None,None,"2 + 1/add'l 1,000 sqft",2,30,None,None,,,,,,,,,,,,,,,,No,No,,,,,,,,,,No,No,,,,,,No,No,,,,,,,,,,,,,,,,,,Not Mentioned,None,No,None,None,None,None,No,No,None,None,None,Allowed/Conditional,No,No,No,No,0.5,1,No,None,840 (see note),None,Allowed/Conditional,No,"3 (if within the State Urban District, 10 if not within)",Base Standard,None,"ADU maximum size: 21,780 to 43,559 sq ft: 840 sq ft, 43,560 to 87,119 sq ft: 960 sq, 87,120 sq ft or more: 1,200 sq ft",,True,False,False,False,False,False,C,A,A,A,No,No,No,No,No,"2 + 1/add'l 1,000 sqft for 1-family"
256,HI--MAUI--RU1.0,HI,Maui,RU-1.0,179.62600919627496,0.021323776663964913,179.604685419611,HI,Maui,Maui,RU-1.0,RU-1.0 Rural - 1 Acre,Yes,No,No,Mixed with Residential,No,No,Allowed/Conditional,Prohibited,Prohibited,Prohibited,1,35,20,20,None,None,"2 + 1/add'l 1,000 sqft",2,30,None,None,,,,,,,,,,,,,,,,No,No,,,,,,,,,,No,No,,,,,,No,No,,,,,,,,,,,,,,,,,,Not Mentioned,None,No,None,None,None,None,No,No,None,None,None,Allowed/Conditional,No,No,No,No,1,1,No,None,960 (see note),None,Allowed/Conditional,No,"3 (if within the State Urban District, 10 if not within)",4.36,None,"ADU maximum size: 43,560 to 87,119 sq ft: 960 sq, 87,120 sq ft or more: 1,200 sq ft",,True,False,False,False,False,False,D,A,A,A,No,No,No,No,No,"2 + 1/add'l 1,000 sqft for 1-family"
257,HI--MAUI--SBR,HI,Maui,SBR,1.9550174069096204,0.003633705030875086,1.9513837018787454,HI,Maui,Maui,SBR,SBR - Service Business Residential,Yes,No,No,Mixed with Residential,No,No,Allowed/Conditional,Allowed/Conditional,Prohibited,Prohibited,0.14,15,6,10,None,None,2,Not listed,30,None,None,No,No,0.14,None,15,15,15,35,35,"2 + 1/add'l 1,000 sqft","2 + 1/add'l 1,000 sqft",None,30,None,None,No,No,,,,,,,,,,No,No,,,,,,No,No,,,,,,,,,,,,,,,,,,Not Mentioned,None,No,None,None,None,None,No,No,None,None,None,Allowed/Conditional,No,No,No,No,0.14,1,No,None,500,None,Allowed/Conditional,No,"3 (if within the State Urban District, 10 if not within)",Base Standard,None,,,True,False,False,False,False,False,B,B,A,A,No,No,No,No,No,"2 for 1-family; 2 + 1/add'l 1,000 sqft for 2-family (total); 2 + 1/add'l 1,000 sqft for 2-family (per studio/1br)"
258,HI--MAUI--UR,HI,Maui,UR,156.4966346519428,9.130027743526822,147.36660690841597,HI,Maui,Maui,UR,UR Urban Reserve,Yes,No,No,Primarily Residential,No,No,Allowed/Conditional,Prohibited,Prohibited,Prohibited,0.14,15,6,6,None,None,"2 + 1/add'l 1,000 sqft",2,30,None,None,,,,,,,,,,,,,,,,No,No,,,,,,,,,,No,No,,,,,,No,No,,,,,,,,,,,,,,,,,,Not Mentioned,None,No,None,None,None,None,No,No,None,None,None,Allowed/Conditional,,No,No,No,0.14,1,No,None,500,None,Allowed/Conditional,No,"3 (if within the State Urban District, 10 if not within)",Base Standard,None,This district is prohibited on Moloka'i,,True,False,False,False,False,False,B,A,A,A,No,No,No,No,No,"2 + 1/add'l 1,000 sqft for 1-family"
259,HI--MAUI--UZR,HI,Maui,UZR,0.29219216061222225,0.0,0.29219216061222225,,,,,,,,,,,,,,,,,,,,,,,,,,,,,,,,,,,,,,,,,,,,,,,,,,,,,,,,,,,,,,,,,,,,,,,,,,,,,,,,,,,,,,,,,,,,,,,,,,,,,,,,,,,,,,,,,,,,,,,,,,,,
260,HI--MAUI--WCT,HI,Maui,WCT,503.995124242458,0.3396734071918872,503.65545083526615,HI,Maui,Maui,WCT,Waikapu Country Town District,Yes,No,No,Primarily Residential,No,No,Allowed/Conditional,Allowed/Conditional,Allowed/Conditional,Allowed/Conditional,,,,,,,,,,,,,,,,,,,,,,,,,,,,,,,,,,,,"2 + 1/add'l 1,000 sqft)","2 + 1/add'l 1,000 sqft)",,,,,,,,,,,,,,,,,"2 + 1/add'l 1,000 sqft)","2 + 1/add'l 1,000 sqft)",,,,,,,,,Not Mentioned,None,No,None,None,None,None,No,No,None,None,None,Allowed/Conditional,No,No,No,No,,1,No,None,,None,Allowed/Conditional,No,"3 (if within the State Urban District, 10 if not within)",Base Standard,None,"Max density across all residential development is roughly 6.25 DU/acre (228.668 residential acres can accommodate a max of 1,426 DUs)",,False,False,False,False,False,False,A,A,A,A,No,No,No,No,No,"2 + 1/add'l 1,000 sqft) for 3-family (total); 2 + 1/add'l 1,000 sqft) for 3-family (per studio/1br); 2 + 1/add'l 1,000 sqft) for 4+ family (total); 2 + 1/add'l 1,000 sqft) for 2+ family (per studio/1br)"
