{"type":"FeatureCollection","features":[{"type":"Feature","geometry":{"type":"MultiPolygon","coordinates":[[[[-156.91723,21.17022],[-156.91748,21.16995],[-156.9177,21.1694],[-156.91786,21.16922],[-156.91868,21.1688],[-156.91913,21.16864],[-156.9194,21.16862],[-156.91989,21.16868],[-156.9208,21.16895],[-156.92136,21.16939],[-156.92164,21.1695],[-156.92233,21.1696],[-156.92282,21.16963],[-156.92351,21.16972],[-156.92383,21.16969],[-156.92441,21.16944],[-156.92502,21.16938],[-156.92599,21.16957],[-156.92645,21.16957],[-156.92672,21.16962],[-156.92697,21.16985],[-156.92701,21.17011],[-156.92714,21.17037],[-156.92709,21.17093],[-156.92725,21.17128],[-156.92769,21.17173],[-156.92823,21.17214],[-156.92845,21.17241],[-156.92856,21.1727],[-156.92884,21.17279],[-156.92934,21.17274],[-156.92944,21.17255],[-156.92917,21.17198],[-156.92901,21.17138],[-156.92871,21.17096],[-156.92878,21.17064],[-156.92895,21.17048],[-156.92996,21.16993],[-156.93055,21.16956],[-156.93076,21.16949],[-156.93138,21.16915],[-156.93191,21.16907],[-156.93232,21.16917],[-156.93298,21.16941],[-156.93384,21.16945],[-156.93471,21.16958],[-156.93559,21.16981],[-156.93633,21.17015],[-156.93668,21.17035],[-156.93764,21.17108],[-156.93826,21.1714],[-156.93888,21.17152],[-156.93942,21.17157],[-156.93948,21.17163],[-156.9406,21.17168],[-156.9415,21.17178],[-156.94226,21.17193],[-156.94257,21.17205],[-156.94309,21.17236],[-156.9437,21.17279],[-156.94434,21.17329],[-156.9445,21.17361],[-156.94445,21.17401],[-156.94456,21.17451],[-156.94446,21.17506],[-156.94454,21.17547],[-156.94448,21.17597],[-156.94475,21.17646],[-156.94502,21.17672],[-156.94497,21.17689],[-156.94516,21.17696],[-156.94556,21.1766],[-156.94571,21.17668],[-156.9457,21.17688],[-156.94557,21.17718],[-156.94612,21.17768],[-156.94632,21.17797],[-156.94633,21.17822],[-156.94646,21.17833],[-156.94671,21.17823],[-156.94691,21.1784],[-156.94719,21.17839],[-156.94716,21.17885],[-156.94761,21.17909],[-156.94809,21.17961],[-156.948,21.18038],[-156.94806,21.18106],[-156.94801,21.18172],[-156.94817,21.18253],[-156.94809,21.18292],[-156.94835,21.18326],[-156.94878,21.18333],[-156.94863,21.18372],[-156.94834,21.18398],[-156.94847,21.18487],[-156.94861,21.18523],[-156.94892,21.18542],[-156.94863,21.18575],[-156.94812,21.18588],[-156.94841,21.18609],[-156.9485,21.18639],[-156.94839,21.18686],[-156.94878,21.18714],[-156.94923,21.1873],[-156.94904,21.18752],[-156.94881,21.18852],[-156.94934,21.18864],[-156.94928,21.18943],[-156.95012,21.18969],[-156.94987,21.19007],[-156.94963,21.19022],[-156.94977,21.19045],[-156.95001,21.19059],[-156.9502,21.19053],[-156.9503,21.19081],[-156.95047,21.19093],[-156.95035,21.19124],[-156.95038,21.19154],[-156.95056,21.19158],[-156.95079,21.1914],[-156.95088,21.19166],[-156.95072,21.1919],[-156.95096,21.19197],[-156.95139,21.19169],[-156.95149,21.19176],[-156.95154,21.19216],[-156.95164,21.19231],[-156.95154,21.19272],[-156.95166,21.19319],[-156.95184,21.19325],[-156.95213,21.19352],[-156.95204,21.19382],[-156.95245,21.1939],[-156.9522,21.19478],[-156.95235,21.1949],[-156.95233,21.1951],[-156.95281,21.19508],[-156.95271,21.19554],[-156.95275,21.19566],[-156.95314,21.19574],[-156.95329,21.19554],[-156.95341,21.196],[-156.95358,21.19631],[-156.95387,21.19625],[-156.95407,21.19678],[-156.95433,21.19667],[-156.95438,21.19723],[-156.95453,21.1974],[-156.95474,21.19746],[-156.95496,21.1978],[-156.95515,21.19787],[-156.95512,21.19808],[-156.95538,21.19805],[-156.95549,21.19817],[-156.95532,21.19852],[-156.95566,21.19874],[-156.95607,21.19889],[-156.95621,21.19904],[-156.95618,21.1992],[-156.95584,21.19947],[-156.95578,21.1998],[-156.95596,21.20023],[-156.9559,21.20047],[-156.95627,21.2003],[-156.95641,21.20037],[-156.95641,21.20059],[-156.95665,21.20089],[-156.95677,21.20068],[-156.95708,21.20087],[-156.95688,21.20099],[-156.9572,21.20134],[-156.95699,21.20162],[-156.95706,21.20198],[-156.95702,21.20214],[-156.95753,21.20203],[-156.95752,21.20221],[-156.95779,21.20234],[-156.95752,21.20262],[-156.95769,21.20278],[-156.95776,21.20299],[-156.95763,21.20323],[-156.95768,21.20347],[-156.95744,21.20356],[-156.95767,21.20372],[-156.95755,21.20415],[-156.9572,21.20437],[-156.95712,21.20464],[-156.95737,21.20472],[-156.95737,21.205],[-156.95758,21.20522],[-156.95749,21.20545],[-156.9579,21.20582],[-156.95816,21.20584],[-156.95799,21.2061],[-156.95795,21.20643],[-156.95816,21.20644],[-156.95841,21.20633],[-156.95851,21.20606],[-156.95866,21.20627],[-156.95854,21.20659],[-156.95876,21.20672],[-156.95897,21.20674],[-156.95912,21.20693],[-156.95912,21.20713],[-156.9593,21.20745],[-156.95941,21.20747],[-156.9597,21.2072],[-156.95983,21.20726],[-156.95978,21.20767],[-156.95963,21.20789],[-156.95987,21.20806],[-156.9597,21.20839],[-156.95973,21.2086],[-156.95991,21.20863],[-156.9599,21.20883],[-156.96006,21.20904],[-156.96039,21.20901],[-156.96075,21.20919],[-156.96083,21.20951],[-156.96124,21.20965],[-156.9615,21.20943],[-156.96182,21.20963],[-156.96201,21.20957],[-156.96214,21.20985],[-156.96275,21.20967],[-156.96292,21.20998],[-156.96347,21.20992],[-156.96392,21.21015],[-156.96408,21.21039],[-156.96403,21.21066],[-156.96385,21.21081],[-156.96397,21.211],[-156.96448,21.21117],[-156.96477,21.2114],[-156.96497,21.21133],[-156.96504,21.21161],[-156.96552,21.21172],[-156.96561,21.21207],[-156.96579,21.21217],[-156.96588,21.21256],[-156.96561,21.21292],[-156.96565,21.21311],[-156.96542,21.21349],[-156.96553,21.2136],[-156.96576,21.2135],[-156.96583,21.21334],[-156.96609,21.21329],[-156.96616,21.21365],[-156.96629,21.21379],[-156.96678,21.21392],[-156.96684,21.21405],[-156.9671,21.21387],[-156.96736,21.21404],[-156.96751,21.21391],[-156.9677,21.21399],[-156.96787,21.21388],[-156.96802,21.21404],[-156.96817,21.21384],[-156.96837,21.21402],[-156.96876,21.21357],[-156.96896,21.21363],[-156.96881,21.21389],[-156.96899,21.21419],[-156.96918,21.21426],[-156.96921,21.21447],[-156.96945,21.21434],[-156.96962,21.2145],[-156.97017,21.2147],[-156.97043,21.21495],[-156.97075,21.21513],[-156.97097,21.21514],[-156.97102,21.21528],[-156.97127,21.21533],[-156.97116,21.21494],[-156.97145,21.21498],[-156.97185,21.21469],[-156.97182,21.21492],[-156.97208,21.21502],[-156.97214,21.21477],[-156.97204,21.21464],[-156.97206,21.21432],[-156.97227,21.21399],[-156.97261,21.21398],[-156.97266,21.21418],[-156.97291,21.21412],[-156.97305,21.21388],[-156.97333,21.21388],[-156.97357,21.21374],[-156.97398,21.21338],[-156.97462,21.21338],[-156.97472,21.21357],[-156.9749,21.21357],[-156.97523,21.21412],[-156.97545,21.21409],[-156.97536,21.21347],[-156.97553,21.21331],[-156.97563,21.21351],[-156.9758,21.21352],[-156.97582,21.21321],[-156.97618,21.21294],[-156.97652,21.21279],[-156.97664,21.21266],[-156.97673,21.21224],[-156.97688,21.2121],[-156.97693,21.2119],[-156.97675,21.21159],[-156.97679,21.21123],[-156.97693,21.21098],[-156.97685,21.21073],[-156.97702,21.2105],[-156.97749,21.21035],[-156.97758,21.21019],[-156.97785,21.21026],[-156.97811,21.21015],[-156.97823,21.20985],[-156.97867,21.20973],[-156.97882,21.20948],[-156.97961,21.20884],[-156.98008,21.20856],[-156.98043,21.20767],[-156.98043,21.20724],[-156.98067,21.20694],[-156.98104,21.20681],[-156.98131,21.20697],[-156.98156,21.207],[-156.9816,21.20678],[-156.98123,21.20629],[-156.98084,21.20601],[-156.98067,21.20577],[-156.9805,21.20568],[-156.97986,21.20561],[-156.97971,21.2055],[-156.97951,21.20518],[-156.97936,21.20478],[-156.97942,21.20378],[-156.97958,21.20307],[-156.97975,21.20204],[-156.97992,21.20172],[-156.98007,21.20163],[-156.98032,21.20163],[-156.98045,21.20149],[-156.98106,21.20132],[-156.98123,21.20119],[-156.98181,21.20101],[-156.98197,21.20072],[-156.98174,21.20038],[-156.98172,21.20007],[-156.98144,21.19936],[-156.98156,21.19905],[-156.98181,21.19883],[-156.98232,21.19823],[-156.9828,21.19773],[-156.98313,21.19697],[-156.98305,21.19683],[-156.98304,21.19594],[-156.98315,21.19542],[-156.98357,21.19419],[-156.98361,21.19381],[-156.98361,21.19313],[-156.98383,21.19253],[-156.9841,21.19226],[-156.98471,21.19216],[-156.98485,21.19206],[-156.98504,21.19215],[-156.98526,21.19197],[-156.98532,21.19173],[-156.98516,21.19152],[-156.98517,21.19134],[-156.98503,21.19116],[-156.98497,21.19053],[-156.98488,21.1903],[-156.98514,21.19005],[-156.98493,21.18997],[-156.9848,21.19011],[-156.9846,21.18972],[-156.98457,21.18945],[-156.98465,21.18899],[-156.98474,21.18885],[-156.98466,21.18864],[-156.98482,21.18827],[-156.98455,21.18794],[-156.98455,21.18776],[-156.98474,21.18769],[-156.98485,21.18719],[-156.98477,21.18691],[-156.98494,21.18668],[-156.98491,21.18646],[-156.98506,21.18621],[-156.98535,21.18592],[-156.9859,21.18553],[-156.98586,21.18524],[-156.98613,21.18506],[-156.98627,21.18487],[-156.98625,21.18447],[-156.9865,21.18422],[-156.98706,21.18391],[-156.98705,21.18368],[-156.98715,21.18352],[-156.98795,21.18269],[-156.9884,21.18238],[-156.989,21.18219],[-156.98944,21.18191],[-156.99001,21.18171],[-156.99016,21.1816],[-156.99098,21.18119],[-156.9915,21.18087],[-156.99182,21.18076],[-156.99238,21.18068],[-156.99288,21.18035],[-156.99312,21.18028],[-156.99349,21.18027],[-156.99383,21.18011],[-156.99436,21.18012],[-156.9946,21.18006],[-156.99504,21.17984],[-156.99588,21.17959],[-156.99645,21.17956],[-156.99741,21.17932],[-156.99767,21.17932],[-156.99798,21.1792],[-156.99913,21.1792],[-156.99948,21.17925],[-156.99971,21.17914],[-157.0,21.17917],[-157.00017,21.17903],[-157.00065,21.17913],[-157.00141,21.17941],[-157.00195,21.17956],[-157.00222,21.17968],[-157.00264,21.17998],[-157.0029,21.18024],[-157.00337,21.18044],[-157.00377,21.18069],[-157.00392,21.18091],[-157.00415,21.18095],[-157.00432,21.18109],[-157.00461,21.18107],[-157.00512,21.18124],[-157.00535,21.18121],[-157.00565,21.18136],[-157.00609,21.1815],[-157.00652,21.18153],[-157.00679,21.18166],[-157.00737,21.18166],[-157.00822,21.18189],[-157.0092,21.18179],[-157.00957,21.18189],[-157.01004,21.18193],[-157.0103,21.18218],[-157.01068,21.18222],[-157.01098,21.18239],[-157.01159,21.18244],[-157.01227,21.18272],[-157.01255,21.18298],[-157.0128,21.18307],[-157.01291,21.18333],[-157.01337,21.18345],[-157.01358,21.18363],[-157.01405,21.18375],[-157.01428,21.18392],[-157.01458,21.18393],[-157.01461,21.18235],[-157.01402,21.18245],[-157.01328,21.18218],[-157.01284,21.18192],[-157.01214,21.18176],[-157.01151,21.18122],[-157.01094,21.18081],[-157.01029,21.18076],[-157.00968,21.18065],[-157.00924,21.18023],[-157.0083,21.18016],[-157.00795,21.18003],[-157.00764,21.1797],[-157.00745,21.17925],[-157.00701,21.17912],[-157.00613,21.17914],[-157.00581,21.17892],[-157.00563,21.17855],[-157.00562,21.17818],[-157.00541,21.17797],[-157.005,21.17794],[-157.00469,21.17787],[-157.00439,21.17766],[-157.00389,21.17741],[-157.00347,21.1771],[-157.00309,21.17634],[-157.00286,21.17612],[-157.00254,21.17633],[-157.00254,21.1766],[-157.00269,21.17693],[-157.00306,21.17734],[-157.00319,21.17755],[-157.00321,21.17778],[-157.00338,21.17791],[-157.00393,21.17802],[-157.00422,21.17818],[-157.00428,21.17842],[-157.00412,21.17851],[-157.00364,21.17844],[-157.00321,21.1783],[-157.00081,21.17792],[-157.0,21.17785],[-156.99807,21.17798],[-156.99545,21.17827],[-156.99391,21.17787],[-156.99333,21.17802],[-156.99293,21.17769],[-156.99206,21.17792],[-156.99136,21.17801],[-156.99053,21.17828],[-156.9901,21.1783],[-156.98944,21.17827],[-156.98877,21.17852],[-156.98773,21.17841],[-156.98667,21.17854],[-156.9851,21.17908],[-156.98402,21.17919],[-156.98351,21.17894],[-156.98273,21.17889],[-156.98193,21.17852],[-156.98135,21.17808],[-156.9808,21.1779],[-156.9799,21.17804],[-156.97933,21.1781],[-156.97877,21.17781],[-156.97745,21.17688],[-156.97703,21.17694],[-156.97647,21.17655],[-156.97556,21.17632],[-156.97534,21.1759],[-156.97416,21.17536],[-156.9739,21.17537],[-156.97364,21.17524],[-156.97389,21.17487],[-156.97376,21.17426],[-156.97371,21.17368],[-156.97362,21.17327],[-156.97317,21.17301],[-156.97231,21.17124],[-156.97187,21.16984],[-156.97142,21.1689],[-156.97187,21.16851],[-156.9721,21.16768],[-156.97177,21.16667],[-156.97163,21.16565],[-156.97129,21.16558],[-156.97116,21.16524],[-156.97014,21.16458],[-156.96933,21.1639],[-156.96923,21.16365],[-156.96872,21.16326],[-156.96819,21.16264],[-156.96764,21.16205],[-156.96751,21.16209],[-156.96562,21.16051],[-156.96505,21.15985],[-156.96537,21.15934],[-156.96251,21.15937],[-156.96171,21.16054],[-156.95985,21.16153],[-156.96012,21.16191],[-156.96089,21.16168],[-156.96144,21.16212],[-156.96208,21.16217],[-156.9626,21.1623],[-156.96274,21.16251],[-156.96235,21.16272],[-156.96222,21.16291],[-156.96233,21.16326],[-156.96262,21.16352],[-156.96312,21.1638],[-156.96403,21.16487],[-156.96475,21.16567],[-156.96481,21.16602],[-156.96468,21.16639],[-156.96447,21.16675],[-156.96398,21.1662],[-156.96367,21.16645],[-156.96368,21.16688],[-156.96393,21.16749],[-156.96364,21.16747],[-156.96347,21.16756],[-156.96346,21.16803],[-156.96328,21.16863],[-156.96323,21.1693],[-156.96273,21.16991],[-156.96273,21.17059],[-156.9626,21.17109],[-156.96301,21.17204],[-156.96283,21.17271],[-156.96263,21.17355],[-156.96268,21.17426],[-156.96239,21.17473],[-156.96249,21.17522],[-156.96184,21.17554],[-156.96164,21.17606],[-156.96262,21.17774],[-156.96307,21.179],[-156.96317,21.17955],[-156.963,21.18002],[-156.96239,21.18011],[-156.96188,21.17968],[-156.96144,21.17973],[-156.96103,21.17943],[-156.96067,21.17936],[-156.96055,21.17902],[-156.96042,21.17837],[-156.95979,21.17719],[-156.95985,21.17677],[-156.9594,21.1764],[-156.95908,21.17596],[-156.95915,21.17568],[-156.9588,21.17524],[-156.95871,21.17455],[-156.95933,21.17215],[-156.95915,21.17064],[-156.95896,21.1698],[-156.95874,21.16922],[-156.95911,21.16813],[-156.95917,21.16703],[-156.95897,21.16402],[-156.95901,21.16372],[-156.95863,21.16336],[-156.95873,21.16238],[-156.95893,21.16095],[-156.95841,21.15995],[-156.95785,21.15892],[-156.9576,21.15804],[-156.95664,21.15715],[-156.95612,21.15669],[-156.95636,21.15587],[-156.95587,21.1559],[-156.95555,21.15584],[-156.95522,21.15538],[-156.95453,21.15526],[-156.9543,21.15481],[-156.95365,21.15481],[-156.95286,21.15426],[-156.95195,21.15373],[-156.95104,21.15346],[-156.95005,21.15375],[-156.94922,21.15433],[-156.94829,21.1542],[-156.94775,21.15444],[-156.94766,21.1548],[-156.94813,21.15531],[-156.94794,21.1558],[-156.94724,21.15601],[-156.94668,21.15611],[-156.94667,21.15698],[-156.94607,21.15711],[-156.94536,21.15706],[-156.94458,21.1573],[-156.94416,21.15767],[-156.94423,21.15796],[-156.94471,21.15802],[-156.94499,21.15848],[-156.94421,21.15859],[-156.94328,21.15909],[-156.94301,21.15948],[-156.9426,21.15999],[-156.94214,21.16017],[-156.94184,21.15995],[-156.94157,21.15963],[-156.94167,21.15813],[-156.94184,21.15789],[-156.94161,21.15755],[-156.94148,21.15695],[-156.94163,21.15621],[-156.94131,21.15624],[-156.94085,21.15598],[-156.94026,21.15572],[-156.93918,21.15545],[-156.93892,21.15455],[-156.93851,21.15442],[-156.9383,21.15464],[-156.93797,21.15456],[-156.93773,21.15399],[-156.93735,21.15375],[-156.93694,21.15335],[-156.93686,21.15302],[-156.93714,21.15279],[-156.93707,21.15246],[-156.93627,21.15199],[-156.9363,21.15157],[-156.93609,21.15112],[-156.9356,21.15093],[-156.93508,21.15078],[-156.93499,21.1503],[-156.93468,21.14936],[-156.93433,21.1489],[-156.93406,21.14871],[-156.93382,21.14787],[-156.93305,21.1468],[-156.93254,21.14603],[-156.93231,21.14545],[-156.93189,21.14527],[-156.93158,21.14505],[-156.93162,21.1446],[-156.93139,21.1441],[-156.93108,21.14369],[-156.93099,21.1435],[-156.93112,21.14313],[-156.93104,21.14277],[-156.93071,21.14264],[-156.93089,21.14166],[-156.93054,21.14128],[-156.93016,21.14133],[-156.92988,21.14152],[-156.92974,21.14124],[-156.92983,21.14089],[-156.92984,21.13962],[-156.92936,21.13892],[-156.9288,21.13821],[-156.92816,21.13773],[-156.92747,21.13761],[-156.92608,21.13662],[-156.92532,21.13586],[-156.92428,21.13398],[-156.92258,21.1321],[-156.92125,21.13101],[-156.91968,21.13007],[-156.91807,21.12948],[-156.91494,21.12967],[-156.9105,21.13031],[-156.90938,21.1305],[-156.90398,21.13118],[-156.90024,21.13162],[-156.90085,21.13252],[-156.90166,21.13328],[-156.90171,21.1343],[-156.90129,21.13544],[-156.90118,21.13606],[-156.90135,21.13693],[-156.90114,21.13799],[-156.9008,21.13908],[-156.90037,21.13976],[-156.8998,21.14006],[-156.89937,21.1406],[-156.89895,21.14083],[-156.89924,21.14145],[-156.89921,21.1421],[-156.89967,21.14254],[-156.90049,21.14297],[-156.90052,21.14401],[-156.90028,21.14542],[-156.89927,21.14706],[-156.89888,21.1476],[-156.89807,21.14805],[-156.89636,21.14812],[-156.89602,21.14842],[-156.89603,21.14899],[-156.89609,21.1494],[-156.8964,21.14949],[-156.89735,21.1488],[-156.89832,21.14836],[-156.89914,21.14857],[-156.89969,21.14857],[-156.90032,21.14845],[-156.90054,21.14882],[-156.90098,21.14933],[-156.90147,21.14879],[-156.90235,21.14912],[-156.90281,21.15005],[-156.90348,21.1501],[-156.90409,21.15053],[-156.90454,21.15098],[-156.90509,21.1514],[-156.90552,21.15184],[-156.90617,21.15183],[-156.90664,21.15159],[-156.90695,21.15162],[-156.90693,21.15218],[-156.90704,21.1526],[-156.90818,21.15359],[-156.90864,21.15415],[-156.90881,21.15488],[-156.90883,21.15542],[-156.90918,21.15586],[-156.91,21.15649],[-156.91096,21.15687],[-156.9113,21.15733],[-156.91151,21.15772],[-156.91184,21.15795],[-156.9126,21.15815],[-156.91242,21.15916],[-156.9126,21.15973],[-156.91333,21.15973],[-156.91359,21.16028],[-156.91425,21.16072],[-156.91544,21.1618],[-156.91588,21.16238],[-156.91629,21.16253],[-156.91655,21.16313],[-156.9171,21.16371],[-156.91763,21.16371],[-156.91836,21.16348],[-156.91903,21.16306],[-156.9194,21.16295],[-156.91959,21.16333],[-156.91983,21.16345],[-156.92038,21.16305],[-156.92081,21.16283],[-156.92103,21.16293],[-156.92045,21.16408],[-156.91723,21.17022]]],[[[-156.94955,21.1909],[-156.94965,21.19119],[-156.94963,21.19146],[-156.94991,21.19144],[-156.94986,21.19088],[-156.94955,21.1909]]],[[[-156.9706,21.21547],[-156.97092,21.21549],[-156.97084,21.21529],[-156.9706,21.21547]]],[[[-156.97841,21.21672],[-156.97858,21.21689],[-156.97874,21.21669],[-156.97848,21.21656],[-156.97841,21.21672]]],[[[-156.97664,21.21754],[-156.97649,21.21773],[-156.97663,21.21786],[-156.97684,21.21764],[-156.97664,21.21754]]]]},"properties":{"objectid":1,"geoid20":"15005","name20":"Kalawao","namelsad20":"Kalawao County","aland20":31057603,"awater20":105764468,"pop20":82,"st_areashape":30979764.190757364,"st_perimetershape":51742.62491126703}},{"type":"Feature","geometry":{"type":"MultiPolygon","coordinates":[[[[-159.40181,22.23239],[-159.40204,22.23244],[-159.40219,22.23271],[-159.40268,22.23259],[-159.4028,22.23237],[-159.40305,22.23231],[-159.40282,22.23194],[-159.40282,22.23169],[-159.40251,22.23152],[-159.40248,22.23137],[-159.40221,22.23116],[-159.40226,22.23089],[-159.40274,22.23098],[-159.40322,22.23087],[-159.40343,22.23093],[-159.40367,22.2305],[-159.40409,22.23033],[-159.40419,22.23019],[-159.40438,22.22975],[-159.40438,22.22952],[-159.40461,22.22923],[-159.40459,22.2291],[-159.40482,22.22876],[-159.40479,22.22851],[-159.4045,22.22832],[-159.40439,22.22782],[-159.40469,22.22723],[-159.40537,22.2268],[-159.40564,22.22648],[-159.40605,22.22629],[-159.40627,22.22596],[-159.40719,22.22541],[-159.40775,22.22511],[-159.40822,22.22493],[-159.40924,22.22466],[-159.40969,22.22452],[-159.41022,22.22428],[-159.41068,22.22413],[-159.4124,22.22372],[-159.41268,22.22383],[-159.41283,22.22367],[-159.41343,22.22368],[-159.41402,22.22376],[-159.41422,22.2236],[-159.41435,22.22333],[-159.41446,22.22331],[-159.41487,22.22375],[-159.41498,22.22368],[-159.41503,22.22333],[-159.41519,22.22327],[-159.41556,22.22351],[-159.41568,22.22348],[-159.41577,22.22312],[-159.41593,22.22305],[-159.41623,22.22323],[-159.41688,22.22299],[-159.41719,22.22272],[-159.41769,22.22255],[-159.41803,22.22255],[-159.41843,22.22238],[-159.41895,22.22252],[-159.41919,22.22242],[-159.41995,22.22242],[-159.42011,22.22236],[-159.4204,22.22239],[-159.42058,22.22231],[-159.42085,22.22236],[-159.42098,22.22256],[-159.42128,22.22281],[-159.42178,22.22311],[-159.42235,22.2235],[-159.42256,22.22357],[-159.4234,22.22369],[-159.42348,22.2233],[-159.42364,22.22329],[-159.42371,22.22374],[-159.42387,22.22376],[-159.424,22.22328],[-159.42422,22.22331],[-159.42454,22.22324],[-159.42459,22.22361],[-159.42497,22.2235],[-159.42512,22.22315],[-159.42488,22.22275],[-159.42503,22.22262],[-159.42532,22.22202],[-159.42515,22.22163],[-159.42517,22.22142],[-159.42533,22.22121],[-159.42563,22.22042],[-159.42586,22.22047],[-159.42589,22.22018],[-159.4257,22.21982],[-159.42568,22.21962],[-159.4254,22.2186],[-159.42538,22.21824],[-159.42552,22.21755],[-159.42593,22.21709],[-159.4264,22.21675],[-159.42655,22.21671],[-159.42674,22.21683],[-159.42685,22.21663],[-159.42705,22.21663],[-159.42741,22.21637],[-159.42814,22.21627],[-159.42869,22.21635],[-159.4286,22.21718],[-159.43052,22.21959],[-159.43285,22.21943],[-159.43308,22.21974],[-159.43362,22.22061],[-159.43407,22.22097],[-159.43485,22.22212],[-159.43492,22.22217],[-159.43579,22.22343],[-159.43599,22.22355],[-159.43661,22.22342],[-159.43699,22.22348],[-159.43761,22.22376],[-159.43825,22.22384],[-159.43876,22.22352],[-159.43899,22.22313],[-159.43902,22.2229],[-159.43928,22.22289],[-159.44027,22.22317],[-159.44063,22.22317],[-159.44074,22.22305],[-159.44119,22.22284],[-159.44138,22.22295],[-159.44198,22.22308],[-159.44304,22.22347],[-159.44347,22.22357],[-159.44444,22.2237],[-159.44505,22.22372],[-159.44577,22.22385],[-159.44617,22.22397],[-159.44664,22.22398],[-159.4478,22.22411],[-159.44836,22.22421],[-159.44885,22.22437],[-159.449,22.22446],[-159.44891,22.22488],[-159.44936,22.2254],[-159.44979,22.22545],[-159.45042,22.22544],[-159.45141,22.22547],[-159.45207,22.22545],[-159.45287,22.22553],[-159.45331,22.2256],[-159.45394,22.22581],[-159.4543,22.22635],[-159.455,22.22644],[-159.4561,22.22607],[-159.45665,22.22578],[-159.45759,22.22554],[-159.45924,22.22519],[-159.46023,22.22469],[-159.46148,22.22398],[-159.46185,22.22366],[-159.46241,22.22344],[-159.46334,22.22331],[-159.46419,22.22337],[-159.46455,22.22297],[-159.46509,22.22324],[-159.466,22.22387],[-159.46684,22.22467],[-159.46725,22.22517],[-159.46764,22.22542],[-159.46786,22.22544],[-159.46818,22.22565],[-159.4688,22.22582],[-159.46939,22.22585],[-159.47002,22.22579],[-159.47033,22.22569],[-159.47058,22.22579],[-159.47093,22.22569],[-159.47191,22.22602],[-159.47229,22.22612],[-159.47297,22.22687],[-159.47334,22.22734],[-159.47389,22.22796],[-159.47439,22.22841],[-159.47493,22.22864],[-159.47534,22.22873],[-159.47543,22.22888],[-159.47578,22.22898],[-159.47594,22.2293],[-159.47649,22.22963],[-159.47675,22.22973],[-159.47702,22.22975],[-159.47722,22.22956],[-159.47719,22.22908],[-159.47748,22.22889],[-159.47765,22.22886],[-159.4782,22.22896],[-159.47865,22.22922],[-159.47946,22.22933],[-159.47971,22.22914],[-159.47975,22.22895],[-159.48082,22.22852],[-159.48146,22.2285],[-159.48201,22.22857],[-159.48243,22.22875],[-159.48269,22.22878],[-159.48297,22.22893],[-159.48342,22.22896],[-159.48371,22.22905],[-159.48401,22.22891],[-159.48431,22.22901],[-159.48479,22.22936],[-159.48517,22.22932],[-159.48531,22.22955],[-159.48576,22.22956],[-159.48553,22.22917],[-159.48585,22.2293],[-159.48663,22.22923],[-159.48698,22.229],[-159.48739,22.2289],[-159.48766,22.22856],[-159.48799,22.22855],[-159.48803,22.22829],[-159.48845,22.22821],[-159.48857,22.22811],[-159.48847,22.22791],[-159.48891,22.2276],[-159.489,22.22731],[-159.489,22.227],[-159.48886,22.22668],[-159.48916,22.2266],[-159.48967,22.22672],[-159.48996,22.22652],[-159.4901,22.22613],[-159.49016,22.22575],[-159.49029,22.22573],[-159.49052,22.22597],[-159.49092,22.22617],[-159.49123,22.22611],[-159.49147,22.22587],[-159.49159,22.2255],[-159.49187,22.22563],[-159.49231,22.22484],[-159.49261,22.22449],[-159.49337,22.22396],[-159.49388,22.22367],[-159.49427,22.22361],[-159.49468,22.22381],[-159.49494,22.22385],[-159.49531,22.22351],[-159.49729,22.22239],[-159.49762,22.22218],[-159.49795,22.22181],[-159.49824,22.22103],[-159.49834,22.22043],[-159.49849,22.2199],[-159.4982,22.21918],[-159.49817,22.21878],[-159.49821,22.21849],[-159.49837,22.21798],[-159.49857,22.21748],[-159.4987,22.21668],[-159.49863,22.2155],[-159.49854,22.21525],[-159.49761,22.21505],[-159.49732,22.21415],[-159.49722,22.21338],[-159.49707,22.21247],[-159.49719,22.21092],[-159.49728,22.21011],[-159.49742,22.20941],[-159.49765,22.20857],[-159.49797,22.20776],[-159.49846,22.20694],[-159.49872,22.20658],[-159.49948,22.20575],[-159.50101,22.20451],[-159.50188,22.20396],[-159.50229,22.20373],[-159.50414,22.20292],[-159.50475,22.20271],[-159.50524,22.20259],[-159.50607,22.2025],[-159.50682,22.20256],[-159.50745,22.20266],[-159.50908,22.20313],[-159.50948,22.20313],[-159.50989,22.20306],[-159.51015,22.20271],[-159.51074,22.20297],[-159.51152,22.20308],[-159.51181,22.20316],[-159.5125,22.20343],[-159.51311,22.20371],[-159.51326,22.204],[-159.51359,22.20423],[-159.51388,22.20391],[-159.51401,22.20398],[-159.51378,22.2044],[-159.51385,22.20451],[-159.51432,22.20475],[-159.51479,22.20505],[-159.51537,22.20559],[-159.51611,22.20644],[-159.51651,22.20704],[-159.51669,22.20764],[-159.51669,22.20804],[-159.5168,22.20919],[-159.51688,22.20965],[-159.51699,22.21004],[-159.51769,22.21086],[-159.51779,22.21121],[-159.51775,22.21164],[-159.51749,22.21253],[-159.51717,22.21344],[-159.51715,22.21361],[-159.51734,22.21403],[-159.51759,22.2143],[-159.51775,22.21427],[-159.518,22.21391],[-159.51821,22.2139],[-159.51834,22.21425],[-159.51851,22.21444],[-159.51884,22.2144],[-159.51937,22.21463],[-159.51935,22.21496],[-159.51959,22.21496],[-159.52004,22.21514],[-159.52033,22.21502],[-159.52046,22.21484],[-159.52077,22.21486],[-159.52088,22.21468],[-159.52056,22.21463],[-159.52046,22.21444],[-159.52087,22.21421],[-159.52122,22.2141],[-159.5218,22.21407],[-159.52208,22.21419],[-159.52247,22.21417],[-159.52275,22.21441],[-159.52278,22.21455],[-159.52338,22.21453],[-159.52344,22.21423],[-159.52371,22.2143],[-159.52464,22.21468],[-159.52514,22.21484],[-159.52564,22.21512],[-159.52643,22.21521],[-159.5272,22.21525],[-159.52779,22.2152],[-159.52844,22.21527],[-159.52918,22.2154],[-159.53009,22.21561],[-159.53113,22.21595],[-159.53184,22.21624],[-159.53207,22.21637],[-159.53271,22.21612],[-159.53276,22.21595],[-159.53272,22.2156],[-159.53339,22.21554],[-159.53327,22.21589],[-159.53305,22.21619],[-159.53252,22.21649],[-159.53223,22.21651],[-159.53215,22.21679],[-159.53174,22.21732],[-159.53169,22.21758],[-159.53195,22.21766],[-159.53233,22.21748],[-159.53258,22.21749],[-159.53295,22.21737],[-159.53326,22.21712],[-159.5343,22.21604],[-159.53474,22.21566],[-159.535,22.21526],[-159.53522,22.21515],[-159.53585,22.21461],[-159.53627,22.21451],[-159.53647,22.21433],[-159.5372,22.21416],[-159.53735,22.21409],[-159.53762,22.21371],[-159.53809,22.2134],[-159.53838,22.21354],[-159.53853,22.21375],[-159.53888,22.21381],[-159.53949,22.21386],[-159.54007,22.21398],[-159.5408,22.21423],[-159.5411,22.21441],[-159.54167,22.21496],[-159.54188,22.21528],[-159.54152,22.21611],[-159.5415,22.2163],[-159.54164,22.21661],[-159.54192,22.21693],[-159.54199,22.2171],[-159.54202,22.21752],[-159.54235,22.21798],[-159.54341,22.21865],[-159.54381,22.21918],[-159.54407,22.21973],[-159.54416,22.22021],[-159.54419,22.22087],[-159.54436,22.2215],[-159.54446,22.22172],[-159.54474,22.22205],[-159.54525,22.22239],[-159.54548,22.22264],[-159.54554,22.22287],[-159.54575,22.2231],[-159.54636,22.22345],[-159.54738,22.22378],[-159.54837,22.22425],[-159.54954,22.22455],[-159.55019,22.22465],[-159.55097,22.22496],[-159.55147,22.22501],[-159.55183,22.22495],[-159.55212,22.22472],[-159.55235,22.22435],[-159.55278,22.2244],[-159.55323,22.22453],[-159.55375,22.22455],[-159.55438,22.22447],[-159.55475,22.22455],[-159.55565,22.22511],[-159.55657,22.22588],[-159.55684,22.22604],[-159.5573,22.22618],[-159.55794,22.22629],[-159.55857,22.22625],[-159.55899,22.2261],[-159.5592,22.22594],[-159.56017,22.22479],[-159.56097,22.22399],[-159.56134,22.22374],[-159.56195,22.22343],[-159.56279,22.22264],[-159.56389,22.22182],[-159.56458,22.22117],[-159.5651,22.22082],[-159.56565,22.22058],[-159.56612,22.22059],[-159.56688,22.22066],[-159.56712,22.22075],[-159.56741,22.22102],[-159.56764,22.22138],[-159.5679,22.22161],[-159.56841,22.2219],[-159.5688,22.22206],[-159.56939,22.2222],[-159.56982,22.22267],[-159.56996,22.22273],[-159.57103,22.22288],[-159.5715,22.22302],[-159.57197,22.22336],[-159.57215,22.22345],[-159.57266,22.22356],[-159.57334,22.22365],[-159.57417,22.2235],[-159.57465,22.22351],[-159.57501,22.22367],[-159.57584,22.22394],[-159.57614,22.22398],[-159.57709,22.22398],[-159.57734,22.22395],[-159.5777,22.22382],[-159.57843,22.22365],[-159.57868,22.22367],[-159.57934,22.22384],[-159.57983,22.22383],[-159.58032,22.22375],[-159.58106,22.22349],[-159.58174,22.22309],[-159.58224,22.22264],[-159.58258,22.22222],[-159.58305,22.22138],[-159.58345,22.22078],[-159.58376,22.22052],[-159.58442,22.22051],[-159.58503,22.22057],[-159.58523,22.22055],[-159.58561,22.22029],[-159.58572,22.21993],[-159.58565,22.2194],[-159.58575,22.2193],[-159.58624,22.21916],[-159.58665,22.21882],[-159.58707,22.21851],[-159.58721,22.21832],[-159.58746,22.21774],[-159.58763,22.21756],[-159.58819,22.21735],[-159.58847,22.21692],[-159.58854,22.21671],[-159.58882,22.21628],[-159.58918,22.21608],[-159.58933,22.21578],[-159.58958,22.2155],[-159.59008,22.21523],[-159.59054,22.21507],[-159.59061,22.21477],[-159.59091,22.21451],[-159.59145,22.21441],[-159.59203,22.21425],[-159.59239,22.2141],[-159.59266,22.21388],[-159.59299,22.21335],[-159.59349,22.21307],[-159.5939,22.21262],[-159.5944,22.21237],[-159.59473,22.21213],[-159.59519,22.21211],[-159.59542,22.21203],[-159.59574,22.21169],[-159.59603,22.21159],[-159.59641,22.2112],[-159.59661,22.21074],[-159.59678,22.21016],[-159.59704,22.20995],[-159.59777,22.20911],[-159.59789,22.20902],[-159.59829,22.20844],[-159.59857,22.20848],[-159.59884,22.20859],[-159.59945,22.20858],[-159.6001,22.20833],[-159.60049,22.2081],[-159.60135,22.20777],[-159.6019,22.20737],[-159.60282,22.20711],[-159.60385,22.20666],[-159.60436,22.2062],[-159.60458,22.20611],[-159.60515,22.20602],[-159.60541,22.20578],[-159.60578,22.20529],[-159.60594,22.20486],[-159.60591,22.20437],[-159.60604,22.20406],[-159.60734,22.20345],[-159.60796,22.20341],[-159.60902,22.20321],[-159.60918,22.20315],[-159.60943,22.2029],[-159.60946,22.20274],[-159.60967,22.20236],[-159.61085,22.20219],[-159.61157,22.20183],[-159.61181,22.2016],[-159.61274,22.20129],[-159.61387,22.20074],[-159.6143,22.2005],[-159.61485,22.20041],[-159.615,22.20021],[-159.61479,22.19979],[-159.6152,22.19946],[-159.61541,22.19959],[-159.61566,22.2],[-159.61589,22.20003],[-159.61612,22.19974],[-159.61643,22.19945],[-159.61655,22.19921],[-159.61708,22.19878],[-159.61748,22.19855],[-159.618,22.19841],[-159.61838,22.19815],[-159.61868,22.19786],[-159.61923,22.19776],[-159.61961,22.19748],[-159.62023,22.19716],[-159.62117,22.1969],[-159.62155,22.19684],[-159.62215,22.19688],[-159.62277,22.19709],[-159.62321,22.19698],[-159.62337,22.19668],[-159.62346,22.19609],[-159.62371,22.19546],[-159.62382,22.19535],[-159.62423,22.19522],[-159.62452,22.19537],[-159.62485,22.19545],[-159.62511,22.19579],[-159.62547,22.1959],[-159.62595,22.19582],[-159.62612,22.19572],[-159.62673,22.19511],[-159.62699,22.19459],[-159.62734,22.1943],[-159.62774,22.19405],[-159.62835,22.19388],[-159.6289,22.19364],[-159.62936,22.19329],[-159.62976,22.1932],[-159.63091,22.19249],[-159.63121,22.19235],[-159.6314,22.19199],[-159.63187,22.19158],[-159.63221,22.1911],[-159.6329,22.19043],[-159.63355,22.18998],[-159.63376,22.18968],[-159.63388,22.18904],[-159.63415,22.18865],[-159.6344,22.18843],[-159.63486,22.18816],[-159.63508,22.18798],[-159.63561,22.18741],[-159.63565,22.18729],[-159.63649,22.18701],[-159.63667,22.1869],[-159.6369,22.18649],[-159.63689,22.18595],[-159.63709,22.18552],[-159.63728,22.18531],[-159.63779,22.18508],[-159.63821,22.18467],[-159.63862,22.18441],[-159.63885,22.18433],[-159.63939,22.18402],[-159.63963,22.18346],[-159.63976,22.18334],[-159.64025,22.18316],[-159.64078,22.18281],[-159.64101,22.18249],[-159.64174,22.18205],[-159.64251,22.18172],[-159.64276,22.18142],[-159.64332,22.18102],[-159.6436,22.18091],[-159.64428,22.18054],[-159.64481,22.18033],[-159.64622,22.18029],[-159.64705,22.18005],[-159.64812,22.17983],[-159.65073,22.17895],[-159.6518,22.17845],[-159.6522,22.17832],[-159.65245,22.17811],[-159.65273,22.17778],[-159.65354,22.17697],[-159.65407,22.17639],[-159.65466,22.17541],[-159.65578,22.17469],[-159.65647,22.17416],[-159.65702,22.17353],[-159.65752,22.17332],[-159.65837,22.17313],[-159.66001,22.17242],[-159.66034,22.17225],[-159.66084,22.17206],[-159.66102,22.17186],[-159.6618,22.1714],[-159.66238,22.17114],[-159.66294,22.17107],[-159.66354,22.17089],[-159.66399,22.17082],[-159.66487,22.17054],[-159.66515,22.17053],[-159.66533,22.17041],[-159.66538,22.16996],[-159.66552,22.16961],[-159.66576,22.16944],[-159.66601,22.16938],[-159.6663,22.16944],[-159.66681,22.16937],[-159.66685,22.16903],[-159.66654,22.16841],[-159.66659,22.16811],[-159.6669,22.16782],[-159.66765,22.16745],[-159.6682,22.1673],[-159.66955,22.16681],[-159.67003,22.1668],[-159.67033,22.16709],[-159.67049,22.16779],[-159.67082,22.16828],[-159.6712,22.16841],[-159.67172,22.16836],[-159.67195,22.16826],[-159.67214,22.16804],[-159.67224,22.16751],[-159.67203,22.16707],[-159.67179,22.16672],[-159.67176,22.16658],[-159.67194,22.16641],[-159.67222,22.16595],[-159.67246,22.16573],[-159.67295,22.16558],[-159.67332,22.16571],[-159.67349,22.16588],[-159.67382,22.1668],[-159.67406,22.16705],[-159.67432,22.16719],[-159.67455,22.16721],[-159.67536,22.16719],[-159.67613,22.16708],[-159.67631,22.16701],[-159.67662,22.16701],[-159.67679,22.1667],[-159.67696,22.16662],[-159.67723,22.16634],[-159.67749,22.16621],[-159.67781,22.16637],[-159.6779,22.1666],[-159.67811,22.16674],[-159.67847,22.16673],[-159.67889,22.16658],[-159.6794,22.16618],[-159.68018,22.16605],[-159.68057,22.1658],[-159.68071,22.16559],[-159.68108,22.16556],[-159.68152,22.16543],[-159.6818,22.16527],[-159.68202,22.16502],[-159.68281,22.16502],[-159.68297,22.16496],[-159.68322,22.16471],[-159.68342,22.16435],[-159.6841,22.16449],[-159.68446,22.16449],[-159.68506,22.16386],[-159.6854,22.16384],[-159.68574,22.1634],[-159.686,22.16329],[-159.68708,22.16309],[-159.68779,22.16302],[-159.68844,22.16345],[-159.68858,22.16369],[-159.68884,22.1638],[-159.68931,22.16374],[-159.68967,22.16357],[-159.69006,22.16331],[-159.69026,22.16304],[-159.69055,22.16327],[-159.69106,22.16306],[-159.69139,22.16298],[-159.69176,22.16304],[-159.69274,22.163],[-159.69339,22.16278],[-159.69387,22.16283],[-159.69415,22.16269],[-159.6944,22.16238],[-159.69496,22.16268],[-159.69552,22.16278],[-159.69597,22.16266],[-159.69614,22.16254],[-159.69648,22.16254],[-159.69711,22.16241],[-159.69724,22.16235],[-159.69724,22.16211],[-159.69708,22.1616],[-159.69722,22.16145],[-159.69785,22.16127],[-159.69873,22.16078],[-159.69997,22.15967],[-159.70048,22.15929],[-159.70104,22.15901],[-159.70176,22.15881],[-159.70233,22.1586],[-159.70308,22.15805],[-159.70348,22.15765],[-159.70366,22.15757],[-159.70415,22.1576],[-159.70477,22.15767],[-159.70503,22.15782],[-159.70516,22.15827],[-159.70549,22.15914],[-159.70587,22.15932],[-159.70618,22.15915],[-159.70626,22.15885],[-159.7067,22.15905],[-159.7069,22.15904],[-159.70764,22.15843],[-159.70771,22.15809],[-159.70743,22.1571],[-159.70743,22.15693],[-159.70757,22.15671],[-159.70775,22.15666],[-159.70907,22.15588],[-159.70926,22.15572],[-159.70986,22.15543],[-159.71039,22.15526],[-159.71131,22.15512],[-159.71176,22.15501],[-159.71268,22.15483],[-159.71345,22.15452],[-159.71381,22.15427],[-159.71507,22.1533],[-159.71607,22.15271],[-159.71655,22.15246],[-159.71681,22.15227],[-159.71743,22.15191],[-159.71803,22.15148],[-159.7189,22.1511],[-159.71922,22.15101],[-159.72027,22.15082],[-159.72137,22.15069],[-159.72178,22.15054],[-159.72251,22.15006],[-159.72287,22.1498],[-159.72313,22.1495],[-159.72369,22.14834],[-159.72407,22.14782],[-159.72422,22.14754],[-159.7247,22.14679],[-159.72519,22.14596],[-159.7257,22.14531],[-159.72593,22.14491],[-159.72627,22.14412],[-159.72664,22.14358],[-159.72742,22.1427],[-159.7279,22.1422],[-159.7283,22.14164],[-159.72862,22.14129],[-159.72946,22.14081],[-159.73028,22.14028],[-159.73054,22.13995],[-159.73083,22.13941],[-159.73121,22.1384],[-159.7315,22.13753],[-159.7321,22.13592],[-159.73245,22.13481],[-159.73252,22.13424],[-159.73274,22.13311],[-159.7329,22.13199],[-159.73298,22.1299],[-159.73294,22.12887],[-159.73294,22.12801],[-159.733,22.12723],[-159.73333,22.12654],[-159.73376,22.12577],[-159.73395,22.12522],[-159.73426,22.12451],[-159.73448,22.12392],[-159.73482,22.12348],[-159.73509,22.12322],[-159.73534,22.12287],[-159.73561,22.12222],[-159.73583,22.122],[-159.73626,22.12167],[-159.73646,22.12135],[-159.73641,22.12083],[-159.73647,22.12067],[-159.73716,22.12009],[-159.73745,22.1197],[-159.73757,22.11927],[-159.73795,22.11836],[-159.73812,22.11755],[-159.73821,22.11553],[-159.73832,22.11464],[-159.73829,22.11443],[-159.7384,22.11397],[-159.73844,22.11321],[-159.73863,22.1124],[-159.73895,22.11167],[-159.73919,22.11134],[-159.73973,22.11074],[-159.74027,22.11034],[-159.74063,22.10999],[-159.74087,22.10949],[-159.74102,22.10898],[-159.74111,22.10833],[-159.74101,22.1078],[-159.74093,22.10684],[-159.74101,22.10642],[-159.74116,22.10596],[-159.74155,22.10534],[-159.742,22.10494],[-159.74262,22.10455],[-159.74331,22.10399],[-159.74365,22.10367],[-159.74388,22.10307],[-159.7445,22.10016],[-159.74459,22.09934],[-159.74471,22.09876],[-159.74495,22.09813],[-159.74525,22.09751],[-159.74564,22.09691],[-159.74601,22.09657],[-159.74639,22.09632],[-159.74744,22.09571],[-159.74844,22.09486],[-159.7496,22.09401],[-159.74987,22.09355],[-159.75026,22.09323],[-159.75095,22.0928],[-159.75123,22.0922],[-159.75169,22.09164],[-159.75261,22.09086],[-159.75286,22.09059],[-159.7532,22.09004],[-159.75365,22.08959],[-159.75471,22.08915],[-159.75487,22.08904],[-159.75576,22.08823],[-159.75628,22.08765],[-159.75705,22.08704],[-159.75779,22.08658],[-159.75801,22.08631],[-159.75842,22.08558],[-159.75865,22.08525],[-159.75891,22.08499],[-159.75998,22.08422],[-159.76073,22.08405],[-159.76097,22.08391],[-159.76159,22.08337],[-159.76183,22.08304],[-159.76216,22.08277],[-159.76364,22.08167],[-159.76397,22.08151],[-159.76481,22.08081],[-159.76568,22.07997],[-159.76599,22.07961],[-159.76662,22.07898],[-159.76704,22.07866],[-159.7677,22.07788],[-159.76864,22.07669],[-159.76888,22.07634],[-159.7692,22.07579],[-159.7694,22.07553],[-159.76987,22.07509],[-159.77084,22.07437],[-159.77168,22.07356],[-159.77274,22.07259],[-159.7736,22.07201],[-159.77424,22.07152],[-159.77513,22.07096],[-159.77595,22.07021],[-159.77621,22.07002],[-159.7767,22.06974],[-159.77743,22.06951],[-159.77807,22.06953],[-159.7784,22.06946],[-159.77942,22.06907],[-159.77966,22.06887],[-159.78006,22.06843],[-159.78079,22.06769],[-159.78113,22.06724],[-159.78148,22.06708],[-159.78248,22.06633],[-159.78333,22.06551],[-159.7836,22.0652],[-159.78393,22.06441],[-159.78414,22.06373],[-159.78422,22.06327],[-159.78424,22.06286],[-159.78409,22.06223],[-159.78392,22.06186],[-159.78379,22.06141],[-159.78379,22.06092],[-159.78374,22.06057],[-159.78354,22.06013],[-159.78354,22.05987],[-159.78324,22.05905],[-159.78297,22.05864],[-159.78308,22.05833],[-159.78303,22.05788],[-159.78315,22.05703],[-159.78349,22.0565],[-159.78368,22.056],[-159.78382,22.05522],[-159.78387,22.05458],[-159.78401,22.05398],[-159.78423,22.05358],[-159.7842,22.0532],[-159.78427,22.05296],[-159.78454,22.05241],[-159.78457,22.05165],[-159.78472,22.05115],[-159.78478,22.0507],[-159.78468,22.05012],[-159.78439,22.04947],[-159.78394,22.04885],[-159.78382,22.04835],[-159.78386,22.04781],[-159.78406,22.04688],[-159.78426,22.04632],[-159.78449,22.04576],[-159.78468,22.04546],[-159.78517,22.04402],[-159.78554,22.04299],[-159.78572,22.04237],[-159.7858,22.04192],[-159.7857,22.04145],[-159.7857,22.04091],[-159.78606,22.04],[-159.78616,22.0393],[-159.78618,22.03868],[-159.78623,22.03838],[-159.7863,22.03735],[-159.78638,22.03693],[-159.78649,22.0359],[-159.78707,22.03432],[-159.78722,22.03378],[-159.7874,22.03286],[-159.78748,22.03217],[-159.78754,22.03196],[-159.78777,22.03063],[-159.78794,22.0301],[-159.78794,22.02961],[-159.78798,22.02917],[-159.78809,22.02859],[-159.7881,22.02788],[-159.788,22.02739],[-159.78772,22.02624],[-159.7876,22.0255],[-159.7875,22.02409],[-159.7875,22.02321],[-159.78734,22.02189],[-159.78687,22.02096],[-159.78674,22.02062],[-159.78666,22.02023],[-159.78641,22.01982],[-159.7862,22.0192],[-159.78613,22.01864],[-159.78593,22.01792],[-159.7856,22.01721],[-159.78549,22.01681],[-159.78531,22.01525],[-159.78514,22.01482],[-159.78457,22.01423],[-159.78415,22.01397],[-159.78371,22.01378],[-159.78357,22.01357],[-159.78306,22.01302],[-159.78269,22.0122],[-159.78239,22.01181],[-159.78209,22.0116],[-159.78179,22.01148],[-159.78147,22.01097],[-159.7812,22.01065],[-159.7806,22.01026],[-159.77961,22.0093],[-159.77909,22.00891],[-159.7786,22.00863],[-159.77797,22.00806],[-159.77755,22.00777],[-159.77677,22.0075],[-159.77619,22.00727],[-159.77553,22.00709],[-159.77514,22.00683],[-159.77482,22.00655],[-159.77417,22.00586],[-159.77353,22.00504],[-159.77268,22.00378],[-159.77234,22.00319],[-159.772,22.00251],[-159.77172,22.00199],[-159.77119,22.00112],[-159.77075,22.00028],[-159.77045,21.99965],[-159.77002,21.99852],[-159.76968,21.9977],[-159.76938,21.99664],[-159.7693,21.99629],[-159.76894,21.99547],[-159.76848,21.99437],[-159.7676,21.99253],[-159.76743,21.99224],[-159.76646,21.99027],[-159.76589,21.98873],[-159.76581,21.98842],[-159.76552,21.98771],[-159.765,21.98667],[-159.76476,21.98612],[-159.76405,21.98476],[-159.76332,21.98372],[-159.76244,21.98257],[-159.76134,21.98131],[-159.76013,21.98012],[-159.75941,21.97951],[-159.75893,21.97919],[-159.75793,21.9786],[-159.75726,21.97823],[-159.7561,21.97777],[-159.75589,21.97775],[-159.75292,21.97686],[-159.75171,21.97658],[-159.75121,21.97636],[-159.7498,21.9759],[-159.74874,21.97561],[-159.74769,21.97525],[-159.74706,21.97506],[-159.74538,21.97472],[-159.74366,21.97448],[-159.74331,21.97441],[-159.74281,21.97438],[-159.74171,21.97413],[-159.74062,21.97377],[-159.73991,21.97357],[-159.73876,21.97336],[-159.73786,21.97309],[-159.73763,21.97309],[-159.73658,21.97281],[-159.73604,21.97261],[-159.73524,21.97222],[-159.73456,21.97183],[-159.73393,21.97154],[-159.73298,21.97157],[-159.7323,21.97123],[-159.73062,21.97083],[-159.72983,21.97072],[-159.72969,21.97073],[-159.72903,21.9706],[-159.72825,21.97038],[-159.72722,21.97013],[-159.72486,21.96961],[-159.72331,21.96919],[-159.72123,21.96852],[-159.71967,21.96808],[-159.71833,21.96777],[-159.71671,21.96744],[-159.71562,21.96715],[-159.71498,21.96685],[-159.71437,21.96647],[-159.71386,21.96608],[-159.7129,21.96514],[-159.71248,21.96488],[-159.71216,21.9645],[-159.71158,21.96422],[-159.71143,21.964],[-159.7113,21.96355],[-159.71107,21.96313],[-159.71066,21.96274],[-159.71005,21.96243],[-159.70948,21.96226],[-159.70904,21.96194],[-159.70816,21.96139],[-159.70779,21.96123],[-159.70656,21.9606],[-159.70623,21.96057],[-159.70506,21.96018],[-159.70483,21.96014],[-159.70331,21.96021],[-159.70239,21.9603],[-159.7014,21.96018],[-159.69996,21.95997],[-159.6994,21.9598],[-159.69901,21.95975],[-159.69839,21.95975],[-159.69767,21.95966],[-159.69723,21.95973],[-159.69669,21.95976],[-159.69622,21.95969],[-159.6955,21.95944],[-159.69496,21.95933],[-159.69438,21.9594],[-159.69376,21.95936],[-159.69326,21.95941],[-159.69245,21.95935],[-159.69227,21.95938],[-159.69128,21.95901],[-159.69109,21.95886],[-159.69096,21.95864],[-159.69096,21.95842],[-159.69112,21.95803],[-159.69091,21.95798],[-159.69047,21.95846],[-159.69001,21.95843],[-159.68912,21.95828],[-159.68771,21.958],[-159.68692,21.9579],[-159.68611,21.95787],[-159.68546,21.95778],[-159.68436,21.95772],[-159.68382,21.95772],[-159.68189,21.95756],[-159.68082,21.95734],[-159.68026,21.95716],[-159.67817,21.95671],[-159.67766,21.95664],[-159.67706,21.95643],[-159.67612,21.95606],[-159.6751,21.95576],[-159.67325,21.95527],[-159.67277,21.95509],[-159.67135,21.95472],[-159.6706,21.9544],[-159.67068,21.95367],[-159.6706,21.95366],[-159.6705,21.95435],[-159.66974,21.95402],[-159.66901,21.95376],[-159.66686,21.95247],[-159.66667,21.95229],[-159.66667,21.95214],[-159.66633,21.95179],[-159.66611,21.95179],[-159.66577,21.95133],[-159.66573,21.95088],[-159.6658,21.95048],[-159.66592,21.95029],[-159.66581,21.94985],[-159.66559,21.94964],[-159.66563,21.94937],[-159.66551,21.94904],[-159.66527,21.94889],[-159.66518,21.94864],[-159.66479,21.94863],[-159.66467,21.94841],[-159.66419,21.94802],[-159.66388,21.94763],[-159.66347,21.94738],[-159.66336,21.94715],[-159.66301,21.94709],[-159.66238,21.94664],[-159.66194,21.9462],[-159.66142,21.94535],[-159.6613,21.9446],[-159.66115,21.94408],[-159.66121,21.94349],[-159.66118,21.94317],[-159.66081,21.94276],[-159.66051,21.94256],[-159.66025,21.9425],[-159.65944,21.9425],[-159.65823,21.94238],[-159.65792,21.94231],[-159.65691,21.94182],[-159.6562,21.94158],[-159.65581,21.94149],[-159.6548,21.94135],[-159.65396,21.94136],[-159.65323,21.94144],[-159.65278,21.9414],[-159.65257,21.94126],[-159.65193,21.94106],[-159.6517,21.94093],[-159.65152,21.94073],[-159.65098,21.94035],[-159.65069,21.94],[-159.65022,21.93962],[-159.6501,21.93939],[-159.64984,21.93908],[-159.64949,21.93889],[-159.64935,21.9387],[-159.64934,21.93828],[-159.64954,21.93718],[-159.64975,21.93636],[-159.65002,21.93599],[-159.64995,21.93502],[-159.65013,21.93487],[-159.65011,21.93471],[-159.64984,21.93397],[-159.6495,21.93326],[-159.64915,21.93266],[-159.64903,21.93214],[-159.64888,21.93188],[-159.64884,21.93164],[-159.64859,21.9316],[-159.64773,21.93133],[-159.64691,21.93123],[-159.6465,21.93115],[-159.64613,21.93096],[-159.64589,21.93075],[-159.64551,21.9303],[-159.6454,21.92988],[-159.64523,21.92967],[-159.64505,21.92904],[-159.64506,21.92856],[-159.64496,21.92803],[-159.64447,21.92729],[-159.64427,21.92712],[-159.64363,21.92678],[-159.64332,21.92652],[-159.64316,21.92622],[-159.6431,21.92587],[-159.64293,21.92535],[-159.64276,21.9251],[-159.64249,21.92487],[-159.64148,21.92454],[-159.64079,21.92444],[-159.64041,21.92425],[-159.64023,21.92384],[-159.64021,21.92319],[-159.64008,21.92301],[-159.63962,21.92289],[-159.63899,21.92243],[-159.63872,21.92232],[-159.63812,21.92197],[-159.63788,21.92151],[-159.63783,21.92063],[-159.6376,21.92024],[-159.63762,21.91978],[-159.63791,21.91929],[-159.63786,21.91894],[-159.63757,21.9184],[-159.63733,21.91808],[-159.63692,21.91769],[-159.63647,21.91719],[-159.63606,21.9168],[-159.63605,21.91666],[-159.63623,21.91632],[-159.63611,21.9159],[-159.63585,21.91539],[-159.6355,21.91484],[-159.63513,21.91445],[-159.63496,21.91417],[-159.63463,21.91393],[-159.63441,21.91361],[-159.634,21.91341],[-159.63358,21.91304],[-159.63335,21.91313],[-159.63313,21.91309],[-159.633,21.9132],[-159.63254,21.91323],[-159.63184,21.91318],[-159.63162,21.91311],[-159.63126,21.91276],[-159.63169,21.91226],[-159.63172,21.91182],[-159.63158,21.91155],[-159.63062,21.91127],[-159.63037,21.91116],[-159.63017,21.91126],[-159.62987,21.91125],[-159.62983,21.91101],[-159.62947,21.91112],[-159.62932,21.9109],[-159.62898,21.91107],[-159.62875,21.91109],[-159.62845,21.91082],[-159.62852,21.91034],[-159.62843,21.91007],[-159.62862,21.90957],[-159.62854,21.90903],[-159.62828,21.90872],[-159.62816,21.90867],[-159.62787,21.90877],[-159.62767,21.90912],[-159.62727,21.90923],[-159.62708,21.90936],[-159.62642,21.90933],[-159.62622,21.90926],[-159.6261,21.90901],[-159.62623,21.90855],[-159.62628,21.90816],[-159.6264,21.90797],[-159.62633,21.90769],[-159.62607,21.90748],[-159.62564,21.90736],[-159.62542,21.9074],[-159.62494,21.90761],[-159.62468,21.90767],[-159.62393,21.90762],[-159.62343,21.90671],[-159.62332,21.90662],[-159.62302,21.90668],[-159.6228,21.90689],[-159.62245,21.90713],[-159.62208,21.90713],[-159.62135,21.90683],[-159.62097,21.90661],[-159.62085,21.90626],[-159.62097,21.90593],[-159.62088,21.90557],[-159.62038,21.90533],[-159.62016,21.90538],[-159.61975,21.90528],[-159.61949,21.905],[-159.61939,21.90437],[-159.61931,21.90415],[-159.61913,21.90394],[-159.61876,21.90379],[-159.61866,21.90365],[-159.61832,21.90341],[-159.61806,21.90315],[-159.61773,21.90299],[-159.61759,21.9026],[-159.61742,21.90238],[-159.61713,21.90232],[-159.61696,21.90208],[-159.61638,21.9021],[-159.61575,21.90203],[-159.61527,21.90176],[-159.61464,21.90167],[-159.61418,21.90152],[-159.61398,21.90161],[-159.61387,21.90139],[-159.6135,21.90147],[-159.61311,21.90127],[-159.61148,21.90087],[-159.61043,21.90066],[-159.6097,21.90063],[-159.60931,21.90043],[-159.60884,21.89971],[-159.60857,21.89965],[-159.60861,21.89992],[-159.60835,21.89993],[-159.6079,21.89959],[-159.60759,21.89918],[-159.60741,21.89882],[-159.60744,21.89855],[-159.60761,21.89845],[-159.60803,21.89843],[-159.60794,21.89807],[-159.6078,21.89777],[-159.60759,21.89696],[-159.60769,21.89613],[-159.60767,21.8954],[-159.60782,21.89506],[-159.6082,21.89487],[-159.6082,21.89468],[-159.6079,21.89447],[-159.60742,21.89428],[-159.6065,21.89401],[-159.6062,21.89366],[-159.60521,21.89316],[-159.6049,21.89246],[-159.60474,21.89225],[-159.60446,21.89225],[-159.60425,21.89235],[-159.60391,21.89239],[-159.60341,21.89224],[-159.6026,21.89227],[-159.60214,21.89237],[-159.60172,21.89253],[-159.60136,21.89279],[-159.60105,21.89283],[-159.60092,21.89305],[-159.60068,21.89321],[-159.60051,21.89295],[-159.60008,21.89302],[-159.59991,21.89295],[-159.59972,21.89347],[-159.5995,21.89341],[-159.59894,21.89403],[-159.59874,21.89433],[-159.59874,21.8945],[-159.59851,21.89452],[-159.59836,21.89476],[-159.59807,21.89476],[-159.59756,21.89504],[-159.59743,21.89532],[-159.5973,21.89575],[-159.59711,21.89589],[-159.59711,21.89614],[-159.59758,21.89654],[-159.59795,21.89705],[-159.59824,21.89728],[-159.59833,21.89758],[-159.59854,21.89778],[-159.59872,21.89811],[-159.59888,21.8982],[-159.59897,21.89846],[-159.59921,21.89876],[-159.59917,21.89918],[-159.59855,21.89965],[-159.59796,21.89965],[-159.59764,21.89974],[-159.59743,21.90021],[-159.59753,21.90059],[-159.59726,21.90073],[-159.59741,21.90129],[-159.59735,21.90157],[-159.59747,21.90198],[-159.59745,21.90241],[-159.59729,21.90259],[-159.597,21.90278],[-159.59537,21.90346],[-159.59393,21.90372],[-159.59367,21.90371],[-159.59297,21.90383],[-159.59211,21.90378],[-159.5917,21.90384],[-159.59161,21.90392],[-159.59171,21.90443],[-159.59192,21.90524],[-159.59185,21.90598],[-159.59176,21.90738],[-159.59126,21.90877],[-159.59054,21.90892],[-159.59101,21.90812],[-159.59122,21.90721],[-159.59129,21.90591],[-159.59127,21.90562],[-159.59115,21.90547],[-159.59118,21.90518],[-159.59132,21.90502],[-159.59125,21.9048],[-159.59125,21.90411],[-159.59114,21.90394],[-159.59006,21.90328],[-159.58972,21.9029],[-159.58957,21.90264],[-159.58955,21.9023],[-159.59033,21.90195],[-159.59056,21.90189],[-159.59069,21.90176],[-159.59066,21.90152],[-159.59029,21.90079],[-159.59016,21.90071],[-159.58988,21.90071],[-159.58922,21.90094],[-159.58927,21.90104],[-159.58973,21.90088],[-159.59002,21.90083],[-159.59022,21.9009],[-159.59055,21.90158],[-159.59055,21.90169],[-159.5893,21.90222],[-159.58862,21.90151],[-159.58864,21.90136],[-159.58898,21.90125],[-159.58894,21.90115],[-159.58853,21.90126],[-159.5883,21.90063],[-159.58815,21.90034],[-159.58993,21.89975],[-159.58981,21.89934],[-159.5882,21.89986],[-159.58755,21.89974],[-159.58742,21.89958],[-159.58747,21.8993],[-159.58789,21.89892],[-159.58826,21.89876],[-159.59072,21.8971],[-159.59099,21.89703],[-159.59085,21.8968],[-159.59065,21.89695],[-159.58815,21.89862],[-159.58771,21.89877],[-159.58754,21.89875],[-159.58727,21.8984],[-159.58705,21.8986],[-159.58647,21.89879],[-159.58624,21.89876],[-159.58598,21.89848],[-159.58568,21.89853],[-159.58552,21.89821],[-159.58528,21.89829],[-159.58508,21.89822],[-159.58482,21.8983],[-159.5844,21.89819],[-159.58397,21.89797],[-159.58391,21.89784],[-159.584,21.89737],[-159.58392,21.89656],[-159.58333,21.89637],[-159.58299,21.89617],[-159.58289,21.89639],[-159.58269,21.89628],[-159.5822,21.89633],[-159.58194,21.89603],[-159.58157,21.89596],[-159.5813,21.89608],[-159.58101,21.89634],[-159.58047,21.89625],[-159.58028,21.89634],[-159.5799,21.89631],[-159.57958,21.89604],[-159.57937,21.89576],[-159.57877,21.89573],[-159.57858,21.89534],[-159.578,21.89563],[-159.57758,21.89564],[-159.57744,21.89578],[-159.57739,21.89601],[-159.57726,21.89609],[-159.57697,21.89601],[-159.57653,21.89637],[-159.57646,21.89648],[-159.57608,21.89676],[-159.57544,21.89749],[-159.57529,21.89752],[-159.57448,21.89699],[-159.57429,21.89679],[-159.57416,21.89646],[-159.57417,21.89616],[-159.57428,21.89598],[-159.5748,21.89569],[-159.57518,21.89524],[-159.57539,21.8951],[-159.57572,21.89503],[-159.57588,21.89455],[-159.57565,21.89456],[-159.5758,21.89413],[-159.57586,21.8936],[-159.57569,21.89326],[-159.57554,21.89321],[-159.57543,21.89296],[-159.57503,21.89288],[-159.57496,21.89262],[-159.57468,21.89269],[-159.57457,21.8928],[-159.57404,21.89292],[-159.57379,21.89313],[-159.57365,21.89305],[-159.57353,21.89278],[-159.57296,21.893],[-159.57241,21.89338],[-159.57182,21.89351],[-159.57154,21.89369],[-159.57085,21.89386],[-159.57032,21.89414],[-159.56978,21.8942],[-159.56906,21.894],[-159.56869,21.89381],[-159.56825,21.89343],[-159.56793,21.89306],[-159.56702,21.89248],[-159.56624,21.8921],[-159.56586,21.89201],[-159.56562,21.8919],[-159.565,21.89177],[-159.56463,21.89158],[-159.56432,21.89153],[-159.56338,21.89124],[-159.56283,21.89115],[-159.562,21.89081],[-159.56159,21.89047],[-159.56151,21.89033],[-159.56157,21.88988],[-159.56132,21.88968],[-159.56099,21.88975],[-159.56071,21.89003],[-159.56042,21.89013],[-159.56012,21.89002],[-159.55983,21.88978],[-159.55927,21.88972],[-159.55913,21.88966],[-159.55911,21.88937],[-159.55879,21.88931],[-159.55852,21.88952],[-159.55839,21.88934],[-159.55798,21.88929],[-159.55783,21.88915],[-159.5576,21.88928],[-159.55682,21.88922],[-159.55618,21.88929],[-159.55548,21.88906],[-159.55534,21.88869],[-159.55496,21.8888],[-159.55469,21.88909],[-159.5542,21.889],[-159.55368,21.8886],[-159.55324,21.8884],[-159.5529,21.88832],[-159.55273,21.8882],[-159.55245,21.88783],[-159.55209,21.88762],[-159.5518,21.88729],[-159.55098,21.88727],[-159.55017,21.88757],[-159.54976,21.88762],[-159.54939,21.88758],[-159.5489,21.88791],[-159.54859,21.88795],[-159.54848,21.88816],[-159.54797,21.88831],[-159.54759,21.88829],[-159.54744,21.88812],[-159.54692,21.8882],[-159.54674,21.88806],[-159.5464,21.88797],[-159.54607,21.88814],[-159.54586,21.88852],[-159.54557,21.88862],[-159.54513,21.8884],[-159.54506,21.88822],[-159.54471,21.88812],[-159.54381,21.88809],[-159.54362,21.88831],[-159.54336,21.88822],[-159.54329,21.88799],[-159.54328,21.88761],[-159.54299,21.88744],[-159.54271,21.88758],[-159.54251,21.88753],[-159.54222,21.8872],[-159.54216,21.88704],[-159.54186,21.8871],[-159.54179,21.88737],[-159.54133,21.88721],[-159.54067,21.88721],[-159.54031,21.88735],[-159.54001,21.88738],[-159.53958,21.88761],[-159.53926,21.88756],[-159.53903,21.88744],[-159.53909,21.88726],[-159.53873,21.88729],[-159.53846,21.88751],[-159.53806,21.88745],[-159.53757,21.88746],[-159.53746,21.88731],[-159.5374,21.88695],[-159.53728,21.88676],[-159.53694,21.88641],[-159.53655,21.88653],[-159.53636,21.88664],[-159.53616,21.88651],[-159.53548,21.8869],[-159.53517,21.887],[-159.53473,21.88701],[-159.53436,21.88707],[-159.53421,21.88698],[-159.53314,21.88704],[-159.53161,21.88683],[-159.53124,21.88658],[-159.53109,21.88641],[-159.53117,21.8859],[-159.53095,21.88567],[-159.53054,21.88586],[-159.53012,21.886],[-159.53003,21.88565],[-159.52954,21.88575],[-159.52923,21.88556],[-159.52925,21.88533],[-159.529,21.88464],[-159.52899,21.88445],[-159.52926,21.8845],[-159.52895,21.884],[-159.52867,21.8839],[-159.52815,21.88386],[-159.52829,21.88361],[-159.5282,21.88351],[-159.52818,21.8832],[-159.52803,21.88322],[-159.52782,21.88354],[-159.52744,21.88361],[-159.52718,21.88349],[-159.52692,21.88313],[-159.52681,21.88283],[-159.52658,21.88262],[-159.52626,21.88289],[-159.52606,21.88334],[-159.52613,21.8836],[-159.52611,21.88426],[-159.52585,21.88464],[-159.5255,21.88482],[-159.52493,21.88499],[-159.52403,21.88531],[-159.52298,21.88576],[-159.52178,21.88607],[-159.52142,21.88619],[-159.52075,21.88651],[-159.51968,21.88688],[-159.51932,21.88705],[-159.51892,21.88718],[-159.51851,21.88701],[-159.51824,21.88677],[-159.51793,21.88661],[-159.51788,21.88673],[-159.51749,21.88694],[-159.51705,21.887],[-159.51643,21.88682],[-159.51639,21.88697],[-159.51652,21.88727],[-159.51642,21.88746],[-159.51614,21.88758],[-159.51488,21.88791],[-159.51433,21.8879],[-159.51372,21.88797],[-159.51327,21.88798],[-159.51276,21.8881],[-159.51221,21.88808],[-159.51137,21.88785],[-159.51087,21.88754],[-159.51027,21.88686],[-159.51001,21.88692],[-159.50969,21.88661],[-159.50918,21.88647],[-159.50882,21.88658],[-159.50876,21.88677],[-159.50859,21.88687],[-159.50829,21.88692],[-159.50816,21.88682],[-159.50789,21.88691],[-159.5071,21.88684],[-159.50673,21.88671],[-159.50647,21.88688],[-159.50629,21.88662],[-159.50581,21.88648],[-159.50563,21.88654],[-159.5054,21.88681],[-159.50504,21.88669],[-159.50276,21.8854],[-159.50306,21.88829],[-159.50214,21.88788],[-159.50212,21.88824],[-159.5019,21.88813],[-159.50171,21.88782],[-159.50191,21.88666],[-159.50184,21.88578],[-159.50162,21.88516],[-159.50151,21.88503],[-159.5014,21.88463],[-159.50095,21.88474],[-159.50084,21.88462],[-159.5005,21.88479],[-159.50004,21.88433],[-159.49997,21.88405],[-159.49974,21.88428],[-159.49946,21.88432],[-159.49855,21.88482],[-159.49831,21.88477],[-159.49811,21.88449],[-159.49795,21.88494],[-159.49768,21.88502],[-159.49735,21.88533],[-159.49719,21.88531],[-159.49696,21.88509],[-159.4968,21.88484],[-159.49644,21.88474],[-159.49616,21.88495],[-159.49597,21.88467],[-159.49579,21.88495],[-159.49567,21.88483],[-159.49509,21.8847],[-159.49492,21.88503],[-159.49464,21.88504],[-159.49441,21.88464],[-159.49415,21.8845],[-159.49396,21.88447],[-159.49385,21.88465],[-159.49361,21.88454],[-159.49327,21.88456],[-159.49309,21.88445],[-159.49283,21.88443],[-159.49261,21.88465],[-159.49259,21.88497],[-159.49232,21.88495],[-159.4922,21.88506],[-159.4917,21.88509],[-159.49164,21.88516],[-159.49182,21.88546],[-159.49185,21.88564],[-159.49133,21.8859],[-159.49107,21.88592],[-159.49083,21.88585],[-159.49066,21.88569],[-159.4904,21.88563],[-159.48984,21.88583],[-159.48961,21.88568],[-159.48935,21.8856],[-159.48915,21.88532],[-159.48895,21.8853],[-159.48801,21.88582],[-159.4878,21.88577],[-159.48767,21.88552],[-159.48729,21.88511],[-159.48718,21.88488],[-159.48725,21.8845],[-159.48736,21.88437],[-159.48785,21.88423],[-159.48869,21.88412],[-159.48866,21.88401],[-159.48824,21.88395],[-159.4879,21.88397],[-159.48805,21.88375],[-159.48839,21.88346],[-159.48831,21.8834],[-159.48792,21.88347],[-159.48753,21.88365],[-159.48732,21.88368],[-159.48707,21.8835],[-159.48662,21.88327],[-159.48639,21.88321],[-159.48602,21.88353],[-159.4856,21.8835],[-159.48526,21.88354],[-159.48482,21.88353],[-159.48459,21.88344],[-159.48451,21.88326],[-159.48386,21.88283],[-159.48355,21.88291],[-159.4832,21.88275],[-159.48267,21.88218],[-159.48245,21.88181],[-159.48254,21.88127],[-159.48248,21.88098],[-159.48236,21.88096],[-159.48207,21.88134],[-159.48204,21.88182],[-159.48161,21.882],[-159.48136,21.88204],[-159.48143,21.88177],[-159.48123,21.88173],[-159.48087,21.8818],[-159.48022,21.88169],[-159.4797,21.88216],[-159.47921,21.88217],[-159.47814,21.88188],[-159.47743,21.88164],[-159.4769,21.88171],[-159.47617,21.88155],[-159.4759,21.88139],[-159.47587,21.88116],[-159.47546,21.88056],[-159.47528,21.88048],[-159.47505,21.88057],[-159.47479,21.88047],[-159.47421,21.88045],[-159.47406,21.88104],[-159.47362,21.88104],[-159.47331,21.8809],[-159.47298,21.88036],[-159.47246,21.87995],[-159.4722,21.87983],[-159.47142,21.87957],[-159.47119,21.87942],[-159.47113,21.87927],[-159.47134,21.87886],[-159.47131,21.87863],[-159.47102,21.87821],[-159.47085,21.87819],[-159.47052,21.87838],[-159.47026,21.87826],[-159.47006,21.87833],[-159.46971,21.87823],[-159.46912,21.87831],[-159.46896,21.87937],[-159.46869,21.87908],[-159.46846,21.87895],[-159.46802,21.87855],[-159.4679,21.8783],[-159.46764,21.87802],[-159.46751,21.87757],[-159.4675,21.87733],[-159.46704,21.87733],[-159.4668,21.87759],[-159.46608,21.87716],[-159.46574,21.87678],[-159.46551,21.87678],[-159.46529,21.87647],[-159.46516,21.87669],[-159.46474,21.87672],[-159.46426,21.87633],[-159.46381,21.87633],[-159.46326,21.87625],[-159.46291,21.87609],[-159.46269,21.87561],[-159.46236,21.87565],[-159.46181,21.8754],[-159.46144,21.87557],[-159.46082,21.87571],[-159.4602,21.87571],[-159.45975,21.87564],[-159.4592,21.8754],[-159.45871,21.87509],[-159.45851,21.87468],[-159.45757,21.87439],[-159.45748,21.87431],[-159.45731,21.87384],[-159.45708,21.87382],[-159.4563,21.87391],[-159.45607,21.87384],[-159.45561,21.87357],[-159.45543,21.87338],[-159.45522,21.87295],[-159.45525,21.87273],[-159.45555,21.87243],[-159.45511,21.87214],[-159.45499,21.87222],[-159.455,21.87256],[-159.45482,21.87291],[-159.45445,21.87311],[-159.45393,21.87308],[-159.45375,21.8729],[-159.45366,21.87248],[-159.45337,21.87234],[-159.45298,21.87242],[-159.45265,21.87243],[-159.45256,21.87258],[-159.45215,21.87282],[-159.45168,21.87298],[-159.45126,21.87296],[-159.4511,21.87277],[-159.45094,21.87241],[-159.4505,21.87187],[-159.45001,21.8719],[-159.44983,21.87147],[-159.44955,21.87112],[-159.44928,21.87109],[-159.44903,21.87089],[-159.44873,21.87036],[-159.44817,21.8703],[-159.44788,21.87035],[-159.44757,21.87009],[-159.44726,21.87038],[-159.44703,21.87029],[-159.4471,21.86994],[-159.4469,21.86983],[-159.44663,21.8694],[-159.4463,21.86912],[-159.44568,21.86874],[-159.44536,21.86886],[-159.44507,21.86863],[-159.44463,21.86853],[-159.44443,21.86826],[-159.44361,21.86862],[-159.44353,21.86847],[-159.44315,21.86884],[-159.44284,21.86902],[-159.44276,21.86917],[-159.44244,21.86919],[-159.44243,21.86967],[-159.4425,21.86984],[-159.44223,21.86991],[-159.44194,21.86984],[-159.44179,21.8699],[-159.44158,21.87034],[-159.4416,21.87045],[-159.44117,21.87053],[-159.44119,21.8708],[-159.44109,21.87118],[-159.4413,21.87164],[-159.44124,21.87211],[-159.44106,21.87256],[-159.4407,21.87306],[-159.44049,21.87326],[-159.43952,21.87389],[-159.43829,21.87435],[-159.43776,21.8744],[-159.43721,21.87451],[-159.43657,21.87456],[-159.43611,21.87449],[-159.43576,21.87418],[-159.43576,21.87381],[-159.43546,21.87376],[-159.43506,21.87378],[-159.43484,21.87398],[-159.43477,21.8742],[-159.43444,21.87429],[-159.43422,21.87415],[-159.43396,21.8742],[-159.4335,21.87446],[-159.43263,21.87518],[-159.43242,21.87554],[-159.43216,21.87565],[-159.43127,21.87671],[-159.43121,21.87698],[-159.43092,21.87724],[-159.43061,21.87769],[-159.43039,21.87785],[-159.43027,21.87814],[-159.4301,21.87832],[-159.4298,21.87893],[-159.4294,21.8793],[-159.42952,21.87958],[-159.42952,21.87991],[-159.42935,21.88021],[-159.42894,21.88042],[-159.4283,21.88058],[-159.42781,21.88088],[-159.42703,21.88126],[-159.42604,21.88134],[-159.4252,21.88144],[-159.42469,21.88139],[-159.42448,21.8815],[-159.42398,21.8814],[-159.4224,21.88143],[-159.42159,21.8814],[-159.42142,21.88142],[-159.42074,21.88166],[-159.42021,21.8818],[-159.41979,21.88179],[-159.4189,21.88221],[-159.41865,21.88284],[-159.41844,21.88299],[-159.41847,21.88331],[-159.41859,21.88364],[-159.41841,21.88398],[-159.4182,21.88462],[-159.4182,21.88487],[-159.41797,21.88524],[-159.41815,21.88586],[-159.41836,21.88673],[-159.41836,21.88684],[-159.41804,21.88733],[-159.41731,21.88801],[-159.41667,21.8883],[-159.41582,21.88848],[-159.41554,21.88867],[-159.41534,21.88868],[-159.41493,21.88857],[-159.41474,21.88868],[-159.41449,21.88896],[-159.41423,21.88907],[-159.41363,21.88921],[-159.41322,21.88912],[-159.41255,21.88908],[-159.41187,21.88913],[-159.4113,21.88943],[-159.41026,21.88981],[-159.41008,21.89009],[-159.40725,21.89238],[-159.40662,21.89264],[-159.40633,21.89259],[-159.40639,21.8929],[-159.40616,21.89312],[-159.40592,21.89305],[-159.40571,21.89287],[-159.40545,21.89298],[-159.40504,21.89306],[-159.40474,21.89329],[-159.40442,21.89344],[-159.40438,21.89383],[-159.40474,21.89391],[-159.40508,21.89431],[-159.40544,21.89458],[-159.40555,21.8949],[-159.40518,21.89516],[-159.40509,21.8957],[-159.40466,21.8961],[-159.40446,21.8961],[-159.40428,21.89652],[-159.40404,21.89678],[-159.40349,21.89727],[-159.40343,21.89756],[-159.40353,21.89793],[-159.40376,21.89817],[-159.40378,21.8985],[-159.40366,21.89885],[-159.40337,21.8992],[-159.40292,21.89919],[-159.40256,21.8993],[-159.40228,21.8993],[-159.40189,21.89967],[-159.40161,21.90004],[-159.40137,21.90018],[-159.40103,21.90024],[-159.40087,21.90038],[-159.40045,21.90093],[-159.40025,21.90099],[-159.39938,21.9008],[-159.3992,21.9014],[-159.39885,21.90154],[-159.39835,21.90198],[-159.39804,21.90201],[-159.39772,21.90226],[-159.39767,21.90252],[-159.39751,21.90294],[-159.39707,21.90305],[-159.39688,21.90296],[-159.39647,21.90292],[-159.39543,21.90251],[-159.39491,21.90245],[-159.39442,21.90267],[-159.39413,21.90257],[-159.39381,21.90258],[-159.39383,21.90237],[-159.39369,21.90224],[-159.39319,21.90204],[-159.39298,21.90206],[-159.39232,21.90169],[-159.39217,21.90164],[-159.39183,21.90181],[-159.39175,21.90161],[-159.39134,21.90145],[-159.39103,21.90146],[-159.39069,21.90158],[-159.3905,21.90151],[-159.39037,21.90208],[-159.39,21.90245],[-159.38965,21.90254],[-159.38904,21.90241],[-159.38869,21.90246],[-159.38841,21.90274],[-159.38813,21.90274],[-159.38774,21.90289],[-159.38724,21.90331],[-159.38719,21.90362],[-159.38722,21.90393],[-159.38733,21.90417],[-159.38824,21.90513],[-159.38841,21.90512],[-159.38905,21.90549],[-159.38942,21.90585],[-159.39006,21.90662],[-159.39023,21.9069],[-159.39032,21.90757],[-159.39006,21.90849],[-159.38996,21.90939],[-159.38974,21.90978],[-159.3896,21.91037],[-159.3894,21.91059],[-159.38907,21.91119],[-159.38895,21.91182],[-159.38859,21.91245],[-159.38802,21.91272],[-159.38755,21.91301],[-159.38694,21.91322],[-159.38637,21.91323],[-159.38619,21.91308],[-159.38611,21.91285],[-159.38642,21.91244],[-159.38601,21.9123],[-159.38579,21.91239],[-159.38527,21.91244],[-159.38525,21.91262],[-159.38492,21.91307],[-159.38463,21.9132],[-159.38458,21.91334],[-159.3842,21.91364],[-159.38402,21.9139],[-159.38403,21.91402],[-159.3844,21.91395],[-159.38486,21.91416],[-159.38496,21.91429],[-159.38504,21.91505],[-159.38495,21.91519],[-159.38461,21.9153],[-159.38449,21.91544],[-159.3838,21.91562],[-159.38364,21.91607],[-159.3833,21.91612],[-159.38267,21.91629],[-159.38254,21.91661],[-159.38233,21.91675],[-159.38228,21.91706],[-159.38211,21.91721],[-159.382,21.91769],[-159.38205,21.91784],[-159.38241,21.91792],[-159.38263,21.91789],[-159.38277,21.91768],[-159.38306,21.91775],[-159.38347,21.91828],[-159.38354,21.91848],[-159.38345,21.91914],[-159.38319,21.91948],[-159.38245,21.91986],[-159.38151,21.92016],[-159.38101,21.92008],[-159.38069,21.92023],[-159.38056,21.92049],[-159.3803,21.92079],[-159.37988,21.92117],[-159.37916,21.92158],[-159.37877,21.92183],[-159.37784,21.92191],[-159.37759,21.92201],[-159.3772,21.92232],[-159.37676,21.92259],[-159.37573,21.92302],[-159.37546,21.92304],[-159.37496,21.92271],[-159.37421,21.92295],[-159.37399,21.92336],[-159.37384,21.9235],[-159.3732,21.92333],[-159.37274,21.92316],[-159.37222,21.92319],[-159.37198,21.92359],[-159.37189,21.92396],[-159.3719,21.92417],[-159.37172,21.92442],[-159.37151,21.92454],[-159.37114,21.925],[-159.37081,21.92514],[-159.37003,21.92534],[-159.3693,21.92534],[-159.36903,21.92503],[-159.36888,21.92494],[-159.36833,21.92515],[-159.36787,21.92568],[-159.36797,21.92597],[-159.36794,21.92646],[-159.36778,21.9267],[-159.36732,21.92787],[-159.36651,21.92914],[-159.36617,21.92947],[-159.36525,21.93006],[-159.36372,21.93062],[-159.36352,21.93068],[-159.3632,21.93091],[-159.36235,21.93143],[-159.36159,21.93154],[-159.36107,21.93174],[-159.36035,21.93169],[-159.35957,21.93145],[-159.35851,21.93144],[-159.35829,21.9313],[-159.35777,21.9312],[-159.35701,21.93122],[-159.35675,21.93112],[-159.35661,21.93125],[-159.35597,21.93129],[-159.35492,21.9317],[-159.35462,21.93196],[-159.35452,21.93219],[-159.35438,21.93286],[-159.35467,21.9334],[-159.35506,21.93358],[-159.35519,21.93425],[-159.3549,21.9349],[-159.35489,21.93521],[-159.35469,21.93568],[-159.35455,21.93583],[-159.35405,21.93612],[-159.35336,21.93643],[-159.35249,21.93653],[-159.35176,21.93649],[-159.35144,21.93641],[-159.35077,21.93639],[-159.35006,21.93642],[-159.34932,21.93649],[-159.34852,21.93621],[-159.3479,21.93626],[-159.34697,21.93683],[-159.34676,21.93693],[-159.34632,21.93737],[-159.34627,21.93758],[-159.34648,21.93799],[-159.34695,21.93867],[-159.34718,21.93887],[-159.34735,21.93925],[-159.34765,21.93946],[-159.34796,21.93956],[-159.3481,21.9397],[-159.34851,21.9398],[-159.34904,21.94007],[-159.3492,21.94008],[-159.34982,21.94037],[-159.34999,21.9405],[-159.35031,21.94087],[-159.35046,21.94128],[-159.35052,21.94192],[-159.35016,21.94266],[-159.3499,21.94332],[-159.34959,21.94362],[-159.34874,21.94387],[-159.34801,21.94405],[-159.34775,21.9442],[-159.34778,21.94433],[-159.3483,21.94462],[-159.34848,21.94477],[-159.34874,21.94515],[-159.34882,21.94536],[-159.34848,21.94527],[-159.34825,21.94547],[-159.34843,21.94579],[-159.3479,21.9462],[-159.34789,21.94654],[-159.34776,21.94671],[-159.34793,21.94737],[-159.34816,21.94783],[-159.34846,21.94807],[-159.34907,21.94826],[-159.35019,21.94843],[-159.35046,21.94858],[-159.35057,21.94878],[-159.35052,21.94925],[-159.35045,21.94951],[-159.34877,21.95289],[-159.34848,21.9532],[-159.34848,21.95343],[-159.34875,21.95337],[-159.34888,21.95319],[-159.3507,21.94963],[-159.35094,21.94925],[-159.35139,21.94832],[-159.35167,21.94813],[-159.35201,21.94813],[-159.35243,21.94793],[-159.35326,21.94794],[-159.3541,21.94781],[-159.35504,21.94771],[-159.35588,21.94771],[-159.357,21.94748],[-159.35744,21.94746],[-159.35803,21.94734],[-159.35855,21.94735],[-159.35913,21.94751],[-159.36,21.94762],[-159.3602,21.94768],[-159.36049,21.94763],[-159.36164,21.94802],[-159.36208,21.948],[-159.36217,21.94826],[-159.36189,21.94831],[-159.36188,21.94892],[-159.3622,21.94989],[-159.36226,21.95027],[-159.36198,21.95056],[-159.36159,21.95083],[-159.36101,21.95132],[-159.36084,21.95104],[-159.36087,21.95067],[-159.36107,21.94937],[-159.36091,21.94913],[-159.36035,21.94896],[-159.35774,21.94867],[-159.35713,21.94904],[-159.3572,21.94909],[-159.35774,21.94876],[-159.36065,21.94912],[-159.36088,21.94923],[-159.36096,21.94943],[-159.36083,21.95034],[-159.35885,21.9501],[-159.35885,21.94999],[-159.35828,21.94992],[-159.35804,21.95001],[-159.3579,21.9499],[-159.35795,21.94946],[-159.35785,21.94945],[-159.35777,21.95028],[-159.35808,21.95079],[-159.35781,21.95086],[-159.35792,21.9512],[-159.35816,21.95115],[-159.35827,21.95155],[-159.35867,21.95282],[-159.3589,21.95274],[-159.35923,21.95304],[-159.35894,21.95358],[-159.35883,21.95357],[-159.35864,21.95387],[-159.35705,21.95432],[-159.35701,21.95416],[-159.35622,21.95438],[-159.35365,21.95504],[-159.35335,21.95456],[-159.35289,21.95297],[-159.35253,21.95299],[-159.35224,21.95858],[-159.35219,21.95965],[-159.35249,21.95991],[-159.35254,21.96014],[-159.35248,21.96053],[-159.3529,21.96074],[-159.35288,21.96087],[-159.35249,21.9607],[-159.35233,21.96041],[-159.35242,21.96009],[-159.3523,21.95987],[-159.3521,21.95987],[-159.35185,21.96009],[-159.35153,21.9602],[-159.35099,21.96032],[-159.35013,21.96038],[-159.3494,21.96033],[-159.34892,21.96027],[-159.34845,21.96004],[-159.34828,21.95896],[-159.34828,21.95854],[-159.34819,21.95794],[-159.34825,21.95768],[-159.34827,21.95685],[-159.34809,21.95639],[-159.34797,21.95626],[-159.34755,21.95628],[-159.34731,21.95637],[-159.34735,21.95678],[-159.34682,21.95645],[-159.34601,21.95641],[-159.34561,21.95658],[-159.3453,21.95664],[-159.34479,21.95665],[-159.34456,21.95685],[-159.34419,21.957],[-159.34322,21.95808],[-159.34272,21.95811],[-159.34239,21.95819],[-159.34204,21.95849],[-159.34113,21.95847],[-159.34068,21.95835],[-159.34032,21.95832],[-159.3401,21.95848],[-159.3398,21.95849],[-159.3393,21.95798],[-159.3389,21.95783],[-159.33824,21.95784],[-159.33786,21.95772],[-159.33771,21.95753],[-159.33754,21.95698],[-159.33681,21.95621],[-159.33661,21.95589],[-159.33644,21.95517],[-159.33621,21.95468],[-159.33585,21.9545],[-159.33543,21.95462],[-159.3352,21.95521],[-159.33511,21.95567],[-159.33489,21.95603],[-159.33434,21.95643],[-159.33394,21.95683],[-159.33321,21.95711],[-159.33293,21.95714],[-159.33259,21.9575],[-159.33194,21.95779],[-159.33134,21.95858],[-159.33125,21.9589],[-159.33095,21.95927],[-159.33069,21.95992],[-159.33063,21.9604],[-159.33053,21.9606],[-159.32991,21.96118],[-159.32989,21.96158],[-159.33024,21.96195],[-159.33029,21.96219],[-159.33023,21.96256],[-159.33037,21.96328],[-159.33031,21.96441],[-159.33006,21.9648],[-159.32999,21.96548],[-159.33011,21.96612],[-159.3301,21.96656],[-159.33021,21.96724],[-159.33069,21.96847],[-159.33093,21.96871],[-159.33096,21.96887],[-159.3306,21.9692],[-159.33049,21.96947],[-159.33051,21.97043],[-159.33081,21.97142],[-159.33086,21.97168],[-159.33133,21.97302],[-159.33169,21.97395],[-159.3318,21.97414],[-159.33215,21.97505],[-159.33234,21.97562],[-159.33281,21.97735],[-159.33318,21.97804],[-159.33339,21.97858],[-159.33349,21.97918],[-159.33345,21.98059],[-159.3332,21.98127],[-159.33316,21.98154],[-159.33315,21.98232],[-159.3333,21.98279],[-159.33342,21.98335],[-159.33369,21.98384],[-159.33385,21.98451],[-159.33375,21.98557],[-159.33367,21.98626],[-159.33354,21.98664],[-159.33317,21.98717],[-159.33306,21.98757],[-159.33284,21.98792],[-159.33285,21.98851],[-159.33293,21.98868],[-159.33331,21.98901],[-159.33325,21.98909],[-159.33267,21.98905],[-159.33235,21.98914],[-159.33194,21.98912],[-159.33119,21.9894],[-159.33095,21.98957],[-159.33063,21.99003],[-159.33024,21.99036],[-159.33002,21.99072],[-159.32989,21.99131],[-159.32995,21.99166],[-159.33102,21.99238],[-159.33098,21.99278],[-159.33102,21.99302],[-159.33118,21.99312],[-159.33147,21.99351],[-159.33189,21.9933],[-159.33194,21.99295],[-159.33208,21.9927],[-159.33259,21.99253],[-159.33308,21.99215],[-159.33291,21.99198],[-159.33222,21.99256],[-159.33228,21.99229],[-159.33262,21.99193],[-159.33281,21.99166],[-159.3333,21.9913],[-159.33388,21.99121],[-159.33544,21.99092],[-159.33568,21.99094],[-159.33633,21.99085],[-159.33701,21.99093],[-159.33736,21.99106],[-159.33815,21.99147],[-159.33868,21.99148],[-159.3399,21.99088],[-159.34022,21.99098],[-159.34059,21.99097],[-159.3409,21.99112],[-159.34108,21.99133],[-159.34136,21.9918],[-159.34164,21.9922],[-159.34185,21.99239],[-159.34259,21.9927],[-159.34312,21.993],[-159.3435,21.99339],[-159.34362,21.99364],[-159.34235,21.99273],[-159.3422,21.99272],[-159.34198,21.99251],[-159.34169,21.99239],[-159.34142,21.99203],[-159.34106,21.99132],[-159.34086,21.99127],[-159.34051,21.99132],[-159.34076,21.99184],[-159.34109,21.99304],[-159.34121,21.99362],[-159.34121,21.99407],[-159.3411,21.99455],[-159.3409,21.99492],[-159.34042,21.99522],[-159.33982,21.99532],[-159.33937,21.99527],[-159.33901,21.99509],[-159.33861,21.99514],[-159.33789,21.99516],[-159.33729,21.99528],[-159.33704,21.99524],[-159.33663,21.99496],[-159.33637,21.99482],[-159.33618,21.99484],[-159.3356,21.99564],[-159.33465,21.99684],[-159.33432,21.99718],[-159.33389,21.99739],[-159.33285,21.99781],[-159.33263,21.99844],[-159.33256,21.99873],[-159.33256,21.99935],[-159.33263,21.99975],[-159.33292,22.00043],[-159.33305,22.00062],[-159.33318,22.00098],[-159.33316,22.00159],[-159.33332,22.00193],[-159.33348,22.00239],[-159.33402,22.00277],[-159.33418,22.00317],[-159.3345,22.0033],[-159.33498,22.00359],[-159.3353,22.00391],[-159.33537,22.0041],[-159.33543,22.00479],[-159.33566,22.00591],[-159.33583,22.00643],[-159.33589,22.00724],[-159.33583,22.00747],[-159.3358,22.00798],[-159.33592,22.00875],[-159.33611,22.00942],[-159.33625,22.00974],[-159.33644,22.01042],[-159.33642,22.01091],[-159.3365,22.0112],[-159.33692,22.01205],[-159.33713,22.01277],[-159.33708,22.01343],[-159.33719,22.01363],[-159.33738,22.01446],[-159.3375,22.01573],[-159.33809,22.01635],[-159.3383,22.01671],[-159.33843,22.0172],[-159.33847,22.0176],[-159.33844,22.01791],[-159.33818,22.0184],[-159.33833,22.0187],[-159.33832,22.019],[-159.33821,22.01961],[-159.33823,22.0203],[-159.3383,22.02112],[-159.33847,22.02237],[-159.33858,22.02277],[-159.33859,22.02344],[-159.33867,22.02384],[-159.33874,22.02467],[-159.33874,22.02502],[-159.33862,22.0254],[-159.33844,22.02616],[-159.33843,22.0265],[-159.33827,22.02809],[-159.33828,22.02833],[-159.33799,22.02926],[-159.33786,22.02995],[-159.33774,22.03019],[-159.33732,22.03073],[-159.33718,22.03115],[-159.33684,22.03185],[-159.33673,22.03223],[-159.33615,22.03351],[-159.33595,22.03415],[-159.33585,22.03474],[-159.33566,22.03518],[-159.33565,22.03569],[-159.33554,22.03657],[-159.33559,22.03688],[-159.33536,22.03767],[-159.33536,22.03845],[-159.33521,22.03896],[-159.33485,22.03975],[-159.33463,22.04031],[-159.33451,22.04081],[-159.33446,22.04128],[-159.33449,22.0417],[-159.33441,22.0424],[-159.33449,22.04271],[-159.33533,22.04366],[-159.33558,22.0437],[-159.33574,22.04431],[-159.33586,22.04447],[-159.33581,22.04511],[-159.33524,22.0466],[-159.33524,22.04696],[-159.33517,22.04725],[-159.33455,22.04861],[-159.3343,22.04901],[-159.33414,22.04951],[-159.33392,22.05],[-159.3337,22.05018],[-159.33335,22.05029],[-159.33289,22.05065],[-159.33271,22.05071],[-159.33238,22.05062],[-159.33222,22.05065],[-159.33203,22.05105],[-159.33101,22.05138],[-159.33043,22.05137],[-159.33008,22.05095],[-159.32983,22.05092],[-159.32893,22.0514],[-159.32853,22.05166],[-159.32786,22.05192],[-159.32748,22.05227],[-159.32719,22.05241],[-159.32675,22.05294],[-159.32655,22.05325],[-159.32629,22.05348],[-159.32521,22.05405],[-159.32503,22.05422],[-159.32462,22.0544],[-159.32415,22.05451],[-159.32215,22.05518],[-159.32186,22.05542],[-159.3216,22.05582],[-159.3212,22.05635],[-159.32095,22.05696],[-159.3205,22.05762],[-159.3201,22.05809],[-159.31964,22.05878],[-159.31938,22.05926],[-159.31895,22.05995],[-159.31872,22.0602],[-159.31849,22.0606],[-159.31835,22.06098],[-159.31828,22.06142],[-159.31829,22.06263],[-159.31805,22.06376],[-159.31785,22.06496],[-159.31749,22.06611],[-159.31732,22.06678],[-159.31706,22.06747],[-159.31696,22.06784],[-159.31645,22.06921],[-159.31621,22.0701],[-159.31636,22.07054],[-159.31668,22.07092],[-159.31692,22.07108],[-159.3171,22.07138],[-159.31722,22.07188],[-159.31726,22.07247],[-159.31708,22.07301],[-159.31707,22.07375],[-159.31703,22.0743],[-159.31692,22.07473],[-159.31656,22.07559],[-159.31628,22.07598],[-159.31604,22.07624],[-159.31529,22.07687],[-159.31507,22.07713],[-159.31513,22.07738],[-159.31531,22.07843],[-159.31516,22.07824],[-159.31514,22.07787],[-159.31495,22.07724],[-159.31433,22.07783],[-159.31378,22.07859],[-159.3136,22.07879],[-159.31327,22.07938],[-159.31293,22.07985],[-159.31248,22.08072],[-159.31232,22.08097],[-159.31196,22.0817],[-159.31175,22.08224],[-159.31163,22.08268],[-159.31146,22.0829],[-159.31101,22.08326],[-159.31065,22.08341],[-159.31046,22.08368],[-159.30988,22.08432],[-159.30939,22.08458],[-159.30926,22.08475],[-159.30904,22.08528],[-159.30856,22.08556],[-159.3083,22.08559],[-159.30792,22.08546],[-159.30768,22.08554],[-159.30751,22.08575],[-159.30758,22.08586],[-159.308,22.08602],[-159.30829,22.08605],[-159.30838,22.08621],[-159.30839,22.08659],[-159.30789,22.08739],[-159.30725,22.08781],[-159.30686,22.088],[-159.30624,22.08823],[-159.30588,22.0891],[-159.30551,22.08944],[-159.30521,22.08955],[-159.305,22.08985],[-159.30476,22.09],[-159.30466,22.09028],[-159.30501,22.09045],[-159.30576,22.0906],[-159.30608,22.09168],[-159.30618,22.09233],[-159.30622,22.09298],[-159.30617,22.09322],[-159.30713,22.09365],[-159.30706,22.09385],[-159.30611,22.09349],[-159.30605,22.0941],[-159.30592,22.09451],[-159.30591,22.09483],[-159.30568,22.09588],[-159.30549,22.09656],[-159.30528,22.09703],[-159.3051,22.09768],[-159.30453,22.09849],[-159.30389,22.09914],[-159.30335,22.09957],[-159.30279,22.0997],[-159.30243,22.09963],[-159.30212,22.09941],[-159.30203,22.09895],[-159.30185,22.0991],[-159.30192,22.09953],[-159.30192,22.09989],[-159.30174,22.10007],[-159.30145,22.10059],[-159.30043,22.10124],[-159.29965,22.10194],[-159.29909,22.10219],[-159.29857,22.10252],[-159.29824,22.10289],[-159.29777,22.10328],[-159.29756,22.10359],[-159.29735,22.10407],[-159.29724,22.10456],[-159.29667,22.10485],[-159.29663,22.10511],[-159.29635,22.10592],[-159.29653,22.10627],[-159.29654,22.10656],[-159.29638,22.10675],[-159.29651,22.10685],[-159.29686,22.1069],[-159.2969,22.107],[-159.29664,22.10749],[-159.29652,22.10763],[-159.2958,22.10806],[-159.29566,22.10862],[-159.29545,22.10898],[-159.29518,22.10962],[-159.29462,22.1104],[-159.2946,22.11069],[-159.29469,22.11099],[-159.29516,22.11143],[-159.2956,22.1121],[-159.29608,22.11227],[-159.29629,22.11266],[-159.29655,22.11337],[-159.29652,22.11359],[-159.29672,22.11482],[-159.29672,22.11506],[-159.29648,22.1162],[-159.29614,22.11641],[-159.29586,22.11667],[-159.29559,22.11721],[-159.29536,22.11745],[-159.29527,22.11815],[-159.2953,22.11852],[-159.29564,22.1189],[-159.29536,22.11931],[-159.29518,22.1194],[-159.29494,22.11928],[-159.29462,22.11935],[-159.29422,22.11988],[-159.29428,22.12001],[-159.29467,22.12036],[-159.29504,22.12043],[-159.29529,22.12055],[-159.29561,22.12053],[-159.29582,22.12092],[-159.29592,22.12133],[-159.2959,22.12164],[-159.29556,22.12207],[-159.29524,22.12229],[-159.2948,22.12247],[-159.29446,22.12249],[-159.29422,22.12239],[-159.29393,22.12207],[-159.29327,22.12218],[-159.29323,22.12246],[-159.29304,22.12282],[-159.29309,22.12302],[-159.29335,22.12288],[-159.29384,22.1231],[-159.29395,22.12324],[-159.29411,22.12378],[-159.29408,22.12399],[-159.29387,22.12456],[-159.29359,22.12466],[-159.2932,22.12463],[-159.29297,22.12475],[-159.29298,22.12501],[-159.29285,22.12519],[-159.29297,22.12544],[-159.29271,22.12605],[-159.29286,22.12657],[-159.2928,22.12686],[-159.29262,22.12703],[-159.29243,22.12735],[-159.29257,22.12769],[-159.29253,22.12809],[-159.29277,22.12822],[-159.29269,22.12847],[-159.29285,22.12863],[-159.29302,22.1291],[-159.293,22.1294],[-159.29336,22.12973],[-159.29361,22.12969],[-159.29402,22.12948],[-159.2943,22.12952],[-159.29454,22.12997],[-159.29454,22.13048],[-159.29446,22.1307],[-159.29462,22.13111],[-159.29445,22.1316],[-159.29449,22.13199],[-159.29439,22.13227],[-159.29477,22.13266],[-159.29488,22.13332],[-159.29462,22.13374],[-159.29434,22.13392],[-159.29396,22.13402],[-159.29364,22.13399],[-159.2935,22.13419],[-159.29333,22.13427],[-159.29362,22.13462],[-159.29376,22.13461],[-159.29396,22.13481],[-159.29398,22.1351],[-159.29419,22.13524],[-159.29422,22.13546],[-159.29411,22.13589],[-159.29413,22.13624],[-159.29427,22.13652],[-159.29422,22.13697],[-159.29406,22.13715],[-159.29395,22.13755],[-159.29351,22.13807],[-159.29301,22.1383],[-159.29317,22.13847],[-159.29334,22.13891],[-159.29326,22.13947],[-159.29318,22.13961],[-159.2934,22.14011],[-159.29341,22.14027],[-159.29329,22.14091],[-159.29312,22.1412],[-159.29313,22.14137],[-159.29341,22.14159],[-159.29367,22.14205],[-159.29364,22.14233],[-159.29375,22.14248],[-159.29367,22.14303],[-159.29332,22.14307],[-159.29318,22.14319],[-159.29378,22.14335],[-159.29412,22.14385],[-159.2942,22.14415],[-159.29419,22.14459],[-159.2944,22.14495],[-159.29439,22.14526],[-159.29468,22.14548],[-159.29489,22.14576],[-159.29492,22.14647],[-159.29498,22.14663],[-159.2953,22.147],[-159.2954,22.14728],[-159.29562,22.14766],[-159.29588,22.14797],[-159.29622,22.14808],[-159.29661,22.14795],[-159.29689,22.14797],[-159.29708,22.14784],[-159.29779,22.14674],[-159.29783,22.14632],[-159.29793,22.14625],[-159.2986,22.14625],[-159.2988,22.1462],[-159.29988,22.14619],[-159.30034,22.14616],[-159.30097,22.14627],[-159.30178,22.14634],[-159.30215,22.14631],[-159.30311,22.14656],[-159.30386,22.14694],[-159.30481,22.14771],[-159.30545,22.14841],[-159.30561,22.14884],[-159.30593,22.15006],[-159.30576,22.15044],[-159.30566,22.15122],[-159.30575,22.1524],[-159.30595,22.15239],[-159.30596,22.15268],[-159.30577,22.15282],[-159.30568,22.15378],[-159.30569,22.15411],[-159.30582,22.15492],[-159.30582,22.15525],[-159.30563,22.15612],[-159.30543,22.15677],[-159.30527,22.15715],[-159.30501,22.15743],[-159.30503,22.15789],[-159.30524,22.15839],[-159.30572,22.15871],[-159.30651,22.15927],[-159.30726,22.15986],[-159.30787,22.16057],[-159.30834,22.16136],[-159.30905,22.16204],[-159.3093,22.16239],[-159.30952,22.1628],[-159.30957,22.1631],[-159.30949,22.16326],[-159.30894,22.16393],[-159.30902,22.16427],[-159.30893,22.16451],[-159.30869,22.16466],[-159.30864,22.16479],[-159.30895,22.16505],[-159.30873,22.16532],[-159.3087,22.16582],[-159.30852,22.16627],[-159.30857,22.16648],[-159.30895,22.16684],[-159.30915,22.16744],[-159.30964,22.16806],[-159.30996,22.16889],[-159.31047,22.16998],[-159.31061,22.17017],[-159.31091,22.17026],[-159.3112,22.17049],[-159.31136,22.17113],[-159.31161,22.1717],[-159.31193,22.17189],[-159.31268,22.17194],[-159.31313,22.17185],[-159.31387,22.1719],[-159.31401,22.17216],[-159.31374,22.1734],[-159.31375,22.17381],[-159.31356,22.17383],[-159.31327,22.17432],[-159.3132,22.17511],[-159.31303,22.17574],[-159.31234,22.17612],[-159.31243,22.17658],[-159.31228,22.17701],[-159.31213,22.17715],[-159.31176,22.17725],[-159.31157,22.17723],[-159.31117,22.1775],[-159.31117,22.17798],[-159.31125,22.17825],[-159.31119,22.17846],[-159.31131,22.17869],[-159.31131,22.17898],[-159.31169,22.17965],[-159.31181,22.18005],[-159.31206,22.18053],[-159.31209,22.18117],[-159.31224,22.18152],[-159.31224,22.18196],[-159.3125,22.18242],[-159.3129,22.1829],[-159.31308,22.18358],[-159.31361,22.18413],[-159.31392,22.18455],[-159.31422,22.18483],[-159.31479,22.18543],[-159.31497,22.18557],[-159.31572,22.186],[-159.31691,22.18653],[-159.31743,22.18715],[-159.31749,22.18752],[-159.31786,22.18771],[-159.31799,22.18789],[-159.31822,22.18785],[-159.31851,22.18804],[-159.31895,22.18822],[-159.31945,22.18836],[-159.31991,22.18839],[-159.32083,22.18857],[-159.32114,22.18875],[-159.32159,22.18893],[-159.32222,22.18955],[-159.32254,22.18976],[-159.32294,22.19053],[-159.32309,22.19068],[-159.32343,22.1912],[-159.32404,22.19173],[-159.32427,22.19188],[-159.32443,22.19211],[-159.32524,22.19262],[-159.32572,22.19296],[-159.32607,22.19335],[-159.32655,22.1937],[-159.32692,22.19392],[-159.33095,22.19855],[-159.33102,22.19898],[-159.33118,22.19948],[-159.33153,22.19993],[-159.33186,22.20048],[-159.33231,22.20077],[-159.3328,22.20101],[-159.33302,22.20105],[-159.33369,22.2014],[-159.33435,22.2017],[-159.33484,22.20208],[-159.33483,22.2028],[-159.33502,22.20313],[-159.33495,22.20349],[-159.33519,22.20392],[-159.33544,22.20403],[-159.33576,22.20403],[-159.33658,22.20478],[-159.33757,22.20546],[-159.3383,22.20611],[-159.33878,22.20646],[-159.33956,22.207],[-159.34027,22.2076],[-159.34095,22.20805],[-159.34146,22.20816],[-159.34166,22.20845],[-159.34175,22.20876],[-159.34212,22.20884],[-159.34259,22.20882],[-159.34278,22.20896],[-159.3429,22.20928],[-159.34338,22.20996],[-159.34388,22.21018],[-159.34487,22.21044],[-159.34544,22.21069],[-159.34612,22.21108],[-159.3465,22.21139],[-159.34664,22.2117],[-159.3469,22.21178],[-159.34717,22.21164],[-159.34761,22.21168],[-159.34797,22.21185],[-159.34803,22.21217],[-159.34786,22.21256],[-159.34792,22.21286],[-159.34774,22.21299],[-159.34771,22.21328],[-159.34795,22.2134],[-159.3481,22.21358],[-159.34827,22.21339],[-159.34855,22.21331],[-159.34911,22.21348],[-159.34946,22.21342],[-159.34937,22.21319],[-159.34974,22.21321],[-159.35009,22.21348],[-159.35009,22.21389],[-159.34992,22.21417],[-159.35013,22.21439],[-159.35009,22.21453],[-159.3503,22.21483],[-159.35079,22.21442],[-159.35076,22.21426],[-159.3514,22.2142],[-159.35148,22.21404],[-159.35179,22.21401],[-159.35235,22.21445],[-159.35283,22.21444],[-159.35324,22.21465],[-159.35349,22.21456],[-159.35387,22.21454],[-159.35439,22.21427],[-159.3543,22.21406],[-159.35434,22.21386],[-159.35458,22.21385],[-159.35479,22.21367],[-159.35504,22.21333],[-159.35559,22.21288],[-159.35575,22.21251],[-159.35639,22.21222],[-159.35677,22.21184],[-159.35702,22.21172],[-159.35751,22.21157],[-159.35805,22.21149],[-159.35877,22.21158],[-159.3597,22.21164],[-159.36021,22.21178],[-159.36089,22.2118],[-159.3612,22.21168],[-159.36167,22.21137],[-159.3621,22.21119],[-159.36247,22.21143],[-159.36283,22.21156],[-159.36362,22.21152],[-159.36414,22.21143],[-159.36438,22.21145],[-159.36463,22.21157],[-159.36502,22.2116],[-159.36552,22.21177],[-159.36637,22.21232],[-159.36704,22.2125],[-159.36711,22.21283],[-159.3675,22.21315],[-159.36772,22.21339],[-159.36824,22.21364],[-159.36861,22.21397],[-159.36906,22.21417],[-159.3702,22.21442],[-159.37074,22.21467],[-159.37114,22.21515],[-159.37139,22.2153],[-159.37204,22.21549],[-159.37233,22.21567],[-159.3726,22.21571],[-159.37311,22.2156],[-159.3735,22.21593],[-159.37404,22.21605],[-159.37453,22.21621],[-159.37513,22.21631],[-159.37548,22.21664],[-159.37583,22.21687],[-159.37634,22.21696],[-159.37683,22.21692],[-159.37736,22.21677],[-159.37909,22.21613],[-159.37928,22.21615],[-159.37988,22.21604],[-159.38014,22.21592],[-159.38035,22.21574],[-159.38075,22.2155],[-159.38105,22.21553],[-159.38172,22.21573],[-159.3829,22.21603],[-159.38364,22.21618],[-159.38386,22.21649],[-159.3842,22.21666],[-159.38449,22.21707],[-159.3849,22.2173],[-159.38512,22.21788],[-159.38547,22.21848],[-159.38576,22.21953],[-159.3857,22.21966],[-159.3853,22.22003],[-159.38458,22.22053],[-159.38355,22.22087],[-159.38332,22.22111],[-159.38321,22.22154],[-159.38315,22.22202],[-159.38286,22.22228],[-159.38277,22.22266],[-159.38245,22.22324],[-159.38219,22.22351],[-159.38193,22.22386],[-159.3819,22.22411],[-159.38199,22.2244],[-159.38216,22.22455],[-159.38223,22.22478],[-159.38239,22.2249],[-159.38272,22.22489],[-159.38306,22.22463],[-159.38321,22.22426],[-159.38365,22.22392],[-159.3837,22.22373],[-159.38396,22.2236],[-159.384,22.22342],[-159.38442,22.22323],[-159.38452,22.22307],[-159.385,22.22303],[-159.38523,22.22273],[-159.38565,22.22261],[-159.38574,22.22251],[-159.38623,22.22231],[-159.38646,22.22234],[-159.38686,22.22226],[-159.38733,22.22207],[-159.38753,22.22204],[-159.38815,22.22231],[-159.38837,22.22235],[-159.38867,22.22226],[-159.38899,22.22246],[-159.38973,22.22279],[-159.38992,22.22295],[-159.39061,22.22318],[-159.39101,22.22339],[-159.39111,22.22384],[-159.39101,22.22404],[-159.39067,22.22401],[-159.39069,22.22437],[-159.39049,22.2245],[-159.39023,22.22455],[-159.39081,22.22537],[-159.39102,22.225],[-159.39131,22.22499],[-159.39157,22.22476],[-159.39165,22.22458],[-159.39145,22.22417],[-159.39157,22.22382],[-159.39244,22.22419],[-159.39302,22.22415],[-159.39359,22.22416],[-159.39385,22.22421],[-159.39418,22.22418],[-159.39447,22.22425],[-159.39496,22.22446],[-159.39537,22.22487],[-159.3958,22.22587],[-159.39638,22.22634],[-159.39655,22.22644],[-159.39673,22.22704],[-159.39661,22.2277],[-159.39669,22.22827],[-159.39667,22.22851],[-159.39705,22.22958],[-159.39748,22.23007],[-159.39772,22.23019],[-159.39793,22.23015],[-159.39825,22.2302],[-159.39861,22.23015],[-159.39882,22.23005],[-159.39934,22.23018],[-159.3999,22.22997],[-159.40004,22.2298],[-159.40062,22.22967],[-159.40077,22.22946],[-159.40093,22.22945],[-159.4012,22.22923],[-159.40143,22.22966],[-159.4014,22.22995],[-159.40119,22.23063],[-159.40128,22.23096],[-159.40109,22.23107],[-159.40109,22.23156],[-159.40099,22.23174],[-159.40114,22.23218],[-159.40143,22.23235],[-159.40181,22.23239]]],[[[-160.08831,22.00265],[-160.08865,22.00277],[-160.08968,22.00249],[-160.09039,22.0026],[-160.0907,22.00245],[-160.09116,22.00266],[-160.09147,22.00258],[-160.09167,22.00234],[-160.09194,22.00235],[-160.09204,22.00225],[-160.09191,22.0019],[-160.09197,22.00153],[-160.09227,22.00045],[-160.09268,21.99969],[-160.09304,21.99915],[-160.09341,21.99841],[-160.09384,21.99806],[-160.09416,21.99797],[-160.09448,21.99804],[-160.09497,21.99768],[-160.09525,21.99729],[-160.09579,21.99692],[-160.09654,21.996],[-160.09689,21.99593],[-160.09765,21.99527],[-160.09935,21.99389],[-160.1001,21.99386],[-160.10023,21.99414],[-160.10073,21.99408],[-160.10144,21.99421],[-160.10184,21.99452],[-160.10214,21.99453],[-160.10288,21.99494],[-160.10333,21.99488],[-160.1036,21.99525],[-160.10395,21.99505],[-160.10435,21.99509],[-160.10425,21.99481],[-160.1043,21.9944],[-160.10481,21.99424],[-160.10537,21.99385],[-160.10589,21.99267],[-160.10616,21.99307],[-160.10638,21.99298],[-160.10638,21.99262],[-160.10654,21.99222],[-160.10683,21.99218],[-160.10715,21.99196],[-160.10776,21.99228],[-160.10797,21.99266],[-160.1084,21.99252],[-160.10917,21.99262],[-160.10925,21.99237],[-160.10966,21.99214],[-160.10982,21.9917],[-160.10995,21.99078],[-160.11046,21.99056],[-160.11064,21.99008],[-160.11038,21.98983],[-160.11062,21.98912],[-160.11046,21.989],[-160.1104,21.9885],[-160.11099,21.98791],[-160.11076,21.98778],[-160.11077,21.98739],[-160.11088,21.98691],[-160.11081,21.98663],[-160.11035,21.98633],[-160.10983,21.98625],[-160.10962,21.98584],[-160.10959,21.98528],[-160.10964,21.98479],[-160.11016,21.98409],[-160.11118,21.98339],[-160.11184,21.9832],[-160.11229,21.98295],[-160.1124,21.98271],[-160.11285,21.98275],[-160.11369,21.98237],[-160.11379,21.98192],[-160.11425,21.98168],[-160.11412,21.98141],[-160.11336,21.98098],[-160.113,21.9801],[-160.11291,21.97886],[-160.11323,21.97765],[-160.11331,21.97694],[-160.11395,21.97671],[-160.11367,21.97624],[-160.11375,21.97604],[-160.11409,21.97587],[-160.11431,21.97549],[-160.11378,21.97554],[-160.11343,21.97531],[-160.11318,21.9745],[-160.11326,21.9729],[-160.11371,21.97232],[-160.11404,21.97177],[-160.11428,21.97099],[-160.11491,21.97049],[-160.11512,21.97013],[-160.11553,21.96987],[-160.1157,21.96951],[-160.11597,21.96921],[-160.11635,21.96837],[-160.11705,21.96728],[-160.11738,21.96681],[-160.11768,21.96624],[-160.1177,21.96577],[-160.11822,21.96476],[-160.11846,21.96446],[-160.11843,21.96405],[-160.11895,21.96297],[-160.11902,21.96209],[-160.11897,21.96067],[-160.11908,21.95981],[-160.11933,21.95925],[-160.11986,21.9583],[-160.12046,21.95776],[-160.1212,21.95678],[-160.1218,21.95602],[-160.12247,21.95514],[-160.12309,21.95381],[-160.12409,21.95244],[-160.12553,21.95135],[-160.12608,21.95116],[-160.12707,21.95046],[-160.12889,21.94875],[-160.12973,21.94826],[-160.13098,21.94715],[-160.1338,21.94556],[-160.13518,21.94462],[-160.13632,21.9445],[-160.13958,21.94299],[-160.14184,21.94205],[-160.14331,21.94132],[-160.14465,21.94052],[-160.14611,21.94016],[-160.14899,21.93908],[-160.15024,21.93853],[-160.15134,21.93818],[-160.15241,21.93775],[-160.15329,21.93768],[-160.15434,21.93765],[-160.15551,21.93742],[-160.1571,21.93751],[-160.15814,21.93726],[-160.15974,21.9367],[-160.1614,21.93597],[-160.16204,21.93592],[-160.16218,21.93577],[-160.1621,21.93535],[-160.1622,21.93489],[-160.16253,21.93428],[-160.16247,21.93394],[-160.16269,21.93359],[-160.16242,21.93317],[-160.16263,21.93227],[-160.1629,21.932],[-160.16288,21.93175],[-160.16332,21.93091],[-160.16378,21.93032],[-160.16413,21.92975],[-160.16458,21.92936],[-160.16489,21.92895],[-160.16571,21.92871],[-160.1663,21.92847],[-160.16694,21.92804],[-160.16783,21.92761],[-160.16886,21.92723],[-160.16971,21.92699],[-160.17075,21.92634],[-160.17169,21.9261],[-160.17232,21.92616],[-160.17277,21.92561],[-160.17319,21.92588],[-160.17327,21.92549],[-160.17345,21.92543],[-160.17395,21.92568],[-160.17409,21.92543],[-160.1751,21.92514],[-160.17592,21.92495],[-160.17626,21.92549],[-160.17668,21.92489],[-160.17691,21.92426],[-160.17794,21.92388],[-160.17895,21.92374],[-160.17967,21.92356],[-160.18061,21.92326],[-160.18157,21.9229],[-160.18224,21.92282],[-160.18527,21.92288],[-160.1861,21.92275],[-160.18664,21.92252],[-160.18682,21.92215],[-160.18675,21.92044],[-160.18698,21.91951],[-160.1877,21.9183],[-160.1882,21.91803],[-160.18844,21.91768],[-160.18916,21.91719],[-160.18923,21.91684],[-160.18969,21.9161],[-160.19004,21.91579],[-160.19062,21.9154],[-160.19084,21.91504],[-160.1911,21.91504],[-160.19145,21.91485],[-160.19244,21.91424],[-160.19338,21.91394],[-160.19393,21.91384],[-160.1951,21.91319],[-160.19599,21.91216],[-160.19655,21.91127],[-160.19723,21.91058],[-160.19764,21.91049],[-160.19769,21.91009],[-160.19829,21.90999],[-160.1984,21.90974],[-160.19926,21.90926],[-160.19936,21.90914],[-160.19935,21.90874],[-160.19971,21.90832],[-160.19992,21.90751],[-160.20033,21.90687],[-160.20069,21.9064],[-160.20055,21.90577],[-160.20109,21.90532],[-160.20154,21.90519],[-160.20177,21.90507],[-160.20206,21.90435],[-160.20251,21.9038],[-160.20422,21.90243],[-160.20437,21.902],[-160.20605,21.90041],[-160.20713,21.90008],[-160.20745,21.89983],[-160.20774,21.89949],[-160.2084,21.89829],[-160.20864,21.89809],[-160.20959,21.89773],[-160.20973,21.89752],[-160.21003,21.89633],[-160.21033,21.89603],[-160.21071,21.89579],[-160.21106,21.89536],[-160.2117,21.89489],[-160.21282,21.89414],[-160.21348,21.89366],[-160.21441,21.8928],[-160.21522,21.89228],[-160.21575,21.89221],[-160.21643,21.89185],[-160.21668,21.89139],[-160.21678,21.89108],[-160.21716,21.89087],[-160.21928,21.88973],[-160.22075,21.88872],[-160.22136,21.88832],[-160.22202,21.88774],[-160.22329,21.88737],[-160.22458,21.88739],[-160.22495,21.88733],[-160.22524,21.88712],[-160.22548,21.88677],[-160.2255,21.88636],[-160.22541,21.88593],[-160.22589,21.88482],[-160.2263,21.8843],[-160.22637,21.88408],[-160.22684,21.88346],[-160.22746,21.88308],[-160.22793,21.88295],[-160.22823,21.88263],[-160.22855,21.88242],[-160.22835,21.88181],[-160.22831,21.88126],[-160.2281,21.88054],[-160.22804,21.88021],[-160.2282,21.8799],[-160.22817,21.87969],[-160.22855,21.87934],[-160.22828,21.87876],[-160.22832,21.87851],[-160.22826,21.8778],[-160.22832,21.87751],[-160.22872,21.87689],[-160.22869,21.87621],[-160.22872,21.87583],[-160.22894,21.87528],[-160.22935,21.8746],[-160.22992,21.87381],[-160.23124,21.87313],[-160.23168,21.87283],[-160.23199,21.87284],[-160.23203,21.87238],[-160.23161,21.87183],[-160.23152,21.87048],[-160.23205,21.86951],[-160.2318,21.8691],[-160.23176,21.86879],[-160.23204,21.86844],[-160.23217,21.86816],[-160.23285,21.8678],[-160.23247,21.86752],[-160.23253,21.8663],[-160.2328,21.86603],[-160.23284,21.86561],[-160.23258,21.86509],[-160.23215,21.86487],[-160.23164,21.86328],[-160.23144,21.86243],[-160.23171,21.86141],[-160.23214,21.86001],[-160.23257,21.85903],[-160.23299,21.85763],[-160.23332,21.85731],[-160.23327,21.85698],[-160.23334,21.85651],[-160.23446,21.85508],[-160.23544,21.85398],[-160.23679,21.85233],[-160.23799,21.85099],[-160.23851,21.85028],[-160.23872,21.84986],[-160.23906,21.84857],[-160.24025,21.84701],[-160.24154,21.84589],[-160.24288,21.84532],[-160.24514,21.84396],[-160.24523,21.84303],[-160.24492,21.84268],[-160.24524,21.84147],[-160.24584,21.84112],[-160.24591,21.84078],[-160.24556,21.84055],[-160.24544,21.84019],[-160.24079,21.82021],[-160.23695,21.80367],[-160.23675,21.80359],[-160.23633,21.8033],[-160.23618,21.80307],[-160.23581,21.80291],[-160.2357,21.80275],[-160.23541,21.80252],[-160.23534,21.80233],[-160.23537,21.80201],[-160.23512,21.80146],[-160.23503,21.8011],[-160.23468,21.8009],[-160.23453,21.80048],[-160.23444,21.80043],[-160.23428,21.79999],[-160.2341,21.79987],[-160.23393,21.79935],[-160.23373,21.79923],[-160.23366,21.79895],[-160.23338,21.7987],[-160.23335,21.79839],[-160.23314,21.7979],[-160.233,21.79786],[-160.23265,21.79729],[-160.23245,21.79595],[-160.23245,21.79565],[-160.23238,21.79536],[-160.23239,21.79503],[-160.23259,21.79415],[-160.23271,21.79389],[-160.23254,21.79367],[-160.23271,21.79354],[-160.2327,21.79309],[-160.23279,21.79265],[-160.23274,21.7923],[-160.23265,21.79209],[-160.23296,21.79189],[-160.23271,21.79168],[-160.23242,21.79175],[-160.23232,21.7915],[-160.23259,21.78957],[-160.2337,21.78959],[-160.23358,21.78936],[-160.23192,21.78868],[-160.23169,21.78816],[-160.23142,21.78847],[-160.23071,21.7882],[-160.23054,21.78785],[-160.22987,21.78775],[-160.22955,21.78762],[-160.2292,21.78798],[-160.22902,21.78782],[-160.22858,21.78796],[-160.22821,21.78779],[-160.2278,21.78799],[-160.22786,21.78821],[-160.22772,21.78846],[-160.22751,21.78863],[-160.22744,21.78887],[-160.22725,21.78889],[-160.22679,21.7893],[-160.22626,21.78963],[-160.22605,21.78969],[-160.22584,21.78994],[-160.2253,21.79013],[-160.22514,21.79009],[-160.22484,21.7902],[-160.2246,21.79014],[-160.22429,21.79044],[-160.22353,21.79065],[-160.22335,21.79061],[-160.22319,21.79078],[-160.22304,21.79059],[-160.22279,21.79051],[-160.223,21.79023],[-160.22291,21.79015],[-160.22249,21.79006],[-160.22241,21.78957],[-160.22195,21.78948],[-160.22189,21.7893],[-160.222,21.78906],[-160.22191,21.78873],[-160.22168,21.78873],[-160.2215,21.78859],[-160.22159,21.78825],[-160.22124,21.78809],[-160.22121,21.78778],[-160.22101,21.78766],[-160.22063,21.7877],[-160.22003,21.7877],[-160.21974,21.78762],[-160.21953,21.78728],[-160.2188,21.78725],[-160.21857,21.787],[-160.21857,21.78684],[-160.21812,21.78696],[-160.21791,21.78696],[-160.21774,21.78667],[-160.21785,21.78653],[-160.21756,21.78624],[-160.21754,21.78597],[-160.21716,21.78563],[-160.21709,21.78531],[-160.21721,21.78522],[-160.21687,21.78498],[-160.21687,21.78481],[-160.21666,21.7848],[-160.21631,21.78445],[-160.21616,21.78402],[-160.21587,21.78405],[-160.21587,21.78353],[-160.21564,21.78336],[-160.21515,21.78278],[-160.21474,21.78249],[-160.21451,21.78253],[-160.21436,21.78221],[-160.21376,21.78263],[-160.21333,21.78262],[-160.21284,21.78227],[-160.21257,21.78233],[-160.21196,21.78226],[-160.21199,21.7821],[-160.21162,21.78197],[-160.21144,21.78206],[-160.21129,21.78234],[-160.21097,21.78256],[-160.2104,21.78266],[-160.20969,21.7827],[-160.20937,21.78264],[-160.2088,21.78278],[-160.20827,21.78279],[-160.20796,21.78269],[-160.20773,21.78313],[-160.20747,21.78387],[-160.20737,21.78398],[-160.20738,21.78439],[-160.20682,21.78441],[-160.20673,21.7842],[-160.20648,21.7841],[-160.20627,21.78391],[-160.20637,21.78372],[-160.20633,21.78357],[-160.20599,21.78328],[-160.20573,21.78321],[-160.20613,21.78285],[-160.2061,21.78234],[-160.2059,21.78228],[-160.20572,21.78207],[-160.20564,21.78145],[-160.20535,21.78102],[-160.20476,21.78042],[-160.20453,21.78025],[-160.20413,21.77979],[-160.20354,21.77916],[-160.20329,21.77912],[-160.20285,21.77921],[-160.20227,21.77978],[-160.20206,21.78066],[-160.20181,21.78105],[-160.20149,21.78137],[-160.2014,21.78175],[-160.2016,21.78194],[-160.20146,21.78232],[-160.20122,21.7827],[-160.20068,21.78325],[-160.20041,21.78337],[-160.20029,21.78324],[-160.20003,21.78342],[-160.19989,21.78376],[-160.19971,21.784],[-160.19907,21.78426],[-160.19899,21.78439],[-160.19856,21.78473],[-160.19853,21.78518],[-160.19846,21.78527],[-160.19852,21.78562],[-160.19869,21.78586],[-160.1991,21.78594],[-160.19951,21.7861],[-160.19958,21.78626],[-160.19989,21.78628],[-160.20053,21.78643],[-160.20056,21.78652],[-160.20146,21.78676],[-160.20193,21.78698],[-160.20219,21.78688],[-160.20242,21.78697],[-160.20279,21.78728],[-160.20294,21.78752],[-160.20296,21.78811],[-160.20303,21.78848],[-160.20276,21.78856],[-160.20247,21.7891],[-160.20207,21.78915],[-160.20172,21.78937],[-160.20152,21.78957],[-160.20142,21.78982],[-160.20145,21.79018],[-160.20131,21.79039],[-160.20137,21.79067],[-160.20134,21.79095],[-160.20148,21.79109],[-160.20132,21.79123],[-160.20154,21.79173],[-160.20125,21.79219],[-160.20145,21.79255],[-160.20129,21.79276],[-160.20094,21.79284],[-160.20062,21.79347],[-160.20035,21.79365],[-160.20035,21.79421],[-160.20055,21.79444],[-160.20026,21.7947],[-160.20044,21.79483],[-160.20032,21.79507],[-160.20004,21.79525],[-160.19984,21.79567],[-160.19971,21.7961],[-160.19952,21.79639],[-160.19957,21.79656],[-160.19937,21.79671],[-160.1991,21.79713],[-160.19888,21.79729],[-160.1987,21.79802],[-160.19853,21.79799],[-160.19841,21.79838],[-160.19803,21.79842],[-160.19804,21.79873],[-160.19789,21.79881],[-160.19763,21.79875],[-160.19745,21.79917],[-160.19701,21.79917],[-160.19652,21.79947],[-160.19641,21.79946],[-160.19618,21.79968],[-160.19615,21.79998],[-160.1964,21.80023],[-160.19589,21.80027],[-160.19551,21.80062],[-160.19516,21.80065],[-160.19527,21.80088],[-160.19518,21.80147],[-160.19487,21.80148],[-160.19472,21.80164],[-160.19485,21.80183],[-160.19457,21.80198],[-160.19438,21.80234],[-160.19418,21.8024],[-160.19414,21.80274],[-160.19392,21.80269],[-160.19363,21.80282],[-160.19331,21.80309],[-160.1933,21.80332],[-160.19316,21.80341],[-160.19319,21.8036],[-160.19307,21.80377],[-160.19253,21.80387],[-160.19251,21.80415],[-160.1927,21.80444],[-160.19263,21.80451],[-160.19272,21.80488],[-160.19302,21.80523],[-160.19344,21.80549],[-160.19321,21.80569],[-160.1936,21.80609],[-160.19368,21.80637],[-160.19411,21.80661],[-160.19409,21.80691],[-160.1942,21.80706],[-160.19418,21.80735],[-160.19428,21.80762],[-160.19396,21.80773],[-160.19405,21.80799],[-160.19417,21.80804],[-160.19406,21.80832],[-160.1938,21.80871],[-160.1935,21.80904],[-160.1931,21.80967],[-160.19292,21.80985],[-160.19235,21.81023],[-160.19255,21.8104],[-160.19205,21.81063],[-160.19154,21.8107],[-160.19177,21.81088],[-160.1918,21.81112],[-160.19135,21.81162],[-160.1913,21.81202],[-160.19156,21.81215],[-160.19161,21.81234],[-160.19154,21.81262],[-160.19093,21.81323],[-160.19087,21.81345],[-160.19101,21.81375],[-160.19087,21.81398],[-160.19101,21.81411],[-160.19072,21.81437],[-160.19067,21.81458],[-160.19034,21.81488],[-160.19041,21.81506],[-160.19003,21.81522],[-160.19014,21.81542],[-160.19002,21.81562],[-160.19014,21.81594],[-160.19,21.8165],[-160.18947,21.81674],[-160.18947,21.81695],[-160.18906,21.81719],[-160.1891,21.81729],[-160.1888,21.81758],[-160.18874,21.81779],[-160.18857,21.81782],[-160.18842,21.81803],[-160.18849,21.81816],[-160.18822,21.8184],[-160.1879,21.81884],[-160.18787,21.81911],[-160.18739,21.81924],[-160.18741,21.81946],[-160.18709,21.81958],[-160.18738,21.81996],[-160.18697,21.82017],[-160.18738,21.82023],[-160.18761,21.82043],[-160.18756,21.8209],[-160.18741,21.8211],[-160.18721,21.8212],[-160.1872,21.8216],[-160.1868,21.82213],[-160.18661,21.82221],[-160.18665,21.82265],[-160.18628,21.82313],[-160.18628,21.82323],[-160.18597,21.82365],[-160.18597,21.82379],[-160.18565,21.82414],[-160.18539,21.82417],[-160.18527,21.82428],[-160.18547,21.82449],[-160.18523,21.82483],[-160.1852,21.82505],[-160.18489,21.82538],[-160.18466,21.8255],[-160.18434,21.82549],[-160.18414,21.82569],[-160.18408,21.82605],[-160.18396,21.82619],[-160.18391,21.82645],[-160.18376,21.82654],[-160.18358,21.82693],[-160.1835,21.82727],[-160.18332,21.82762],[-160.18321,21.82759],[-160.18291,21.82778],[-160.18239,21.82845],[-160.18214,21.82869],[-160.18211,21.82897],[-160.18196,21.82937],[-160.18178,21.82965],[-160.18191,21.82989],[-160.18187,21.83013],[-160.18161,21.83069],[-160.1814,21.83076],[-160.18137,21.83098],[-160.18112,21.83137],[-160.18079,21.83172],[-160.18041,21.83166],[-160.18037,21.83215],[-160.18024,21.83216],[-160.17975,21.83253],[-160.17995,21.83263],[-160.1796,21.83345],[-160.17921,21.83383],[-160.17882,21.83434],[-160.17857,21.8348],[-160.17839,21.83531],[-160.17757,21.83609],[-160.17726,21.8365],[-160.17683,21.83661],[-160.17685,21.83709],[-160.17658,21.83772],[-160.17636,21.83795],[-160.17583,21.83825],[-160.17543,21.83823],[-160.17511,21.8383],[-160.17485,21.83827],[-160.17471,21.83836],[-160.17368,21.83833],[-160.17329,21.83852],[-160.17363,21.83885],[-160.17421,21.83926],[-160.17401,21.83945],[-160.17412,21.83969],[-160.17406,21.83994],[-160.17372,21.84039],[-160.1736,21.84081],[-160.17305,21.84116],[-160.17314,21.84158],[-160.17284,21.8418],[-160.17275,21.84197],[-160.17302,21.84228],[-160.17319,21.84255],[-160.17348,21.84255],[-160.17361,21.84275],[-160.17354,21.84311],[-160.1734,21.84315],[-160.17304,21.84364],[-160.17302,21.84385],[-160.17285,21.84417],[-160.17267,21.8443],[-160.17299,21.84472],[-160.17296,21.84509],[-160.17255,21.84589],[-160.17223,21.8463],[-160.17163,21.84676],[-160.17143,21.84701],[-160.17116,21.84765],[-160.17099,21.84789],[-160.17067,21.84813],[-160.17001,21.84887],[-160.16978,21.84924],[-160.16962,21.84935],[-160.16922,21.84943],[-160.16882,21.84971],[-160.16849,21.85006],[-160.16798,21.85022],[-160.16748,21.85001],[-160.16727,21.85034],[-160.1673,21.85053],[-160.16688,21.85072],[-160.16678,21.85092],[-160.16696,21.85133],[-160.16724,21.85131],[-160.16739,21.8514],[-160.16772,21.85137],[-160.16782,21.85168],[-160.1678,21.85224],[-160.16773,21.85239],[-160.16737,21.85255],[-160.16716,21.85283],[-160.16707,21.85367],[-160.16696,21.85402],[-160.16669,21.85465],[-160.16649,21.85494],[-160.16615,21.85526],[-160.16597,21.8555],[-160.16577,21.8559],[-160.16525,21.85646],[-160.16469,21.85718],[-160.16426,21.85739],[-160.16412,21.85762],[-160.16405,21.8581],[-160.16396,21.85836],[-160.16368,21.85882],[-160.1635,21.85903],[-160.16336,21.85935],[-160.16281,21.86003],[-160.16245,21.86039],[-160.16222,21.86096],[-160.16194,21.86152],[-160.16173,21.8618],[-160.16126,21.86201],[-160.16112,21.86227],[-160.16077,21.86257],[-160.16026,21.86323],[-160.16,21.86332],[-160.15999,21.86347],[-160.15971,21.86369],[-160.15933,21.86422],[-160.15839,21.86483],[-160.15784,21.8655],[-160.15745,21.86577],[-160.15648,21.86672],[-160.15628,21.8668],[-160.1557,21.8672],[-160.15546,21.86726],[-160.15521,21.8672],[-160.15492,21.8673],[-160.15445,21.86777],[-160.15385,21.86805],[-160.15352,21.86804],[-160.1534,21.86819],[-160.153,21.8682],[-160.15259,21.86828],[-160.15219,21.86846],[-160.15195,21.86866],[-160.1517,21.86877],[-160.15152,21.86875],[-160.1515,21.8685],[-160.15137,21.8684],[-160.15115,21.86849],[-160.15128,21.86868],[-160.15106,21.86896],[-160.15079,21.86893],[-160.15076,21.86912],[-160.15022,21.86939],[-160.14972,21.86949],[-160.14973,21.86962],[-160.14948,21.86972],[-160.14951,21.86995],[-160.14932,21.87004],[-160.149,21.86987],[-160.14864,21.87015],[-160.14854,21.87044],[-160.14841,21.87049],[-160.14818,21.87036],[-160.14781,21.87039],[-160.14706,21.87062],[-160.14685,21.87087],[-160.14665,21.8709],[-160.14642,21.87114],[-160.14615,21.87112],[-160.14584,21.87132],[-160.14584,21.87147],[-160.14545,21.87185],[-160.14542,21.87226],[-160.14507,21.87247],[-160.14517,21.8726],[-160.14496,21.87274],[-160.14427,21.87291],[-160.14395,21.87291],[-160.14369,21.87276],[-160.14326,21.87309],[-160.14316,21.87301],[-160.14243,21.87324],[-160.1414,21.87335],[-160.14098,21.8735],[-160.14066,21.87344],[-160.14035,21.87332],[-160.14012,21.87309],[-160.14006,21.87278],[-160.14018,21.87268],[-160.1402,21.8724],[-160.14008,21.8722],[-160.13989,21.8723],[-160.13974,21.87219],[-160.13945,21.87227],[-160.13933,21.87243],[-160.13884,21.87277],[-160.13858,21.87283],[-160.13792,21.87278],[-160.13779,21.87264],[-160.1376,21.87275],[-160.13695,21.87286],[-160.13689,21.87263],[-160.13669,21.87268],[-160.13652,21.873],[-160.13632,21.873],[-160.13614,21.87274],[-160.13576,21.87268],[-160.13573,21.87281],[-160.13498,21.87301],[-160.13483,21.87319],[-160.13469,21.87316],[-160.13455,21.87337],[-160.13428,21.87349],[-160.13385,21.87358],[-160.13377,21.87385],[-160.13347,21.87379],[-160.13307,21.87418],[-160.13286,21.87425],[-160.132,21.87412],[-160.13194,21.87386],[-160.1317,21.87374],[-160.13141,21.87379],[-160.13118,21.87362],[-160.1309,21.87382],[-160.13081,21.874],[-160.13057,21.87401],[-160.13029,21.87418],[-160.13016,21.87414],[-160.12947,21.87436],[-160.12912,21.87436],[-160.12868,21.87445],[-160.12848,21.87432],[-160.12787,21.87563],[-160.12791,21.87591],[-160.12782,21.87665],[-160.12772,21.87699],[-160.12711,21.87813],[-160.12663,21.87814],[-160.12643,21.87852],[-160.12657,21.8786],[-160.12649,21.87895],[-160.12656,21.87932],[-160.12648,21.87945],[-160.12627,21.87938],[-160.12607,21.87896],[-160.12578,21.87873],[-160.12553,21.87816],[-160.12518,21.87766],[-160.12501,21.87724],[-160.1247,21.87695],[-160.1247,21.87659],[-160.12451,21.87646],[-160.12448,21.87623],[-160.12415,21.87622],[-160.12387,21.87631],[-160.12355,21.87621],[-160.12337,21.87629],[-160.1232,21.87622],[-160.12289,21.87641],[-160.12276,21.87673],[-160.12234,21.87717],[-160.12219,21.87723],[-160.12207,21.87744],[-160.12175,21.87741],[-160.12154,21.87729],[-160.12137,21.87703],[-160.12116,21.87715],[-160.12082,21.877],[-160.12038,21.87662],[-160.12042,21.87652],[-160.11975,21.87658],[-160.11957,21.87677],[-160.1191,21.87674],[-160.11897,21.87701],[-160.1185,21.877],[-160.11819,21.87719],[-160.118,21.87743],[-160.11781,21.87746],[-160.11746,21.87766],[-160.11739,21.87778],[-160.11678,21.87775],[-160.11632,21.87793],[-160.11591,21.87795],[-160.11566,21.87807],[-160.11559,21.8784],[-160.11549,21.87844],[-160.11526,21.87884],[-160.11528,21.87907],[-160.11494,21.8793],[-160.11485,21.87944],[-160.11462,21.87953],[-160.11407,21.87937],[-160.11414,21.87906],[-160.11383,21.879],[-160.11372,21.8787],[-160.11337,21.87859],[-160.11325,21.87879],[-160.11298,21.87903],[-160.11302,21.87919],[-160.11281,21.87936],[-160.11281,21.87951],[-160.11246,21.87983],[-160.1123,21.88011],[-160.11215,21.8802],[-160.11174,21.88072],[-160.1116,21.88095],[-160.11089,21.88123],[-160.11063,21.88127],[-160.1102,21.88115],[-160.10988,21.88079],[-160.10956,21.88027],[-160.10942,21.87949],[-160.10915,21.87958],[-160.10887,21.87933],[-160.10817,21.87914],[-160.10754,21.87871],[-160.10751,21.87842],[-160.10724,21.87862],[-160.10703,21.87859],[-160.10674,21.87876],[-160.10671,21.8791],[-160.10626,21.87927],[-160.10631,21.87956],[-160.10623,21.87983],[-160.10571,21.87983],[-160.10535,21.88005],[-160.10507,21.88049],[-160.10467,21.88079],[-160.10448,21.88111],[-160.10449,21.88129],[-160.10436,21.88154],[-160.1041,21.88166],[-160.10367,21.88217],[-160.10348,21.88247],[-160.10326,21.88235],[-160.10283,21.88236],[-160.10258,21.88247],[-160.10205,21.8829],[-160.10144,21.88344],[-160.10103,21.88391],[-160.10074,21.88397],[-160.10043,21.88426],[-160.10011,21.88433],[-160.10002,21.88459],[-160.09964,21.8851],[-160.0995,21.8856],[-160.09918,21.88579],[-160.09871,21.88572],[-160.09854,21.88563],[-160.09863,21.88544],[-160.0984,21.8852],[-160.09769,21.88545],[-160.0973,21.88493],[-160.0972,21.88468],[-160.09734,21.88456],[-160.09728,21.88437],[-160.09737,21.88406],[-160.09721,21.88391],[-160.09688,21.88386],[-160.09665,21.88362],[-160.09634,21.88362],[-160.09578,21.884],[-160.09564,21.88432],[-160.09546,21.88428],[-160.09509,21.88434],[-160.09496,21.88473],[-160.0947,21.88468],[-160.09457,21.88506],[-160.09404,21.88538],[-160.0938,21.8856],[-160.09358,21.88561],[-160.0929,21.88633],[-160.09235,21.88672],[-160.09172,21.88708],[-160.09155,21.8871],[-160.09141,21.8874],[-160.09085,21.88799],[-160.09062,21.88795],[-160.09049,21.88812],[-160.09027,21.88817],[-160.0901,21.88835],[-160.09003,21.88861],[-160.09015,21.88881],[-160.08995,21.88901],[-160.08981,21.8893],[-160.08983,21.88951],[-160.08963,21.8897],[-160.08952,21.88998],[-160.08928,21.89023],[-160.08859,21.89039],[-160.08803,21.89017],[-160.08794,21.89004],[-160.08788,21.88963],[-160.08765,21.88927],[-160.08742,21.88917],[-160.08682,21.88974],[-160.08646,21.88967],[-160.08615,21.88977],[-160.08597,21.8897],[-160.08553,21.88973],[-160.08534,21.88948],[-160.08507,21.88973],[-160.08501,21.88996],[-160.0847,21.88999],[-160.0845,21.88991],[-160.0842,21.89003],[-160.08391,21.89039],[-160.08408,21.89051],[-160.08394,21.89068],[-160.08397,21.8911],[-160.08389,21.89136],[-160.08357,21.89171],[-160.08333,21.89204],[-160.08269,21.89219],[-160.08267,21.89243],[-160.08209,21.89297],[-160.0818,21.89314],[-160.08093,21.89391],[-160.08029,21.89443],[-160.08006,21.8945],[-160.07957,21.89425],[-160.07921,21.89428],[-160.07904,21.89436],[-160.07871,21.89427],[-160.07872,21.89445],[-160.07854,21.89456],[-160.07851,21.89486],[-160.07809,21.89532],[-160.07779,21.89538],[-160.07768,21.89526],[-160.07713,21.89499],[-160.07646,21.89506],[-160.07637,21.89488],[-160.0735,21.89377],[-160.0733,21.89422],[-160.07297,21.89518],[-160.07313,21.8957],[-160.07361,21.89669],[-160.07391,21.89686],[-160.07369,21.89734],[-160.0733,21.89862],[-160.07311,21.89995],[-160.07294,21.90011],[-160.07316,21.90045],[-160.07344,21.90061],[-160.07399,21.90193],[-160.07442,21.90277],[-160.07537,21.9042],[-160.07573,21.90558],[-160.07662,21.9067],[-160.07702,21.90775],[-160.07803,21.91022],[-160.07839,21.91066],[-160.07922,21.91216],[-160.07972,21.9128],[-160.07989,21.91318],[-160.07994,21.91408],[-160.08032,21.91612],[-160.08041,21.91712],[-160.08045,21.91827],[-160.08088,21.91903],[-160.08126,21.91978],[-160.08143,21.92017],[-160.08136,21.9209],[-160.08135,21.92172],[-160.08169,21.92224],[-160.08216,21.92308],[-160.0825,21.92376],[-160.08259,21.92438],[-160.08215,21.92495],[-160.08213,21.92573],[-160.08218,21.92674],[-160.08168,21.92823],[-160.08127,21.92935],[-160.08135,21.93005],[-160.08122,21.93035],[-160.08093,21.93068],[-160.0809,21.93148],[-160.08095,21.93204],[-160.08075,21.93235],[-160.0807,21.93275],[-160.08022,21.93441],[-160.0797,21.93546],[-160.07946,21.93633],[-160.07914,21.93726],[-160.07914,21.93855],[-160.07894,21.93886],[-160.07891,21.93931],[-160.0788,21.93974],[-160.07822,21.94153],[-160.07737,21.94336],[-160.07704,21.94414],[-160.07666,21.94432],[-160.07675,21.94461],[-160.07677,21.94495],[-160.0765,21.94584],[-160.07622,21.94708],[-160.07575,21.94897],[-160.07569,21.94994],[-160.07568,21.95079],[-160.07527,21.95221],[-160.07456,21.95299],[-160.07422,21.95348],[-160.07389,21.95401],[-160.07315,21.95478],[-160.07243,21.95561],[-160.07146,21.95629],[-160.07065,21.9566],[-160.07032,21.95697],[-160.06993,21.95728],[-160.0697,21.95791],[-160.06976,21.95865],[-160.06966,21.95984],[-160.06936,21.96084],[-160.06933,21.96165],[-160.069,21.96306],[-160.06853,21.96434],[-160.0678,21.96576],[-160.06744,21.96658],[-160.06763,21.96702],[-160.06722,21.96711],[-160.06661,21.96779],[-160.06583,21.96831],[-160.06462,21.96897],[-160.06389,21.96973],[-160.06357,21.97045],[-160.06335,21.97171],[-160.06325,21.97298],[-160.06276,21.97361],[-160.06197,21.97437],[-160.06103,21.97507],[-160.06031,21.9754],[-160.05963,21.97545],[-160.05866,21.97542],[-160.058,21.97514],[-160.05767,21.97444],[-160.05751,21.97378],[-160.05681,21.97424],[-160.05639,21.97421],[-160.05601,21.97454],[-160.05505,21.97455],[-160.05477,21.97444],[-160.05423,21.97457],[-160.05331,21.975],[-160.05286,21.97528],[-160.05258,21.97551],[-160.0523,21.97608],[-160.05182,21.97641],[-160.05128,21.97663],[-160.05034,21.97679],[-160.04971,21.97739],[-160.04953,21.97861],[-160.04915,21.97916],[-160.04895,21.97991],[-160.04899,21.98074],[-160.04925,21.98108],[-160.04933,21.9816],[-160.04975,21.98217],[-160.04992,21.98292],[-160.05025,21.98334],[-160.05052,21.98394],[-160.05062,21.98467],[-160.05102,21.98569],[-160.05153,21.98619],[-160.05166,21.98696],[-160.05133,21.9876],[-160.05168,21.98782],[-160.0519,21.98812],[-160.05231,21.98829],[-160.05254,21.98827],[-160.05269,21.98861],[-160.05284,21.98861],[-160.0531,21.98913],[-160.05339,21.98938],[-160.05325,21.98973],[-160.05348,21.99005],[-160.05353,21.99046],[-160.05379,21.9909],[-160.0542,21.99187],[-160.05468,21.99233],[-160.05489,21.99232],[-160.0549,21.99252],[-160.05515,21.99293],[-160.05494,21.99342],[-160.0551,21.99363],[-160.05556,21.9934],[-160.056,21.99339],[-160.05648,21.99348],[-160.05683,21.99404],[-160.05725,21.99391],[-160.05754,21.99427],[-160.05755,21.9948],[-160.0575,21.99508],[-160.05779,21.99516],[-160.05816,21.99476],[-160.05847,21.99471],[-160.05878,21.99457],[-160.05912,21.99481],[-160.05928,21.99483],[-160.05957,21.99463],[-160.06037,21.99476],[-160.06061,21.99472],[-160.06053,21.99531],[-160.06067,21.99584],[-160.0605,21.99649],[-160.06056,21.99677],[-160.06096,21.9969],[-160.0618,21.997],[-160.06234,21.99735],[-160.06262,21.99736],[-160.06282,21.99709],[-160.0633,21.99737],[-160.06405,21.99705],[-160.06445,21.99706],[-160.06489,21.99732],[-160.06546,21.99754],[-160.0662,21.998],[-160.06651,21.99835],[-160.06682,21.99907],[-160.06701,21.9994],[-160.06736,21.99953],[-160.06804,21.99948],[-160.0682,21.99959],[-160.06833,21.99983],[-160.06883,22.00016],[-160.06913,22.00031],[-160.06995,22.00055],[-160.07011,22.00038],[-160.07035,21.99993],[-160.07057,21.99971],[-160.071,21.99857],[-160.07129,21.99825],[-160.07189,21.99792],[-160.07261,21.99772],[-160.07327,21.99773],[-160.07387,21.99759],[-160.07436,21.99731],[-160.07472,21.99697],[-160.07511,21.99688],[-160.0762,21.99697],[-160.07632,21.99703],[-160.07686,21.99696],[-160.07779,21.99696],[-160.07972,21.99686],[-160.08085,21.99651],[-160.08171,21.99631],[-160.08287,21.99663],[-160.0835,21.9967],[-160.08514,21.99695],[-160.08635,21.99793],[-160.08671,21.99848],[-160.08668,21.99899],[-160.08643,21.99972],[-160.08651,22.00009],[-160.08641,22.00024],[-160.08638,22.00055],[-160.08657,22.00114],[-160.08684,22.00166],[-160.08704,22.0019],[-160.08731,22.00236],[-160.0879,22.00237],[-160.08831,22.00265]]]]},"properties":{"objectid":2,"geoid20":"15007","name20":"Kauai","namelsad20":"Kauai County","aland20":1605492716,"awater20":1674243852,"pop20":73298,"st_areashape":1616907001.5293703,"st_perimetershape":290158.87353162444}},{"type":"Feature","geometry":{"type":"MultiPolygon","coordinates":[[[[-156.60159,21.0313],[-156.6019,21.0314],[-156.60252,21.03138],[-156.60283,21.03124],[-156.60329,21.03123],[-156.60325,21.03103],[-156.60333,21.03079],[-156.60354,21.03066],[-156.60398,21.03048],[-156.60413,21.03025],[-156.60413,21.03005],[-156.60449,21.03003],[-156.60414,21.02969],[-156.6042,21.02928],[-156.60452,21.02909],[-156.60459,21.02889],[-156.60441,21.02859],[-156.60432,21.02831],[-156.60456,21.02807],[-156.60478,21.02812],[-156.60517,21.02798],[-156.60553,21.02792],[-156.60598,21.02717],[-156.60678,21.02653],[-156.60712,21.02601],[-156.60742,21.02607],[-156.60756,21.02601],[-156.60761,21.02573],[-156.60788,21.02528],[-156.60799,21.02485],[-156.60811,21.02469],[-156.60855,21.02456],[-156.60864,21.02438],[-156.60895,21.0242],[-156.60918,21.02398],[-156.60926,21.02378],[-156.60928,21.02262],[-156.60905,21.02228],[-156.60896,21.02192],[-156.60896,21.02161],[-156.60911,21.02141],[-156.60967,21.02119],[-156.61024,21.02114],[-156.6105,21.02128],[-156.61107,21.02185],[-156.61136,21.02221],[-156.61168,21.02236],[-156.61244,21.02309],[-156.61278,21.02325],[-156.61366,21.02338],[-156.61418,21.0237],[-156.61534,21.02416],[-156.6158,21.02428],[-156.61641,21.02471],[-156.61669,21.02479],[-156.6167,21.02454],[-156.61688,21.02431],[-156.61757,21.02431],[-156.61793,21.02421],[-156.61846,21.02419],[-156.6187,21.02434],[-156.6189,21.02384],[-156.61899,21.0238],[-156.61937,21.02395],[-156.6196,21.02387],[-156.61983,21.02392],[-156.62022,21.02372],[-156.62057,21.02365],[-156.62056,21.02346],[-156.62088,21.02284],[-156.62117,21.02265],[-156.62168,21.0226],[-156.62229,21.02243],[-156.62284,21.02238],[-156.6232,21.02249],[-156.62398,21.02223],[-156.62538,21.02226],[-156.62634,21.02235],[-156.62695,21.02253],[-156.62722,21.02251],[-156.62763,21.02258],[-156.62799,21.02287],[-156.62826,21.02301],[-156.62839,21.02319],[-156.62897,21.02346],[-156.62907,21.02358],[-156.62956,21.0237],[-156.62995,21.02392],[-156.63006,21.02411],[-156.63013,21.02479],[-156.63031,21.02533],[-156.63049,21.02513],[-156.63078,21.02494],[-156.63083,21.02471],[-156.63101,21.02447],[-156.63133,21.0244],[-156.63176,21.02468],[-156.63222,21.02455],[-156.63261,21.0246],[-156.63272,21.02491],[-156.63289,21.02508],[-156.63295,21.02529],[-156.63339,21.0251],[-156.63376,21.02514],[-156.63386,21.0253],[-156.6341,21.02518],[-156.63463,21.02535],[-156.63496,21.0253],[-156.63525,21.02515],[-156.63563,21.02513],[-156.63591,21.02498],[-156.63618,21.0247],[-156.63646,21.02467],[-156.63661,21.02431],[-156.63698,21.02423],[-156.63733,21.0241],[-156.63754,21.02411],[-156.63806,21.02434],[-156.63838,21.02464],[-156.63864,21.02464],[-156.63893,21.02474],[-156.63894,21.02497],[-156.63907,21.02514],[-156.63934,21.02502],[-156.63972,21.02441],[-156.63997,21.02455],[-156.63998,21.02428],[-156.64012,21.02408],[-156.64018,21.0238],[-156.64055,21.02377],[-156.6407,21.02369],[-156.6409,21.02401],[-156.64105,21.02408],[-156.64124,21.02391],[-156.64131,21.02363],[-156.64108,21.02328],[-156.64116,21.02316],[-156.64105,21.02287],[-156.64083,21.0226],[-156.64105,21.02253],[-156.64128,21.02228],[-156.64113,21.02198],[-156.64125,21.02159],[-156.64125,21.02111],[-156.64131,21.02083],[-156.64125,21.02057],[-156.64101,21.02016],[-156.64097,21.01997],[-156.64127,21.0197],[-156.6414,21.01921],[-156.64115,21.01859],[-156.64032,21.01806],[-156.64012,21.01774],[-156.64,21.01721],[-156.64009,21.01691],[-156.63997,21.0168],[-156.63902,21.01637],[-156.63878,21.01613],[-156.63847,21.01561],[-156.63797,21.01486],[-156.63782,21.01453],[-156.63774,21.01414],[-156.63774,21.01376],[-156.63794,21.01333],[-156.63844,21.01299],[-156.63886,21.01308],[-156.63915,21.01328],[-156.63968,21.01325],[-156.63994,21.0133],[-156.64024,21.01346],[-156.64078,21.01341],[-156.64097,21.0136],[-156.64119,21.01399],[-156.64161,21.01405],[-156.64151,21.01373],[-156.64137,21.01363],[-156.64132,21.01337],[-156.64105,21.01317],[-156.64139,21.01294],[-156.64139,21.01253],[-156.64157,21.01188],[-156.64171,21.01157],[-156.64186,21.01143],[-156.64232,21.01121],[-156.64281,21.01116],[-156.64331,21.01135],[-156.64352,21.01167],[-156.64372,21.01156],[-156.64373,21.01126],[-156.64403,21.01144],[-156.64436,21.01144],[-156.64474,21.01159],[-156.64486,21.01188],[-156.64514,21.01218],[-156.64528,21.0122],[-156.64527,21.0117],[-156.64532,21.01157],[-156.6458,21.01129],[-156.64609,21.01153],[-156.6462,21.01122],[-156.64636,21.01117],[-156.64674,21.01119],[-156.6467,21.0108],[-156.6463,21.01039],[-156.64605,21.01031],[-156.64588,21.01013],[-156.64598,21.00986],[-156.646,21.00959],[-156.64631,21.00948],[-156.64639,21.00899],[-156.64651,21.0088],[-156.64687,21.0087],[-156.64711,21.00878],[-156.64726,21.0085],[-156.64765,21.00815],[-156.64787,21.00787],[-156.64791,21.0077],[-156.64841,21.00742],[-156.64866,21.00721],[-156.64893,21.00681],[-156.64909,21.00623],[-156.6493,21.00599],[-156.6496,21.00582],[-156.64963,21.00566],[-156.64999,21.00538],[-156.6503,21.00528],[-156.65123,21.00505],[-156.65256,21.0047],[-156.65312,21.00463],[-156.65356,21.00465],[-156.65395,21.00484],[-156.65397,21.00537],[-156.65419,21.00558],[-156.65497,21.0059],[-156.65514,21.00617],[-156.65518,21.00682],[-156.65534,21.007],[-156.65555,21.00694],[-156.65562,21.00744],[-156.65573,21.00755],[-156.65584,21.00795],[-156.65597,21.00817],[-156.65622,21.00787],[-156.65637,21.00813],[-156.65651,21.00862],[-156.65689,21.00859],[-156.65698,21.00836],[-156.65688,21.00812],[-156.65651,21.0077],[-156.65646,21.00683],[-156.65642,21.00652],[-156.6564,21.00578],[-156.65634,21.0054],[-156.65678,21.00505],[-156.65715,21.00498],[-156.65753,21.00509],[-156.65776,21.00456],[-156.6581,21.00446],[-156.65895,21.00444],[-156.66085,21.00419],[-156.66143,21.00428],[-156.66171,21.00455],[-156.66193,21.0043],[-156.66225,21.0041],[-156.66251,21.00409],[-156.66277,21.00392],[-156.66315,21.00433],[-156.66328,21.00438],[-156.6635,21.00418],[-156.66368,21.00447],[-156.66367,21.00468],[-156.66419,21.00464],[-156.66455,21.00524],[-156.66495,21.00552],[-156.66527,21.00598],[-156.66542,21.00602],[-156.66563,21.00587],[-156.66623,21.0063],[-156.66638,21.00666],[-156.66661,21.00663],[-156.66688,21.00676],[-156.66695,21.0066],[-156.66655,21.00596],[-156.66669,21.00576],[-156.66646,21.00531],[-156.66608,21.00491],[-156.66608,21.00478],[-156.66667,21.00464],[-156.66662,21.00441],[-156.66679,21.00417],[-156.66685,21.00369],[-156.66714,21.00366],[-156.6671,21.00335],[-156.66689,21.00313],[-156.66682,21.00284],[-156.66658,21.00266],[-156.66669,21.00221],[-156.66644,21.00183],[-156.6665,21.00166],[-156.66681,21.00161],[-156.66682,21.00135],[-156.66699,21.00131],[-156.66717,21.00147],[-156.66757,21.00148],[-156.66765,21.0019],[-156.66803,21.00228],[-156.66835,21.00234],[-156.66844,21.0022],[-156.66809,21.00153],[-156.6677,21.00111],[-156.66713,21.00079],[-156.66663,21.00056],[-156.66651,21.00035],[-156.66648,20.99999],[-156.66665,20.99927],[-156.6669,20.99895],[-156.66718,20.99906],[-156.66763,20.9989],[-156.66786,20.9989],[-156.66814,20.99905],[-156.66839,20.99901],[-156.66837,20.99881],[-156.66794,20.99837],[-156.66785,20.99796],[-156.66774,20.99769],[-156.6671,20.99724],[-156.6664,20.99687],[-156.66629,20.99679],[-156.66629,20.99653],[-156.66647,20.9959],[-156.66679,20.99518],[-156.66704,20.99484],[-156.6674,20.99455],[-156.66798,20.99447],[-156.66832,20.99452],[-156.66905,20.99415],[-156.66919,20.99402],[-156.66951,20.99349],[-156.66951,20.99289],[-156.66942,20.99273],[-156.66965,20.99169],[-156.66995,20.99121],[-156.66997,20.99103],[-156.66983,20.99071],[-156.66955,20.99028],[-156.66963,20.98984],[-156.66983,20.98939],[-156.66991,20.98874],[-156.6698,20.98852],[-156.66997,20.98842],[-156.6703,20.98889],[-156.6706,20.98896],[-156.67071,20.98872],[-156.67055,20.98851],[-156.67071,20.98832],[-156.67109,20.98873],[-156.67134,20.98873],[-156.67159,20.98797],[-156.67175,20.9879],[-156.67206,20.98807],[-156.67244,20.98784],[-156.6724,20.98759],[-156.67253,20.98748],[-156.67275,20.98754],[-156.67308,20.98711],[-156.67306,20.98693],[-156.67291,20.98665],[-156.67267,20.98645],[-156.67242,20.98639],[-156.67233,20.98621],[-156.6723,20.98569],[-156.6727,20.98518],[-156.67276,20.98471],[-156.67293,20.98422],[-156.67314,20.98405],[-156.67336,20.98406],[-156.67394,20.9843],[-156.67436,20.98436],[-156.6746,20.98431],[-156.67476,20.98419],[-156.67472,20.98388],[-156.67483,20.98365],[-156.67479,20.98339],[-156.67416,20.98303],[-156.67375,20.98273],[-156.67361,20.98248],[-156.67357,20.98211],[-156.67376,20.98164],[-156.67398,20.98132],[-156.67437,20.98094],[-156.67514,20.98049],[-156.67557,20.98048],[-156.67604,20.97996],[-156.67614,20.97961],[-156.67587,20.97936],[-156.67581,20.97915],[-156.67604,20.97869],[-156.67651,20.97823],[-156.67686,20.97803],[-156.67753,20.97773],[-156.67768,20.9776],[-156.6781,20.97738],[-156.67819,20.97714],[-156.67822,20.97636],[-156.67839,20.97583],[-156.67889,20.97541],[-156.67917,20.97504],[-156.67941,20.97452],[-156.67952,20.97401],[-156.67969,20.97354],[-156.68039,20.97233],[-156.68066,20.97144],[-156.68062,20.97073],[-156.68062,20.9701],[-156.6808,20.96925],[-156.68094,20.96879],[-156.68115,20.96845],[-156.68163,20.96796],[-156.68175,20.96759],[-156.68178,20.96728],[-156.68211,20.9668],[-156.68289,20.96617],[-156.68338,20.96597],[-156.68337,20.96562],[-156.6836,20.96532],[-156.68361,20.96513],[-156.68382,20.96433],[-156.68425,20.96351],[-156.68428,20.96326],[-156.68427,20.96134],[-156.68443,20.96083],[-156.68475,20.96044],[-156.68515,20.95974],[-156.6854,20.95882],[-156.68582,20.95777],[-156.68622,20.95662],[-156.68669,20.95555],[-156.68706,20.95468],[-156.68753,20.95426],[-156.68791,20.95382],[-156.68865,20.95279],[-156.68902,20.9524],[-156.68999,20.95113],[-156.69066,20.95043],[-156.69145,20.94935],[-156.69203,20.94839],[-156.6922,20.94785],[-156.69229,20.9471],[-156.69241,20.9454],[-156.69243,20.94455],[-156.69249,20.94434],[-156.69249,20.94393],[-156.69243,20.94337],[-156.69245,20.94281],[-156.69255,20.942],[-156.69255,20.94144],[-156.69263,20.94077],[-156.69273,20.94042],[-156.69281,20.93939],[-156.69301,20.93837],[-156.69302,20.9363],[-156.69299,20.93556],[-156.69302,20.93451],[-156.69309,20.93399],[-156.6931,20.93352],[-156.69317,20.93311],[-156.69319,20.93258],[-156.69337,20.93172],[-156.69354,20.93129],[-156.69387,20.93079],[-156.69389,20.93041],[-156.69403,20.92978],[-156.69438,20.9292],[-156.69464,20.9289],[-156.69493,20.92878],[-156.69545,20.92895],[-156.69554,20.9288],[-156.69491,20.92858],[-156.69498,20.92847],[-156.69552,20.92867],[-156.69569,20.92867],[-156.69644,20.92794],[-156.69676,20.92755],[-156.69707,20.92741],[-156.69696,20.92716],[-156.69672,20.92708],[-156.69662,20.92677],[-156.69687,20.92659],[-156.69678,20.92649],[-156.69649,20.92667],[-156.6962,20.92677],[-156.69592,20.92672],[-156.69553,20.92615],[-156.69543,20.92589],[-156.69526,20.9251],[-156.69526,20.92474],[-156.69565,20.92278],[-156.69594,20.92225],[-156.69604,20.92197],[-156.69604,20.92162],[-156.69623,20.921],[-156.69641,20.92009],[-156.69676,20.91868],[-156.69696,20.91832],[-156.69696,20.91783],[-156.69714,20.91753],[-156.69722,20.91726],[-156.69714,20.91687],[-156.69686,20.91649],[-156.69658,20.91573],[-156.69601,20.91471],[-156.69565,20.91441],[-156.69544,20.91403],[-156.69484,20.91345],[-156.69475,20.91323],[-156.69443,20.91299],[-156.69354,20.91258],[-156.69313,20.91234],[-156.69281,20.91202],[-156.69232,20.91166],[-156.69174,20.91138],[-156.69082,20.91089],[-156.6903,20.91051],[-156.68944,20.90984],[-156.6888,20.90926],[-156.68855,20.9089],[-156.68823,20.90832],[-156.6881,20.90784],[-156.68788,20.90741],[-156.6873,20.90604],[-156.68701,20.90552],[-156.68661,20.90496],[-156.68634,20.90467],[-156.68585,20.90394],[-156.68532,20.90273],[-156.68504,20.90198],[-156.68491,20.90125],[-156.68489,20.90071],[-156.68498,20.89993],[-156.68511,20.89964],[-156.68515,20.89878],[-156.68523,20.89851],[-156.68515,20.89805],[-156.68519,20.89766],[-156.68517,20.89707],[-156.68544,20.89661],[-156.68542,20.89614],[-156.68519,20.89563],[-156.68506,20.89496],[-156.68516,20.89411],[-156.68532,20.89321],[-156.68552,20.89258],[-156.68561,20.89202],[-156.68562,20.89156],[-156.68568,20.89112],[-156.68564,20.89061],[-156.68521,20.88926],[-156.68515,20.88883],[-156.68513,20.88822],[-156.68523,20.8875],[-156.68544,20.88698],[-156.68596,20.88601],[-156.68643,20.88534],[-156.68691,20.88522],[-156.6872,20.88551],[-156.68727,20.88535],[-156.6868,20.88482],[-156.68727,20.88428],[-156.68752,20.8839],[-156.68773,20.88344],[-156.68788,20.88286],[-156.68782,20.88244],[-156.68753,20.88185],[-156.68678,20.88124],[-156.68603,20.88074],[-156.6852,20.88009],[-156.68483,20.87988],[-156.68449,20.8796],[-156.68391,20.87922],[-156.6832,20.87864],[-156.68252,20.87813],[-156.68204,20.8775],[-156.68156,20.87701],[-156.68147,20.87659],[-156.68118,20.87611],[-156.68082,20.87588],[-156.68016,20.87502],[-156.67984,20.87472],[-156.6796,20.87441],[-156.67917,20.87408],[-156.67892,20.87384],[-156.67873,20.87352],[-156.67836,20.87304],[-156.67885,20.87272],[-156.67889,20.87251],[-156.67862,20.872],[-156.67889,20.87183],[-156.67879,20.87163],[-156.67856,20.87174],[-156.6775,20.86985],[-156.67795,20.86961],[-156.67871,20.8708],[-156.67862,20.87085],[-156.67906,20.87159],[-156.67912,20.87134],[-156.6794,20.87121],[-156.67927,20.87103],[-156.67911,20.87112],[-156.67805,20.86951],[-156.67787,20.86947],[-156.67753,20.86964],[-156.67715,20.86893],[-156.67659,20.86818],[-156.67603,20.86753],[-156.67568,20.86717],[-156.67534,20.86668],[-156.67491,20.86618],[-156.6747,20.86602],[-156.6742,20.86543],[-156.67367,20.86495],[-156.67267,20.86365],[-156.67249,20.86328],[-156.67215,20.86294],[-156.67185,20.86272],[-156.67137,20.8625],[-156.67113,20.86215],[-156.67081,20.86187],[-156.67042,20.86144],[-156.6702,20.86099],[-156.67018,20.86046],[-156.66998,20.85972],[-156.66988,20.85944],[-156.66965,20.85918],[-156.66951,20.85887],[-156.66915,20.85855],[-156.66852,20.85823],[-156.66772,20.858],[-156.66702,20.85759],[-156.66656,20.85707],[-156.66605,20.85662],[-156.66568,20.85638],[-156.66408,20.85491],[-156.66348,20.85442],[-156.66315,20.85403],[-156.66267,20.85364],[-156.66248,20.85335],[-156.66164,20.85243],[-156.66125,20.85208],[-156.66091,20.85187],[-156.65996,20.851],[-156.659,20.85037],[-156.65863,20.85004],[-156.65794,20.84936],[-156.65723,20.84887],[-156.65708,20.84866],[-156.65691,20.84823],[-156.65615,20.8474],[-156.65564,20.84692],[-156.65555,20.84665],[-156.6551,20.84633],[-156.655,20.8461],[-156.65471,20.84581],[-156.65401,20.84473],[-156.65382,20.84425],[-156.6537,20.84376],[-156.65322,20.84272],[-156.65257,20.84197],[-156.65225,20.84178],[-156.65183,20.84163],[-156.65149,20.84112],[-156.65145,20.84044],[-156.65137,20.84017],[-156.65083,20.83969],[-156.65039,20.83887],[-156.64996,20.83841],[-156.64973,20.83774],[-156.64926,20.83703],[-156.6488,20.83641],[-156.64827,20.83576],[-156.64793,20.83516],[-156.64736,20.83488],[-156.64655,20.83408],[-156.64592,20.83385],[-156.64535,20.83374],[-156.64402,20.83333],[-156.64281,20.83306],[-156.64173,20.83273],[-156.64107,20.83243],[-156.64052,20.83225],[-156.64032,20.83211],[-156.64047,20.83189],[-156.6404,20.83179],[-156.63979,20.83151],[-156.63896,20.83088],[-156.63809,20.83013],[-156.63705,20.82929],[-156.63675,20.82891],[-156.63599,20.82857],[-156.63568,20.82825],[-156.63498,20.82768],[-156.63457,20.82727],[-156.63359,20.82635],[-156.63332,20.82587],[-156.63269,20.82533],[-156.63243,20.82495],[-156.63211,20.8246],[-156.63132,20.82353],[-156.63095,20.82311],[-156.63074,20.82271],[-156.63049,20.82236],[-156.63043,20.82203],[-156.62991,20.82119],[-156.62965,20.82031],[-156.6293,20.81939],[-156.62897,20.81878],[-156.62893,20.81862],[-156.62885,20.81721],[-156.62851,20.81609],[-156.62854,20.81554],[-156.62845,20.8153],[-156.62805,20.81457],[-156.62768,20.81395],[-156.62738,20.81352],[-156.62695,20.8126],[-156.62636,20.81199],[-156.62512,20.81108],[-156.62436,20.8106],[-156.62398,20.81001],[-156.62364,20.80965],[-156.62328,20.80937],[-156.62318,20.80915],[-156.62361,20.80836],[-156.62328,20.80826],[-156.62292,20.80897],[-156.62278,20.80919],[-156.62262,20.80924],[-156.62209,20.80897],[-156.62177,20.80889],[-156.62152,20.8089],[-156.62088,20.80909],[-156.62048,20.80894],[-156.61976,20.80855],[-156.61949,20.80825],[-156.61913,20.80799],[-156.61864,20.8078],[-156.61824,20.80744],[-156.61804,20.80737],[-156.61732,20.80792],[-156.61662,20.80806],[-156.61519,20.80876],[-156.61444,20.80922],[-156.61385,20.80962],[-156.61345,20.80982],[-156.61308,20.80989],[-156.61218,20.81012],[-156.6116,20.81014],[-156.61055,20.81011],[-156.60982,20.81017],[-156.60956,20.81002],[-156.60814,20.80974],[-156.60751,20.80958],[-156.60645,20.80915],[-156.606,20.80902],[-156.60559,20.80883],[-156.60501,20.80883],[-156.60486,20.80858],[-156.60442,20.80842],[-156.60404,20.80824],[-156.6037,20.80802],[-156.603,20.80763],[-156.60136,20.80679],[-156.6002,20.80629],[-156.59989,20.8061],[-156.59931,20.80559],[-156.59834,20.80487],[-156.59748,20.80444],[-156.5967,20.80381],[-156.5963,20.80332],[-156.59618,20.80306],[-156.59615,20.80275],[-156.5959,20.80269],[-156.59525,20.80231],[-156.59502,20.80205],[-156.59434,20.80141],[-156.59374,20.80114],[-156.59349,20.80078],[-156.59308,20.8007],[-156.59296,20.80055],[-156.59293,20.80031],[-156.59253,20.8001],[-156.59219,20.79968],[-156.59133,20.7992],[-156.59044,20.7984],[-156.58982,20.79798],[-156.58934,20.79785],[-156.58847,20.79737],[-156.58725,20.79656],[-156.58661,20.79621],[-156.58531,20.79553],[-156.58418,20.79513],[-156.58405,20.79505],[-156.58329,20.79484],[-156.58223,20.79436],[-156.58195,20.79427],[-156.58087,20.79435],[-156.58027,20.79427],[-156.57903,20.79389],[-156.57857,20.79378],[-156.57803,20.79383],[-156.57755,20.79383],[-156.57697,20.79377],[-156.57575,20.79359],[-156.57483,20.79338],[-156.57414,20.79313],[-156.57298,20.79303],[-156.57207,20.79293],[-156.57134,20.79278],[-156.57059,20.79282],[-156.5703,20.79273],[-156.56958,20.79271],[-156.56894,20.79264],[-156.56844,20.79251],[-156.56777,20.79257],[-156.56702,20.79254],[-156.56679,20.79243],[-156.56613,20.79226],[-156.56543,20.79183],[-156.5649,20.79168],[-156.56456,20.79149],[-156.56409,20.79108],[-156.56365,20.79085],[-156.5632,20.79047],[-156.56294,20.79008],[-156.56264,20.78994],[-156.56241,20.79009],[-156.56146,20.79003],[-156.56121,20.78982],[-156.56101,20.78948],[-156.56078,20.78923],[-156.56068,20.78896],[-156.56075,20.78882],[-156.56047,20.78862],[-156.56002,20.78877],[-156.55974,20.78861],[-156.5597,20.78827],[-156.55949,20.78806],[-156.55913,20.788],[-156.55889,20.78774],[-156.55832,20.7881],[-156.55795,20.78817],[-156.55759,20.78806],[-156.55742,20.7877],[-156.55736,20.78718],[-156.55738,20.78687],[-156.55696,20.78674],[-156.55675,20.78691],[-156.55655,20.78719],[-156.55621,20.78725],[-156.55582,20.78711],[-156.55582,20.78672],[-156.5557,20.78636],[-156.55582,20.78607],[-156.55577,20.78583],[-156.55554,20.78574],[-156.55524,20.78571],[-156.55481,20.78552],[-156.55446,20.78515],[-156.55434,20.78512],[-156.55409,20.78527],[-156.55368,20.78522],[-156.55351,20.78498],[-156.55331,20.78492],[-156.55309,20.78498],[-156.55288,20.78492],[-156.55261,20.78467],[-156.55264,20.78424],[-156.55253,20.78412],[-156.55223,20.78405],[-156.55198,20.7839],[-156.55179,20.78386],[-156.55141,20.78402],[-156.55115,20.78442],[-156.55087,20.7845],[-156.55066,20.78435],[-156.5506,20.78372],[-156.55043,20.7833],[-156.55026,20.7832],[-156.54996,20.78323],[-156.54961,20.78338],[-156.5493,20.78311],[-156.54899,20.78241],[-156.54854,20.78207],[-156.54848,20.78178],[-156.54805,20.78181],[-156.54767,20.78177],[-156.54732,20.78186],[-156.54727,20.78175],[-156.54733,20.78113],[-156.54709,20.7809],[-156.54677,20.78088],[-156.5466,20.78067],[-156.54605,20.78057],[-156.54565,20.78029],[-156.54509,20.78025],[-156.54483,20.7803],[-156.5446,20.78055],[-156.54434,20.78053],[-156.5437,20.7802],[-156.54358,20.77963],[-156.54335,20.77946],[-156.54309,20.7794],[-156.543,20.77914],[-156.54268,20.77896],[-156.54236,20.77895],[-156.54202,20.7788],[-156.54188,20.7786],[-156.54184,20.77838],[-156.54146,20.77821],[-156.54127,20.77802],[-156.54114,20.77731],[-156.54094,20.77722],[-156.54051,20.77714],[-156.54036,20.77695],[-156.5403,20.77671],[-156.54006,20.77628],[-156.5399,20.77614],[-156.53944,20.77606],[-156.53932,20.77598],[-156.53929,20.77562],[-156.53904,20.77523],[-156.53891,20.77511],[-156.5378,20.77462],[-156.53712,20.7745],[-156.53677,20.77407],[-156.53663,20.774],[-156.53589,20.77435],[-156.53554,20.77478],[-156.53528,20.77491],[-156.53488,20.77525],[-156.53421,20.77514],[-156.53401,20.77514],[-156.53299,20.77532],[-156.5325,20.77559],[-156.53189,20.77552],[-156.53139,20.77535],[-156.53116,20.77501],[-156.53114,20.7747],[-156.53096,20.77437],[-156.53067,20.77445],[-156.53045,20.77499],[-156.5303,20.77516],[-156.52963,20.77529],[-156.52919,20.77566],[-156.52908,20.7763],[-156.52886,20.7766],[-156.52846,20.77676],[-156.52814,20.77656],[-156.52768,20.77649],[-156.52683,20.7767],[-156.52652,20.77686],[-156.52633,20.77686],[-156.52592,20.77673],[-156.52567,20.7768],[-156.52545,20.77704],[-156.52537,20.7775],[-156.52524,20.77777],[-156.52492,20.77796],[-156.52444,20.77792],[-156.52429,20.77781],[-156.52411,20.77733],[-156.52394,20.77722],[-156.52377,20.77694],[-156.52351,20.77682],[-156.5226,20.77679],[-156.52241,20.77685],[-156.52226,20.7771],[-156.52226,20.77729],[-156.52249,20.77758],[-156.52269,20.77816],[-156.52252,20.77847],[-156.52202,20.77884],[-156.52187,20.77904],[-156.52185,20.77923],[-156.5217,20.77945],[-156.52127,20.77978],[-156.52078,20.78001],[-156.52028,20.78037],[-156.51991,20.78071],[-156.51952,20.78084],[-156.51927,20.78114],[-156.51892,20.78109],[-156.51868,20.78125],[-156.51863,20.78143],[-156.51822,20.78203],[-156.51816,20.78231],[-156.51784,20.78235],[-156.51784,20.78254],[-156.5177,20.78268],[-156.51767,20.78307],[-156.51735,20.78333],[-156.5172,20.78363],[-156.51668,20.78405],[-156.51668,20.78463],[-156.51657,20.78488],[-156.51615,20.78534],[-156.51573,20.78532],[-156.5155,20.78544],[-156.51529,20.78569],[-156.51506,20.78633],[-156.51515,20.78661],[-156.51549,20.78694],[-156.51561,20.78729],[-156.51527,20.78793],[-156.5152,20.78829],[-156.51497,20.78851],[-156.51463,20.78851],[-156.51439,20.78868],[-156.51418,20.78897],[-156.51406,20.7893],[-156.51407,20.7895],[-156.51394,20.78996],[-156.5109,20.79022],[-156.51096,20.7905],[-156.51358,20.79026],[-156.51362,20.79084],[-156.51294,20.79101],[-156.51261,20.79119],[-156.51231,20.79147],[-156.51154,20.79186],[-156.51106,20.79191],[-156.51014,20.79233],[-156.51,20.79231],[-156.50961,20.79202],[-156.50906,20.79213],[-156.50851,20.79274],[-156.50828,20.79308],[-156.50804,20.79333],[-156.50757,20.79365],[-156.50671,20.79436],[-156.50629,20.79502],[-156.50609,20.79515],[-156.50533,20.79513],[-156.50388,20.79582],[-156.50348,20.79607],[-156.50292,20.79621],[-156.50195,20.79613],[-156.50111,20.79613],[-156.50081,20.79617],[-156.49939,20.79656],[-156.49887,20.79663],[-156.49658,20.79677],[-156.49591,20.79673],[-156.49516,20.79662],[-156.49448,20.79658],[-156.49372,20.79634],[-156.49266,20.79616],[-156.49173,20.7959],[-156.49135,20.79575],[-156.49074,20.79556],[-156.49019,20.79549],[-156.48998,20.7954],[-156.48863,20.79547],[-156.48805,20.79539],[-156.48711,20.79516],[-156.48665,20.7951],[-156.4861,20.79489],[-156.48579,20.79485],[-156.48447,20.79434],[-156.48419,20.79418],[-156.48369,20.79402],[-156.48251,20.79349],[-156.48158,20.79302],[-156.48079,20.79258],[-156.47972,20.79211],[-156.47908,20.7917],[-156.4777,20.79107],[-156.47757,20.79096],[-156.47601,20.79012],[-156.47531,20.78988],[-156.47412,20.78961],[-156.47371,20.78945],[-156.47277,20.78901],[-156.47131,20.788],[-156.47086,20.78759],[-156.47057,20.78738],[-156.46984,20.78677],[-156.46898,20.78601],[-156.46846,20.78543],[-156.46808,20.78491],[-156.46782,20.78468],[-156.46725,20.78439],[-156.46703,20.78432],[-156.46618,20.78381],[-156.4657,20.78346],[-156.46525,20.78306],[-156.46353,20.78164],[-156.4631,20.78114],[-156.4631,20.78093],[-156.46294,20.78091],[-156.46229,20.7803],[-156.4617,20.77952],[-156.46136,20.77876],[-156.46114,20.77806],[-156.46107,20.77738],[-156.46109,20.77682],[-156.46092,20.77584],[-156.46085,20.77558],[-156.46075,20.7747],[-156.46075,20.77409],[-156.46071,20.7736],[-156.46062,20.77343],[-156.46048,20.77274],[-156.45993,20.77152],[-156.45984,20.77123],[-156.45977,20.77067],[-156.45938,20.76967],[-156.45922,20.76851],[-156.45921,20.76736],[-156.45929,20.76669],[-156.45935,20.76564],[-156.45943,20.7652],[-156.4594,20.76502],[-156.45949,20.76453],[-156.45935,20.76387],[-156.45941,20.76365],[-156.45948,20.7627],[-156.45937,20.76248],[-156.45908,20.76235],[-156.45908,20.7622],[-156.45939,20.76139],[-156.45989,20.76073],[-156.46001,20.75998],[-156.46,20.75946],[-156.45987,20.75865],[-156.45995,20.75805],[-156.46001,20.75729],[-156.46005,20.75715],[-156.45992,20.7564],[-156.4597,20.75556],[-156.45967,20.75518],[-156.45978,20.75406],[-156.45988,20.75362],[-156.45991,20.75285],[-156.45998,20.75267],[-156.46025,20.75237],[-156.45995,20.75212],[-156.45979,20.75193],[-156.45967,20.75143],[-156.45948,20.7509],[-156.45928,20.75051],[-156.45896,20.74998],[-156.45876,20.74973],[-156.45833,20.74883],[-156.45802,20.74805],[-156.4579,20.74766],[-156.45781,20.74711],[-156.45768,20.74691],[-156.45761,20.74663],[-156.45756,20.74561],[-156.45801,20.7455],[-156.45809,20.7454],[-156.45802,20.74483],[-156.45767,20.74404],[-156.45708,20.74156],[-156.45705,20.74099],[-156.45672,20.73987],[-156.45672,20.73902],[-156.45684,20.73791],[-156.45671,20.73683],[-156.45657,20.73626],[-156.45624,20.73528],[-156.45584,20.73423],[-156.45575,20.73362],[-156.45558,20.73324],[-156.45533,20.73291],[-156.45517,20.73257],[-156.45471,20.73194],[-156.45433,20.7316],[-156.45384,20.73101],[-156.45317,20.73012],[-156.45281,20.72975],[-156.45079,20.72862],[-156.45025,20.7282],[-156.45016,20.72797],[-156.45016,20.72768],[-156.45065,20.72751],[-156.45028,20.72688],[-156.45022,20.72601],[-156.45009,20.72551],[-156.44954,20.72511],[-156.44939,20.7249],[-156.44869,20.72362],[-156.44835,20.7226],[-156.44823,20.72208],[-156.4478,20.7206],[-156.44768,20.71989],[-156.44775,20.71911],[-156.44772,20.71878],[-156.44723,20.71785],[-156.44719,20.71755],[-156.44693,20.71676],[-156.4469,20.71605],[-156.44681,20.71549],[-156.44673,20.71529],[-156.44669,20.71485],[-156.44661,20.7146],[-156.44673,20.71421],[-156.44658,20.71371],[-156.44655,20.71298],[-156.44643,20.71233],[-156.44641,20.71191],[-156.44632,20.7113],[-156.44654,20.71087],[-156.44649,20.71032],[-156.44626,20.70994],[-156.44631,20.70952],[-156.44624,20.70925],[-156.44601,20.70868],[-156.44593,20.70817],[-156.4461,20.70761],[-156.44663,20.70674],[-156.44691,20.70645],[-156.4471,20.70636],[-156.44728,20.70607],[-156.44705,20.70552],[-156.44704,20.70514],[-156.44714,20.70457],[-156.44699,20.70432],[-156.44667,20.70399],[-156.44635,20.70336],[-156.44601,20.70228],[-156.44592,20.70176],[-156.44592,20.70145],[-156.4458,20.70086],[-156.44577,20.70048],[-156.44567,20.70002],[-156.44551,20.69961],[-156.44512,20.69884],[-156.44504,20.69848],[-156.44502,20.69803],[-156.44489,20.69767],[-156.44482,20.69716],[-156.44476,20.69572],[-156.44493,20.6952],[-156.44492,20.69486],[-156.44482,20.69463],[-156.44454,20.69415],[-156.44441,20.69376],[-156.44427,20.6926],[-156.44458,20.69169],[-156.44449,20.69137],[-156.44429,20.69123],[-156.44408,20.69092],[-156.44385,20.69023],[-156.44383,20.68965],[-156.44406,20.68906],[-156.44414,20.68856],[-156.44458,20.68792],[-156.44466,20.68774],[-156.44464,20.68742],[-156.44449,20.68693],[-156.44483,20.68618],[-156.44483,20.68606],[-156.44456,20.6858],[-156.44377,20.68514],[-156.44359,20.68482],[-156.44338,20.684],[-156.44331,20.68332],[-156.44335,20.6826],[-156.44351,20.68182],[-156.44371,20.68125],[-156.44386,20.68106],[-156.44449,20.68059],[-156.44516,20.67966],[-156.4451,20.67949],[-156.44467,20.6793],[-156.44453,20.67916],[-156.44441,20.67883],[-156.44446,20.67833],[-156.44463,20.67769],[-156.44458,20.67736],[-156.44429,20.67702],[-156.44388,20.67672],[-156.44368,20.67637],[-156.44368,20.67548],[-156.44373,20.67485],[-156.44382,20.67453],[-156.444,20.6736],[-156.44437,20.673],[-156.44438,20.67279],[-156.44394,20.67254],[-156.44386,20.67231],[-156.44391,20.67159],[-156.44345,20.67097],[-156.44319,20.67045],[-156.44314,20.66986],[-156.44324,20.66949],[-156.4433,20.66901],[-156.44326,20.66872],[-156.44298,20.66847],[-156.44299,20.66837],[-156.44326,20.66809],[-156.44345,20.66772],[-156.44391,20.66733],[-156.44376,20.66704],[-156.44318,20.66671],[-156.44287,20.66645],[-156.44276,20.66627],[-156.44243,20.66545],[-156.44235,20.66496],[-156.44226,20.66466],[-156.44228,20.66424],[-156.44223,20.66406],[-156.44185,20.66342],[-156.44176,20.66319],[-156.44163,20.66259],[-156.4415,20.66223],[-156.44145,20.66152],[-156.44145,20.66101],[-156.44153,20.66065],[-156.44166,20.6603],[-156.44215,20.65984],[-156.44232,20.65957],[-156.44226,20.65925],[-156.44188,20.65894],[-156.44178,20.65858],[-156.44202,20.6583],[-156.44195,20.65801],[-156.44174,20.65761],[-156.44176,20.65739],[-156.44197,20.65713],[-156.44207,20.65683],[-156.44234,20.65671],[-156.44276,20.65682],[-156.44275,20.65634],[-156.44293,20.65628],[-156.44322,20.65637],[-156.44353,20.65621],[-156.44307,20.65613],[-156.44301,20.65599],[-156.44316,20.65552],[-156.44325,20.65547],[-156.44371,20.65549],[-156.44382,20.6554],[-156.44343,20.65507],[-156.44333,20.65477],[-156.44307,20.65451],[-156.44287,20.65421],[-156.44203,20.654],[-156.44121,20.65404],[-156.44113,20.65399],[-156.4409,20.65346],[-156.44086,20.65312],[-156.44089,20.6526],[-156.44098,20.65231],[-156.44098,20.65179],[-156.44121,20.65086],[-156.44151,20.65064],[-156.44199,20.65101],[-156.4422,20.6509],[-156.44217,20.65062],[-156.44196,20.65032],[-156.44191,20.6499],[-156.44205,20.6496],[-156.44219,20.64953],[-156.44252,20.64961],[-156.44275,20.64986],[-156.44305,20.64985],[-156.4431,20.64962],[-156.44299,20.64946],[-156.44267,20.64932],[-156.44267,20.64916],[-156.44282,20.64887],[-156.44266,20.6482],[-156.44264,20.64796],[-156.44279,20.64734],[-156.44298,20.64692],[-156.44319,20.64624],[-156.4433,20.64601],[-156.44371,20.64553],[-156.44386,20.64547],[-156.44432,20.64549],[-156.44458,20.6452],[-156.44511,20.64474],[-156.44559,20.64467],[-156.44576,20.64453],[-156.44603,20.64445],[-156.44634,20.64472],[-156.44652,20.64478],[-156.44664,20.64463],[-156.44662,20.64444],[-156.4464,20.64439],[-156.44632,20.6442],[-156.44612,20.6441],[-156.44612,20.64383],[-156.44594,20.64353],[-156.44597,20.64291],[-156.44621,20.64212],[-156.44641,20.64121],[-156.44656,20.64087],[-156.44693,20.64036],[-156.44746,20.63981],[-156.44777,20.63943],[-156.44806,20.63927],[-156.44873,20.63919],[-156.44896,20.63899],[-156.44919,20.63903],[-156.44946,20.63898],[-156.45067,20.63912],[-156.45081,20.63907],[-156.45076,20.63878],[-156.45097,20.63844],[-156.45172,20.63813],[-156.45178,20.63787],[-156.45213,20.63768],[-156.45236,20.63741],[-156.45244,20.6371],[-156.45301,20.63702],[-156.45294,20.6368],[-156.45303,20.63651],[-156.45291,20.63635],[-156.45294,20.63608],[-156.45265,20.63581],[-156.45256,20.63557],[-156.45233,20.63532],[-156.45196,20.6352],[-156.45174,20.63494],[-156.45161,20.63453],[-156.45174,20.63412],[-156.45224,20.63369],[-156.45238,20.63345],[-156.45227,20.63335],[-156.45188,20.63343],[-156.45151,20.63343],[-156.45137,20.63323],[-156.45094,20.63342],[-156.45041,20.63341],[-156.44977,20.63346],[-156.44885,20.633],[-156.44821,20.63259],[-156.44728,20.6319],[-156.44635,20.6311],[-156.44594,20.6307],[-156.44543,20.63014],[-156.44441,20.62877],[-156.44424,20.62813],[-156.44417,20.62738],[-156.4438,20.62671],[-156.44347,20.62647],[-156.44337,20.62626],[-156.44314,20.6262],[-156.44274,20.62581],[-156.44273,20.62547],[-156.44257,20.62539],[-156.44224,20.62549],[-156.44208,20.6253],[-156.44224,20.62476],[-156.44196,20.62445],[-156.44161,20.62434],[-156.44133,20.62448],[-156.44106,20.62427],[-156.44075,20.62415],[-156.44071,20.62393],[-156.44076,20.62367],[-156.44063,20.62352],[-156.44026,20.62353],[-156.44006,20.62307],[-156.44006,20.62279],[-156.43986,20.62262],[-156.43983,20.62244],[-156.43953,20.62231],[-156.43926,20.62188],[-156.43926,20.62127],[-156.43892,20.62077],[-156.43892,20.62034],[-156.43913,20.62015],[-156.43896,20.61995],[-156.43883,20.61956],[-156.43861,20.61926],[-156.43823,20.61891],[-156.43816,20.61874],[-156.43816,20.61826],[-156.438,20.61798],[-156.43785,20.618],[-156.43756,20.61819],[-156.43729,20.61815],[-156.43723,20.61762],[-156.4373,20.61735],[-156.43776,20.61683],[-156.43758,20.61658],[-156.43761,20.6161],[-156.43788,20.61576],[-156.43814,20.61563],[-156.43811,20.61549],[-156.43773,20.61533],[-156.43739,20.61485],[-156.43741,20.61456],[-156.43698,20.61411],[-156.43686,20.61385],[-156.43681,20.61349],[-156.43697,20.61329],[-156.43673,20.61302],[-156.43673,20.61274],[-156.43683,20.61246],[-156.43713,20.61225],[-156.43712,20.61194],[-156.43725,20.6118],[-156.43725,20.61152],[-156.43762,20.61125],[-156.4379,20.61114],[-156.43834,20.61118],[-156.43906,20.61112],[-156.43918,20.61097],[-156.43952,20.61083],[-156.43983,20.61051],[-156.44034,20.61011],[-156.44035,20.60992],[-156.44017,20.60946],[-156.4404,20.6093],[-156.4404,20.60914],[-156.44012,20.60912],[-156.44028,20.60883],[-156.44014,20.60861],[-156.4405,20.60849],[-156.44039,20.60836],[-156.44022,20.60843],[-156.4398,20.60804],[-156.43994,20.60779],[-156.43988,20.60748],[-156.44008,20.60739],[-156.43995,20.60691],[-156.44017,20.60655],[-156.44072,20.60631],[-156.44087,20.60612],[-156.4411,20.60598],[-156.44129,20.60552],[-156.44125,20.60522],[-156.4413,20.60494],[-156.44124,20.60456],[-156.4411,20.60442],[-156.44075,20.60443],[-156.44057,20.60426],[-156.44017,20.60431],[-156.44014,20.60412],[-156.43961,20.60398],[-156.43936,20.60374],[-156.43886,20.6039],[-156.4386,20.60388],[-156.43847,20.60373],[-156.43822,20.60378],[-156.4382,20.60354],[-156.43804,20.60356],[-156.43789,20.60336],[-156.43751,20.60334],[-156.43736,20.60308],[-156.43739,20.6029],[-156.43709,20.6028],[-156.43715,20.60257],[-156.43701,20.60243],[-156.437,20.60186],[-156.4368,20.60158],[-156.43684,20.60109],[-156.43721,20.60089],[-156.43726,20.60065],[-156.43689,20.6003],[-156.43689,20.59971],[-156.4362,20.5989],[-156.43565,20.59869],[-156.43552,20.59851],[-156.43552,20.59825],[-156.43526,20.5982],[-156.43512,20.59798],[-156.43473,20.59782],[-156.43409,20.59776],[-156.43356,20.59766],[-156.43344,20.59746],[-156.43341,20.59706],[-156.43308,20.59692],[-156.43292,20.59701],[-156.43265,20.59697],[-156.43257,20.59673],[-156.43207,20.59657],[-156.43194,20.59704],[-156.43163,20.5969],[-156.43146,20.59672],[-156.43126,20.59666],[-156.43124,20.59638],[-156.43098,20.59643],[-156.43083,20.59677],[-156.43013,20.59676],[-156.43006,20.59656],[-156.43024,20.59612],[-156.43051,20.59589],[-156.43024,20.59586],[-156.42998,20.59572],[-156.42987,20.59542],[-156.42938,20.59539],[-156.42921,20.5955],[-156.429,20.59545],[-156.42868,20.59504],[-156.42853,20.59476],[-156.42827,20.59475],[-156.42816,20.59516],[-156.42796,20.59514],[-156.42773,20.59487],[-156.42741,20.59498],[-156.42731,20.59509],[-156.42721,20.5955],[-156.42706,20.59561],[-156.42654,20.5956],[-156.42639,20.59515],[-156.42648,20.5948],[-156.42634,20.59454],[-156.42644,20.59432],[-156.42619,20.5939],[-156.42595,20.5941],[-156.42586,20.59449],[-156.42554,20.59462],[-156.42566,20.59499],[-156.42541,20.59534],[-156.42508,20.59555],[-156.42487,20.5956],[-156.42467,20.59551],[-156.42453,20.59572],[-156.42432,20.59576],[-156.42426,20.59596],[-156.42407,20.59621],[-156.42374,20.5962],[-156.4236,20.59653],[-156.42329,20.5965],[-156.42346,20.59706],[-156.42367,20.59745],[-156.42346,20.59772],[-156.4234,20.59745],[-156.42343,20.59716],[-156.42326,20.59694],[-156.42302,20.59709],[-156.42302,20.59659],[-156.42312,20.59627],[-156.42271,20.59622],[-156.42256,20.59637],[-156.42219,20.59642],[-156.42224,20.5967],[-156.42252,20.5968],[-156.42264,20.59698],[-156.42247,20.59734],[-156.4223,20.59743],[-156.42206,20.59734],[-156.42183,20.59747],[-156.42183,20.59764],[-156.4216,20.59772],[-156.42171,20.59795],[-156.42169,20.59838],[-156.42183,20.59879],[-156.42169,20.59892],[-156.4214,20.59854],[-156.42124,20.59878],[-156.42151,20.599],[-156.4214,20.59916],[-156.42149,20.59936],[-156.42145,20.59969],[-156.42186,20.60012],[-156.42172,20.60038],[-156.42145,20.60034],[-156.42107,20.60015],[-156.42089,20.59992],[-156.42067,20.59988],[-156.42064,20.59962],[-156.42072,20.59939],[-156.42042,20.59916],[-156.42035,20.59892],[-156.42,20.59909],[-156.41963,20.59891],[-156.41937,20.5985],[-156.41914,20.59839],[-156.4191,20.59804],[-156.41877,20.59772],[-156.41867,20.59753],[-156.41832,20.59774],[-156.41821,20.59743],[-156.41785,20.5977],[-156.41757,20.59766],[-156.41733,20.59748],[-156.41722,20.59716],[-156.41699,20.59717],[-156.41685,20.59733],[-156.41657,20.59744],[-156.41637,20.59735],[-156.41654,20.59701],[-156.41623,20.597],[-156.41568,20.5967],[-156.41568,20.59642],[-156.4154,20.59652],[-156.41524,20.59649],[-156.41519,20.59631],[-156.41542,20.59604],[-156.41512,20.59593],[-156.41507,20.5958],[-156.41467,20.5958],[-156.41484,20.59514],[-156.41469,20.59489],[-156.41414,20.5946],[-156.41394,20.59456],[-156.4138,20.5941],[-156.4138,20.59374],[-156.41388,20.59359],[-156.41365,20.59343],[-156.41385,20.59315],[-156.41353,20.59279],[-156.41341,20.59227],[-156.41312,20.59176],[-156.41284,20.59137],[-156.41263,20.59038],[-156.41302,20.58986],[-156.41284,20.58952],[-156.4131,20.58918],[-156.41349,20.58912],[-156.41374,20.58868],[-156.41362,20.58844],[-156.41387,20.58809],[-156.41383,20.58765],[-156.41411,20.58755],[-156.41416,20.58696],[-156.41411,20.58672],[-156.41422,20.5864],[-156.41379,20.58618],[-156.4133,20.586],[-156.41315,20.58571],[-156.41319,20.5851],[-156.41292,20.58471],[-156.41302,20.58449],[-156.41322,20.58433],[-156.4131,20.58412],[-156.41289,20.58407],[-156.41285,20.58377],[-156.41294,20.58363],[-156.41276,20.58336],[-156.41234,20.58294],[-156.41214,20.5829],[-156.41177,20.58303],[-156.41124,20.58306],[-156.41092,20.5828],[-156.4106,20.58235],[-156.41034,20.5825],[-156.40953,20.58232],[-156.40932,20.58238],[-156.40914,20.58306],[-156.40887,20.58329],[-156.40853,20.5835],[-156.40842,20.5835],[-156.40833,20.58308],[-156.40819,20.583],[-156.40797,20.58317],[-156.40746,20.58316],[-156.40719,20.58303],[-156.40685,20.58313],[-156.40659,20.58308],[-156.40597,20.58315],[-156.40575,20.58313],[-156.40562,20.583],[-156.40517,20.58314],[-156.40496,20.58303],[-156.40423,20.5831],[-156.40405,20.58295],[-156.40382,20.58303],[-156.40358,20.58302],[-156.40341,20.58288],[-156.40305,20.58275],[-156.40265,20.58224],[-156.40273,20.58205],[-156.40294,20.58197],[-156.40314,20.58154],[-156.40315,20.5814],[-156.40295,20.58124],[-156.4028,20.58097],[-156.40245,20.58091],[-156.40259,20.58072],[-156.40286,20.58067],[-156.40283,20.58045],[-156.40291,20.58023],[-156.40259,20.57995],[-156.40256,20.57982],[-156.40225,20.57963],[-156.40163,20.58004],[-156.40142,20.58002],[-156.4014,20.5798],[-156.40147,20.5794],[-156.40122,20.57901],[-156.40088,20.5788],[-156.40059,20.57887],[-156.40035,20.57902],[-156.40031,20.57924],[-156.40007,20.57941],[-156.39983,20.57933],[-156.39984,20.57982],[-156.3997,20.57998],[-156.39885,20.58008],[-156.39858,20.58026],[-156.39855,20.5805],[-156.39871,20.58076],[-156.3985,20.58106],[-156.3985,20.58128],[-156.39863,20.58155],[-156.39823,20.58172],[-156.39806,20.58195],[-156.3977,20.58198],[-156.39751,20.58187],[-156.39726,20.58145],[-156.39683,20.58106],[-156.39653,20.58069],[-156.39647,20.58025],[-156.39623,20.57993],[-156.39589,20.5798],[-156.39534,20.57974],[-156.39502,20.5798],[-156.3947,20.57996],[-156.39446,20.57987],[-156.39426,20.5799],[-156.39421,20.5804],[-156.39386,20.5804],[-156.39366,20.58024],[-156.39363,20.57982],[-156.3932,20.57987],[-156.39299,20.57972],[-156.39276,20.57992],[-156.39261,20.57968],[-156.39232,20.57948],[-156.39208,20.57949],[-156.39154,20.57971],[-156.39119,20.57954],[-156.39127,20.57923],[-156.39108,20.57901],[-156.39069,20.5791],[-156.39046,20.57895],[-156.39003,20.57903],[-156.38989,20.57921],[-156.38954,20.57913],[-156.38934,20.57924],[-156.38892,20.5792],[-156.38855,20.57945],[-156.38837,20.57972],[-156.38769,20.57972],[-156.3875,20.579],[-156.38712,20.579],[-156.38639,20.57947],[-156.38646,20.57967],[-156.38635,20.57976],[-156.38609,20.57953],[-156.3858,20.57959],[-156.38564,20.57976],[-156.38576,20.58002],[-156.38565,20.5801],[-156.38536,20.57993],[-156.38513,20.57997],[-156.38477,20.58025],[-156.38474,20.58056],[-156.38455,20.58057],[-156.38407,20.58095],[-156.3835,20.58098],[-156.38336,20.58081],[-156.38337,20.58022],[-156.3833,20.57972],[-156.3831,20.57949],[-156.38307,20.57915],[-156.3828,20.57911],[-156.38222,20.57879],[-156.38213,20.57866],[-156.38159,20.57869],[-156.38138,20.57866],[-156.38112,20.57833],[-156.38107,20.57815],[-156.38087,20.57819],[-156.3807,20.57806],[-156.38042,20.5783],[-156.38042,20.57777],[-156.38025,20.57794],[-156.38027,20.57834],[-156.38014,20.57838],[-156.37994,20.5782],[-156.37932,20.57787],[-156.37893,20.57786],[-156.3787,20.57809],[-156.37846,20.57804],[-156.37837,20.5777],[-156.37822,20.57756],[-156.37817,20.57736],[-156.37798,20.57721],[-156.37781,20.57688],[-156.37781,20.57664],[-156.3774,20.57662],[-156.37755,20.57632],[-156.37746,20.57614],[-156.37756,20.57599],[-156.37716,20.57594],[-156.37703,20.5761],[-156.37673,20.57598],[-156.37651,20.5757],[-156.37628,20.5757],[-156.37623,20.57547],[-156.37608,20.57535],[-156.37584,20.5754],[-156.37566,20.57509],[-156.37549,20.57505],[-156.37524,20.57528],[-156.37526,20.57551],[-156.37491,20.57567],[-156.37481,20.57498],[-156.37469,20.57493],[-156.37441,20.57535],[-156.37441,20.57555],[-156.37408,20.57565],[-156.37403,20.57543],[-156.37387,20.57523],[-156.37384,20.57499],[-156.37398,20.57486],[-156.37404,20.57461],[-156.37387,20.57443],[-156.37355,20.57438],[-156.37346,20.57446],[-156.37346,20.57485],[-156.37324,20.57496],[-156.37334,20.57526],[-156.37332,20.57548],[-156.37289,20.5755],[-156.37258,20.5753],[-156.37233,20.57545],[-156.37219,20.57532],[-156.3723,20.57509],[-156.37221,20.5749],[-156.37144,20.57481],[-156.371,20.57485],[-156.37091,20.57504],[-156.37094,20.57532],[-156.37081,20.57563],[-156.37054,20.57571],[-156.37012,20.57566],[-156.36991,20.57575],[-156.36974,20.57604],[-156.36951,20.5758],[-156.36889,20.57578],[-156.36861,20.57564],[-156.36837,20.57563],[-156.36827,20.5754],[-156.36801,20.57535],[-156.368,20.57557],[-156.3678,20.57574],[-156.36751,20.57573],[-156.36732,20.57584],[-156.3671,20.5762],[-156.36664,20.57632],[-156.36641,20.57647],[-156.36634,20.57668],[-156.36618,20.57676],[-156.36617,20.57698],[-156.3659,20.57692],[-156.36565,20.57698],[-156.36508,20.57754],[-156.36475,20.57736],[-156.36418,20.57725],[-156.36382,20.57749],[-156.36359,20.57738],[-156.36307,20.5775],[-156.36246,20.57748],[-156.36226,20.57789],[-156.36186,20.57774],[-156.36162,20.57797],[-156.36113,20.57802],[-156.36088,20.57775],[-156.36077,20.5778],[-156.36084,20.57808],[-156.36061,20.57835],[-156.3603,20.57812],[-156.3599,20.57809],[-156.35959,20.57823],[-156.35954,20.57834],[-156.35921,20.57834],[-156.35908,20.57823],[-156.35908,20.57771],[-156.35877,20.57758],[-156.35834,20.57769],[-156.358,20.57795],[-156.35783,20.57827],[-156.35782,20.57847],[-156.35748,20.57839],[-156.35722,20.57816],[-156.35707,20.57834],[-156.35712,20.57872],[-156.3568,20.57893],[-156.3568,20.57917],[-156.35646,20.57931],[-156.35649,20.57958],[-156.35637,20.57969],[-156.35598,20.57969],[-156.35591,20.57989],[-156.3555,20.57989],[-156.3552,20.58011],[-156.35495,20.58001],[-156.35445,20.5806],[-156.35405,20.58065],[-156.35394,20.58051],[-156.3535,20.5804],[-156.35335,20.58019],[-156.35313,20.58018],[-156.35306,20.58061],[-156.35245,20.58087],[-156.35234,20.58081],[-156.35223,20.58032],[-156.35205,20.58027],[-156.35178,20.58044],[-156.35148,20.58084],[-156.35131,20.58068],[-156.35135,20.58047],[-156.351,20.58052],[-156.35077,20.58035],[-156.35025,20.58052],[-156.35013,20.5808],[-156.35011,20.58118],[-156.35016,20.58156],[-156.34947,20.58162],[-156.34941,20.58199],[-156.3496,20.58221],[-156.34941,20.58241],[-156.34948,20.58264],[-156.34987,20.58294],[-156.34983,20.58329],[-156.34963,20.58343],[-156.34901,20.58354],[-156.34866,20.58351],[-156.34835,20.58333],[-156.34807,20.58299],[-156.34793,20.58263],[-156.34767,20.5825],[-156.34771,20.58292],[-156.34787,20.58313],[-156.34788,20.5833],[-156.34765,20.58337],[-156.34745,20.58353],[-156.34729,20.58341],[-156.34708,20.58343],[-156.34698,20.58373],[-156.3465,20.58373],[-156.34612,20.58338],[-156.3461,20.58308],[-156.34572,20.58293],[-156.34528,20.58303],[-156.34521,20.58341],[-156.34486,20.58337],[-156.34464,20.58352],[-156.34453,20.58311],[-156.34403,20.58297],[-156.34386,20.58321],[-156.34341,20.58322],[-156.34316,20.58343],[-156.34306,20.58366],[-156.34291,20.58375],[-156.34277,20.5836],[-156.34234,20.58378],[-156.34226,20.58323],[-156.34189,20.58343],[-156.34177,20.58316],[-156.34137,20.58302],[-156.34124,20.58251],[-156.34129,20.58214],[-156.34103,20.58206],[-156.34077,20.58179],[-156.34065,20.58115],[-156.34065,20.5806],[-156.34052,20.58053],[-156.3403,20.58077],[-156.33977,20.58096],[-156.3397,20.58046],[-156.33952,20.58028],[-156.33912,20.58024],[-156.33893,20.58029],[-156.33872,20.58046],[-156.3385,20.5805],[-156.33845,20.5809],[-156.33824,20.58095],[-156.33766,20.58041],[-156.33747,20.58037],[-156.33733,20.58047],[-156.3371,20.58119],[-156.33696,20.58121],[-156.33665,20.58105],[-156.3365,20.58054],[-156.33635,20.5805],[-156.3361,20.58083],[-156.3358,20.5807],[-156.33575,20.58094],[-156.33542,20.58105],[-156.33533,20.58125],[-156.33543,20.58137],[-156.33533,20.58182],[-156.33548,20.58224],[-156.33545,20.58237],[-156.33513,20.58249],[-156.33516,20.58267],[-156.33536,20.58287],[-156.33515,20.58309],[-156.33496,20.5831],[-156.33473,20.58297],[-156.33467,20.5827],[-156.33455,20.58257],[-156.33385,20.58247],[-156.33357,20.58263],[-156.33353,20.58294],[-156.33366,20.58327],[-156.33355,20.58342],[-156.33328,20.58341],[-156.33292,20.5837],[-156.33276,20.5839],[-156.33244,20.58398],[-156.33244,20.58368],[-156.33228,20.5836],[-156.33219,20.58385],[-156.33197,20.58384],[-156.33203,20.58333],[-156.33192,20.58323],[-156.33159,20.58321],[-156.33117,20.5833],[-156.33099,20.58351],[-156.33116,20.58382],[-156.33099,20.58409],[-156.33059,20.5841],[-156.32973,20.5842],[-156.32963,20.58409],[-156.32936,20.5842],[-156.32914,20.58407],[-156.32902,20.58384],[-156.32857,20.58376],[-156.32848,20.58421],[-156.32845,20.58474],[-156.32829,20.5848],[-156.32802,20.58465],[-156.32792,20.5843],[-156.3276,20.58422],[-156.32754,20.58374],[-156.32737,20.58382],[-156.32697,20.58386],[-156.32657,20.58397],[-156.32645,20.58371],[-156.3263,20.58361],[-156.32614,20.58375],[-156.32581,20.58366],[-156.32559,20.58405],[-156.32533,20.58399],[-156.32509,20.58404],[-156.32476,20.58423],[-156.32451,20.58447],[-156.32445,20.58467],[-156.32427,20.58472],[-156.32411,20.58455],[-156.3239,20.58462],[-156.32363,20.58487],[-156.32331,20.5846],[-156.32297,20.58451],[-156.32227,20.58464],[-156.32193,20.58451],[-156.32162,20.58456],[-156.32105,20.58456],[-156.32087,20.58463],[-156.32051,20.58491],[-156.32024,20.58491],[-156.31973,20.58478],[-156.31945,20.58483],[-156.31923,20.58467],[-156.31857,20.58443],[-156.31829,20.58445],[-156.31818,20.58425],[-156.3176,20.58389],[-156.31757,20.58416],[-156.31728,20.5841],[-156.31721,20.5839],[-156.31699,20.584],[-156.3168,20.58386],[-156.31655,20.58385],[-156.31604,20.58407],[-156.31579,20.58393],[-156.31513,20.58387],[-156.31502,20.58378],[-156.31473,20.58378],[-156.31453,20.5839],[-156.31437,20.58372],[-156.31373,20.58361],[-156.31357,20.58379],[-156.31333,20.58374],[-156.31333,20.58397],[-156.31319,20.58407],[-156.31282,20.58412],[-156.31259,20.58406],[-156.31227,20.58362],[-156.3121,20.58359],[-156.31179,20.58333],[-156.31159,20.58335],[-156.31145,20.58351],[-156.3114,20.58376],[-156.31119,20.58413],[-156.31067,20.58416],[-156.31048,20.58396],[-156.30981,20.58355],[-156.30979,20.58333],[-156.3096,20.58318],[-156.30903,20.58325],[-156.30853,20.58348],[-156.30841,20.5833],[-156.30773,20.5828],[-156.30725,20.58276],[-156.30705,20.58284],[-156.307,20.58318],[-156.30683,20.58332],[-156.30652,20.58333],[-156.30638,20.58307],[-156.30615,20.58303],[-156.30571,20.58333],[-156.30565,20.58359],[-156.30532,20.58362],[-156.30495,20.58377],[-156.30468,20.5835],[-156.30458,20.58328],[-156.30423,20.58293],[-156.30375,20.58258],[-156.30359,20.58257],[-156.30307,20.58271],[-156.30285,20.58266],[-156.30225,20.58302],[-156.30208,20.58272],[-156.30177,20.58265],[-156.3017,20.5829],[-156.30137,20.58272],[-156.30063,20.58264],[-156.3002,20.58267],[-156.29935,20.58326],[-156.29884,20.58332],[-156.29855,20.5831],[-156.29792,20.58302],[-156.2976,20.58307],[-156.2974,20.58359],[-156.29686,20.5839],[-156.29662,20.58409],[-156.29593,20.58407],[-156.29561,20.58434],[-156.29534,20.58429],[-156.29495,20.5844],[-156.2948,20.58457],[-156.29447,20.5844],[-156.29422,20.5844],[-156.29413,20.58454],[-156.2938,20.58458],[-156.29362,20.58486],[-156.29301,20.5852],[-156.2922,20.58522],[-156.29179,20.58537],[-156.29159,20.58556],[-156.29146,20.58556],[-156.29129,20.58531],[-156.29115,20.5855],[-156.29076,20.58548],[-156.29039,20.58561],[-156.29035,20.58582],[-156.28992,20.58578],[-156.28925,20.58614],[-156.28924,20.5863],[-156.28901,20.58634],[-156.28893,20.58653],[-156.28841,20.58668],[-156.2882,20.58703],[-156.28811,20.58686],[-156.28793,20.58679],[-156.28774,20.58724],[-156.28751,20.58736],[-156.28729,20.58725],[-156.28683,20.5872],[-156.28664,20.58728],[-156.28643,20.58753],[-156.28643,20.58773],[-156.28657,20.58793],[-156.28638,20.58831],[-156.28636,20.58852],[-156.28609,20.58862],[-156.28596,20.58846],[-156.28565,20.58831],[-156.28537,20.58874],[-156.2852,20.58884],[-156.28501,20.58919],[-156.28503,20.58952],[-156.28521,20.58985],[-156.28512,20.59004],[-156.28487,20.58992],[-156.28473,20.59015],[-156.28488,20.5904],[-156.28444,20.59045],[-156.28416,20.5903],[-156.28411,20.59057],[-156.28375,20.59088],[-156.28378,20.59127],[-156.28315,20.59179],[-156.28287,20.59173],[-156.28238,20.5919],[-156.28215,20.59209],[-156.28212,20.59249],[-156.2818,20.59288],[-156.28178,20.5931],[-156.28155,20.59319],[-156.28092,20.59314],[-156.28045,20.59344],[-156.28014,20.59352],[-156.27996,20.59368],[-156.2796,20.5936],[-156.27929,20.59376],[-156.27851,20.5936],[-156.27815,20.59361],[-156.2777,20.59344],[-156.27724,20.59357],[-156.27678,20.59347],[-156.2764,20.59373],[-156.27635,20.5939],[-156.27601,20.59405],[-156.27569,20.59399],[-156.2755,20.59436],[-156.27525,20.59434],[-156.27512,20.5942],[-156.27465,20.59446],[-156.27434,20.59451],[-156.27418,20.59469],[-156.27404,20.59469],[-156.27372,20.59451],[-156.27338,20.59486],[-156.27335,20.59513],[-156.27313,20.59535],[-156.27273,20.59542],[-156.27238,20.59531],[-156.27206,20.59538],[-156.27188,20.59527],[-156.27168,20.5953],[-156.27134,20.5952],[-156.2713,20.59538],[-156.27086,20.5954],[-156.2705,20.59551],[-156.2702,20.5957],[-156.27021,20.59593],[-156.26997,20.59603],[-156.26979,20.59595],[-156.26961,20.59604],[-156.26953,20.59631],[-156.2693,20.59641],[-156.26908,20.59638],[-156.269,20.59665],[-156.26873,20.59675],[-156.26836,20.5967],[-156.26825,20.59687],[-156.26791,20.597],[-156.26774,20.59693],[-156.26715,20.59744],[-156.26715,20.59756],[-156.2674,20.5979],[-156.26729,20.59808],[-156.26691,20.59829],[-156.26665,20.59799],[-156.26619,20.59801],[-156.26622,20.59821],[-156.26543,20.59832],[-156.26535,20.59846],[-156.26501,20.59842],[-156.26458,20.59867],[-156.26406,20.59868],[-156.26379,20.59849],[-156.26358,20.59865],[-156.26322,20.5985],[-156.26314,20.59823],[-156.26289,20.59826],[-156.26242,20.59802],[-156.26203,20.59813],[-156.26183,20.5983],[-156.2614,20.59839],[-156.26131,20.59867],[-156.2613,20.59898],[-156.26103,20.59884],[-156.26109,20.59914],[-156.26095,20.59925],[-156.26067,20.59969],[-156.26039,20.59982],[-156.26024,20.59953],[-156.26013,20.59957],[-156.26007,20.59992],[-156.25957,20.59966],[-156.25942,20.5997],[-156.25911,20.59964],[-156.25887,20.59978],[-156.2585,20.59967],[-156.2586,20.59991],[-156.25818,20.60022],[-156.2581,20.60067],[-156.25801,20.6008],[-156.25721,20.60062],[-156.25726,20.60092],[-156.25695,20.6009],[-156.25693,20.60113],[-156.25676,20.60135],[-156.2565,20.60144],[-156.25648,20.60163],[-156.2561,20.60165],[-156.25598,20.60175],[-156.25583,20.60214],[-156.25572,20.6022],[-156.25547,20.60208],[-156.25497,20.60231],[-156.25497,20.60254],[-156.25468,20.60251],[-156.25438,20.60267],[-156.25438,20.60281],[-156.25414,20.60305],[-156.25386,20.60295],[-156.25368,20.60317],[-156.25341,20.60314],[-156.2531,20.60331],[-156.2526,20.60381],[-156.25225,20.60392],[-156.25202,20.60385],[-156.25177,20.60408],[-156.25137,20.60409],[-156.25141,20.6044],[-156.25079,20.60477],[-156.25037,20.6048],[-156.25026,20.6049],[-156.25029,20.60517],[-156.25048,20.60548],[-156.25047,20.60566],[-156.25006,20.60594],[-156.24947,20.60592],[-156.24908,20.60613],[-156.24892,20.60597],[-156.24865,20.60591],[-156.24859,20.60611],[-156.24823,20.60616],[-156.24799,20.60636],[-156.24745,20.60632],[-156.24717,20.60619],[-156.24718,20.60596],[-156.24735,20.60577],[-156.24722,20.60551],[-156.24675,20.60536],[-156.24639,20.60535],[-156.24612,20.60552],[-156.24606,20.60577],[-156.2459,20.60591],[-156.24565,20.60635],[-156.24563,20.60653],[-156.24546,20.6067],[-156.24505,20.60674],[-156.2448,20.60654],[-156.24469,20.60731],[-156.24439,20.60777],[-156.24421,20.60791],[-156.24389,20.60795],[-156.24393,20.60814],[-156.24365,20.60824],[-156.24359,20.60839],[-156.24327,20.60849],[-156.24299,20.60879],[-156.24275,20.60889],[-156.24257,20.60871],[-156.24237,20.60901],[-156.2421,20.60901],[-156.24151,20.60874],[-156.2413,20.60905],[-156.24131,20.6094],[-156.24111,20.60953],[-156.24096,20.60946],[-156.24056,20.60959],[-156.2402,20.60955],[-156.24011,20.60989],[-156.23954,20.60985],[-156.23936,20.60999],[-156.23948,20.61042],[-156.23931,20.61048],[-156.23931,20.611],[-156.23895,20.61124],[-156.23866,20.61121],[-156.2384,20.61135],[-156.2382,20.61122],[-156.23812,20.61142],[-156.23781,20.61132],[-156.23767,20.6111],[-156.23724,20.61096],[-156.23718,20.61115],[-156.23695,20.611],[-156.23681,20.61123],[-156.23585,20.61097],[-156.23537,20.61073],[-156.23501,20.61093],[-156.23467,20.6114],[-156.23383,20.6118],[-156.23358,20.61167],[-156.23346,20.61191],[-156.23352,20.61246],[-156.23343,20.61263],[-156.23297,20.61263],[-156.2329,20.61241],[-156.2326,20.61249],[-156.23234,20.61229],[-156.23184,20.61231],[-156.2315,20.61223],[-156.23082,20.61234],[-156.2307,20.6127],[-156.23087,20.61288],[-156.23069,20.61296],[-156.23042,20.6129],[-156.23023,20.61309],[-156.2299,20.61315],[-156.22956,20.61346],[-156.22903,20.61335],[-156.22886,20.61319],[-156.22869,20.61333],[-156.22888,20.61361],[-156.22851,20.61363],[-156.22833,20.61406],[-156.22814,20.61377],[-156.22788,20.61374],[-156.22768,20.61401],[-156.22739,20.61408],[-156.22764,20.61454],[-156.2276,20.61464],[-156.22719,20.61512],[-156.22693,20.61527],[-156.22668,20.61527],[-156.22647,20.61557],[-156.2262,20.61548],[-156.22611,20.61565],[-156.22581,20.61574],[-156.2252,20.61568],[-156.22477,20.61593],[-156.22445,20.61591],[-156.22441,20.61614],[-156.22454,20.6166],[-156.22436,20.61674],[-156.22401,20.61667],[-156.22395,20.61678],[-156.22409,20.61716],[-156.22368,20.61815],[-156.22279,20.61899],[-156.2223,20.61951],[-156.22168,20.61961],[-156.22113,20.6198],[-156.22093,20.61982],[-156.22069,20.61971],[-156.22,20.61983],[-156.21972,20.61975],[-156.21949,20.61986],[-156.21903,20.61989],[-156.21877,20.62023],[-156.2188,20.62063],[-156.21842,20.62063],[-156.21818,20.62046],[-156.21776,20.62143],[-156.21766,20.62153],[-156.21739,20.62152],[-156.21698,20.62188],[-156.21654,20.62168],[-156.21656,20.62202],[-156.21622,20.62208],[-156.21611,20.62224],[-156.21531,20.62248],[-156.21485,20.6225],[-156.21444,20.62237],[-156.21433,20.62228],[-156.21406,20.62234],[-156.21355,20.62192],[-156.21339,20.62194],[-156.21373,20.62243],[-156.2137,20.62267],[-156.2135,20.62298],[-156.21313,20.62328],[-156.21261,20.6235],[-156.21234,20.62384],[-156.21192,20.62361],[-156.21199,20.62402],[-156.21148,20.62419],[-156.21127,20.62416],[-156.21107,20.62396],[-156.21077,20.62424],[-156.20998,20.6245],[-156.20954,20.62456],[-156.20894,20.62484],[-156.20833,20.62494],[-156.2079,20.62507],[-156.20695,20.62506],[-156.20672,20.62489],[-156.20662,20.62448],[-156.20595,20.62477],[-156.2057,20.62476],[-156.20552,20.62486],[-156.20495,20.62493],[-156.20447,20.62495],[-156.20404,20.62533],[-156.20375,20.62541],[-156.20362,20.62554],[-156.2036,20.62582],[-156.20334,20.62606],[-156.2031,20.6259],[-156.20296,20.62595],[-156.20291,20.62618],[-156.20267,20.62633],[-156.20173,20.62672],[-156.20045,20.62717],[-156.19948,20.62728],[-156.1992,20.62723],[-156.19913,20.62704],[-156.1989,20.62698],[-156.19862,20.62678],[-156.1982,20.62702],[-156.19808,20.62692],[-156.1977,20.62716],[-156.19646,20.6275],[-156.19592,20.62772],[-156.19507,20.62795],[-156.19467,20.6281],[-156.19391,20.62817],[-156.1936,20.62831],[-156.19264,20.6284],[-156.19199,20.62849],[-156.19024,20.62853],[-156.18934,20.62841],[-156.18803,20.62811],[-156.18756,20.62785],[-156.18739,20.62742],[-156.18723,20.62735],[-156.18707,20.62698],[-156.18678,20.62693],[-156.18556,20.6266],[-156.18437,20.62638],[-156.18366,20.62641],[-156.18335,20.62645],[-156.1812,20.62655],[-156.18098,20.62654],[-156.18088,20.6267],[-156.18068,20.62672],[-156.18033,20.62708],[-156.17978,20.62714],[-156.17923,20.62711],[-156.17873,20.627],[-156.1783,20.62684],[-156.17773,20.6265],[-156.17792,20.62542],[-156.17793,20.62512],[-156.17787,20.62491],[-156.17763,20.62472],[-156.17724,20.6246],[-156.17731,20.62443],[-156.17759,20.62415],[-156.17787,20.62373],[-156.17778,20.62348],[-156.17755,20.62327],[-156.17724,20.62312],[-156.17729,20.62284],[-156.17648,20.62217],[-156.17593,20.62196],[-156.17566,20.62194],[-156.17551,20.62182],[-156.17506,20.6217],[-156.17482,20.6214],[-156.17445,20.62168],[-156.17399,20.62152],[-156.17346,20.62166],[-156.17333,20.62178],[-156.17313,20.6223],[-156.17289,20.62232],[-156.17285,20.62192],[-156.17274,20.62176],[-156.17277,20.62132],[-156.17264,20.62101],[-156.17211,20.62081],[-156.17191,20.62103],[-156.17149,20.62081],[-156.17154,20.62104],[-156.17142,20.62113],[-156.17087,20.62089],[-156.17061,20.62083],[-156.17061,20.62107],[-156.17039,20.62104],[-156.17018,20.62113],[-156.17012,20.62157],[-156.17024,20.62198],[-156.17011,20.62218],[-156.16959,20.62242],[-156.16942,20.62266],[-156.16962,20.62294],[-156.16939,20.623],[-156.16897,20.62276],[-156.16876,20.62281],[-156.16851,20.62314],[-156.16854,20.6235],[-156.16839,20.62361],[-156.16801,20.62338],[-156.16794,20.62324],[-156.1676,20.62331],[-156.16725,20.62359],[-156.16716,20.62388],[-156.16693,20.62407],[-156.16657,20.62416],[-156.16602,20.6241],[-156.16548,20.62382],[-156.16516,20.62353],[-156.16493,20.62316],[-156.16495,20.62301],[-156.16516,20.62276],[-156.1653,20.62215],[-156.16516,20.62159],[-156.16517,20.62135],[-156.16502,20.62112],[-156.16481,20.62109],[-156.16481,20.62091],[-156.16458,20.62077],[-156.16435,20.62079],[-156.16417,20.62104],[-156.16407,20.62076],[-156.16394,20.62065],[-156.16351,20.62087],[-156.16337,20.62066],[-156.16316,20.62057],[-156.16299,20.62068],[-156.16289,20.6212],[-156.16294,20.62156],[-156.16267,20.62164],[-156.16252,20.62217],[-156.16222,20.6224],[-156.16101,20.62297],[-156.16057,20.62314],[-156.15997,20.62346],[-156.15938,20.62367],[-156.15907,20.6239],[-156.15882,20.62402],[-156.15839,20.62413],[-156.15777,20.62443],[-156.15755,20.62447],[-156.15725,20.62477],[-156.1564,20.62521],[-156.15578,20.62542],[-156.15549,20.62572],[-156.15489,20.62617],[-156.15463,20.62629],[-156.15412,20.62633],[-156.15365,20.62624],[-156.15288,20.62594],[-156.15216,20.62581],[-156.15137,20.6258],[-156.15095,20.62584],[-156.15067,20.62578],[-156.15001,20.62574],[-156.14931,20.62561],[-156.14873,20.62555],[-156.14825,20.62554],[-156.14772,20.6256],[-156.14713,20.62529],[-156.1469,20.62531],[-156.146,20.62563],[-156.14542,20.62571],[-156.14495,20.62555],[-156.14468,20.62528],[-156.14444,20.62472],[-156.1442,20.62437],[-156.14392,20.62383],[-156.14365,20.62355],[-156.14346,20.6232],[-156.14313,20.62296],[-156.14266,20.62224],[-156.14224,20.62171],[-156.14212,20.62129],[-156.142,20.62107],[-156.14169,20.62078],[-156.14139,20.62021],[-156.14088,20.61977],[-156.14079,20.61908],[-156.14052,20.61855],[-156.14043,20.61829],[-156.14021,20.61814],[-156.13996,20.61822],[-156.13976,20.61846],[-156.13977,20.61869],[-156.13995,20.61884],[-156.14,20.61911],[-156.13963,20.61928],[-156.13942,20.61909],[-156.13945,20.61884],[-156.13921,20.61883],[-156.13635,20.6201],[-156.13596,20.61998],[-156.13574,20.61976],[-156.13554,20.61999],[-156.13579,20.62009],[-156.13583,20.62024],[-156.13515,20.62091],[-156.13499,20.62114],[-156.13469,20.62112],[-156.13458,20.6213],[-156.13481,20.6217],[-156.13489,20.62198],[-156.13507,20.6223],[-156.13522,20.6227],[-156.13531,20.62317],[-156.13522,20.62344],[-156.13492,20.62349],[-156.13481,20.62376],[-156.13448,20.62367],[-156.13431,20.62388],[-156.13397,20.62369],[-156.13393,20.62353],[-156.13346,20.62335],[-156.13348,20.6237],[-156.13359,20.62399],[-156.13341,20.62415],[-156.13313,20.62418],[-156.13287,20.62394],[-156.13278,20.62422],[-156.1324,20.62421],[-156.13196,20.62403],[-156.13138,20.62385],[-156.13086,20.62359],[-156.13007,20.62311],[-156.12907,20.62327],[-156.12887,20.62316],[-156.12828,20.62321],[-156.12801,20.62309],[-156.12766,20.62343],[-156.12758,20.62364],[-156.12707,20.62422],[-156.12739,20.62452],[-156.12738,20.62503],[-156.12726,20.62592],[-156.12731,20.62607],[-156.12642,20.62668],[-156.12628,20.62693],[-156.12597,20.62696],[-156.1259,20.6271],[-156.12611,20.6273],[-156.1257,20.62753],[-156.12547,20.62778],[-156.12499,20.62777],[-156.125,20.62836],[-156.12518,20.62849],[-156.12506,20.62881],[-156.12483,20.62918],[-156.12421,20.6298],[-156.12326,20.63044],[-156.12227,20.63082],[-156.12167,20.63086],[-156.12136,20.63077],[-156.12081,20.63042],[-156.12046,20.63036],[-156.12033,20.63018],[-156.11992,20.6302],[-156.11981,20.63001],[-156.1196,20.63018],[-156.11902,20.63026],[-156.11876,20.63047],[-156.11829,20.63058],[-156.11749,20.63131],[-156.11731,20.63142],[-156.11578,20.63269],[-156.11539,20.63291],[-156.11461,20.63321],[-156.11409,20.63364],[-156.11363,20.63411],[-156.11304,20.63449],[-156.11247,20.63491],[-156.1122,20.63515],[-156.11152,20.63605],[-156.11128,20.63644],[-156.11071,20.63713],[-156.11071,20.63747],[-156.11083,20.63772],[-156.11108,20.63806],[-156.1113,20.63851],[-156.11133,20.63879],[-156.11108,20.63932],[-156.11078,20.63978],[-156.1105,20.63986],[-156.10988,20.63989],[-156.10941,20.63983],[-156.10922,20.63966],[-156.10921,20.63939],[-156.10889,20.63952],[-156.10876,20.63973],[-156.10892,20.64015],[-156.10881,20.64041],[-156.10866,20.64048],[-156.10848,20.64037],[-156.10805,20.64056],[-156.10783,20.64097],[-156.10758,20.64112],[-156.10733,20.64117],[-156.10689,20.64116],[-156.10674,20.64106],[-156.10644,20.64106],[-156.10633,20.64095],[-156.10626,20.64048],[-156.10596,20.64018],[-156.106,20.63986],[-156.10576,20.63982],[-156.10567,20.64002],[-156.10578,20.64026],[-156.10562,20.64037],[-156.10496,20.64045],[-156.10492,20.64026],[-156.10464,20.64035],[-156.10433,20.64027],[-156.10399,20.64035],[-156.10281,20.64041],[-156.10236,20.64078],[-156.10208,20.64091],[-156.10165,20.64099],[-156.1013,20.64132],[-156.10103,20.64145],[-156.10054,20.64159],[-156.10033,20.64154],[-156.10036,20.6413],[-156.10005,20.64131],[-156.10006,20.64162],[-156.09988,20.64196],[-156.09915,20.64219],[-156.09858,20.64217],[-156.09808,20.64204],[-156.09726,20.64161],[-156.09673,20.6415],[-156.09628,20.64153],[-156.09477,20.64151],[-156.09438,20.64153],[-156.09421,20.64137],[-156.09398,20.64092],[-156.09382,20.64076],[-156.09366,20.64083],[-156.09376,20.64145],[-156.09366,20.64204],[-156.09368,20.64232],[-156.09337,20.6425],[-156.09296,20.64225],[-156.09285,20.64247],[-156.09227,20.64268],[-156.09196,20.64274],[-156.09178,20.64292],[-156.09131,20.64311],[-156.09094,20.64347],[-156.0907,20.64357],[-156.09031,20.64351],[-156.09015,20.64368],[-156.08969,20.64386],[-156.0892,20.64377],[-156.08881,20.64364],[-156.08838,20.64374],[-156.08826,20.64407],[-156.08804,20.64424],[-156.08753,20.64433],[-156.08723,20.64453],[-156.08687,20.6449],[-156.08667,20.6449],[-156.0864,20.64469],[-156.08624,20.64477],[-156.08624,20.64498],[-156.08658,20.64534],[-156.08659,20.64548],[-156.08638,20.64579],[-156.08594,20.64623],[-156.08521,20.64633],[-156.08453,20.64696],[-156.08426,20.64771],[-156.08414,20.64783],[-156.08379,20.64798],[-156.0829,20.64808],[-156.08268,20.64816],[-156.08197,20.64862],[-156.08131,20.64928],[-156.08079,20.65013],[-156.0799,20.65071],[-156.07874,20.6511],[-156.07803,20.65116],[-156.07772,20.6511],[-156.07744,20.65088],[-156.07719,20.65091],[-156.07702,20.65074],[-156.07659,20.65063],[-156.0755,20.65012],[-156.07515,20.64992],[-156.07453,20.64969],[-156.07427,20.64946],[-156.07405,20.649],[-156.07362,20.64886],[-156.07321,20.64809],[-156.07293,20.64787],[-156.07267,20.64787],[-156.0722,20.648],[-156.07212,20.64776],[-156.07159,20.64756],[-156.07159,20.6474],[-156.0714,20.64723],[-156.07092,20.64747],[-156.07045,20.64733],[-156.07019,20.64714],[-156.06994,20.64686],[-156.06966,20.6472],[-156.06949,20.64722],[-156.06911,20.64702],[-156.069,20.64714],[-156.06869,20.64708],[-156.06853,20.6465],[-156.06844,20.64652],[-156.06844,20.64699],[-156.06773,20.647],[-156.067,20.64688],[-156.06677,20.64706],[-156.06663,20.64698],[-156.06579,20.64672],[-156.06535,20.64648],[-156.06512,20.6465],[-156.06508,20.64664],[-156.06471,20.64655],[-156.06464,20.64625],[-156.06433,20.64608],[-156.06421,20.64635],[-156.06379,20.64692],[-156.06353,20.64792],[-156.06341,20.64805],[-156.06305,20.64822],[-156.06254,20.64837],[-156.06226,20.64839],[-156.06191,20.64832],[-156.06151,20.64812],[-156.06053,20.64782],[-156.06002,20.64805],[-156.05973,20.64811],[-156.05953,20.6483],[-156.05921,20.64831],[-156.05869,20.64853],[-156.05828,20.64852],[-156.05785,20.64843],[-156.05764,20.64857],[-156.05745,20.64884],[-156.05727,20.64893],[-156.05699,20.64866],[-156.05659,20.64849],[-156.05621,20.64876],[-156.0562,20.64929],[-156.05595,20.64952],[-156.05579,20.64947],[-156.05573,20.64974],[-156.05591,20.64988],[-156.05581,20.65014],[-156.0554,20.65046],[-156.05504,20.65056],[-156.05472,20.65045],[-156.05415,20.65033],[-156.05407,20.65008],[-156.05384,20.65008],[-156.05382,20.6499],[-156.05363,20.64984],[-156.05345,20.64993],[-156.05342,20.65022],[-156.05357,20.65066],[-156.05355,20.6508],[-156.05336,20.65105],[-156.05292,20.65127],[-156.05173,20.65126],[-156.05176,20.65105],[-156.05155,20.65092],[-156.05131,20.65087],[-156.05082,20.65103],[-156.05051,20.65089],[-156.05031,20.65104],[-156.05007,20.65094],[-156.05003,20.65059],[-156.04967,20.65062],[-156.04974,20.65084],[-156.04967,20.65103],[-156.04945,20.65103],[-156.0494,20.65078],[-156.04912,20.65068],[-156.04924,20.65119],[-156.04911,20.65119],[-156.04879,20.651],[-156.04861,20.65106],[-156.04867,20.65137],[-156.04863,20.65158],[-156.04841,20.65175],[-156.04814,20.65169],[-156.04789,20.65177],[-156.04734,20.65165],[-156.04701,20.65176],[-156.04733,20.6522],[-156.04738,20.65243],[-156.04718,20.65261],[-156.04673,20.65239],[-156.04662,20.6526],[-156.04664,20.65279],[-156.04632,20.65282],[-156.046,20.65303],[-156.04585,20.65281],[-156.04571,20.6531],[-156.04545,20.65344],[-156.04552,20.65385],[-156.04589,20.65387],[-156.04633,20.65411],[-156.04633,20.65428],[-156.0467,20.65448],[-156.0467,20.65475],[-156.04639,20.65534],[-156.04631,20.6556],[-156.04663,20.6558],[-156.04675,20.65608],[-156.04675,20.65628],[-156.04656,20.65653],[-156.04632,20.65658],[-156.04651,20.65702],[-156.04667,20.65713],[-156.04708,20.65713],[-156.04718,20.65731],[-156.04733,20.6578],[-156.04729,20.65839],[-156.04708,20.65861],[-156.04661,20.65881],[-156.04624,20.65865],[-156.04579,20.65861],[-156.04562,20.65848],[-156.04545,20.65785],[-156.04461,20.65763],[-156.04373,20.65766],[-156.04349,20.6577],[-156.04379,20.65795],[-156.04434,20.65787],[-156.04485,20.658],[-156.04478,20.65813],[-156.04445,20.65816],[-156.04396,20.65809],[-156.04364,20.65814],[-156.04369,20.65839],[-156.04397,20.65844],[-156.04428,20.65861],[-156.04433,20.65892],[-156.04389,20.659],[-156.04336,20.65889],[-156.04321,20.65894],[-156.04309,20.6592],[-156.04288,20.65927],[-156.04282,20.65948],[-156.04263,20.65949],[-156.04271,20.65974],[-156.04226,20.65987],[-156.04239,20.66007],[-156.04216,20.6602],[-156.04207,20.66037],[-156.04212,20.66057],[-156.04176,20.66071],[-156.04156,20.66066],[-156.04148,20.66097],[-156.0417,20.66118],[-156.0417,20.66133],[-156.0414,20.66151],[-156.04123,20.66174],[-156.041,20.66168],[-156.0408,20.66176],[-156.04045,20.66163],[-156.04047,20.66202],[-156.041,20.66232],[-156.04121,20.66275],[-156.04108,20.66287],[-156.0411,20.66342],[-156.04086,20.66374],[-156.04106,20.66389],[-156.04106,20.66448],[-156.04113,20.66463],[-156.04111,20.66499],[-156.04087,20.66556],[-156.04084,20.66594],[-156.04084,20.66674],[-156.04068,20.66719],[-156.04015,20.66759],[-156.03975,20.66828],[-156.03938,20.6692],[-156.03922,20.66938],[-156.03883,20.66964],[-156.03824,20.6694],[-156.03782,20.66935],[-156.03776,20.66957],[-156.03732,20.66987],[-156.0373,20.67],[-156.0366,20.67021],[-156.03675,20.67064],[-156.03656,20.67085],[-156.03636,20.67082],[-156.03618,20.67053],[-156.03593,20.67053],[-156.03593,20.67069],[-156.03566,20.67087],[-156.03566,20.67106],[-156.03554,20.67128],[-156.03532,20.67148],[-156.03488,20.67225],[-156.03487,20.67239],[-156.03463,20.67253],[-156.03462,20.67289],[-156.03434,20.6733],[-156.03426,20.67352],[-156.03407,20.67375],[-156.03385,20.6738],[-156.03336,20.67365],[-156.03266,20.67417],[-156.03237,20.67425],[-156.03207,20.6745],[-156.03183,20.67458],[-156.0314,20.67504],[-156.03121,20.67533],[-156.03104,20.67572],[-156.03062,20.67576],[-156.03042,20.67586],[-156.0301,20.67626],[-156.03006,20.67669],[-156.03015,20.6768],[-156.03006,20.67703],[-156.02978,20.67723],[-156.02947,20.67716],[-156.02947,20.67735],[-156.02924,20.67747],[-156.02884,20.67781],[-156.02872,20.67767],[-156.02833,20.67807],[-156.02812,20.67807],[-156.02779,20.6782],[-156.02751,20.67812],[-156.02739,20.67849],[-156.02791,20.67876],[-156.02802,20.67897],[-156.02803,20.67921],[-156.02776,20.6793],[-156.0276,20.67953],[-156.02741,20.67963],[-156.02672,20.68016],[-156.02648,20.6804],[-156.02604,20.68037],[-156.02589,20.68045],[-156.02558,20.68079],[-156.02503,20.68074],[-156.02489,20.68062],[-156.0246,20.68069],[-156.0244,20.6809],[-156.02422,20.68096],[-156.02389,20.68095],[-156.02369,20.68107],[-156.02322,20.68102],[-156.02303,20.68077],[-156.02306,20.68053],[-156.02292,20.68035],[-156.02272,20.68039],[-156.02248,20.68029],[-156.0221,20.68025],[-156.02188,20.68045],[-156.02166,20.68053],[-156.02154,20.68071],[-156.02131,20.68065],[-156.02091,20.68096],[-156.02064,20.68094],[-156.02051,20.68111],[-156.02053,20.68135],[-156.02015,20.6816],[-156.02006,20.68177],[-156.02008,20.68223],[-156.0198,20.68205],[-156.01964,20.6821],[-156.01945,20.68235],[-156.0189,20.68255],[-156.01874,20.6827],[-156.01871,20.68288],[-156.01827,20.6833],[-156.01769,20.68362],[-156.01681,20.68381],[-156.01609,20.68347],[-156.01585,20.68302],[-156.01537,20.68263],[-156.0152,20.68261],[-156.01489,20.68281],[-156.01445,20.68287],[-156.01395,20.68267],[-156.01359,20.68232],[-156.01314,20.68201],[-156.0128,20.68212],[-156.01262,20.68238],[-156.01252,20.68279],[-156.01225,20.68238],[-156.01181,20.68233],[-156.0115,20.68273],[-156.0115,20.68296],[-156.01127,20.68306],[-156.01113,20.68333],[-156.01066,20.6837],[-156.01059,20.68417],[-156.01017,20.68398],[-156.00981,20.68436],[-156.0095,20.68438],[-156.00898,20.68462],[-156.00893,20.68484],[-156.00869,20.68485],[-156.00839,20.68508],[-156.00838,20.68529],[-156.00886,20.68568],[-156.00863,20.68601],[-156.00844,20.68592],[-156.00818,20.68606],[-156.00795,20.6864],[-156.00763,20.68662],[-156.00727,20.68675],[-156.00714,20.68688],[-156.00744,20.68708],[-156.00744,20.68748],[-156.00718,20.68741],[-156.00711,20.68761],[-156.00677,20.68753],[-156.00645,20.68759],[-156.00629,20.68744],[-156.00624,20.68784],[-156.00603,20.68799],[-156.00574,20.68794],[-156.00559,20.68811],[-156.00538,20.68816],[-156.00536,20.68846],[-156.00547,20.68877],[-156.00545,20.68904],[-156.00533,20.68918],[-156.00509,20.68915],[-156.00483,20.68903],[-156.00462,20.68923],[-156.00441,20.68975],[-156.00415,20.68983],[-156.00432,20.6901],[-156.00434,20.69031],[-156.00413,20.69063],[-156.00427,20.69096],[-156.00417,20.69118],[-156.00369,20.69137],[-156.00326,20.69145],[-156.00321,20.69174],[-156.00292,20.69202],[-156.00287,20.69179],[-156.00268,20.69191],[-156.00272,20.69222],[-156.00192,20.69259],[-156.00166,20.69263],[-156.00169,20.69299],[-156.00194,20.69327],[-156.00176,20.69349],[-156.00139,20.69335],[-156.00115,20.69355],[-156.00118,20.69429],[-156.00076,20.69459],[-156.00056,20.69464],[-156.00013,20.69457],[-155.99978,20.69468],[-155.99945,20.69492],[-155.99915,20.69502],[-155.99868,20.69495],[-155.99844,20.6948],[-155.99816,20.69487],[-155.99815,20.69509],[-155.99845,20.69519],[-155.99821,20.69534],[-155.99825,20.69554],[-155.99857,20.69582],[-155.99841,20.69628],[-155.9985,20.69652],[-155.9988,20.69666],[-155.9989,20.69689],[-155.99883,20.69722],[-155.99857,20.69732],[-155.99845,20.69752],[-155.99844,20.69803],[-155.99863,20.69847],[-155.9986,20.69886],[-155.99831,20.69897],[-155.99799,20.69887],[-155.99783,20.69901],[-155.99806,20.69929],[-155.9982,20.69933],[-155.99839,20.69965],[-155.99809,20.69977],[-155.99739,20.69969],[-155.9972,20.69985],[-155.99686,20.70001],[-155.99679,20.70018],[-155.99721,20.70019],[-155.99729,20.70035],[-155.99715,20.7006],[-155.99712,20.70092],[-155.99717,20.70124],[-155.99741,20.70157],[-155.99726,20.70168],[-155.99705,20.70205],[-155.99678,20.70215],[-155.9968,20.70251],[-155.99663,20.70274],[-155.99612,20.7028],[-155.99602,20.70295],[-155.9956,20.70337],[-155.99542,20.70345],[-155.9949,20.70334],[-155.99472,20.7034],[-155.99403,20.70339],[-155.99404,20.70354],[-155.99456,20.70362],[-155.99416,20.70405],[-155.99406,20.70424],[-155.99372,20.70417],[-155.99326,20.70442],[-155.99348,20.70462],[-155.99362,20.7046],[-155.99385,20.70485],[-155.99369,20.70495],[-155.99377,20.70523],[-155.99258,20.7063],[-155.99268,20.70647],[-155.99262,20.70675],[-155.99227,20.70665],[-155.99221,20.7063],[-155.99197,20.70618],[-155.99167,20.70618],[-155.99132,20.70637],[-155.99109,20.70634],[-155.99097,20.70654],[-155.99136,20.70707],[-155.99111,20.70748],[-155.99124,20.70779],[-155.99119,20.70806],[-155.99108,20.7081],[-155.98939,20.70791],[-155.98917,20.70804],[-155.98889,20.70795],[-155.98857,20.70772],[-155.98828,20.70775],[-155.98828,20.70805],[-155.98845,20.70818],[-155.9884,20.70836],[-155.9882,20.70839],[-155.98825,20.70865],[-155.98801,20.709],[-155.98786,20.70906],[-155.98783,20.70936],[-155.98799,20.70936],[-155.9881,20.7096],[-155.98841,20.70966],[-155.98844,20.71],[-155.98868,20.71026],[-155.98867,20.7107],[-155.98844,20.71091],[-155.9883,20.71116],[-155.98809,20.71129],[-155.9882,20.71157],[-155.98826,20.71208],[-155.98849,20.71245],[-155.98844,20.71286],[-155.98862,20.71294],[-155.98847,20.71337],[-155.98842,20.71374],[-155.98827,20.71419],[-155.98828,20.71449],[-155.98847,20.71501],[-155.98852,20.71575],[-155.98829,20.71613],[-155.98802,20.71635],[-155.98764,20.71643],[-155.98764,20.71659],[-155.98781,20.71703],[-155.9877,20.71749],[-155.98814,20.71758],[-155.98808,20.71792],[-155.98781,20.71811],[-155.98761,20.71814],[-155.98494,20.71918],[-155.98448,20.71949],[-155.98459,20.7198],[-155.98454,20.72011],[-155.98432,20.72053],[-155.98456,20.72112],[-155.98454,20.72164],[-155.98447,20.72175],[-155.98393,20.72174],[-155.98394,20.72203],[-155.98415,20.72225],[-155.98422,20.72252],[-155.98457,20.7231],[-155.98458,20.72318],[-155.98401,20.72335],[-155.98374,20.72365],[-155.98412,20.7238],[-155.9843,20.72419],[-155.98432,20.72486],[-155.98425,20.72574],[-155.98412,20.72617],[-155.98374,20.72642],[-155.98315,20.72616],[-155.98293,20.72635],[-155.98322,20.72715],[-155.98371,20.72744],[-155.9838,20.7277],[-155.98417,20.72804],[-155.98452,20.72803],[-155.98486,20.72822],[-155.98537,20.7283],[-155.98569,20.72858],[-155.98583,20.72883],[-155.98599,20.72935],[-155.98577,20.72952],[-155.98564,20.72981],[-155.98564,20.73015],[-155.98593,20.73052],[-155.98577,20.73074],[-155.98603,20.73086],[-155.98606,20.73123],[-155.986,20.73157],[-155.98578,20.73143],[-155.98577,20.7317],[-155.98598,20.73178],[-155.9859,20.73207],[-155.986,20.73249],[-155.98593,20.73266],[-155.98556,20.73289],[-155.98544,20.73274],[-155.98514,20.73276],[-155.98479,20.73272],[-155.98474,20.73289],[-155.98438,20.73311],[-155.98406,20.73319],[-155.98407,20.73389],[-155.98387,20.73414],[-155.98352,20.73407],[-155.98369,20.73431],[-155.98369,20.73452],[-155.98382,20.7347],[-155.98417,20.735],[-155.98418,20.73518],[-155.98384,20.73542],[-155.984,20.73573],[-155.98418,20.73592],[-155.98409,20.73616],[-155.98385,20.73626],[-155.98376,20.73649],[-155.98353,20.73667],[-155.9832,20.73704],[-155.98346,20.73709],[-155.98355,20.73739],[-155.98348,20.73751],[-155.98349,20.73788],[-155.9834,20.73804],[-155.98335,20.73843],[-155.98349,20.73876],[-155.98324,20.73876],[-155.98302,20.73864],[-155.9828,20.7388],[-155.98312,20.73887],[-155.98295,20.73939],[-155.98274,20.73959],[-155.98286,20.73984],[-155.98271,20.74023],[-155.98242,20.74028],[-155.9824,20.74059],[-155.98264,20.74079],[-155.98267,20.74129],[-155.98282,20.74153],[-155.983,20.74164],[-155.98285,20.74181],[-155.98336,20.74207],[-155.98318,20.74283],[-155.98302,20.74299],[-155.98318,20.74319],[-155.98348,20.7433],[-155.98358,20.74344],[-155.98364,20.74411],[-155.98349,20.74422],[-155.98366,20.74449],[-155.98374,20.745],[-155.98358,20.74515],[-155.98327,20.74522],[-155.9833,20.74542],[-155.98315,20.74556],[-155.98316,20.74601],[-155.98305,20.74609],[-155.98273,20.74612],[-155.98281,20.74629],[-155.98305,20.74644],[-155.98315,20.74663],[-155.98319,20.74698],[-155.98302,20.74726],[-155.98309,20.74737],[-155.98305,20.7478],[-155.98336,20.74831],[-155.98336,20.74846],[-155.98319,20.74858],[-155.98292,20.74899],[-155.98277,20.74907],[-155.98264,20.74951],[-155.9827,20.74977],[-155.98282,20.74984],[-155.98285,20.75008],[-155.98316,20.75009],[-155.9833,20.75053],[-155.9834,20.75069],[-155.98333,20.75085],[-155.98303,20.75093],[-155.98313,20.75112],[-155.98276,20.7517],[-155.98259,20.75185],[-155.98236,20.75175],[-155.98219,20.75195],[-155.98136,20.75191],[-155.98127,20.75213],[-155.98131,20.75237],[-155.98168,20.75261],[-155.98151,20.75299],[-155.98131,20.75317],[-155.9808,20.7531],[-155.98054,20.753],[-155.98021,20.75302],[-155.98009,20.75295],[-155.97927,20.7531],[-155.97925,20.75383],[-155.97935,20.75399],[-155.9793,20.75435],[-155.9794,20.75475],[-155.97939,20.75503],[-155.97965,20.75534],[-155.97909,20.75586],[-155.97917,20.75598],[-155.9794,20.75577],[-155.97973,20.75576],[-155.97985,20.75583],[-155.97975,20.75627],[-155.98007,20.75645],[-155.98033,20.75643],[-155.98046,20.75628],[-155.9809,20.75619],[-155.98108,20.75588],[-155.98135,20.75595],[-155.9816,20.75575],[-155.9819,20.75588],[-155.98212,20.75578],[-155.98212,20.75535],[-155.98226,20.75525],[-155.98284,20.75517],[-155.98358,20.75519],[-155.98402,20.75537],[-155.98436,20.75572],[-155.98441,20.75592],[-155.98408,20.75606],[-155.98442,20.75616],[-155.98445,20.75633],[-155.98471,20.75637],[-155.98457,20.7566],[-155.9848,20.75675],[-155.98479,20.75699],[-155.98535,20.75734],[-155.98552,20.75759],[-155.9855,20.75778],[-155.98529,20.75784],[-155.98519,20.75827],[-155.98551,20.75831],[-155.98577,20.75823],[-155.9858,20.75852],[-155.98608,20.75886],[-155.98615,20.75903],[-155.98637,20.7592],[-155.9863,20.75939],[-155.98646,20.75946],[-155.98656,20.75975],[-155.98685,20.75964],[-155.9869,20.75975],[-155.9868,20.7605],[-155.98643,20.76125],[-155.98632,20.76138],[-155.98612,20.76187],[-155.98575,20.7622],[-155.9855,20.76217],[-155.98555,20.76239],[-155.9854,20.76267],[-155.98501,20.76283],[-155.98448,20.76279],[-155.98441,20.76308],[-155.98425,20.76324],[-155.98385,20.76344],[-155.98341,20.76335],[-155.98326,20.76362],[-155.98296,20.76365],[-155.98286,20.76338],[-155.98251,20.76318],[-155.98226,20.76355],[-155.98199,20.76405],[-155.98162,20.76418],[-155.98151,20.76404],[-155.98154,20.76376],[-155.98143,20.76372],[-155.98103,20.76387],[-155.98081,20.76385],[-155.98064,20.7637],[-155.98035,20.76393],[-155.98013,20.76393],[-155.98013,20.76421],[-155.98,20.76443],[-155.97951,20.76464],[-155.97951,20.76508],[-155.97943,20.76536],[-155.97958,20.76543],[-155.97964,20.76572],[-155.97981,20.76591],[-155.97999,20.76589],[-155.98034,20.76606],[-155.98048,20.76596],[-155.98056,20.76568],[-155.98084,20.76577],[-155.98132,20.76559],[-155.98178,20.76563],[-155.98267,20.76591],[-155.98335,20.76623],[-155.98382,20.76656],[-155.98415,20.76693],[-155.98438,20.76742],[-155.98443,20.76771],[-155.98437,20.76796],[-155.98441,20.76859],[-155.9846,20.76911],[-155.98492,20.76969],[-155.98509,20.77015],[-155.98506,20.77035],[-155.9852,20.77064],[-155.98516,20.77083],[-155.98529,20.77112],[-155.98513,20.77141],[-155.98519,20.77166],[-155.98509,20.77186],[-155.98509,20.7721],[-155.98518,20.77235],[-155.98516,20.77291],[-155.98492,20.77301],[-155.98512,20.77323],[-155.98512,20.77355],[-155.98546,20.77364],[-155.98588,20.77415],[-155.98617,20.77442],[-155.98638,20.77449],[-155.98624,20.77481],[-155.98654,20.77493],[-155.98628,20.77517],[-155.98661,20.77532],[-155.98668,20.77544],[-155.98748,20.77595],[-155.98839,20.77661],[-155.98881,20.77712],[-155.98882,20.77742],[-155.98948,20.7776],[-155.98973,20.77782],[-155.99022,20.77803],[-155.99078,20.77853],[-155.99111,20.77871],[-155.99145,20.77905],[-155.99165,20.77944],[-155.99178,20.77957],[-155.99191,20.78004],[-155.99235,20.78047],[-155.9926,20.7808],[-155.99277,20.78114],[-155.99285,20.78148],[-155.99296,20.78159],[-155.99314,20.78218],[-155.99342,20.78231],[-155.99337,20.78257],[-155.99349,20.78261],[-155.99372,20.78231],[-155.99406,20.78221],[-155.9943,20.78239],[-155.99478,20.78259],[-155.99478,20.78283],[-155.99513,20.7828],[-155.9953,20.78292],[-155.9953,20.78317],[-155.99581,20.78353],[-155.99597,20.78377],[-155.99626,20.78386],[-155.99634,20.78371],[-155.99656,20.78379],[-155.99697,20.78443],[-155.99693,20.78469],[-155.99672,20.78482],[-155.99675,20.78507],[-155.99688,20.78516],[-155.99679,20.78541],[-155.99695,20.78556],[-155.99707,20.78531],[-155.9974,20.78539],[-155.99752,20.78523],[-155.998,20.78532],[-155.99807,20.78546],[-155.99812,20.78586],[-155.99826,20.7858],[-155.99825,20.78558],[-155.99837,20.78543],[-155.99858,20.78539],[-155.99857,20.78567],[-155.99869,20.78589],[-155.99913,20.78591],[-155.99926,20.78568],[-155.99957,20.78586],[-155.99965,20.78605],[-156.00023,20.78595],[-156.00043,20.78605],[-156.0009,20.78645],[-156.00096,20.78673],[-156.00078,20.7869],[-156.00077,20.78715],[-156.00106,20.78723],[-156.00111,20.78739],[-156.00088,20.78765],[-156.00097,20.7878],[-156.00127,20.78782],[-156.00144,20.78797],[-156.00126,20.78818],[-156.00139,20.78828],[-156.00174,20.7879],[-156.00199,20.78793],[-156.00223,20.7878],[-156.00244,20.78749],[-156.00265,20.78754],[-156.00281,20.78777],[-156.00294,20.78779],[-156.00296,20.78812],[-156.00321,20.78805],[-156.0034,20.78825],[-156.0035,20.78857],[-156.00325,20.78901],[-156.00281,20.7893],[-156.00258,20.78914],[-156.0024,20.78925],[-156.00217,20.78925],[-156.00201,20.7895],[-156.00171,20.78957],[-156.00181,20.78981],[-156.00212,20.79012],[-156.00199,20.79043],[-156.00164,20.79016],[-156.00122,20.79015],[-156.00102,20.79036],[-156.00085,20.79082],[-156.00036,20.79112],[-156.0002,20.79137],[-156.00041,20.7915],[-156.00057,20.79143],[-156.00084,20.79161],[-156.00081,20.79189],[-156.00064,20.79192],[-156.00078,20.79237],[-156.00105,20.79233],[-156.00119,20.79262],[-156.00137,20.79276],[-156.00161,20.79272],[-156.00201,20.79277],[-156.00202,20.79303],[-156.00246,20.79309],[-156.00274,20.79337],[-156.00272,20.79367],[-156.00302,20.79369],[-156.00331,20.79342],[-156.00357,20.79352],[-156.00362,20.7938],[-156.00391,20.79358],[-156.00454,20.79384],[-156.00514,20.7938],[-156.00547,20.79369],[-156.00557,20.7938],[-156.00599,20.79404],[-156.00659,20.79465],[-156.00698,20.79483],[-156.00687,20.79496],[-156.00689,20.79523],[-156.00734,20.79535],[-156.00731,20.79558],[-156.00767,20.79583],[-156.00778,20.79614],[-156.00816,20.79622],[-156.00809,20.79638],[-156.00821,20.79669],[-156.00841,20.79693],[-156.00902,20.79704],[-156.00976,20.79681],[-156.00993,20.79738],[-156.01013,20.79747],[-156.01033,20.79743],[-156.01032,20.79725],[-156.01051,20.79716],[-156.01078,20.79722],[-156.01122,20.79712],[-156.01151,20.7968],[-156.01185,20.79682],[-156.01202,20.79704],[-156.01212,20.79677],[-156.01247,20.79671],[-156.01283,20.79686],[-156.01316,20.79683],[-156.01344,20.79691],[-156.01414,20.79697],[-156.0141,20.79719],[-156.01431,20.79725],[-156.01459,20.79712],[-156.01471,20.79736],[-156.01495,20.7975],[-156.01563,20.79756],[-156.01612,20.79769],[-156.01644,20.79791],[-156.01778,20.79831],[-156.01825,20.79893],[-156.01883,20.79943],[-156.01952,20.79962],[-156.01995,20.80004],[-156.02039,20.80036],[-156.02092,20.8006],[-156.02096,20.80079],[-156.02132,20.80093],[-156.02173,20.80119],[-156.02223,20.80162],[-156.02266,20.80176],[-156.02338,20.80188],[-156.02363,20.80195],[-156.02475,20.80249],[-156.02496,20.80265],[-156.02535,20.80279],[-156.02639,20.8033],[-156.02748,20.80367],[-156.02794,20.80376],[-156.02842,20.80407],[-156.02899,20.80437],[-156.03022,20.80477],[-156.03115,20.80502],[-156.0316,20.8051],[-156.03252,20.80516],[-156.03341,20.80512],[-156.03384,20.80531],[-156.03446,20.80538],[-156.03541,20.80561],[-156.03614,20.80557],[-156.03675,20.80593],[-156.03735,20.8062],[-156.03757,20.80636],[-156.03796,20.8068],[-156.03837,20.8068],[-156.03871,20.80701],[-156.03903,20.8068],[-156.03961,20.80649],[-156.03967,20.80635],[-156.03972,20.80564],[-156.03982,20.80537],[-156.04016,20.8052],[-156.04038,20.80501],[-156.04078,20.80516],[-156.04098,20.80505],[-156.0414,20.80498],[-156.04179,20.80501],[-156.04205,20.80516],[-156.04207,20.80528],[-156.0424,20.80536],[-156.0425,20.80524],[-156.04339,20.80516],[-156.04433,20.80542],[-156.04461,20.80554],[-156.0448,20.80586],[-156.04499,20.806],[-156.04497,20.80624],[-156.04514,20.80625],[-156.04552,20.80652],[-156.04571,20.8068],[-156.04625,20.80684],[-156.04635,20.80709],[-156.04662,20.80748],[-156.04687,20.80741],[-156.04711,20.80711],[-156.0479,20.80735],[-156.04802,20.80792],[-156.0483,20.80762],[-156.0484,20.80817],[-156.04889,20.8085],[-156.04906,20.80816],[-156.04929,20.80803],[-156.04932,20.80781],[-156.04946,20.80766],[-156.04976,20.80758],[-156.04992,20.80724],[-156.04989,20.80706],[-156.0501,20.80685],[-156.0505,20.80688],[-156.05107,20.80675],[-156.05119,20.8065],[-156.05146,20.80662],[-156.052,20.80665],[-156.05297,20.80681],[-156.05299,20.80722],[-156.05335,20.80744],[-156.05343,20.80766],[-156.05373,20.8077],[-156.05396,20.80785],[-156.05409,20.80816],[-156.05428,20.80844],[-156.05436,20.80817],[-156.05459,20.80797],[-156.0547,20.80773],[-156.05449,20.80751],[-156.05448,20.80737],[-156.05476,20.80716],[-156.05512,20.8071],[-156.05525,20.80698],[-156.05566,20.80698],[-156.05656,20.80714],[-156.05711,20.80737],[-156.05754,20.80778],[-156.05775,20.80825],[-156.05811,20.80853],[-156.05857,20.80914],[-156.05915,20.80929],[-156.0593,20.8094],[-156.05936,20.80966],[-156.0596,20.80989],[-156.05962,20.811],[-156.05985,20.81093],[-156.06012,20.81096],[-156.06019,20.8111],[-156.06071,20.81119],[-156.061,20.81108],[-156.06133,20.81112],[-156.06147,20.81141],[-156.06148,20.81179],[-156.06159,20.81213],[-156.06181,20.81225],[-156.06206,20.81221],[-156.06226,20.81205],[-156.06311,20.81198],[-156.06372,20.81223],[-156.06388,20.81277],[-156.06418,20.81327],[-156.06423,20.81348],[-156.06442,20.8137],[-156.06445,20.81392],[-156.06428,20.8142],[-156.06399,20.8143],[-156.06405,20.81443],[-156.0643,20.81437],[-156.06489,20.81471],[-156.06511,20.815],[-156.06533,20.81552],[-156.06533,20.81577],[-156.06505,20.81607],[-156.0652,20.81628],[-156.06545,20.81604],[-156.06561,20.81601],[-156.06586,20.81615],[-156.06648,20.81628],[-156.06693,20.81647],[-156.0678,20.81675],[-156.06812,20.81708],[-156.06856,20.81725],[-156.06868,20.81737],[-156.06878,20.81765],[-156.0687,20.8179],[-156.06829,20.81841],[-156.06834,20.81864],[-156.06894,20.81849],[-156.0692,20.81851],[-156.06956,20.81831],[-156.06972,20.81816],[-156.06994,20.81813],[-156.07037,20.81823],[-156.07082,20.8186],[-156.07104,20.81859],[-156.07169,20.81876],[-156.07196,20.81879],[-156.07196,20.81901],[-156.07227,20.81903],[-156.07242,20.81886],[-156.07281,20.81882],[-156.07308,20.81891],[-156.07342,20.81914],[-156.07384,20.81965],[-156.07398,20.81988],[-156.07377,20.82022],[-156.07387,20.82026],[-156.07423,20.82017],[-156.07461,20.82028],[-156.07496,20.82065],[-156.07564,20.82104],[-156.0759,20.82129],[-156.07618,20.82141],[-156.07644,20.82189],[-156.07643,20.82217],[-156.07684,20.82266],[-156.07712,20.8226],[-156.07743,20.82223],[-156.07767,20.82207],[-156.07811,20.82204],[-156.07867,20.82224],[-156.07894,20.82255],[-156.07891,20.82293],[-156.07908,20.82303],[-156.07899,20.82323],[-156.07907,20.8234],[-156.07893,20.82351],[-156.07942,20.82372],[-156.07954,20.82349],[-156.08008,20.82361],[-156.08043,20.824],[-156.08075,20.82457],[-156.08106,20.82467],[-156.08139,20.82516],[-156.08154,20.82558],[-156.08173,20.82554],[-156.08166,20.8253],[-156.08174,20.82519],[-156.082,20.82514],[-156.08219,20.82541],[-156.08242,20.82538],[-156.08258,20.82511],[-156.08278,20.82494],[-156.083,20.82512],[-156.08336,20.82529],[-156.0841,20.82601],[-156.08425,20.8263],[-156.08459,20.82644],[-156.08458,20.8268],[-156.08427,20.82718],[-156.08427,20.82739],[-156.08443,20.82767],[-156.08496,20.82795],[-156.08526,20.82758],[-156.0854,20.82759],[-156.08572,20.82782],[-156.08642,20.82802],[-156.08661,20.82813],[-156.08733,20.8284],[-156.08759,20.82869],[-156.08793,20.82876],[-156.08822,20.82859],[-156.08809,20.82833],[-156.08843,20.82838],[-156.08871,20.82821],[-156.08883,20.82775],[-156.08933,20.82751],[-156.08948,20.82737],[-156.08983,20.82732],[-156.09049,20.8274],[-156.09083,20.8275],[-156.09102,20.82709],[-156.09125,20.82698],[-156.09164,20.8271],[-156.09189,20.82744],[-156.09188,20.82778],[-156.09205,20.82795],[-156.09216,20.82836],[-156.0923,20.82851],[-156.09265,20.82859],[-156.09273,20.82848],[-156.0927,20.82819],[-156.09259,20.82797],[-156.09264,20.82771],[-156.09289,20.82765],[-156.09309,20.82771],[-156.09311,20.82803],[-156.09346,20.82801],[-156.09366,20.82775],[-156.09397,20.82725],[-156.09427,20.82732],[-156.0951,20.82727],[-156.09524,20.82692],[-156.09492,20.82659],[-156.09486,20.82623],[-156.09497,20.82596],[-156.09522,20.82578],[-156.09573,20.82561],[-156.09718,20.8252],[-156.09769,20.82516],[-156.09847,20.82517],[-156.0989,20.82504],[-156.10007,20.82504],[-156.10052,20.8251],[-156.10107,20.82512],[-156.10155,20.82535],[-156.10238,20.82542],[-156.10348,20.82548],[-156.1041,20.82536],[-156.10444,20.8252],[-156.10472,20.82493],[-156.10497,20.82455],[-156.10553,20.82396],[-156.10631,20.82348],[-156.10663,20.82316],[-156.1069,20.82311],[-156.10714,20.82343],[-156.10778,20.82393],[-156.108,20.8243],[-156.10843,20.82456],[-156.10892,20.82467],[-156.10932,20.82492],[-156.11001,20.82506],[-156.11059,20.82503],[-156.11138,20.82495],[-156.11156,20.82489],[-156.11335,20.82566],[-156.11459,20.82634],[-156.11486,20.82663],[-156.115,20.82646],[-156.11523,20.82636],[-156.11534,20.82662],[-156.11564,20.8268],[-156.11564,20.82702],[-156.1159,20.82735],[-156.11591,20.82769],[-156.11575,20.82803],[-156.11561,20.82853],[-156.1154,20.82909],[-156.11523,20.82982],[-156.1153,20.83043],[-156.11558,20.83101],[-156.11575,20.83123],[-156.11638,20.83182],[-156.11686,20.83207],[-156.11791,20.83243],[-156.11822,20.83272],[-156.11826,20.83301],[-156.11816,20.8333],[-156.11818,20.83354],[-156.11844,20.83389],[-156.11908,20.83425],[-156.11931,20.83432],[-156.11947,20.83448],[-156.11963,20.83506],[-156.1199,20.83557],[-156.12049,20.83619],[-156.12059,20.83647],[-156.12066,20.83688],[-156.12067,20.83756],[-156.12076,20.83802],[-156.12121,20.83794],[-156.1214,20.83806],[-156.1214,20.83837],[-156.12167,20.83871],[-156.12191,20.83838],[-156.12229,20.83856],[-156.12586,20.83959],[-156.12597,20.83991],[-156.12641,20.84012],[-156.1274,20.84275],[-156.12695,20.84356],[-156.12681,20.84402],[-156.1268,20.84425],[-156.12697,20.84468],[-156.1273,20.84507],[-156.12747,20.84565],[-156.12744,20.84626],[-156.12761,20.84664],[-156.12794,20.84757],[-156.12829,20.84822],[-156.12861,20.8484],[-156.12866,20.84853],[-156.12843,20.84877],[-156.1285,20.8496],[-156.12858,20.85009],[-156.1286,20.8511],[-156.12867,20.85148],[-156.12875,20.85224],[-156.12906,20.85321],[-156.1293,20.85367],[-156.12936,20.85397],[-156.12921,20.85424],[-156.12882,20.85442],[-156.1287,20.85473],[-156.12895,20.8547],[-156.12932,20.85479],[-156.12981,20.85503],[-156.13005,20.85501],[-156.13068,20.85513],[-156.1311,20.85537],[-156.13174,20.85563],[-156.13196,20.85594],[-156.13187,20.85632],[-156.1316,20.8568],[-156.13162,20.85709],[-156.13135,20.85715],[-156.13111,20.85728],[-156.13087,20.85753],[-156.13066,20.85764],[-156.13051,20.85784],[-156.13014,20.85817],[-156.13015,20.85827],[-156.13053,20.85833],[-156.13099,20.85806],[-156.13127,20.85777],[-156.13135,20.8578],[-156.13143,20.85819],[-156.13135,20.85869],[-156.13145,20.85901],[-156.13189,20.85881],[-156.13277,20.85795],[-156.13321,20.8576],[-156.13341,20.8576],[-156.13355,20.85773],[-156.13342,20.85822],[-156.13359,20.85826],[-156.13407,20.85792],[-156.13424,20.85791],[-156.13445,20.85818],[-156.13473,20.85836],[-156.13515,20.8584],[-156.13575,20.85836],[-156.13615,20.85827],[-156.13702,20.85821],[-156.13775,20.85807],[-156.13791,20.85807],[-156.13808,20.85822],[-156.13831,20.85816],[-156.13837,20.85833],[-156.13879,20.8579],[-156.13899,20.85806],[-156.13957,20.85815],[-156.14058,20.85804],[-156.14148,20.85783],[-156.14208,20.85774],[-156.14344,20.85778],[-156.1439,20.8579],[-156.14428,20.85815],[-156.14438,20.85831],[-156.14435,20.8586],[-156.14399,20.85904],[-156.14391,20.85944],[-156.14411,20.85967],[-156.14359,20.8599],[-156.1434,20.86028],[-156.14357,20.86068],[-156.14325,20.86081],[-156.14325,20.8611],[-156.14305,20.86178],[-156.14352,20.86198],[-156.14371,20.86236],[-156.14369,20.86258],[-156.14299,20.86276],[-156.14282,20.86306],[-156.14288,20.8633],[-156.14362,20.86337],[-156.14346,20.86416],[-156.14385,20.86496],[-156.14433,20.8648],[-156.14459,20.86459],[-156.1449,20.8645],[-156.14513,20.86461],[-156.14572,20.86538],[-156.14575,20.86557],[-156.14594,20.86581],[-156.14625,20.86587],[-156.14668,20.86528],[-156.1473,20.8651],[-156.14753,20.86486],[-156.14753,20.86469],[-156.14729,20.86392],[-156.14739,20.86382],[-156.14796,20.86377],[-156.14812,20.86361],[-156.14814,20.86279],[-156.14791,20.86252],[-156.14799,20.86223],[-156.14825,20.86202],[-156.14822,20.86164],[-156.14839,20.86134],[-156.14865,20.86123],[-156.14895,20.86136],[-156.14928,20.86133],[-156.1498,20.86105],[-156.15066,20.86027],[-156.151,20.86009],[-156.15183,20.85992],[-156.1522,20.85967],[-156.15269,20.85955],[-156.15296,20.85957],[-156.1532,20.85945],[-156.15404,20.85923],[-156.1549,20.85905],[-156.1557,20.85884],[-156.15615,20.85887],[-156.15664,20.85867],[-156.15694,20.85873],[-156.1575,20.85906],[-156.15786,20.85917],[-156.15816,20.85971],[-156.15812,20.86034],[-156.1579,20.86057],[-156.15793,20.86087],[-156.15814,20.86126],[-156.15796,20.8615],[-156.15813,20.86161],[-156.15823,20.86204],[-156.15844,20.86204],[-156.15845,20.86158],[-156.15878,20.86164],[-156.15979,20.86204],[-156.16005,20.8621],[-156.16055,20.86208],[-156.16062,20.86214],[-156.16078,20.86265],[-156.16095,20.86287],[-156.16122,20.86296],[-156.16129,20.86316],[-156.16154,20.86334],[-156.16179,20.86341],[-156.16218,20.86311],[-156.16237,20.86311],[-156.16296,20.86328],[-156.16306,20.86343],[-156.16306,20.86374],[-156.16341,20.86361],[-156.16361,20.86317],[-156.16379,20.86246],[-156.16409,20.86215],[-156.16417,20.86199],[-156.1643,20.86141],[-156.16456,20.86105],[-156.16489,20.86106],[-156.16539,20.86056],[-156.16558,20.86053],[-156.16636,20.86079],[-156.16677,20.86081],[-156.16694,20.86064],[-156.16701,20.86012],[-156.16723,20.8611],[-156.16696,20.8612],[-156.16706,20.86151],[-156.16678,20.8616],[-156.16685,20.86243],[-156.16673,20.86273],[-156.16655,20.8629],[-156.16677,20.8633],[-156.16693,20.8638],[-156.16696,20.86455],[-156.16689,20.86576],[-156.16672,20.86641],[-156.16667,20.86707],[-156.16667,20.86756],[-156.16675,20.86849],[-156.16694,20.86891],[-156.16694,20.86931],[-156.16717,20.8699],[-156.1673,20.87041],[-156.16772,20.8713],[-156.168,20.87157],[-156.16808,20.87196],[-156.16857,20.87222],[-156.16885,20.8725],[-156.16985,20.87312],[-156.17016,20.87367],[-156.17031,20.87375],[-156.17083,20.87374],[-156.17154,20.87404],[-156.17186,20.87393],[-156.17207,20.87415],[-156.17211,20.8744],[-156.17244,20.8744],[-156.17275,20.87421],[-156.17336,20.87378],[-156.17408,20.87346],[-156.17443,20.87336],[-156.17456,20.87347],[-156.17449,20.87438],[-156.17486,20.87523],[-156.17517,20.87562],[-156.17536,20.876],[-156.17579,20.87647],[-156.17603,20.87661],[-156.17639,20.87664],[-156.17691,20.87709],[-156.17716,20.87726],[-156.17775,20.87753],[-156.17802,20.87761],[-156.17838,20.87755],[-156.17874,20.87777],[-156.17922,20.87822],[-156.17998,20.8789],[-156.18036,20.87914],[-156.18075,20.87904],[-156.18096,20.8793],[-156.18197,20.8798],[-156.18231,20.88003],[-156.1823,20.88019],[-156.18252,20.88039],[-156.18267,20.88075],[-156.18305,20.88108],[-156.18311,20.88132],[-156.18347,20.88151],[-156.18353,20.88173],[-156.18413,20.88242],[-156.18454,20.8827],[-156.18495,20.88286],[-156.1854,20.88333],[-156.186,20.88413],[-156.1866,20.88452],[-156.18676,20.8848],[-156.18695,20.88479],[-156.18803,20.88535],[-156.18847,20.8858],[-156.18923,20.88642],[-156.19018,20.88692],[-156.19038,20.88709],[-156.19051,20.88741],[-156.19113,20.88763],[-156.19151,20.88794],[-156.19181,20.88835],[-156.1927,20.88936],[-156.193,20.89022],[-156.19271,20.89041],[-156.19238,20.89077],[-156.19226,20.89125],[-156.19194,20.89139],[-156.19186,20.89169],[-156.19215,20.89168],[-156.19316,20.89256],[-156.19394,20.89319],[-156.19436,20.89334],[-156.19443,20.89346],[-156.19409,20.8942],[-156.19424,20.89416],[-156.19424,20.89451],[-156.19433,20.8946],[-156.19474,20.89462],[-156.19477,20.89427],[-156.195,20.89367],[-156.19529,20.89337],[-156.19561,20.89322],[-156.1958,20.89335],[-156.19566,20.89356],[-156.19557,20.89388],[-156.19565,20.89418],[-156.1958,20.89425],[-156.19601,20.89407],[-156.1964,20.89419],[-156.19686,20.89461],[-156.19722,20.89479],[-156.19775,20.89486],[-156.19825,20.89482],[-156.19865,20.8952],[-156.19873,20.89544],[-156.19924,20.89579],[-156.19926,20.89611],[-156.19936,20.89633],[-156.19975,20.89667],[-156.20032,20.89683],[-156.20054,20.89714],[-156.20137,20.89718],[-156.20155,20.89743],[-156.20179,20.8976],[-156.20204,20.89755],[-156.20282,20.89772],[-156.20357,20.89798],[-156.20365,20.89817],[-156.20384,20.8982],[-156.20453,20.89882],[-156.20477,20.89884],[-156.20493,20.89906],[-156.20486,20.89925],[-156.20488,20.89962],[-156.20499,20.89991],[-156.20542,20.90068],[-156.20559,20.90082],[-156.20606,20.90107],[-156.20749,20.90195],[-156.20834,20.90265],[-156.20882,20.9029],[-156.20944,20.90306],[-156.20976,20.90304],[-156.20999,20.90295],[-156.21021,20.90275],[-156.21052,20.90275],[-156.21059,20.90298],[-156.21079,20.90304],[-156.21077,20.90274],[-156.21086,20.90264],[-156.2113,20.90272],[-156.21164,20.90313],[-156.21195,20.90324],[-156.21207,20.90353],[-156.21248,20.90361],[-156.21226,20.9043],[-156.21214,20.90448],[-156.21187,20.9047],[-156.21188,20.9049],[-156.21219,20.90489],[-156.21228,20.90511],[-156.21408,20.90693],[-156.21409,20.90719],[-156.21391,20.90718],[-156.21385,20.90744],[-156.21364,20.90746],[-156.21375,20.90816],[-156.21405,20.90862],[-156.2144,20.90907],[-156.21446,20.90953],[-156.21437,20.90983],[-156.21434,20.91131],[-156.2143,20.91149],[-156.21411,20.91157],[-156.2143,20.91237],[-156.21422,20.91269],[-156.21434,20.91312],[-156.21451,20.91328],[-156.21496,20.91339],[-156.21597,20.91368],[-156.21694,20.91385],[-156.2171,20.91404],[-156.2171,20.91454],[-156.21718,20.91499],[-156.21755,20.91499],[-156.21771,20.91481],[-156.21803,20.91483],[-156.21805,20.91502],[-156.21873,20.91498],[-156.21938,20.91526],[-156.21965,20.9153],[-156.22037,20.91525],[-156.22092,20.91508],[-156.22135,20.91516],[-156.22153,20.91514],[-156.222,20.91487],[-156.22224,20.91484],[-156.22266,20.9149],[-156.22297,20.91488],[-156.22286,20.91548],[-156.22662,20.91883],[-156.2265,20.91904],[-156.22621,20.91932],[-156.22609,20.91956],[-156.2262,20.91985],[-156.22619,20.92004],[-156.22586,20.92076],[-156.22586,20.92091],[-156.22608,20.92123],[-156.22669,20.92116],[-156.22688,20.92092],[-156.22705,20.92098],[-156.22717,20.92162],[-156.22731,20.9219],[-156.22716,20.92202],[-156.22725,20.92303],[-156.22736,20.9239],[-156.2278,20.9244],[-156.22798,20.92473],[-156.22794,20.92521],[-156.22807,20.92546],[-156.22806,20.92597],[-156.22787,20.92607],[-156.22781,20.92645],[-156.22801,20.92638],[-156.22821,20.92646],[-156.2283,20.92717],[-156.22809,20.92725],[-156.2278,20.92718],[-156.22733,20.92822],[-156.22738,20.92864],[-156.22765,20.92861],[-156.22765,20.9289],[-156.22789,20.92898],[-156.22816,20.9289],[-156.22832,20.92863],[-156.22832,20.92824],[-156.22824,20.92789],[-156.22832,20.9278],[-156.229,20.92802],[-156.22919,20.92779],[-156.22943,20.92773],[-156.22995,20.92802],[-156.23009,20.92817],[-156.22985,20.92828],[-156.23013,20.92862],[-156.2305,20.92836],[-156.23089,20.92847],[-156.23105,20.92878],[-156.23144,20.92857],[-156.23154,20.92835],[-156.23163,20.92788],[-156.23182,20.92777],[-156.23218,20.92773],[-156.23233,20.92794],[-156.23257,20.92811],[-156.23267,20.92828],[-156.2327,20.92865],[-156.23312,20.92909],[-156.23326,20.92855],[-156.2334,20.92845],[-156.23379,20.92861],[-156.23456,20.92883],[-156.23464,20.92898],[-156.23445,20.92942],[-156.23451,20.9298],[-156.23472,20.9298],[-156.23474,20.93023],[-156.23488,20.93015],[-156.23515,20.92959],[-156.23558,20.92971],[-156.2357,20.92982],[-156.23564,20.93015],[-156.23567,20.93047],[-156.23585,20.9307],[-156.23607,20.93082],[-156.23607,20.93111],[-156.23599,20.93164],[-156.236,20.93186],[-156.23887,20.93478],[-156.23914,20.93508],[-156.23914,20.93525],[-156.23934,20.9353],[-156.23945,20.93488],[-156.23958,20.93474],[-156.23993,20.93472],[-156.2401,20.93497],[-156.24037,20.93481],[-156.24061,20.93492],[-156.24056,20.9353],[-156.24094,20.93561],[-156.24115,20.93558],[-156.24135,20.93544],[-156.24147,20.93521],[-156.24173,20.93501],[-156.24197,20.93495],[-156.24229,20.93501],[-156.24262,20.93523],[-156.24301,20.93533],[-156.24312,20.93558],[-156.24355,20.93544],[-156.24358,20.93564],[-156.24391,20.93545],[-156.24413,20.93522],[-156.24434,20.93526],[-156.24456,20.93551],[-156.24456,20.93589],[-156.24487,20.93581],[-156.24512,20.93554],[-156.24539,20.93571],[-156.24567,20.93578],[-156.24585,20.93602],[-156.24618,20.93598],[-156.24728,20.93633],[-156.24768,20.93658],[-156.24779,20.93674],[-156.2478,20.93723],[-156.248,20.93739],[-156.24794,20.93761],[-156.24809,20.93765],[-156.2485,20.9375],[-156.24864,20.93737],[-156.2487,20.937],[-156.24902,20.93654],[-156.24941,20.93629],[-156.24988,20.93622],[-156.25003,20.93628],[-156.25034,20.9362],[-156.25066,20.9363],[-156.25127,20.93682],[-156.25167,20.93688],[-156.252,20.93709],[-156.25235,20.93716],[-156.25244,20.93735],[-156.25229,20.93758],[-156.25245,20.93795],[-156.25271,20.93722],[-156.25262,20.93706],[-156.25282,20.93687],[-156.25302,20.93607],[-156.25302,20.9358],[-156.25314,20.93558],[-156.25313,20.93526],[-156.25328,20.93496],[-156.25368,20.9344],[-156.25387,20.93376],[-156.254,20.9335],[-156.2543,20.93331],[-156.25477,20.93321],[-156.25612,20.93316],[-156.25641,20.93301],[-156.25623,20.9335],[-156.25628,20.93375],[-156.25691,20.93434],[-156.2572,20.93452],[-156.25746,20.93483],[-156.25752,20.93524],[-156.25772,20.9352],[-156.25798,20.93528],[-156.25802,20.93545],[-156.25798,20.93585],[-156.25839,20.9356],[-156.25864,20.93657],[-156.2589,20.93645],[-156.2589,20.93621],[-156.25956,20.93631],[-156.25977,20.93643],[-156.25986,20.93671],[-156.26007,20.93689],[-156.26045,20.9371],[-156.26024,20.93723],[-156.26027,20.9378],[-156.26047,20.93779],[-156.26055,20.93747],[-156.26091,20.93753],[-156.26143,20.93801],[-156.26149,20.93841],[-156.26181,20.93878],[-156.26207,20.93873],[-156.26241,20.9391],[-156.26245,20.93956],[-156.26262,20.93954],[-156.26269,20.93927],[-156.26307,20.9387],[-156.26328,20.93803],[-156.26357,20.93803],[-156.26433,20.93786],[-156.2645,20.93772],[-156.26517,20.93746],[-156.26535,20.93754],[-156.26538,20.93798],[-156.26567,20.93772],[-156.26587,20.93739],[-156.2661,20.93688],[-156.26618,20.9365],[-156.26648,20.93598],[-156.26705,20.93566],[-156.26735,20.93532],[-156.26761,20.93528],[-156.26801,20.93537],[-156.26859,20.93514],[-156.26869,20.93503],[-156.2689,20.93461],[-156.26976,20.93444],[-156.26995,20.93421],[-156.27029,20.9342],[-156.27095,20.9344],[-156.27121,20.93464],[-156.27144,20.93468],[-156.27191,20.93457],[-156.27226,20.93415],[-156.27253,20.93433],[-156.27356,20.93464],[-156.27426,20.93497],[-156.27439,20.93512],[-156.2745,20.93552],[-156.27522,20.93635],[-156.2755,20.93679],[-156.27542,20.93711],[-156.27562,20.93715],[-156.27571,20.93731],[-156.27577,20.93779],[-156.27603,20.93834],[-156.27605,20.9386],[-156.2762,20.93917],[-156.27632,20.93945],[-156.27661,20.93987],[-156.27676,20.94034],[-156.27702,20.94052],[-156.27721,20.94087],[-156.27747,20.941],[-156.27744,20.94119],[-156.2776,20.94132],[-156.27792,20.94142],[-156.27855,20.9417],[-156.27864,20.94179],[-156.27875,20.9422],[-156.27893,20.94257],[-156.27884,20.94284],[-156.27898,20.94289],[-156.27916,20.94326],[-156.27923,20.94356],[-156.27999,20.94366],[-156.28021,20.94377],[-156.28078,20.94429],[-156.28102,20.94458],[-156.28143,20.94519],[-156.28178,20.94555],[-156.28264,20.94564],[-156.28294,20.94558],[-156.28311,20.94541],[-156.2831,20.94503],[-156.2834,20.94473],[-156.2841,20.94443],[-156.28432,20.94444],[-156.28461,20.94435],[-156.28491,20.94413],[-156.2854,20.94418],[-156.28569,20.94415],[-156.28584,20.9443],[-156.28614,20.94431],[-156.28632,20.94421],[-156.28662,20.9442],[-156.2871,20.94395],[-156.28735,20.94398],[-156.28754,20.9439],[-156.28768,20.94355],[-156.28784,20.94332],[-156.28804,20.94322],[-156.28894,20.94309],[-156.28963,20.94276],[-156.29007,20.94269],[-156.29048,20.94283],[-156.29103,20.94279],[-156.29213,20.94232],[-156.29247,20.94183],[-156.29288,20.94153],[-156.29309,20.94148],[-156.29353,20.94167],[-156.29361,20.94184],[-156.29399,20.94182],[-156.29472,20.94207],[-156.2952,20.94236],[-156.2956,20.94275],[-156.29622,20.943],[-156.29623,20.94273],[-156.29654,20.94233],[-156.29706,20.94213],[-156.29762,20.94214],[-156.2979,20.94195],[-156.29831,20.94126],[-156.29851,20.94101],[-156.29868,20.94094],[-156.29946,20.94088],[-156.2997,20.94092],[-156.30034,20.94126],[-156.3007,20.94126],[-156.30115,20.94136],[-156.30145,20.94121],[-156.30185,20.94112],[-156.30237,20.94109],[-156.30248,20.94091],[-156.30276,20.94066],[-156.30281,20.94045],[-156.30312,20.94015],[-156.3035,20.93985],[-156.30394,20.93964],[-156.30428,20.93955],[-156.30448,20.93934],[-156.30475,20.93939],[-156.30489,20.93962],[-156.30522,20.93972],[-156.30563,20.9396],[-156.306,20.93961],[-156.3063,20.93949],[-156.30646,20.9395],[-156.30704,20.93975],[-156.30771,20.93998],[-156.30807,20.94015],[-156.30846,20.94041],[-156.30904,20.94071],[-156.30951,20.94108],[-156.3098,20.94117],[-156.31044,20.9416],[-156.31119,20.94177],[-156.31146,20.94216],[-156.31183,20.94244],[-156.31195,20.94265],[-156.31223,20.94284],[-156.31255,20.94341],[-156.31264,20.94365],[-156.31369,20.94389],[-156.3143,20.94428],[-156.31437,20.94456],[-156.31462,20.9448],[-156.31463,20.94496],[-156.31488,20.94514],[-156.31499,20.94504],[-156.31499,20.94468],[-156.31528,20.94437],[-156.31549,20.94444],[-156.31563,20.94491],[-156.31581,20.94485],[-156.31589,20.94447],[-156.31601,20.94427],[-156.31622,20.94422],[-156.31662,20.94427],[-156.31684,20.94415],[-156.31706,20.94416],[-156.31703,20.94449],[-156.31719,20.94457],[-156.31738,20.94405],[-156.31719,20.94384],[-156.31726,20.94345],[-156.3175,20.94311],[-156.31751,20.94246],[-156.3179,20.94226],[-156.31853,20.94231],[-156.31888,20.94255],[-156.31918,20.94294],[-156.31932,20.94324],[-156.31921,20.94362],[-156.31891,20.94407],[-156.31892,20.9445],[-156.31919,20.94438],[-156.31929,20.94409],[-156.31956,20.94412],[-156.31952,20.9449],[-156.3197,20.94532],[-156.32007,20.94553],[-156.32031,20.94556],[-156.32045,20.94579],[-156.32075,20.94608],[-156.32109,20.94659],[-156.32114,20.94681],[-156.32131,20.94702],[-156.32167,20.94726],[-156.32176,20.9471],[-156.32139,20.94685],[-156.32115,20.94659],[-156.32123,20.94636],[-156.3215,20.94631],[-156.3219,20.94637],[-156.32236,20.94636],[-156.32269,20.94649],[-156.32275,20.94618],[-156.32259,20.94592],[-156.3224,20.94587],[-156.32251,20.94559],[-156.32283,20.94544],[-156.32303,20.94557],[-156.32323,20.94555],[-156.32327,20.94538],[-156.3238,20.94508],[-156.32415,20.94476],[-156.32426,20.94456],[-156.32458,20.94426],[-156.32487,20.94382],[-156.32514,20.94352],[-156.32558,20.94329],[-156.32611,20.94332],[-156.3263,20.94339],[-156.32646,20.94376],[-156.32666,20.94398],[-156.32695,20.94385],[-156.32706,20.94405],[-156.32696,20.94435],[-156.32772,20.94418],[-156.32822,20.94425],[-156.32873,20.94408],[-156.32884,20.94418],[-156.32869,20.94465],[-156.32896,20.9451],[-156.32918,20.9452],[-156.32931,20.94507],[-156.32962,20.94455],[-156.32956,20.94442],[-156.3297,20.94411],[-156.32962,20.9438],[-156.32976,20.94347],[-156.33044,20.94286],[-156.33069,20.94259],[-156.33129,20.94235],[-156.3319,20.94226],[-156.33218,20.94236],[-156.3329,20.94276],[-156.33305,20.94292],[-156.33333,20.94299],[-156.33345,20.94263],[-156.33337,20.94233],[-156.33348,20.94211],[-156.33377,20.94175],[-156.33374,20.94109],[-156.33366,20.94057],[-156.33373,20.94045],[-156.33415,20.94005],[-156.33463,20.93974],[-156.33511,20.93949],[-156.33554,20.93933],[-156.33613,20.9389],[-156.3367,20.93865],[-156.33724,20.93851],[-156.33752,20.9385],[-156.33893,20.93866],[-156.33936,20.93867],[-156.33951,20.93852],[-156.33954,20.93824],[-156.34065,20.93802],[-156.34178,20.93786],[-156.34224,20.93821],[-156.34276,20.9384],[-156.34337,20.93846],[-156.34355,20.93838],[-156.34436,20.93841],[-156.34481,20.9383],[-156.34506,20.93813],[-156.34543,20.93801],[-156.34592,20.93802],[-156.34644,20.93784],[-156.34706,20.93785],[-156.34792,20.93822],[-156.34837,20.93824],[-156.34872,20.93807],[-156.3493,20.93855],[-156.34978,20.93875],[-156.3498,20.93787],[-156.35034,20.93721],[-156.35039,20.93679],[-156.35054,20.9366],[-156.35089,20.93638],[-156.35172,20.93608],[-156.35205,20.93581],[-156.35227,20.93576],[-156.35265,20.93578],[-156.35324,20.93624],[-156.35367,20.93647],[-156.35408,20.93643],[-156.35437,20.93628],[-156.35477,20.93631],[-156.35523,20.93624],[-156.35542,20.93633],[-156.35558,20.93625],[-156.35561,20.93576],[-156.35593,20.93514],[-156.35571,20.93484],[-156.35582,20.93448],[-156.35605,20.93427],[-156.35644,20.93403],[-156.35725,20.93363],[-156.35806,20.93339],[-156.35846,20.9333],[-156.35893,20.93339],[-156.35924,20.93335],[-156.35997,20.93352],[-156.36033,20.93339],[-156.36063,20.93335],[-156.36095,20.93312],[-156.36126,20.93274],[-156.36149,20.93261],[-156.36159,20.93215],[-156.36185,20.93186],[-156.36246,20.93151],[-156.36299,20.93136],[-156.36414,20.93082],[-156.36465,20.93071],[-156.3651,20.93051],[-156.36563,20.93016],[-156.366,20.92983],[-156.36641,20.92971],[-156.36666,20.92971],[-156.36751,20.92941],[-156.36798,20.92944],[-156.36825,20.92951],[-156.36845,20.92984],[-156.36864,20.92996],[-156.36891,20.92953],[-156.36956,20.92925],[-156.36968,20.92913],[-156.37025,20.92918],[-156.37051,20.92898],[-156.37057,20.92866],[-156.37044,20.92821],[-156.37045,20.92781],[-156.37019,20.92681],[-156.3699,20.92649],[-156.36981,20.92632],[-156.36984,20.92605],[-156.37005,20.92571],[-156.37027,20.92556],[-156.37096,20.92549],[-156.37112,20.92518],[-156.37118,20.92473],[-156.37134,20.92442],[-156.37125,20.92403],[-156.37134,20.92389],[-156.37178,20.9238],[-156.37204,20.9239],[-156.37231,20.92375],[-156.37279,20.92324],[-156.37302,20.92291],[-156.37328,20.92274],[-156.37418,20.92253],[-156.37453,20.92238],[-156.37494,20.92242],[-156.3752,20.92251],[-156.3755,20.92286],[-156.37575,20.92302],[-156.37604,20.92301],[-156.37625,20.92291],[-156.37698,20.92204],[-156.37733,20.92202],[-156.37794,20.9219],[-156.3781,20.92171],[-156.37811,20.92128],[-156.37794,20.92081],[-156.37802,20.92038],[-156.37816,20.92013],[-156.37874,20.91978],[-156.37929,20.91958],[-156.37968,20.9195],[-156.38008,20.91954],[-156.38029,20.91966],[-156.3806,20.91997],[-156.38087,20.91983],[-156.38107,20.91942],[-156.38132,20.91913],[-156.38142,20.91891],[-156.38142,20.91867],[-156.38122,20.9183],[-156.38122,20.91798],[-156.3813,20.91748],[-156.38176,20.91709],[-156.38199,20.91684],[-156.3824,20.91679],[-156.38272,20.91657],[-156.38304,20.91626],[-156.38341,20.91609],[-156.38402,20.91588],[-156.38483,20.91575],[-156.3851,20.91567],[-156.38565,20.91561],[-156.38649,20.91571],[-156.38697,20.91582],[-156.38728,20.91579],[-156.38889,20.91549],[-156.38992,20.91563],[-156.3902,20.91556],[-156.39062,20.91536],[-156.39156,20.91535],[-156.39231,20.9155],[-156.39267,20.91544],[-156.39329,20.91506],[-156.39508,20.91371],[-156.39622,20.91327],[-156.39723,20.91308],[-156.39804,20.91306],[-156.39887,20.91316],[-156.40008,20.91292],[-156.40033,20.91292],[-156.40077,20.91281],[-156.40137,20.91274],[-156.40154,20.91284],[-156.40144,20.91309],[-156.40089,20.91342],[-156.40096,20.91355],[-156.40155,20.91348],[-156.4026,20.91309],[-156.40306,20.91306],[-156.40352,20.91326],[-156.40422,20.91311],[-156.40447,20.91313],[-156.40497,20.91239],[-156.40532,20.91212],[-156.40565,20.912],[-156.40587,20.91167],[-156.4062,20.91155],[-156.40651,20.91134],[-156.40671,20.91134],[-156.40722,20.91109],[-156.4079,20.91113],[-156.40828,20.91097],[-156.4084,20.91059],[-156.4086,20.91022],[-156.40886,20.90998],[-156.40927,20.90979],[-156.40982,20.90962],[-156.41031,20.90984],[-156.41059,20.90983],[-156.41087,20.9097],[-156.41118,20.90942],[-156.41136,20.9088],[-156.41162,20.90856],[-156.41246,20.90806],[-156.41339,20.90807],[-156.4142,20.90852],[-156.41445,20.90869],[-156.41463,20.90864],[-156.41538,20.90828],[-156.41608,20.908],[-156.41658,20.90791],[-156.41743,20.90791],[-156.41826,20.90809],[-156.41856,20.90822],[-156.41883,20.90825],[-156.41946,20.90815],[-156.41972,20.90827],[-156.42026,20.90867],[-156.42103,20.90944],[-156.42149,20.91012],[-156.42174,20.91032],[-156.42252,20.91037],[-156.42297,20.91044],[-156.4234,20.91027],[-156.42484,20.90988],[-156.42532,20.9098],[-156.42594,20.9094],[-156.42677,20.90893],[-156.42756,20.90876],[-156.42811,20.90837],[-156.42957,20.90739],[-156.43028,20.90688],[-156.43124,20.90633],[-156.43156,20.90575],[-156.43186,20.9054],[-156.43219,20.90509],[-156.4324,20.90482],[-156.43282,20.90442],[-156.43313,20.90429],[-156.4333,20.90408],[-156.43396,20.90367],[-156.4344,20.90354],[-156.43501,20.9034],[-156.4358,20.90331],[-156.43658,20.90317],[-156.43689,20.90333],[-156.43716,20.90336],[-156.43736,20.90293],[-156.43786,20.9025],[-156.43807,20.90221],[-156.43867,20.90189],[-156.43898,20.90167],[-156.43967,20.9013],[-156.44049,20.90077],[-156.44061,20.90058],[-156.44137,20.90016],[-156.44252,20.8997],[-156.44321,20.89953],[-156.44397,20.89946],[-156.44479,20.89923],[-156.44521,20.89916],[-156.4455,20.89922],[-156.44582,20.8994],[-156.44635,20.89926],[-156.4467,20.89922],[-156.44723,20.8989],[-156.44766,20.89848],[-156.44743,20.8981],[-156.44771,20.8978],[-156.44844,20.89742],[-156.4493,20.89718],[-156.45089,20.89691],[-156.45149,20.89674],[-156.45192,20.89686],[-156.45346,20.89674],[-156.45393,20.89677],[-156.45459,20.8969],[-156.45709,20.89729],[-156.45778,20.89731],[-156.45839,20.89745],[-156.45895,20.89754],[-156.45933,20.8975],[-156.45966,20.89742],[-156.46036,20.89715],[-156.46068,20.89741],[-156.46084,20.89711],[-156.46126,20.89707],[-156.46173,20.8972],[-156.4626,20.89716],[-156.46298,20.89729],[-156.46355,20.89784],[-156.46404,20.89795],[-156.46605,20.89805],[-156.46635,20.89827],[-156.46649,20.89851],[-156.46674,20.89863],[-156.46703,20.89866],[-156.46797,20.89865],[-156.47127,20.90058],[-156.47151,20.90074],[-156.47173,20.90066],[-156.47153,20.90039],[-156.47086,20.90015],[-156.4691,20.8991],[-156.46896,20.89871],[-156.46877,20.89866],[-156.46894,20.8984],[-156.46831,20.89802],[-156.46507,20.89615],[-156.46512,20.89538],[-156.46537,20.8953],[-156.4662,20.89412],[-156.46838,20.89547],[-156.46911,20.89501],[-156.46756,20.89409],[-156.46858,20.89291],[-156.46927,20.89229],[-156.4706,20.89164],[-156.47193,20.8913],[-156.47337,20.89109],[-156.47351,20.89115],[-156.47504,20.89219],[-156.47602,20.8929],[-156.47727,20.89384],[-156.47788,20.89438],[-156.4787,20.89569],[-156.47871,20.89585],[-156.47853,20.89608],[-156.47786,20.89634],[-156.4772,20.89668],[-156.47555,20.8996],[-156.47429,20.90009],[-156.47401,20.90003],[-156.47389,20.90011],[-156.47391,20.90037],[-156.47424,20.90039],[-156.47434,20.90026],[-156.47966,20.89815],[-156.4803,20.89911],[-156.48052,20.89955],[-156.48067,20.90035],[-156.48084,20.90098],[-156.4807,20.90195],[-156.48073,20.9025],[-156.48102,20.90347],[-156.48108,20.90391],[-156.48108,20.90443],[-156.48119,20.90519],[-156.48131,20.90547],[-156.4817,20.90599],[-156.48199,20.90628],[-156.48239,20.90684],[-156.48288,20.90796],[-156.48335,20.90887],[-156.48358,20.90921],[-156.48416,20.9099],[-156.48442,20.91034],[-156.48474,20.91024],[-156.48488,20.91031],[-156.48474,20.91062],[-156.48489,20.91073],[-156.48523,20.91066],[-156.48537,20.91091],[-156.48552,20.91084],[-156.48605,20.91014],[-156.4863,20.91001],[-156.48692,20.90991],[-156.48791,20.91013],[-156.48882,20.91064],[-156.48917,20.91096],[-156.4896,20.91153],[-156.49039,20.91271],[-156.49098,20.91384],[-156.49119,20.91411],[-156.49152,20.91474],[-156.49177,20.91537],[-156.49189,20.91588],[-156.49191,20.91624],[-156.49188,20.91664],[-156.49161,20.91756],[-156.49133,20.91802],[-156.49134,20.91814],[-156.49162,20.91852],[-156.49201,20.91877],[-156.49217,20.91926],[-156.49226,20.91999],[-156.49229,20.92133],[-156.49242,20.92203],[-156.49251,20.9228],[-156.49264,20.92341],[-156.49292,20.92422],[-156.49301,20.92478],[-156.49314,20.92497],[-156.49356,20.92587],[-156.49377,20.92619],[-156.49423,20.92649],[-156.49451,20.92681],[-156.4946,20.92702],[-156.49524,20.92764],[-156.49544,20.92789],[-156.49577,20.92864],[-156.49608,20.92963],[-156.49626,20.93043],[-156.49642,20.93087],[-156.49664,20.93125],[-156.49694,20.93156],[-156.49747,20.932],[-156.49814,20.93234],[-156.49894,20.93248],[-156.50044,20.93323],[-156.50122,20.93351],[-156.50249,20.9339],[-156.50348,20.93422],[-156.50424,20.93442],[-156.50484,20.93464],[-156.50508,20.93479],[-156.50629,20.93582],[-156.50683,20.93635],[-156.50726,20.93685],[-156.50769,20.93755],[-156.50775,20.93834],[-156.5078,20.93845],[-156.50772,20.9389],[-156.50777,20.93976],[-156.50868,20.9407],[-156.5088,20.94097],[-156.50868,20.94219],[-156.50849,20.94268],[-156.50836,20.94332],[-156.50847,20.9439],[-156.50864,20.94415],[-156.50876,20.94448],[-156.5088,20.94496],[-156.50865,20.94541],[-156.5087,20.94615],[-156.50862,20.94687],[-156.50844,20.94738],[-156.50873,20.94777],[-156.50869,20.94802],[-156.50922,20.94811],[-156.51009,20.94839],[-156.51061,20.94863],[-156.51137,20.94914],[-156.51157,20.9494],[-156.51177,20.95008],[-156.51202,20.95028],[-156.51416,20.95105],[-156.51427,20.95136],[-156.51445,20.95144],[-156.51515,20.95129],[-156.51586,20.95157],[-156.51599,20.95182],[-156.51598,20.95211],[-156.51587,20.95236],[-156.51549,20.95256],[-156.51477,20.95276],[-156.51475,20.95302],[-156.51492,20.95325],[-156.51571,20.95305],[-156.51613,20.95326],[-156.51613,20.95361],[-156.51598,20.95397],[-156.51608,20.95406],[-156.51607,20.9545],[-156.51567,20.95485],[-156.51624,20.95479],[-156.51629,20.95494],[-156.51656,20.95512],[-156.51712,20.95536],[-156.51683,20.95584],[-156.51707,20.95586],[-156.51744,20.95603],[-156.51765,20.9567],[-156.51776,20.95692],[-156.51741,20.95704],[-156.51741,20.95719],[-156.51791,20.9573],[-156.5182,20.95756],[-156.51901,20.95798],[-156.51906,20.95806],[-156.51956,20.95824],[-156.51966,20.95833],[-156.51979,20.95882],[-156.51972,20.95916],[-156.51927,20.95958],[-156.51916,20.95979],[-156.51933,20.95984],[-156.51929,20.96006],[-156.51942,20.96016],[-156.51939,20.96035],[-156.52013,20.96048],[-156.52054,20.96072],[-156.52085,20.9612],[-156.52116,20.9616],[-156.52093,20.96177],[-156.52101,20.96193],[-156.52133,20.96185],[-156.52153,20.96187],[-156.52185,20.96216],[-156.52262,20.96262],[-156.52311,20.96279],[-156.52364,20.96302],[-156.52419,20.96336],[-156.52463,20.9638],[-156.52516,20.96426],[-156.52551,20.96488],[-156.52539,20.96523],[-156.52516,20.96546],[-156.52528,20.96583],[-156.5253,20.96625],[-156.5251,20.96642],[-156.5251,20.96668],[-156.5253,20.96677],[-156.52553,20.96699],[-156.52601,20.96824],[-156.52629,20.96904],[-156.52644,20.9694],[-156.52643,20.96986],[-156.52647,20.97024],[-156.52669,20.97063],[-156.52673,20.9711],[-156.52684,20.9715],[-156.52673,20.97175],[-156.52651,20.97187],[-156.52641,20.97215],[-156.52587,20.97233],[-156.52556,20.97261],[-156.52589,20.97289],[-156.52617,20.97289],[-156.52643,20.97276],[-156.52652,20.97327],[-156.52673,20.9736],[-156.52656,20.97373],[-156.52687,20.97403],[-156.52692,20.97476],[-156.52678,20.97496],[-156.52687,20.97531],[-156.52651,20.97557],[-156.52621,20.97586],[-156.52615,20.97604],[-156.52623,20.97712],[-156.52597,20.97746],[-156.52555,20.97763],[-156.52504,20.97751],[-156.52464,20.97752],[-156.52431,20.97782],[-156.52412,20.9781],[-156.52401,20.97854],[-156.52427,20.97896],[-156.52466,20.97925],[-156.52544,20.97947],[-156.5258,20.97949],[-156.52614,20.97958],[-156.52647,20.97953],[-156.52678,20.97968],[-156.52692,20.98007],[-156.52709,20.98021],[-156.52699,20.98055],[-156.52685,20.98077],[-156.52643,20.98083],[-156.52639,20.98056],[-156.52598,20.98056],[-156.52563,20.98076],[-156.52542,20.98099],[-156.52501,20.98108],[-156.52522,20.98161],[-156.52548,20.9813],[-156.52577,20.98132],[-156.526,20.98112],[-156.52631,20.98108],[-156.52654,20.98131],[-156.52669,20.98157],[-156.52674,20.98193],[-156.52659,20.98213],[-156.52628,20.98221],[-156.52638,20.98237],[-156.52681,20.9825],[-156.52689,20.9827],[-156.5267,20.98304],[-156.52637,20.98323],[-156.52621,20.98352],[-156.52651,20.98384],[-156.52664,20.98406],[-156.52645,20.9842],[-156.52593,20.98428],[-156.526,20.98454],[-156.52573,20.98502],[-156.52573,20.98517],[-156.52623,20.98562],[-156.52651,20.98556],[-156.5267,20.98542],[-156.52716,20.98567],[-156.52732,20.9857],[-156.52766,20.98547],[-156.52792,20.9852],[-156.52834,20.98513],[-156.52851,20.98522],[-156.52869,20.9851],[-156.5293,20.98458],[-156.52974,20.98451],[-156.53061,20.98469],[-156.53098,20.98464],[-156.53137,20.9845],[-156.53168,20.98447],[-156.53276,20.98458],[-156.53342,20.98458],[-156.53359,20.98482],[-156.53418,20.98465],[-156.53468,20.98477],[-156.53556,20.98481],[-156.53592,20.98517],[-156.53597,20.98545],[-156.53614,20.98553],[-156.5363,20.98576],[-156.53607,20.98608],[-156.53611,20.98631],[-156.5363,20.98625],[-156.53656,20.98594],[-156.53715,20.98587],[-156.537,20.98615],[-156.53698,20.98661],[-156.53717,20.9868],[-156.53718,20.98707],[-156.53713,20.98781],[-156.53719,20.98837],[-156.53744,20.98904],[-156.53776,20.9891],[-156.53837,20.98894],[-156.53868,20.9889],[-156.53895,20.98897],[-156.53938,20.98924],[-156.53954,20.98955],[-156.53961,20.98991],[-156.5401,20.99029],[-156.54021,20.9905],[-156.54024,20.99098],[-156.54021,20.99129],[-156.54025,20.99168],[-156.53971,20.99187],[-156.53987,20.99215],[-156.54033,20.99221],[-156.54074,20.99213],[-156.54108,20.99217],[-156.54092,20.99265],[-156.54125,20.99388],[-156.54159,20.99407],[-156.54158,20.99439],[-156.54186,20.99429],[-156.54207,20.9945],[-156.54211,20.99503],[-156.54245,20.99546],[-156.54248,20.99568],[-156.54245,20.99645],[-156.54252,20.99679],[-156.54242,20.99708],[-156.54242,20.9975],[-156.54257,20.99772],[-156.54242,20.99828],[-156.54222,20.99868],[-156.54228,20.9988],[-156.54257,20.99874],[-156.54303,20.99904],[-156.54343,20.99916],[-156.54364,20.99932],[-156.54375,20.99956],[-156.54359,20.99989],[-156.54355,21.00049],[-156.54401,21.00075],[-156.54411,21.00094],[-156.54381,21.00116],[-156.54346,21.0016],[-156.54353,21.00189],[-156.54407,21.0018],[-156.54447,21.00183],[-156.54464,21.00193],[-156.545,21.00199],[-156.54532,21.00221],[-156.54567,21.00231],[-156.54607,21.00221],[-156.54643,21.00185],[-156.54669,21.00171],[-156.54707,21.00161],[-156.5473,21.00102],[-156.5475,21.00078],[-156.54759,21.0002],[-156.54782,20.99963],[-156.54811,20.99936],[-156.5488,20.99912],[-156.54912,20.99889],[-156.54927,20.99839],[-156.54929,20.99812],[-156.55028,20.99799],[-156.55063,20.998],[-156.55095,20.99807],[-156.55115,20.99829],[-156.55136,20.99874],[-156.55177,20.99881],[-156.55218,20.99898],[-156.55261,20.99959],[-156.55268,20.99982],[-156.55261,20.99996],[-156.55278,21.00075],[-156.55287,21.00101],[-156.5531,21.00138],[-156.55314,21.00171],[-156.55329,21.00204],[-156.55357,21.00253],[-156.5536,21.00299],[-156.55417,21.00312],[-156.55429,21.00326],[-156.55429,21.00382],[-156.5545,21.00409],[-156.5542,21.00441],[-156.55426,21.00452],[-156.55464,21.00443],[-156.55476,21.00451],[-156.55463,21.00486],[-156.55442,21.00499],[-156.55432,21.00521],[-156.55473,21.00527],[-156.55501,21.00571],[-156.55548,21.00584],[-156.55547,21.006],[-156.55525,21.00615],[-156.55522,21.00633],[-156.55501,21.00658],[-156.5551,21.00687],[-156.55507,21.00723],[-156.55494,21.00741],[-156.55513,21.00772],[-156.55487,21.00785],[-156.55452,21.00825],[-156.55466,21.0084],[-156.55472,21.00864],[-156.55495,21.00863],[-156.55492,21.0089],[-156.5551,21.00897],[-156.55519,21.00881],[-156.55551,21.00865],[-156.55582,21.00893],[-156.55571,21.00918],[-156.55597,21.00955],[-156.55585,21.00977],[-156.55586,21.01014],[-156.55598,21.01025],[-156.5562,21.00995],[-156.55634,21.00988],[-156.55667,21.01],[-156.55708,21.00986],[-156.55725,21.01006],[-156.55747,21.01012],[-156.55767,21.01058],[-156.55763,21.01114],[-156.55747,21.01141],[-156.55733,21.01182],[-156.5574,21.01194],[-156.55766,21.01198],[-156.55794,21.01192],[-156.55811,21.01179],[-156.5582,21.01132],[-156.55843,21.01129],[-156.55881,21.01193],[-156.55873,21.01225],[-156.55905,21.01249],[-156.55916,21.01235],[-156.55937,21.01237],[-156.55935,21.01269],[-156.55969,21.01266],[-156.55974,21.01284],[-156.55994,21.01295],[-156.5603,21.01295],[-156.56073,21.01277],[-156.56104,21.01247],[-156.56139,21.01221],[-156.56169,21.01189],[-156.56198,21.01176],[-156.56243,21.01182],[-156.56302,21.01173],[-156.56345,21.01185],[-156.56374,21.01185],[-156.56436,21.01207],[-156.56459,21.01209],[-156.56476,21.01222],[-156.56505,21.01214],[-156.56532,21.01187],[-156.56554,21.0118],[-156.56595,21.01199],[-156.56664,21.01265],[-156.56706,21.0128],[-156.56729,21.01298],[-156.56743,21.01325],[-156.56761,21.0134],[-156.56777,21.01374],[-156.56798,21.014],[-156.56846,21.01435],[-156.56874,21.01506],[-156.56889,21.01563],[-156.569,21.0158],[-156.56984,21.01616],[-156.56996,21.01625],[-156.57056,21.01699],[-156.57127,21.01739],[-156.57195,21.01793],[-156.57239,21.01803],[-156.57298,21.018],[-156.5737,21.01774],[-156.57402,21.01771],[-156.5743,21.01755],[-156.5746,21.01752],[-156.57521,21.0177],[-156.5757,21.01772],[-156.57612,21.01759],[-156.57663,21.01758],[-156.57719,21.01744],[-156.57741,21.01723],[-156.57765,21.01679],[-156.57809,21.01686],[-156.5787,21.01686],[-156.57912,21.0168],[-156.5793,21.01682],[-156.57951,21.01669],[-156.57957,21.01651],[-156.5805,21.01663],[-156.58101,21.01683],[-156.5813,21.01712],[-156.58197,21.01744],[-156.58238,21.0178],[-156.58281,21.01828],[-156.58334,21.01849],[-156.58382,21.01887],[-156.58391,21.01907],[-156.58438,21.01936],[-156.58485,21.01982],[-156.58487,21.02024],[-156.58504,21.02061],[-156.58528,21.02048],[-156.5854,21.02059],[-156.58536,21.02083],[-156.58482,21.02115],[-156.58444,21.02124],[-156.58435,21.02132],[-156.58444,21.02167],[-156.58476,21.02145],[-156.585,21.0214],[-156.58531,21.02159],[-156.58557,21.02181],[-156.58598,21.02202],[-156.58647,21.02217],[-156.58697,21.02226],[-156.58724,21.02218],[-156.58742,21.02239],[-156.58774,21.02291],[-156.58782,21.02345],[-156.58775,21.02373],[-156.58806,21.02409],[-156.58843,21.02434],[-156.58856,21.02465],[-156.58855,21.0252],[-156.58879,21.02535],[-156.58884,21.02604],[-156.58852,21.02627],[-156.58815,21.02675],[-156.58822,21.0271],[-156.58838,21.02726],[-156.58838,21.02745],[-156.5882,21.02767],[-156.58841,21.02788],[-156.58835,21.02811],[-156.58853,21.02853],[-156.58825,21.02878],[-156.58834,21.02901],[-156.58834,21.02947],[-156.58803,21.02995],[-156.58821,21.03008],[-156.58826,21.0304],[-156.58869,21.03065],[-156.58879,21.0305],[-156.58879,21.03027],[-156.58919,21.02967],[-156.58966,21.02941],[-156.59035,21.02935],[-156.59067,21.02928],[-156.59079,21.02934],[-156.59072,21.02964],[-156.59106,21.02954],[-156.59152,21.02948],[-156.59161,21.02899],[-156.59173,21.02887],[-156.59196,21.02895],[-156.5925,21.02897],[-156.59303,21.02922],[-156.59337,21.02954],[-156.59335,21.02974],[-156.59315,21.03],[-156.59322,21.03026],[-156.59323,21.03079],[-156.5936,21.03036],[-156.59381,21.03024],[-156.5941,21.03021],[-156.59506,21.03048],[-156.59537,21.03049],[-156.59569,21.0307],[-156.59637,21.03089],[-156.59665,21.03092],[-156.59705,21.03058],[-156.59732,21.03046],[-156.59798,21.03054],[-156.59813,21.03048],[-156.59922,21.03051],[-156.59937,21.03057],[-156.60014,21.03102],[-156.60063,21.03102],[-156.60087,21.03112],[-156.60109,21.03132],[-156.60159,21.0313]]],[[[-156.57345,20.60386],[-156.57354,20.60378],[-156.57405,20.60385],[-156.57429,20.60378],[-156.57432,20.60363],[-156.5749,20.60356],[-156.57511,20.60369],[-156.57538,20.60327],[-156.57566,20.6032],[-156.57608,20.60329],[-156.57623,20.60343],[-156.5767,20.60354],[-156.5771,20.60289],[-156.5774,20.60276],[-156.57755,20.60285],[-156.57787,20.6028],[-156.57807,20.60288],[-156.57864,20.60291],[-156.57873,20.60277],[-156.57919,20.60277],[-156.5795,20.60284],[-156.58022,20.60269],[-156.5805,20.60277],[-156.58051,20.60253],[-156.58073,20.60252],[-156.58101,20.60222],[-156.58133,20.60234],[-156.58144,20.60205],[-156.58162,20.60187],[-156.58205,20.60167],[-156.58259,20.60179],[-156.58264,20.60158],[-156.5828,20.60138],[-156.58306,20.6013],[-156.5835,20.60127],[-156.58375,20.60106],[-156.58423,20.60103],[-156.58466,20.60039],[-156.58496,20.60041],[-156.58505,20.60033],[-156.58543,20.60044],[-156.58569,20.6004],[-156.58565,20.60013],[-156.58626,20.60002],[-156.5865,20.60007],[-156.58681,20.59999],[-156.58691,20.60005],[-156.58736,20.60009],[-156.58751,20.60016],[-156.58799,20.6002],[-156.58826,20.60006],[-156.5882,20.59982],[-156.58829,20.59937],[-156.58842,20.59934],[-156.58864,20.59909],[-156.58916,20.59892],[-156.58928,20.59899],[-156.58951,20.59889],[-156.58959,20.59853],[-156.58947,20.59836],[-156.5898,20.59803],[-156.5901,20.5979],[-156.59049,20.59782],[-156.59093,20.598],[-156.59099,20.59834],[-156.59124,20.59848],[-156.59139,20.59796],[-156.5918,20.5978],[-156.59208,20.5976],[-156.59249,20.5975],[-156.59276,20.59754],[-156.59334,20.59722],[-156.59348,20.59723],[-156.59376,20.597],[-156.59384,20.59679],[-156.59418,20.59672],[-156.59414,20.59623],[-156.5947,20.59608],[-156.59484,20.59597],[-156.59522,20.596],[-156.59546,20.59675],[-156.59585,20.59667],[-156.59599,20.59611],[-156.59615,20.59599],[-156.59646,20.59622],[-156.59659,20.59596],[-156.59685,20.59593],[-156.59692,20.59578],[-156.59726,20.59578],[-156.59751,20.59568],[-156.59773,20.59572],[-156.59784,20.59554],[-156.59836,20.59556],[-156.59858,20.59517],[-156.59896,20.59504],[-156.59905,20.59479],[-156.59949,20.59462],[-156.59957,20.59446],[-156.5999,20.59429],[-156.6001,20.59381],[-156.60007,20.59339],[-156.60027,20.59306],[-156.60075,20.59271],[-156.60159,20.59253],[-156.60193,20.59267],[-156.6025,20.59249],[-156.60295,20.59276],[-156.60339,20.5927],[-156.60352,20.59254],[-156.60386,20.59246],[-156.60435,20.59224],[-156.60449,20.59199],[-156.60485,20.59195],[-156.60517,20.59136],[-156.60512,20.59119],[-156.60803,20.59038],[-156.60842,20.59029],[-156.60891,20.58996],[-156.60908,20.59001],[-156.60938,20.59035],[-156.60946,20.59023],[-156.60938,20.59003],[-156.60958,20.58969],[-156.60945,20.58952],[-156.60939,20.58916],[-156.60904,20.58878],[-156.60891,20.58833],[-156.60909,20.58809],[-156.60935,20.58793],[-156.60986,20.58802],[-156.61009,20.58802],[-156.61044,20.58785],[-156.61111,20.58826],[-156.61146,20.58828],[-156.61181,20.58811],[-156.61187,20.58787],[-156.61174,20.58748],[-156.61175,20.58733],[-156.6115,20.58716],[-156.61114,20.58671],[-156.61085,20.58595],[-156.61097,20.58555],[-156.61126,20.5854],[-156.61196,20.58533],[-156.61178,20.58516],[-156.61173,20.58492],[-156.61194,20.58452],[-156.61261,20.58418],[-156.61296,20.58413],[-156.61347,20.58426],[-156.61378,20.58419],[-156.61405,20.58403],[-156.61418,20.58382],[-156.61445,20.5838],[-156.61455,20.58357],[-156.61474,20.58342],[-156.61516,20.58326],[-156.61552,20.58326],[-156.61572,20.58295],[-156.61604,20.58282],[-156.617,20.58269],[-156.61721,20.58222],[-156.61749,20.58211],[-156.61767,20.58214],[-156.6181,20.58194],[-156.61837,20.58167],[-156.61957,20.58168],[-156.61995,20.58148],[-156.62025,20.5815],[-156.62067,20.58111],[-156.621,20.58107],[-156.62111,20.5808],[-156.62142,20.58086],[-156.6213,20.58033],[-156.62152,20.58009],[-156.62179,20.57991],[-156.62234,20.58001],[-156.6225,20.57982],[-156.62304,20.57982],[-156.62328,20.57958],[-156.62351,20.57968],[-156.62372,20.57957],[-156.6238,20.57941],[-156.62397,20.57935],[-156.62391,20.57907],[-156.62413,20.57884],[-156.62406,20.57845],[-156.62423,20.578],[-156.62454,20.57758],[-156.62482,20.57745],[-156.62528,20.57756],[-156.62559,20.57734],[-156.62579,20.57746],[-156.62643,20.57743],[-156.62653,20.57715],[-156.62689,20.57692],[-156.62673,20.57666],[-156.62685,20.57629],[-156.62707,20.57602],[-156.6273,20.57587],[-156.62814,20.57606],[-156.6283,20.57564],[-156.62813,20.57538],[-156.62808,20.57517],[-156.62816,20.57492],[-156.62859,20.57448],[-156.62879,20.57433],[-156.62916,20.57419],[-156.62948,20.57428],[-156.62968,20.57385],[-156.62996,20.57372],[-156.63025,20.57367],[-156.63045,20.57348],[-156.63043,20.57324],[-156.63054,20.57302],[-156.63076,20.57303],[-156.63084,20.57268],[-156.63146,20.57237],[-156.63171,20.5723],[-156.6321,20.57239],[-156.63238,20.57253],[-156.6326,20.57237],[-156.63254,20.57207],[-156.63261,20.5717],[-156.63303,20.57122],[-156.63334,20.57103],[-156.63446,20.57057],[-156.63479,20.57067],[-156.63538,20.57111],[-156.63565,20.57116],[-156.63576,20.57136],[-156.63591,20.57136],[-156.63615,20.57058],[-156.63625,20.5704],[-156.63656,20.57024],[-156.63641,20.56988],[-156.63651,20.56952],[-156.6371,20.56917],[-156.63738,20.56919],[-156.63751,20.5693],[-156.63756,20.56955],[-156.63778,20.56974],[-156.63797,20.56965],[-156.63765,20.56918],[-156.63767,20.56875],[-156.63806,20.56862],[-156.63841,20.56884],[-156.6389,20.5689],[-156.63907,20.56878],[-156.63949,20.56826],[-156.63968,20.56783],[-156.63971,20.56707],[-156.63985,20.56673],[-156.64027,20.56649],[-156.64079,20.56641],[-156.64108,20.5666],[-156.64133,20.56702],[-156.64152,20.56712],[-156.64192,20.56711],[-156.64183,20.56684],[-156.64227,20.56659],[-156.64272,20.56652],[-156.64328,20.56636],[-156.64354,20.56597],[-156.64366,20.56588],[-156.64388,20.5654],[-156.64394,20.56518],[-156.64368,20.56441],[-156.64382,20.56425],[-156.64417,20.56428],[-156.64435,20.56395],[-156.64461,20.56381],[-156.64482,20.56378],[-156.64499,20.56361],[-156.6452,20.56354],[-156.64564,20.5635],[-156.64595,20.56311],[-156.64656,20.563],[-156.64671,20.56287],[-156.64663,20.56254],[-156.64682,20.56211],[-156.64723,20.56166],[-156.64757,20.56155],[-156.64799,20.5615],[-156.64841,20.56157],[-156.64858,20.56173],[-156.64869,20.5621],[-156.64901,20.56243],[-156.64927,20.56241],[-156.64964,20.56224],[-156.65017,20.56244],[-156.65061,20.56237],[-156.65072,20.56219],[-156.65057,20.56199],[-156.65071,20.56186],[-156.6512,20.56163],[-156.65168,20.56174],[-156.652,20.56195],[-156.65239,20.56203],[-156.65259,20.56186],[-156.65297,20.56176],[-156.65298,20.56146],[-156.65311,20.56124],[-156.65333,20.56107],[-156.65376,20.56108],[-156.65397,20.56095],[-156.6544,20.56103],[-156.65454,20.56093],[-156.65469,20.56042],[-156.6551,20.56025],[-156.65541,20.56025],[-156.65581,20.56056],[-156.65593,20.56057],[-156.65655,20.56019],[-156.65692,20.56004],[-156.65721,20.56006],[-156.65752,20.56026],[-156.65778,20.56026],[-156.6582,20.56054],[-156.65842,20.56092],[-156.65859,20.56095],[-156.65909,20.56131],[-156.65935,20.56131],[-156.65977,20.5612],[-156.65989,20.56084],[-156.65966,20.56058],[-156.65944,20.56015],[-156.65977,20.55951],[-156.66017,20.55931],[-156.66049,20.55889],[-156.66077,20.55866],[-156.66103,20.5586],[-156.66135,20.55864],[-156.66152,20.55877],[-156.66173,20.55873],[-156.66263,20.55879],[-156.66273,20.55869],[-156.6629,20.55828],[-156.66303,20.55815],[-156.66308,20.55784],[-156.66354,20.55751],[-156.66384,20.55747],[-156.66474,20.55778],[-156.66501,20.55779],[-156.66568,20.55799],[-156.66612,20.55801],[-156.66635,20.55783],[-156.66657,20.55779],[-156.66685,20.55753],[-156.66712,20.55756],[-156.66765,20.55775],[-156.66819,20.55761],[-156.6683,20.55739],[-156.66872,20.55719],[-156.66879,20.55693],[-156.66909,20.55676],[-156.66948,20.5568],[-156.66965,20.55671],[-156.66963,20.55655],[-156.66983,20.55628],[-156.67005,20.55622],[-156.67024,20.55637],[-156.67054,20.55639],[-156.67075,20.5566],[-156.67092,20.55665],[-156.67168,20.5564],[-156.67198,20.55645],[-156.67243,20.55639],[-156.67268,20.55653],[-156.6729,20.55656],[-156.67306,20.55643],[-156.67333,20.55605],[-156.67336,20.55589],[-156.67354,20.55573],[-156.67389,20.55579],[-156.67426,20.5557],[-156.67484,20.55577],[-156.67547,20.55597],[-156.67551,20.55586],[-156.67611,20.55578],[-156.6764,20.55566],[-156.6766,20.55539],[-156.67692,20.55528],[-156.677,20.55505],[-156.67746,20.55497],[-156.67789,20.55446],[-156.67786,20.55425],[-156.67769,20.55414],[-156.67764,20.55384],[-156.67713,20.55364],[-156.67707,20.5533],[-156.67686,20.55297],[-156.67691,20.55264],[-156.67656,20.55219],[-156.67618,20.55202],[-156.67623,20.55171],[-156.67676,20.55148],[-156.67699,20.5515],[-156.67731,20.55183],[-156.67746,20.55191],[-156.67792,20.55184],[-156.67814,20.55197],[-156.6784,20.55165],[-156.67875,20.55164],[-156.67861,20.55132],[-156.67869,20.551],[-156.67858,20.55071],[-156.67862,20.55037],[-156.67876,20.54996],[-156.67897,20.54988],[-156.67912,20.54955],[-156.67946,20.54933],[-156.6802,20.54944],[-156.68056,20.54942],[-156.68072,20.54914],[-156.68091,20.54905],[-156.68112,20.54844],[-156.68117,20.54808],[-156.68155,20.54782],[-156.68191,20.54781],[-156.68214,20.5477],[-156.68272,20.54792],[-156.68317,20.54776],[-156.68339,20.54778],[-156.68381,20.54755],[-156.68421,20.54707],[-156.68461,20.54692],[-156.68481,20.54665],[-156.68483,20.54644],[-156.68511,20.54618],[-156.68523,20.54579],[-156.68587,20.54531],[-156.68627,20.54528],[-156.68656,20.54504],[-156.68703,20.54485],[-156.68733,20.54444],[-156.68738,20.54415],[-156.68705,20.54384],[-156.687,20.5435],[-156.68674,20.54297],[-156.68671,20.54279],[-156.68683,20.54255],[-156.68757,20.54251],[-156.68787,20.54272],[-156.68817,20.54224],[-156.6887,20.54211],[-156.68893,20.54185],[-156.68901,20.54165],[-156.68901,20.54131],[-156.6892,20.54102],[-156.68962,20.54085],[-156.69037,20.54087],[-156.69122,20.54046],[-156.69148,20.54012],[-156.69172,20.54004],[-156.69189,20.53978],[-156.69218,20.53955],[-156.69253,20.53938],[-156.69269,20.53919],[-156.69315,20.53893],[-156.69382,20.53846],[-156.69417,20.53749],[-156.69431,20.5369],[-156.69469,20.53608],[-156.69549,20.53483],[-156.69588,20.53435],[-156.6963,20.5341],[-156.69655,20.53403],[-156.69701,20.53405],[-156.69758,20.53382],[-156.69787,20.53348],[-156.69809,20.5335],[-156.69843,20.53329],[-156.69843,20.53312],[-156.69826,20.53297],[-156.69818,20.53252],[-156.69824,20.53213],[-156.69812,20.53187],[-156.69848,20.53097],[-156.69885,20.53023],[-156.69944,20.52945],[-156.69989,20.52922],[-156.70033,20.52925],[-156.7004,20.52919],[-156.70015,20.52837],[-156.70011,20.52801],[-156.6999,20.52782],[-156.69977,20.52737],[-156.69975,20.5269],[-156.69978,20.52658],[-156.69966,20.52623],[-156.6997,20.52585],[-156.69986,20.52575],[-156.70002,20.52549],[-156.70036,20.52521],[-156.70048,20.52452],[-156.70074,20.52421],[-156.70075,20.52388],[-156.7004,20.52371],[-156.69976,20.52367],[-156.6992,20.52357],[-156.6989,20.52356],[-156.69876,20.52344],[-156.69874,20.52319],[-156.69849,20.52307],[-156.69848,20.52284],[-156.69822,20.52272],[-156.69813,20.52258],[-156.69821,20.52232],[-156.69791,20.5223],[-156.69774,20.52242],[-156.69747,20.52247],[-156.69708,20.52272],[-156.69678,20.52267],[-156.6965,20.52245],[-156.69603,20.52247],[-156.69588,20.52242],[-156.69551,20.522],[-156.69545,20.52139],[-156.69526,20.52112],[-156.69517,20.52081],[-156.69493,20.5209],[-156.6945,20.52084],[-156.69427,20.52064],[-156.69416,20.52042],[-156.6942,20.52018],[-156.69402,20.52001],[-156.69416,20.51979],[-156.69455,20.51942],[-156.69456,20.51934],[-156.69415,20.51899],[-156.69369,20.51911],[-156.69351,20.51925],[-156.69324,20.51925],[-156.69317,20.51912],[-156.69319,20.51872],[-156.69247,20.51865],[-156.69196,20.51856],[-156.69164,20.51817],[-156.69174,20.51772],[-156.69142,20.51762],[-156.69182,20.51706],[-156.69195,20.51676],[-156.69183,20.51649],[-156.69141,20.51649],[-156.69096,20.51664],[-156.6903,20.51692],[-156.68943,20.51708],[-156.68912,20.51693],[-156.6889,20.51661],[-156.68872,20.51646],[-156.68836,20.51641],[-156.68805,20.51647],[-156.68724,20.51618],[-156.68609,20.51601],[-156.68563,20.51571],[-156.68481,20.51492],[-156.68431,20.51435],[-156.68404,20.5141],[-156.6838,20.51377],[-156.68375,20.5133],[-156.68394,20.51239],[-156.68377,20.51211],[-156.6832,20.5122],[-156.68293,20.51232],[-156.68269,20.51226],[-156.68255,20.51205],[-156.68255,20.5116],[-156.68262,20.51131],[-156.68276,20.51113],[-156.68307,20.51091],[-156.68397,20.51052],[-156.68433,20.51027],[-156.68451,20.51003],[-156.68473,20.5096],[-156.68506,20.50945],[-156.68566,20.5093],[-156.68592,20.509],[-156.686,20.5088],[-156.68585,20.50843],[-156.68558,20.50817],[-156.68493,20.50764],[-156.68448,20.50733],[-156.68375,20.50675],[-156.68313,20.50652],[-156.6819,20.50629],[-156.68167,20.50615],[-156.68168,20.506],[-156.68216,20.50555],[-156.68235,20.50514],[-156.68226,20.50488],[-156.6821,20.50468],[-156.68179,20.50447],[-156.68141,20.50429],[-156.68122,20.50403],[-156.68077,20.50375],[-156.6803,20.50384],[-156.68014,20.50382],[-156.6798,20.50354],[-156.6793,20.5032],[-156.67902,20.50293],[-156.67882,20.50294],[-156.67848,20.50311],[-156.67815,20.50339],[-156.67793,20.50377],[-156.67755,20.50405],[-156.67719,20.50399],[-156.67692,20.50402],[-156.67656,20.50416],[-156.67632,20.50406],[-156.67528,20.50341],[-156.67501,20.50315],[-156.67448,20.50304],[-156.6741,20.503],[-156.67398,20.50271],[-156.67376,20.5027],[-156.67375,20.50236],[-156.67361,20.5023],[-156.67332,20.50241],[-156.67335,20.50209],[-156.67317,20.50191],[-156.67336,20.50165],[-156.67342,20.5014],[-156.67331,20.50113],[-156.67314,20.50096],[-156.67297,20.50103],[-156.67261,20.50101],[-156.6725,20.50131],[-156.67255,20.50152],[-156.67215,20.50188],[-156.67162,20.50209],[-156.67126,20.50213],[-156.6712,20.50224],[-156.67092,20.50237],[-156.67068,20.5027],[-156.67053,20.50321],[-156.6703,20.50334],[-156.67033,20.50356],[-156.67001,20.50371],[-156.66983,20.50367],[-156.66968,20.50388],[-156.66946,20.50393],[-156.66928,20.50381],[-156.6689,20.50389],[-156.66863,20.50386],[-156.6684,20.50336],[-156.66801,20.50317],[-156.66796,20.50306],[-156.66767,20.50288],[-156.66767,20.50257],[-156.66743,20.50257],[-156.66733,20.50221],[-156.66717,20.50215],[-156.66683,20.50186],[-156.66649,20.50167],[-156.66637,20.50136],[-156.66631,20.50091],[-156.66614,20.50094],[-156.66589,20.50177],[-156.66569,20.50194],[-156.66554,20.50186],[-156.66541,20.50201],[-156.66517,20.50209],[-156.6649,20.50209],[-156.66458,20.50236],[-156.66411,20.50221],[-156.66381,20.50191],[-156.66381,20.50163],[-156.66368,20.50133],[-156.66343,20.50146],[-156.66337,20.50168],[-156.66339,20.50201],[-156.66312,20.50209],[-156.66318,20.50235],[-156.66312,20.5025],[-156.66263,20.5025],[-156.6624,20.50262],[-156.66217,20.50256],[-156.66214,20.50277],[-156.6623,20.50297],[-156.66254,20.50304],[-156.6626,20.50325],[-156.6629,20.50334],[-156.66302,20.50346],[-156.6629,20.50363],[-156.66271,20.5036],[-156.66249,20.50372],[-156.66225,20.50363],[-156.66206,20.50385],[-156.6619,20.50383],[-156.66155,20.50436],[-156.66132,20.50454],[-156.66113,20.5042],[-156.66075,20.50411],[-156.66041,20.50414],[-156.66026,20.50406],[-156.66013,20.50422],[-156.65975,20.50432],[-156.65927,20.50436],[-156.6591,20.50446],[-156.65889,20.50432],[-156.65863,20.50429],[-156.65848,20.50438],[-156.65818,20.50434],[-156.65788,20.50442],[-156.65763,20.50461],[-156.65758,20.50476],[-156.65728,20.50506],[-156.65694,20.50501],[-156.65653,20.50524],[-156.65632,20.50564],[-156.65609,20.50595],[-156.65619,20.50639],[-156.65618,20.50667],[-156.65582,20.50696],[-156.65566,20.50719],[-156.65525,20.50735],[-156.65471,20.50732],[-156.65455,20.5075],[-156.6544,20.50807],[-156.65424,20.50828],[-156.65408,20.50821],[-156.65385,20.50844],[-156.65363,20.50875],[-156.64478,20.50857],[-156.64465,20.50806],[-156.64437,20.50797],[-156.64418,20.50781],[-156.64401,20.50782],[-156.64372,20.50751],[-156.64379,20.50721],[-156.64327,20.50695],[-156.64297,20.50671],[-156.6428,20.5067],[-156.64248,20.5063],[-156.64191,20.50602],[-156.64117,20.50585],[-156.64104,20.50574],[-156.64045,20.50491],[-156.64001,20.50489],[-156.63972,20.50504],[-156.63947,20.50537],[-156.6397,20.50562],[-156.63966,20.50586],[-156.63951,20.50606],[-156.63927,20.50599],[-156.63893,20.50637],[-156.63864,20.50647],[-156.63852,20.50635],[-156.63797,20.50646],[-156.63779,20.50663],[-156.63762,20.50662],[-156.63681,20.50692],[-156.63675,20.50711],[-156.63625,20.50736],[-156.63597,20.50738],[-156.63575,20.50754],[-156.63564,20.50741],[-156.63523,20.50766],[-156.63502,20.50759],[-156.63484,20.50776],[-156.63448,20.50781],[-156.63441,20.50792],[-156.63401,20.50809],[-156.63389,20.50834],[-156.63324,20.50861],[-156.63307,20.50857],[-156.63298,20.50875],[-156.63266,20.50892],[-156.6327,20.50908],[-156.63198,20.50953],[-156.63181,20.50953],[-156.63156,20.50969],[-156.63154,20.51003],[-156.63143,20.51015],[-156.63121,20.51013],[-156.63082,20.51044],[-156.63019,20.51024],[-156.62997,20.51027],[-156.62979,20.51044],[-156.62988,20.5107],[-156.62955,20.51108],[-156.62902,20.51143],[-156.62748,20.51194],[-156.62688,20.51207],[-156.62655,20.51207],[-156.62622,20.51217],[-156.62566,20.51243],[-156.62525,20.51268],[-156.62501,20.51308],[-156.62446,20.51324],[-156.62413,20.51255],[-156.62398,20.51234],[-156.62375,20.51225],[-156.62264,20.51249],[-156.62226,20.51263],[-156.62204,20.51305],[-156.62232,20.51376],[-156.62223,20.51393],[-156.62161,20.51427],[-156.62111,20.51446],[-156.62019,20.51458],[-156.61904,20.51448],[-156.61873,20.51431],[-156.61857,20.51437],[-156.61848,20.51464],[-156.61805,20.5147],[-156.61756,20.51491],[-156.61671,20.51521],[-156.61658,20.51522],[-156.61635,20.51503],[-156.61607,20.5149],[-156.6158,20.51494],[-156.61517,20.51539],[-156.6147,20.51557],[-156.61417,20.51601],[-156.61389,20.51654],[-156.61356,20.51672],[-156.61331,20.51638],[-156.61312,20.51587],[-156.6127,20.51588],[-156.61246,20.51599],[-156.61202,20.516],[-156.61168,20.51593],[-156.61114,20.51612],[-156.611,20.51639],[-156.61031,20.51652],[-156.61037,20.51609],[-156.6101,20.51567],[-156.60988,20.51552],[-156.60974,20.51532],[-156.60968,20.51503],[-156.60955,20.51477],[-156.60938,20.51471],[-156.60943,20.51447],[-156.60919,20.51437],[-156.60901,20.51413],[-156.60885,20.51365],[-156.60851,20.51339],[-156.60808,20.51327],[-156.60744,20.51343],[-156.60649,20.51383],[-156.60544,20.51433],[-156.60539,20.51374],[-156.60524,20.51307],[-156.60453,20.51316],[-156.60415,20.51305],[-156.60396,20.51314],[-156.60411,20.51374],[-156.60392,20.51395],[-156.604,20.51415],[-156.60419,20.51425],[-156.60428,20.51448],[-156.60459,20.51461],[-156.60364,20.51544],[-156.60333,20.51574],[-156.59295,20.51528],[-156.59263,20.51466],[-156.59249,20.51429],[-156.59225,20.51323],[-156.59203,20.5128],[-156.59195,20.5123],[-156.59161,20.51205],[-156.59139,20.51159],[-156.59119,20.51151],[-156.59101,20.51119],[-156.59085,20.5112],[-156.59063,20.51107],[-156.59027,20.51055],[-156.58963,20.51026],[-156.58924,20.51015],[-156.58873,20.50988],[-156.58826,20.50956],[-156.58768,20.50889],[-156.58762,20.50861],[-156.58748,20.50844],[-156.58716,20.5084],[-156.58696,20.50819],[-156.58658,20.50805],[-156.58638,20.50784],[-156.58588,20.50769],[-156.58546,20.50769],[-156.5851,20.50781],[-156.58472,20.50781],[-156.58439,20.50801],[-156.58389,20.50801],[-156.58361,20.50809],[-156.58358,20.50822],[-156.58363,20.50897],[-156.58386,20.5092],[-156.58338,20.5095],[-156.58266,20.50972],[-156.58223,20.50999],[-156.58187,20.51001],[-156.58124,20.51028],[-156.58025,20.51078],[-156.57978,20.51094],[-156.57927,20.51106],[-156.5789,20.51121],[-156.57838,20.51133],[-156.57756,20.51143],[-156.57693,20.51142],[-156.57679,20.51133],[-156.57654,20.51148],[-156.57602,20.51157],[-156.57524,20.51165],[-156.57475,20.51154],[-156.57424,20.51104],[-156.57393,20.51112],[-156.57385,20.51132],[-156.57325,20.51188],[-156.57327,20.51209],[-156.57306,20.51213],[-156.57292,20.51244],[-156.57316,20.51279],[-156.57345,20.51292],[-156.57342,20.51326],[-156.57331,20.51337],[-156.57328,20.51366],[-156.57298,20.51382],[-156.57267,20.51425],[-156.57226,20.51444],[-156.57186,20.51471],[-156.57047,20.51511],[-156.57008,20.51514],[-156.56897,20.51506],[-156.56876,20.51512],[-156.56848,20.51551],[-156.56813,20.51569],[-156.56804,20.51592],[-156.56781,20.51604],[-156.56746,20.51604],[-156.56703,20.51613],[-156.56672,20.51598],[-156.56586,20.51582],[-156.56547,20.51562],[-156.56491,20.51541],[-156.56413,20.51508],[-156.56322,20.51489],[-156.56219,20.51485],[-156.56155,20.51498],[-156.56093,20.515],[-156.56059,20.51508],[-156.56013,20.51505],[-156.55944,20.51522],[-156.55934,20.51541],[-156.55878,20.51565],[-156.5586,20.51593],[-156.55836,20.51676],[-156.5584,20.51781],[-156.55825,20.51814],[-156.55765,20.51832],[-156.55674,20.51834],[-156.55623,20.51828],[-156.55576,20.51813],[-156.55529,20.51777],[-156.55501,20.51765],[-156.55473,20.51778],[-156.55394,20.51756],[-156.55374,20.51746],[-156.55327,20.51747],[-156.55289,20.51737],[-156.55248,20.51713],[-156.552,20.51659],[-156.55137,20.51613],[-156.55116,20.51611],[-156.55061,20.51584],[-156.55027,20.51553],[-156.5498,20.51547],[-156.54956,20.51529],[-156.54904,20.51409],[-156.54914,20.51392],[-156.54902,20.51343],[-156.54875,20.51349],[-156.54871,20.51319],[-156.54852,20.51302],[-156.54836,20.51273],[-156.54764,20.51205],[-156.54739,20.51199],[-156.54668,20.51229],[-156.54617,20.51232],[-156.54575,20.51227],[-156.54558,20.51204],[-156.54491,20.51199],[-156.5447,20.51188],[-156.54459,20.51209],[-156.54463,20.51258],[-156.54436,20.51272],[-156.54453,20.51284],[-156.54455,20.51318],[-156.54436,20.51338],[-156.54416,20.51335],[-156.54398,20.51347],[-156.54355,20.51338],[-156.54338,20.51348],[-156.54345,20.51384],[-156.54326,20.51389],[-156.54292,20.5137],[-156.54299,20.51423],[-156.54318,20.51451],[-156.54303,20.51495],[-156.54287,20.51476],[-156.54267,20.51489],[-156.54257,20.51514],[-156.54201,20.51506],[-156.54202,20.51533],[-156.5417,20.51548],[-156.54121,20.51552],[-156.54104,20.5157],[-156.54107,20.51591],[-156.54084,20.5162],[-156.541,20.51645],[-156.54104,20.51682],[-156.54076,20.51698],[-156.54078,20.51727],[-156.54112,20.51747],[-156.54134,20.51781],[-156.54144,20.51846],[-156.54161,20.51871],[-156.54143,20.51923],[-156.54153,20.51958],[-156.54143,20.51991],[-156.54127,20.52016],[-156.54109,20.52028],[-156.54076,20.52036],[-156.54059,20.52022],[-156.5406,20.52065],[-156.54031,20.52072],[-156.54017,20.52087],[-156.54017,20.52113],[-156.53993,20.5213],[-156.5395,20.52127],[-156.5393,20.52134],[-156.53906,20.52157],[-156.53908,20.52189],[-156.5388,20.5222],[-156.53841,20.52224],[-156.53835,20.52244],[-156.53752,20.52286],[-156.53726,20.52282],[-156.53659,20.52298],[-156.53658,20.52331],[-156.53627,20.52332],[-156.53603,20.5232],[-156.53591,20.52337],[-156.5353,20.52373],[-156.53505,20.52395],[-156.53449,20.52415],[-156.53439,20.52452],[-156.53444,20.52481],[-156.5342,20.52521],[-156.5338,20.52521],[-156.53371,20.52529],[-156.53323,20.52526],[-156.53321,20.52559],[-156.53307,20.52568],[-156.53311,20.52596],[-156.53281,20.52626],[-156.53266,20.52631],[-156.53269,20.52653],[-156.53284,20.52671],[-156.53282,20.52705],[-156.53272,20.5273],[-156.53249,20.5276],[-156.53209,20.52791],[-156.532,20.52809],[-156.53178,20.52822],[-156.53215,20.52866],[-156.5324,20.52874],[-156.53234,20.52889],[-156.53255,20.52929],[-156.53272,20.52947],[-156.53276,20.52979],[-156.53248,20.53008],[-156.53277,20.53039],[-156.53288,20.53088],[-156.53324,20.53105],[-156.53333,20.53151],[-156.53342,20.53158],[-156.53325,20.53186],[-156.53352,20.53206],[-156.53344,20.53248],[-156.53308,20.53265],[-156.53323,20.5329],[-156.53322,20.5331],[-156.53344,20.53341],[-156.53381,20.53358],[-156.53362,20.5338],[-156.53385,20.53406],[-156.53364,20.5342],[-156.53366,20.53446],[-156.53415,20.53449],[-156.53425,20.53463],[-156.53466,20.53464],[-156.53528,20.53459],[-156.53592,20.53447],[-156.53625,20.53428],[-156.53662,20.53416],[-156.53734,20.53405],[-156.53771,20.53409],[-156.53805,20.534],[-156.53846,20.53398],[-156.53912,20.53405],[-156.53972,20.53403],[-156.54016,20.53412],[-156.54036,20.53424],[-156.5405,20.53459],[-156.54062,20.53471],[-156.541,20.5348],[-156.54092,20.53525],[-156.54098,20.53569],[-156.54094,20.53601],[-156.54144,20.53625],[-156.54255,20.53648],[-156.54301,20.53665],[-156.54342,20.53695],[-156.54389,20.53705],[-156.54451,20.53683],[-156.54488,20.53655],[-156.54543,20.53645],[-156.54573,20.53603],[-156.54611,20.53571],[-156.54658,20.53568],[-156.54695,20.53553],[-156.54761,20.53516],[-156.54812,20.53466],[-156.54852,20.53448],[-156.54902,20.53409],[-156.54964,20.53383],[-156.55015,20.53368],[-156.5514,20.53347],[-156.55186,20.53374],[-156.55248,20.53415],[-156.55304,20.53457],[-156.55378,20.53517],[-156.55421,20.53573],[-156.55439,20.53634],[-156.55442,20.53668],[-156.55428,20.53731],[-156.55406,20.53772],[-156.55401,20.53806],[-156.55422,20.53851],[-156.55399,20.53891],[-156.55428,20.53915],[-156.55437,20.5393],[-156.55436,20.53957],[-156.55405,20.53994],[-156.55419,20.54018],[-156.55419,20.54047],[-156.5538,20.5413],[-156.55354,20.54138],[-156.55322,20.5416],[-156.55335,20.5417],[-156.55317,20.54189],[-156.55316,20.54233],[-156.55293,20.5428],[-156.55277,20.54285],[-156.55262,20.5427],[-156.55234,20.54277],[-156.55267,20.5432],[-156.55256,20.54342],[-156.55198,20.54362],[-156.55196,20.54374],[-156.5524,20.54419],[-156.55256,20.54446],[-156.55253,20.54475],[-156.55281,20.54492],[-156.5532,20.5449],[-156.55329,20.54497],[-156.55331,20.54552],[-156.55308,20.54654],[-156.55283,20.54693],[-156.5527,20.54695],[-156.55253,20.54725],[-156.55217,20.54758],[-156.55156,20.54777],[-156.55121,20.54824],[-156.55124,20.54844],[-156.55144,20.54882],[-156.55128,20.54909],[-156.55102,20.54919],[-156.55082,20.54941],[-156.55058,20.54953],[-156.55037,20.54973],[-156.55018,20.55012],[-156.54992,20.55044],[-156.54982,20.55067],[-156.54959,20.55091],[-156.5493,20.55101],[-156.54915,20.55128],[-156.54844,20.55154],[-156.54805,20.55164],[-156.54788,20.55162],[-156.54766,20.55174],[-156.54769,20.55192],[-156.54796,20.55219],[-156.54828,20.5523],[-156.54848,20.55253],[-156.54836,20.55306],[-156.54824,20.55328],[-156.54826,20.55345],[-156.54845,20.55372],[-156.54824,20.55412],[-156.54835,20.55431],[-156.54837,20.55486],[-156.5483,20.55522],[-156.54847,20.55557],[-156.54829,20.55607],[-156.54842,20.55637],[-156.54816,20.55668],[-156.54799,20.55701],[-156.54783,20.55795],[-156.5476,20.55793],[-156.54713,20.55825],[-156.54705,20.55873],[-156.54684,20.55879],[-156.54667,20.559],[-156.54688,20.55924],[-156.54657,20.55942],[-156.54659,20.5597],[-156.54688,20.55983],[-156.54706,20.56005],[-156.5471,20.56029],[-156.54752,20.56056],[-156.54763,20.56093],[-156.54781,20.5611],[-156.54785,20.56131],[-156.54807,20.56151],[-156.54821,20.56183],[-156.54812,20.56224],[-156.5481,20.56254],[-156.5478,20.56267],[-156.54816,20.56341],[-156.54804,20.56369],[-156.54833,20.56413],[-156.54799,20.56488],[-156.54799,20.56527],[-156.54781,20.5655],[-156.54704,20.56526],[-156.54669,20.56508],[-156.54629,20.56501],[-156.54606,20.5653],[-156.54615,20.56548],[-156.54664,20.56569],[-156.54615,20.56586],[-156.54614,20.56602],[-156.5457,20.56603],[-156.54557,20.56612],[-156.54563,20.56642],[-156.54539,20.5665],[-156.54475,20.56635],[-156.54437,20.56647],[-156.54389,20.56632],[-156.54335,20.56637],[-156.54318,20.56656],[-156.54275,20.56647],[-156.54256,20.56652],[-156.54217,20.56687],[-156.54202,20.56692],[-156.54189,20.56717],[-156.54196,20.56732],[-156.54182,20.56747],[-156.54156,20.56746],[-156.54142,20.56736],[-156.54111,20.5674],[-156.54097,20.56731],[-156.5406,20.56739],[-156.5404,20.56731],[-156.54034,20.5675],[-156.54014,20.56766],[-156.5401,20.56789],[-156.53992,20.56806],[-156.53943,20.5681],[-156.53921,20.56799],[-156.53881,20.56815],[-156.5386,20.56792],[-156.53808,20.56817],[-156.53794,20.56861],[-156.53769,20.56867],[-156.53763,20.569],[-156.53738,20.56908],[-156.5373,20.56922],[-156.53774,20.56944],[-156.53832,20.56944],[-156.53875,20.56921],[-156.53915,20.56928],[-156.53925,20.56952],[-156.53917,20.5704],[-156.53925,20.57061],[-156.5392,20.57099],[-156.53929,20.57115],[-156.53933,20.57159],[-156.5393,20.5718],[-156.53912,20.57198],[-156.53911,20.57213],[-156.5388,20.57264],[-156.53875,20.57288],[-156.53885,20.57305],[-156.53915,20.57321],[-156.53935,20.57341],[-156.53962,20.57354],[-156.53973,20.5738],[-156.53954,20.57405],[-156.53966,20.57443],[-156.53932,20.57459],[-156.53935,20.57494],[-156.5395,20.57509],[-156.53947,20.57529],[-156.53927,20.57537],[-156.53931,20.57555],[-156.53917,20.57604],[-156.53903,20.57613],[-156.53916,20.57639],[-156.53954,20.57659],[-156.53956,20.57686],[-156.53981,20.57695],[-156.54005,20.57729],[-156.54018,20.57768],[-156.54075,20.57804],[-156.54078,20.57848],[-156.54115,20.5787],[-156.54162,20.57886],[-156.54151,20.57909],[-156.54173,20.57931],[-156.54216,20.57953],[-156.54231,20.57975],[-156.54214,20.57998],[-156.54249,20.58041],[-156.54274,20.58062],[-156.54303,20.5806],[-156.54317,20.58081],[-156.54321,20.58123],[-156.54346,20.58129],[-156.54364,20.58153],[-156.54375,20.58198],[-156.54393,20.5822],[-156.54457,20.58251],[-156.54468,20.58274],[-156.5447,20.58305],[-156.54514,20.58338],[-156.54572,20.58361],[-156.5462,20.5839],[-156.54652,20.58418],[-156.54643,20.58442],[-156.54658,20.58456],[-156.54655,20.58473],[-156.54689,20.58496],[-156.54677,20.5853],[-156.54717,20.58537],[-156.5475,20.58521],[-156.5476,20.58536],[-156.54749,20.58556],[-156.54772,20.5858],[-156.54802,20.58599],[-156.54841,20.58598],[-156.54845,20.58615],[-156.54895,20.58635],[-156.5491,20.58647],[-156.54898,20.58693],[-156.54931,20.58719],[-156.54979,20.58712],[-156.5504,20.5874],[-156.5504,20.58806],[-156.54982,20.5882],[-156.54971,20.58848],[-156.54982,20.58869],[-156.54981,20.58921],[-156.54985,20.58944],[-156.55012,20.58956],[-156.55048,20.59017],[-156.55062,20.59027],[-156.55056,20.59048],[-156.55028,20.5908],[-156.55042,20.59105],[-156.55079,20.59139],[-156.55099,20.59181],[-156.55107,20.59209],[-156.55144,20.59207],[-156.55177,20.59217],[-156.5522,20.5921],[-156.55269,20.59241],[-156.5531,20.59249],[-156.55329,20.5926],[-156.55361,20.59308],[-156.55362,20.59338],[-156.55379,20.59334],[-156.55411,20.59386],[-156.55421,20.59453],[-156.55445,20.59474],[-156.55465,20.59464],[-156.555,20.59467],[-156.55543,20.59512],[-156.5557,20.59524],[-156.55604,20.59556],[-156.55642,20.59575],[-156.55683,20.59561],[-156.55718,20.59578],[-156.55754,20.59634],[-156.55804,20.59653],[-156.55819,20.59676],[-156.55818,20.59692],[-156.55882,20.59695],[-156.5592,20.59719],[-156.55956,20.59764],[-156.5599,20.59755],[-156.56014,20.59766],[-156.56052,20.59767],[-156.56069,20.5978],[-156.56113,20.59787],[-156.56189,20.59829],[-156.56213,20.59852],[-156.56233,20.59858],[-156.56322,20.59975],[-156.56351,20.59967],[-156.56368,20.59973],[-156.56404,20.60018],[-156.56406,20.60046],[-156.56441,20.60093],[-156.56479,20.60111],[-156.56474,20.60153],[-156.56498,20.60163],[-156.565,20.60201],[-156.56534,20.602],[-156.56559,20.60233],[-156.56592,20.6025],[-156.56629,20.60261],[-156.56651,20.6026],[-156.56707,20.60276],[-156.56734,20.60271],[-156.56765,20.60298],[-156.56783,20.60283],[-156.56845,20.60311],[-156.56867,20.60309],[-156.56901,20.6028],[-156.56915,20.60289],[-156.57021,20.60297],[-156.57041,20.60313],[-156.57056,20.60295],[-156.5709,20.60277],[-156.57121,20.60281],[-156.57132,20.60293],[-156.57191,20.6028],[-156.57219,20.60292],[-156.5725,20.60343],[-156.57268,20.60352],[-156.57291,20.6034],[-156.57301,20.60365],[-156.57345,20.60386]]],[[[-156.98594,20.9286],[-156.98655,20.92874],[-156.98708,20.92905],[-156.98758,20.9293],[-156.98775,20.9293],[-156.98819,20.92902],[-156.98877,20.92883],[-156.99007,20.92862],[-156.9906,20.92846],[-156.99142,20.92812],[-156.99191,20.92803],[-156.99258,20.92783],[-156.99383,20.92758],[-156.99463,20.92764],[-156.99623,20.92828],[-156.99662,20.92838],[-156.9973,20.92835],[-156.99797,20.92819],[-156.99932,20.92803],[-156.99975,20.92802],[-157.00108,20.92793],[-157.00157,20.92773],[-157.00223,20.92696],[-157.00269,20.92676],[-157.00286,20.92664],[-157.00339,20.92646],[-157.00428,20.92673],[-157.00482,20.9268],[-157.00563,20.92667],[-157.00643,20.92638],[-157.00692,20.92633],[-157.0072,20.9264],[-157.00746,20.92633],[-157.00824,20.92649],[-157.00866,20.92648],[-157.00928,20.92635],[-157.00979,20.92615],[-157.01017,20.92591],[-157.01052,20.92578],[-157.01107,20.92571],[-157.01149,20.92577],[-157.01288,20.92577],[-157.01311,20.92582],[-157.01438,20.92601],[-157.01475,20.926],[-157.01536,20.92592],[-157.0157,20.92592],[-157.01633,20.926],[-157.01707,20.92651],[-157.0174,20.92658],[-157.01809,20.92623],[-157.01856,20.92622],[-157.01907,20.92642],[-157.01937,20.92642],[-157.01959,20.92633],[-157.02004,20.92627],[-157.02084,20.9263],[-157.02133,20.92619],[-157.02226,20.92581],[-157.0226,20.92584],[-157.02294,20.92604],[-157.02331,20.9261],[-157.02504,20.9255],[-157.02566,20.92539],[-157.02607,20.92514],[-157.02641,20.92484],[-157.02676,20.92472],[-157.02751,20.92468],[-157.02792,20.92457],[-157.02846,20.92435],[-157.02876,20.92428],[-157.02983,20.92413],[-157.03021,20.92402],[-157.03102,20.92412],[-157.03155,20.92413],[-157.03197,20.92404],[-157.03263,20.92376],[-157.03337,20.92353],[-157.034,20.92315],[-157.03484,20.92286],[-157.03547,20.92242],[-157.0359,20.92232],[-157.03628,20.92204],[-157.03661,20.9219],[-157.03717,20.92142],[-157.03761,20.92122],[-157.03779,20.92109],[-157.03823,20.92057],[-157.0389,20.92015],[-157.03915,20.91986],[-157.03984,20.91931],[-157.04024,20.91915],[-157.04055,20.91913],[-157.04095,20.91925],[-157.04109,20.91911],[-157.04107,20.91892],[-157.04133,20.91858],[-157.04189,20.9183],[-157.04202,20.9181],[-157.04216,20.91766],[-157.0427,20.91731],[-157.043,20.91723],[-157.04363,20.91738],[-157.0438,20.91747],[-157.04412,20.91746],[-157.0441,20.91724],[-157.04427,20.9171],[-157.04458,20.91708],[-157.04438,20.91683],[-157.04473,20.91647],[-157.04499,20.91652],[-157.04527,20.91623],[-157.04525,20.91607],[-157.04546,20.91602],[-157.04574,20.91612],[-157.04606,20.9159],[-157.04627,20.91564],[-157.04672,20.91537],[-157.04723,20.91528],[-157.04724,20.91509],[-157.04761,20.91498],[-157.04779,20.91474],[-157.04803,20.91462],[-157.0482,20.91413],[-157.04856,20.91419],[-157.04867,20.91366],[-157.04943,20.91317],[-157.04972,20.91329],[-157.05022,20.91336],[-157.05052,20.91365],[-157.05085,20.9137],[-157.05116,20.91395],[-157.05171,20.91381],[-157.05187,20.91354],[-157.05226,20.91348],[-157.05245,20.91308],[-157.05279,20.91283],[-157.05268,20.91251],[-157.0527,20.91229],[-157.05295,20.91192],[-157.05321,20.91179],[-157.05392,20.91178],[-157.0545,20.91173],[-157.05516,20.91131],[-157.05508,20.91112],[-157.05532,20.91099],[-157.05532,20.91068],[-157.05556,20.91073],[-157.05625,20.91048],[-157.0565,20.91049],[-157.05669,20.9103],[-157.05693,20.91021],[-157.05695,20.91],[-157.05682,20.90979],[-157.05693,20.9094],[-157.0573,20.90904],[-157.05739,20.90878],[-157.05771,20.90825],[-157.05761,20.90813],[-157.05782,20.90794],[-157.05762,20.90771],[-157.05771,20.9073],[-157.0579,20.90715],[-157.05774,20.90673],[-157.05808,20.90659],[-157.05827,20.90628],[-157.05845,20.9061],[-157.0585,20.90569],[-157.05862,20.90551],[-157.05881,20.90544],[-157.05888,20.90522],[-157.05912,20.90491],[-157.05887,20.90474],[-157.05879,20.90454],[-157.0584,20.90452],[-157.05819,20.90443],[-157.05814,20.90395],[-157.0583,20.90356],[-157.05865,20.90338],[-157.05902,20.90337],[-157.05935,20.90311],[-157.0593,20.90288],[-157.05937,20.90254],[-157.05966,20.90238],[-157.05975,20.90225],[-157.06001,20.90218],[-157.06028,20.90183],[-157.06023,20.90157],[-157.06033,20.90132],[-157.06047,20.90122],[-157.06034,20.90105],[-157.05993,20.90114],[-157.05976,20.9011],[-157.05924,20.90052],[-157.05911,20.90026],[-157.0588,20.90007],[-157.05883,20.89973],[-157.05897,20.89959],[-157.05962,20.8995],[-157.05999,20.89919],[-157.05994,20.89905],[-157.0597,20.89895],[-157.05971,20.89864],[-157.05958,20.89853],[-157.05954,20.89828],[-157.05938,20.89812],[-157.05917,20.89769],[-157.05928,20.89735],[-157.05984,20.89736],[-157.06003,20.89719],[-157.05997,20.89686],[-157.06005,20.89667],[-157.0604,20.89655],[-157.06057,20.8964],[-157.06055,20.89619],[-157.06029,20.89607],[-157.06023,20.89564],[-157.06009,20.89541],[-157.06031,20.89505],[-157.0604,20.89469],[-157.06017,20.89431],[-157.0602,20.89377],[-157.0603,20.89341],[-157.06063,20.8931],[-157.06059,20.89297],[-157.06034,20.89282],[-157.06021,20.89259],[-157.0602,20.89238],[-157.06047,20.89182],[-157.06065,20.8917],[-157.06109,20.8916],[-157.06141,20.89134],[-157.06172,20.89123],[-157.06223,20.89117],[-157.06225,20.89099],[-157.062,20.89084],[-157.06202,20.89053],[-157.06181,20.89014],[-157.06194,20.88966],[-157.06179,20.88944],[-157.06151,20.88925],[-157.06143,20.88895],[-157.06128,20.88889],[-157.06085,20.88914],[-157.06067,20.889],[-157.0604,20.88903],[-157.06003,20.88893],[-157.05988,20.88876],[-157.05988,20.88845],[-157.05946,20.88777],[-157.05902,20.88758],[-157.05893,20.88725],[-157.05903,20.88706],[-157.05879,20.8869],[-157.05879,20.88652],[-157.05856,20.88607],[-157.0584,20.88591],[-157.05843,20.88565],[-157.05827,20.88546],[-157.05808,20.88545],[-157.05796,20.88518],[-157.05794,20.88486],[-157.05805,20.88463],[-157.0578,20.88408],[-157.05769,20.88397],[-157.05706,20.88385],[-157.05694,20.88375],[-157.05671,20.88328],[-157.05669,20.88296],[-157.05677,20.88283],[-157.05708,20.88276],[-157.05722,20.88263],[-157.05693,20.88236],[-157.05747,20.88151],[-157.05734,20.88109],[-157.05692,20.88077],[-157.05665,20.88038],[-157.05665,20.88012],[-157.05618,20.88016],[-157.05579,20.88001],[-157.05562,20.87975],[-157.05536,20.87962],[-157.05504,20.87966],[-157.05489,20.87943],[-157.05452,20.87942],[-157.0544,20.87911],[-157.05362,20.8788],[-157.05323,20.87871],[-157.0531,20.87845],[-157.05331,20.87822],[-157.0533,20.87782],[-157.05316,20.87758],[-157.05293,20.87756],[-157.0527,20.87733],[-157.05265,20.87716],[-157.05282,20.87677],[-157.053,20.87671],[-157.05338,20.87675],[-157.05353,20.87662],[-157.05354,20.87634],[-157.05365,20.8762],[-157.05336,20.87561],[-157.05286,20.87567],[-157.05253,20.8753],[-157.05234,20.87466],[-157.05237,20.87424],[-157.05235,20.87354],[-157.05261,20.8729],[-157.05239,20.8729],[-157.05219,20.87263],[-157.05199,20.87258],[-157.05178,20.87224],[-157.05156,20.87224],[-157.05067,20.87206],[-157.05037,20.87177],[-157.05006,20.87161],[-157.04997,20.87145],[-157.04998,20.87112],[-157.04987,20.87081],[-157.04972,20.87059],[-157.05013,20.87008],[-157.04966,20.8702],[-157.04932,20.87048],[-157.04901,20.87044],[-157.04892,20.87017],[-157.04836,20.8701],[-157.04766,20.87022],[-157.04727,20.87],[-157.04701,20.8701],[-157.04669,20.87012],[-157.04636,20.87027],[-157.04593,20.87024],[-157.04563,20.87001],[-157.04561,20.86965],[-157.04538,20.86959],[-157.04522,20.86969],[-157.0447,20.86965],[-157.04467,20.86944],[-157.04483,20.86921],[-157.04472,20.86912],[-157.04453,20.8693],[-157.04429,20.86933],[-157.044,20.86897],[-157.04364,20.8688],[-157.04298,20.86799],[-157.04298,20.86775],[-157.04268,20.86732],[-157.04278,20.86694],[-157.04269,20.86684],[-157.04239,20.867],[-157.04207,20.86668],[-157.04161,20.86684],[-157.04062,20.86713],[-157.03969,20.86724],[-157.03934,20.86715],[-157.03849,20.86674],[-157.03829,20.86649],[-157.0379,20.86629],[-157.03762,20.86603],[-157.03728,20.86557],[-157.03713,20.86527],[-157.03699,20.8646],[-157.03708,20.8644],[-157.03753,20.86418],[-157.03758,20.86402],[-157.03755,20.86338],[-157.03741,20.86266],[-157.0373,20.86262],[-157.03702,20.86289],[-157.03686,20.86336],[-157.03654,20.86372],[-157.0364,20.86371],[-157.03605,20.86348],[-157.03585,20.86306],[-157.03557,20.86315],[-157.03517,20.86272],[-157.03507,20.86248],[-157.03514,20.86209],[-157.03498,20.86192],[-157.0345,20.86202],[-157.03421,20.86197],[-157.03382,20.862],[-157.03361,20.86195],[-157.03343,20.86208],[-157.03338,20.8625],[-157.03328,20.86267],[-157.03293,20.86298],[-157.03269,20.8633],[-157.03239,20.86337],[-157.03185,20.86326],[-157.03124,20.86325],[-157.03091,20.86309],[-157.03069,20.86307],[-157.03041,20.86288],[-157.02991,20.86277],[-157.02966,20.86253],[-157.02944,20.86247],[-157.02916,20.86215],[-157.02894,20.86202],[-157.02835,20.86187],[-157.02741,20.86142],[-157.02711,20.86125],[-157.02654,20.86079],[-157.02607,20.86029],[-157.02573,20.86012],[-157.02544,20.86009],[-157.0248,20.86015],[-157.02459,20.86007],[-157.0239,20.8596],[-157.02354,20.85945],[-157.02153,20.85896],[-157.02101,20.85873],[-157.02058,20.85838],[-157.01997,20.85825],[-157.01963,20.85802],[-157.01939,20.85793],[-157.01892,20.85758],[-157.01842,20.85749],[-157.0178,20.85714],[-157.01741,20.85681],[-157.01714,20.85647],[-157.01694,20.85635],[-157.01636,20.85618],[-157.01528,20.85569],[-157.01477,20.85536],[-157.01429,20.85489],[-157.01384,20.85434],[-157.01371,20.85395],[-157.01376,20.85367],[-157.0142,20.8532],[-157.01411,20.85298],[-157.0139,20.85295],[-157.01365,20.8531],[-157.01333,20.85341],[-157.01264,20.8536],[-157.01231,20.85361],[-157.01167,20.85345],[-157.01139,20.8533],[-157.0109,20.85282],[-157.01039,20.85264],[-157.00964,20.85216],[-157.009,20.85169],[-157.00863,20.85134],[-157.00826,20.8509],[-157.00768,20.85044],[-157.00699,20.84982],[-157.00665,20.84944],[-157.00646,20.84888],[-157.00621,20.84864],[-157.00613,20.84829],[-157.00623,20.84806],[-157.00651,20.84781],[-157.00656,20.84741],[-157.0067,20.84723],[-157.00673,20.84698],[-157.00661,20.84688],[-157.00635,20.84695],[-157.00592,20.84721],[-157.00563,20.84731],[-157.00537,20.84723],[-157.00491,20.84721],[-157.00452,20.84708],[-157.00436,20.84688],[-157.0036,20.84616],[-157.00326,20.84517],[-157.00321,20.84491],[-157.00273,20.84379],[-157.00251,20.84346],[-157.00218,20.84309],[-157.00192,20.84267],[-157.00168,20.84209],[-157.00151,20.84188],[-157.0013,20.84179],[-157.00076,20.84143],[-157.00051,20.84114],[-156.99982,20.83989],[-156.9994,20.83934],[-156.99919,20.83901],[-156.99863,20.83826],[-156.99796,20.83729],[-156.99767,20.83682],[-156.9976,20.83654],[-156.99771,20.83582],[-156.99723,20.83526],[-156.99712,20.83493],[-156.99662,20.83457],[-156.99636,20.83422],[-156.99604,20.83362],[-156.99586,20.83269],[-156.99588,20.83239],[-156.99578,20.83208],[-156.99542,20.83165],[-156.99535,20.83125],[-156.99471,20.83118],[-156.99418,20.83087],[-156.99359,20.83033],[-156.99342,20.83006],[-156.99293,20.82957],[-156.99284,20.82933],[-156.99234,20.82868],[-156.9922,20.82838],[-156.99211,20.82775],[-156.99228,20.82748],[-156.99217,20.82733],[-156.99194,20.82732],[-156.99173,20.82715],[-156.99162,20.82664],[-156.99163,20.82626],[-156.99156,20.82606],[-156.99162,20.82589],[-156.99114,20.82567],[-156.99079,20.82525],[-156.99048,20.82525],[-156.99031,20.82514],[-156.98994,20.82474],[-156.9899,20.82452],[-156.99028,20.82412],[-156.9902,20.82385],[-156.9899,20.82385],[-156.98917,20.82366],[-156.98905,20.82343],[-156.98901,20.82319],[-156.98919,20.82273],[-156.98923,20.82244],[-156.98912,20.82197],[-156.98912,20.82154],[-156.98875,20.82106],[-156.98791,20.81994],[-156.98771,20.8196],[-156.98741,20.81896],[-156.98746,20.8186],[-156.9877,20.81819],[-156.98784,20.81808],[-156.98839,20.81799],[-156.98841,20.81776],[-156.98811,20.81765],[-156.98809,20.8174],[-156.98774,20.81743],[-156.98753,20.81736],[-156.98737,20.81714],[-156.98741,20.81631],[-156.98768,20.81585],[-156.98776,20.81561],[-156.9878,20.81502],[-156.98774,20.81475],[-156.98792,20.81428],[-156.98789,20.8141],[-156.98746,20.8139],[-156.98725,20.81386],[-156.98721,20.8137],[-156.98784,20.81334],[-156.98784,20.8131],[-156.98745,20.81296],[-156.98699,20.81304],[-156.98658,20.81297],[-156.98641,20.81284],[-156.98627,20.81249],[-156.98626,20.81214],[-156.98633,20.81158],[-156.98661,20.81103],[-156.98727,20.81058],[-156.98763,20.81066],[-156.98778,20.81058],[-156.98752,20.81006],[-156.98745,20.80926],[-156.98726,20.80893],[-156.98716,20.80864],[-156.98662,20.80841],[-156.98651,20.80816],[-156.98658,20.80776],[-156.98673,20.80765],[-156.98707,20.80763],[-156.9874,20.80745],[-156.98775,20.80741],[-156.98802,20.80717],[-156.98822,20.8068],[-156.98821,20.80658],[-156.98802,20.80625],[-156.98805,20.8061],[-156.98831,20.80581],[-156.9883,20.80542],[-156.98838,20.80518],[-156.98832,20.80499],[-156.98804,20.80464],[-156.98795,20.80441],[-156.98763,20.80438],[-156.9874,20.80421],[-156.98728,20.80401],[-156.98732,20.80366],[-156.98759,20.8033],[-156.9876,20.80287],[-156.98774,20.80253],[-156.98806,20.80228],[-156.98832,20.80223],[-156.98859,20.80198],[-156.9892,20.80198],[-156.98932,20.80194],[-156.98983,20.80144],[-156.98976,20.80121],[-156.99015,20.80113],[-156.9903,20.80085],[-156.9902,20.80062],[-156.99022,20.80031],[-156.9898,20.80001],[-156.98992,20.79963],[-156.99007,20.79953],[-156.98998,20.79901],[-156.98963,20.79872],[-156.98929,20.79855],[-156.989,20.79832],[-156.9886,20.79814],[-156.98853,20.79785],[-156.98829,20.79763],[-156.98814,20.79716],[-156.98789,20.79692],[-156.98764,20.79652],[-156.98782,20.79629],[-156.98847,20.79619],[-156.98885,20.79606],[-156.98941,20.79601],[-156.98973,20.79581],[-156.99025,20.79579],[-156.99044,20.79567],[-156.99054,20.79547],[-156.99048,20.79529],[-156.99016,20.79518],[-156.99003,20.79501],[-156.98981,20.7949],[-156.98969,20.79471],[-156.98975,20.79459],[-156.99009,20.79439],[-156.9902,20.79418],[-156.99041,20.79396],[-156.99015,20.79365],[-156.99045,20.79356],[-156.99048,20.79339],[-156.99017,20.7933],[-156.98999,20.79318],[-156.98942,20.79305],[-156.98914,20.79294],[-156.98891,20.79277],[-156.98866,20.79247],[-156.98862,20.79204],[-156.98869,20.79171],[-156.98882,20.79158],[-156.98908,20.79153],[-156.98972,20.79113],[-156.99005,20.79114],[-156.98948,20.79051],[-156.98958,20.79013],[-156.98958,20.78975],[-156.9895,20.78949],[-156.98954,20.78934],[-156.99003,20.78929],[-156.99025,20.78896],[-156.99025,20.78862],[-156.99015,20.78833],[-156.98995,20.78811],[-156.99011,20.78801],[-156.99028,20.78814],[-156.99063,20.78816],[-156.99084,20.78811],[-156.99132,20.78779],[-156.9919,20.78779],[-156.99216,20.78743],[-156.99228,20.78684],[-156.99249,20.78653],[-156.99239,20.78578],[-156.9922,20.78556],[-156.99199,20.78365],[-156.99202,20.78341],[-156.99185,20.78334],[-156.99196,20.78299],[-156.9918,20.78281],[-156.99182,20.78245],[-156.99163,20.7824],[-156.99137,20.78252],[-156.99109,20.78253],[-156.99093,20.78245],[-156.99091,20.78223],[-156.99102,20.78201],[-156.99142,20.78166],[-156.99168,20.78108],[-156.99168,20.7808],[-156.99137,20.78046],[-156.99127,20.78023],[-156.9915,20.77999],[-156.99135,20.7799],[-156.99102,20.77994],[-156.99069,20.78025],[-156.99049,20.78032],[-156.99036,20.78021],[-156.99025,20.77986],[-156.98977,20.77958],[-156.98968,20.77946],[-156.98936,20.77929],[-156.98886,20.77882],[-156.98874,20.77844],[-156.9886,20.77741],[-156.98866,20.77724],[-156.98893,20.77701],[-156.98879,20.77681],[-156.98852,20.77666],[-156.98853,20.77626],[-156.9886,20.77583],[-156.98862,20.77537],[-156.98848,20.7747],[-156.98824,20.7741],[-156.98807,20.77381],[-156.98809,20.77335],[-156.988,20.77268],[-156.98765,20.7723],[-156.98753,20.77196],[-156.98754,20.77174],[-156.98735,20.77133],[-156.98706,20.77093],[-156.98672,20.7702],[-156.98661,20.7698],[-156.98643,20.7694],[-156.98632,20.76881],[-156.98605,20.76846],[-156.98587,20.76811],[-156.9855,20.76672],[-156.98547,20.76654],[-156.98521,20.76577],[-156.98519,20.76551],[-156.98493,20.76463],[-156.98481,20.76364],[-156.98466,20.7631],[-156.98462,20.76274],[-156.98446,20.76211],[-156.98428,20.76103],[-156.98395,20.76],[-156.98374,20.75907],[-156.98358,20.75863],[-156.9833,20.75772],[-156.98314,20.75739],[-156.98298,20.75687],[-156.98287,20.75634],[-156.98253,20.7556],[-156.98238,20.75547],[-156.98213,20.75506],[-156.9821,20.75482],[-156.98213,20.75405],[-156.98185,20.75339],[-156.98157,20.75307],[-156.98116,20.75279],[-156.9804,20.75233],[-156.97997,20.75184],[-156.97972,20.75115],[-156.97935,20.75071],[-156.97863,20.75017],[-156.97798,20.74944],[-156.97765,20.7492],[-156.97714,20.74844],[-156.97709,20.7482],[-156.97706,20.74765],[-156.97696,20.74754],[-156.97646,20.74722],[-156.97617,20.74713],[-156.97559,20.74738],[-156.97531,20.74738],[-156.97476,20.74705],[-156.97416,20.74682],[-156.97354,20.74639],[-156.97345,20.74611],[-156.9735,20.74574],[-156.97345,20.74543],[-156.97304,20.74518],[-156.97287,20.74524],[-156.97259,20.74508],[-156.97251,20.74482],[-156.97227,20.7445],[-156.97177,20.74425],[-156.97148,20.74382],[-156.97114,20.74347],[-156.97075,20.74289],[-156.97055,20.74245],[-156.97033,20.74215],[-156.97023,20.74173],[-156.96976,20.74131],[-156.96926,20.74074],[-156.96902,20.74065],[-156.96876,20.74044],[-156.9683,20.74032],[-156.96799,20.74002],[-156.96763,20.73922],[-156.96751,20.73838],[-156.96759,20.7377],[-156.96752,20.73727],[-156.96733,20.73716],[-156.967,20.73726],[-156.96663,20.73705],[-156.96642,20.73665],[-156.96609,20.7367],[-156.96553,20.73616],[-156.96542,20.73588],[-156.96543,20.73569],[-156.9657,20.73519],[-156.96599,20.73497],[-156.96623,20.73415],[-156.96625,20.73343],[-156.96611,20.73335],[-156.96549,20.73246],[-156.96531,20.73204],[-156.965,20.73171],[-156.96484,20.73189],[-156.96461,20.73174],[-156.96444,20.73177],[-156.96389,20.73164],[-156.96367,20.7319],[-156.96343,20.73189],[-156.96308,20.73203],[-156.96292,20.73183],[-156.96261,20.73188],[-156.96236,20.73205],[-156.96214,20.7319],[-156.96194,20.7319],[-156.9617,20.73203],[-156.96136,20.73199],[-156.96108,20.73211],[-156.96074,20.73233],[-156.96036,20.73248],[-156.9601,20.73275],[-156.95972,20.73324],[-156.95932,20.73339],[-156.95915,20.73323],[-156.95886,20.73334],[-156.95861,20.73311],[-156.95841,20.73319],[-156.95802,20.73303],[-156.95766,20.7334],[-156.95732,20.73366],[-156.95719,20.7337],[-156.95706,20.73391],[-156.95677,20.73387],[-156.95668,20.734],[-156.95664,20.73436],[-156.95644,20.73451],[-156.95601,20.73458],[-156.95583,20.73444],[-156.95568,20.73398],[-156.95545,20.73372],[-156.95503,20.73381],[-156.95453,20.73375],[-156.95404,20.73358],[-156.95349,20.73393],[-156.95332,20.7341],[-156.9531,20.7345],[-156.95284,20.73447],[-156.95275,20.73398],[-156.95259,20.73384],[-156.95227,20.73391],[-156.9518,20.73383],[-156.95158,20.73398],[-156.95082,20.73481],[-156.95071,20.73509],[-156.95055,20.73506],[-156.95041,20.73474],[-156.95023,20.73466],[-156.94978,20.73467],[-156.94935,20.73486],[-156.94902,20.73491],[-156.94837,20.73516],[-156.9481,20.73548],[-156.94791,20.73551],[-156.94776,20.73502],[-156.9471,20.73479],[-156.94673,20.73491],[-156.94649,20.73529],[-156.94634,20.73565],[-156.9463,20.736],[-156.9464,20.73622],[-156.94611,20.73645],[-156.9459,20.73635],[-156.94573,20.73589],[-156.94559,20.73576],[-156.94531,20.73527],[-156.94498,20.73507],[-156.94483,20.7351],[-156.94455,20.73549],[-156.94376,20.73576],[-156.94352,20.73564],[-156.94347,20.73536],[-156.94323,20.73529],[-156.94308,20.73503],[-156.94275,20.73493],[-156.94251,20.73502],[-156.94238,20.73494],[-156.94214,20.73503],[-156.94191,20.73551],[-156.94168,20.73581],[-156.94144,20.73571],[-156.94137,20.73541],[-156.94093,20.73555],[-156.94078,20.73571],[-156.94048,20.73563],[-156.94049,20.73526],[-156.94037,20.73511],[-156.94013,20.73508],[-156.93995,20.73527],[-156.93947,20.73547],[-156.93931,20.73569],[-156.93927,20.73601],[-156.9391,20.73606],[-156.93875,20.73572],[-156.93858,20.73572],[-156.93839,20.73526],[-156.93821,20.73526],[-156.93805,20.7355],[-156.93777,20.73563],[-156.93759,20.73593],[-156.93752,20.73625],[-156.93725,20.73631],[-156.93701,20.73624],[-156.93696,20.73571],[-156.93708,20.73541],[-156.93704,20.73528],[-156.93671,20.73534],[-156.93643,20.7352],[-156.93626,20.73485],[-156.936,20.73484],[-156.93578,20.73449],[-156.93511,20.73438],[-156.93472,20.73413],[-156.93435,20.73411],[-156.93418,20.73453],[-156.93399,20.73461],[-156.93379,20.73499],[-156.93362,20.73508],[-156.93282,20.7353],[-156.93252,20.73556],[-156.93189,20.7357],[-156.93165,20.73594],[-156.93123,20.73598],[-156.93107,20.73619],[-156.93085,20.7362],[-156.93063,20.73611],[-156.93014,20.73616],[-156.9296,20.73604],[-156.92948,20.73568],[-156.92918,20.73565],[-156.92902,20.73555],[-156.92899,20.73528],[-156.92915,20.73488],[-156.92865,20.7349],[-156.92838,20.73477],[-156.92802,20.73484],[-156.92801,20.73517],[-156.92785,20.73542],[-156.92778,20.73578],[-156.9275,20.73596],[-156.92742,20.73611],[-156.92756,20.73638],[-156.92745,20.73654],[-156.92723,20.73646],[-156.92705,20.7361],[-156.92687,20.736],[-156.92651,20.73562],[-156.92615,20.73537],[-156.92587,20.7351],[-156.92586,20.73485],[-156.92561,20.73478],[-156.92542,20.73458],[-156.92512,20.73484],[-156.92488,20.73491],[-156.9248,20.73507],[-156.9249,20.73539],[-156.92479,20.73558],[-156.92456,20.73564],[-156.92421,20.73542],[-156.92397,20.73535],[-156.92378,20.73498],[-156.92302,20.73531],[-156.92289,20.7356],[-156.92303,20.73597],[-156.92302,20.73623],[-156.92286,20.73638],[-156.9227,20.73637],[-156.92236,20.73648],[-156.922,20.73643],[-156.92166,20.73623],[-156.92158,20.73602],[-156.92133,20.73575],[-156.92097,20.73575],[-156.92079,20.73611],[-156.92053,20.73618],[-156.92027,20.73646],[-156.92004,20.73658],[-156.91986,20.73688],[-156.91971,20.73724],[-156.91952,20.73738],[-156.91922,20.7372],[-156.91892,20.73741],[-156.91857,20.73782],[-156.9181,20.73802],[-156.91789,20.73777],[-156.91733,20.73766],[-156.91693,20.73729],[-156.9165,20.73722],[-156.91627,20.73743],[-156.9161,20.73746],[-156.91589,20.73769],[-156.91569,20.73774],[-156.91513,20.73764],[-156.91487,20.73735],[-156.91454,20.73733],[-156.91391,20.73751],[-156.91371,20.73713],[-156.91339,20.73706],[-156.91321,20.73683],[-156.91285,20.73668],[-156.91263,20.73677],[-156.91243,20.73713],[-156.91226,20.73722],[-156.91188,20.73706],[-156.91153,20.73699],[-156.91135,20.73661],[-156.91152,20.73621],[-156.91135,20.73593],[-156.91111,20.73606],[-156.91107,20.73627],[-156.91078,20.73632],[-156.9106,20.73659],[-156.91073,20.73696],[-156.9106,20.73721],[-156.91034,20.73734],[-156.90985,20.73733],[-156.90964,20.73763],[-156.9095,20.73757],[-156.90904,20.73717],[-156.90852,20.7371],[-156.90839,20.73679],[-156.90814,20.73658],[-156.90796,20.73627],[-156.90768,20.73633],[-156.90757,20.73621],[-156.90763,20.73591],[-156.90756,20.73577],[-156.90724,20.73567],[-156.90692,20.73579],[-156.9066,20.73582],[-156.90635,20.73604],[-156.90626,20.73633],[-156.90607,20.73648],[-156.90571,20.73653],[-156.90542,20.73647],[-156.90525,20.73653],[-156.90482,20.73644],[-156.90472,20.73625],[-156.9045,20.73629],[-156.90439,20.73655],[-156.90403,20.73687],[-156.90367,20.73705],[-156.90352,20.73729],[-156.90331,20.73735],[-156.903,20.73721],[-156.90274,20.73729],[-156.90245,20.73726],[-156.90199,20.73731],[-156.90184,20.73742],[-156.90164,20.73777],[-156.90162,20.73813],[-156.90155,20.73835],[-156.90139,20.73847],[-156.90102,20.73846],[-156.90088,20.73857],[-156.90068,20.73887],[-156.90028,20.73913],[-156.89997,20.73986],[-156.89977,20.73987],[-156.89962,20.73971],[-156.89938,20.73984],[-156.89932,20.74012],[-156.89914,20.74022],[-156.89887,20.74018],[-156.89858,20.74031],[-156.89839,20.74027],[-156.89822,20.74009],[-156.89799,20.73999],[-156.89767,20.73952],[-156.89744,20.73944],[-156.89724,20.73953],[-156.89711,20.7399],[-156.89679,20.73988],[-156.89639,20.74003],[-156.89568,20.73991],[-156.89527,20.7398],[-156.89505,20.7396],[-156.89467,20.73951],[-156.89422,20.73932],[-156.89372,20.73896],[-156.89351,20.73874],[-156.89307,20.73805],[-156.89296,20.73757],[-156.89307,20.73724],[-156.89329,20.73706],[-156.89341,20.7368],[-156.8933,20.73631],[-156.89347,20.73526],[-156.89338,20.73491],[-156.89276,20.73449],[-156.89265,20.73463],[-156.89272,20.73499],[-156.89234,20.7353],[-156.89193,20.73548],[-156.89157,20.73546],[-156.89081,20.73502],[-156.89038,20.73502],[-156.88995,20.73521],[-156.88987,20.73571],[-156.88975,20.73592],[-156.88974,20.73622],[-156.88999,20.73648],[-156.88992,20.73677],[-156.8901,20.73706],[-156.8899,20.73734],[-156.88933,20.7375],[-156.88876,20.73772],[-156.88825,20.73763],[-156.88806,20.73769],[-156.88798,20.73786],[-156.88727,20.73791],[-156.88706,20.73807],[-156.88693,20.73834],[-156.88665,20.73856],[-156.88674,20.73882],[-156.88662,20.73941],[-156.88649,20.73965],[-156.88649,20.74013],[-156.8868,20.74029],[-156.88692,20.74055],[-156.88723,20.74069],[-156.88731,20.74105],[-156.88764,20.74159],[-156.88687,20.74241],[-156.88698,20.7425],[-156.88773,20.74166],[-156.88816,20.74144],[-156.88846,20.74155],[-156.88864,20.74193],[-156.88857,20.74209],[-156.88823,20.7423],[-156.88773,20.74306],[-156.88736,20.743],[-156.8872,20.74308],[-156.88696,20.74338],[-156.88568,20.7439],[-156.8853,20.74394],[-156.88483,20.74407],[-156.88443,20.74406],[-156.8842,20.74397],[-156.884,20.74375],[-156.88361,20.74363],[-156.88348,20.74324],[-156.88332,20.74298],[-156.88308,20.74312],[-156.88307,20.7435],[-156.88282,20.74337],[-156.88269,20.74317],[-156.88209,20.74294],[-156.88194,20.74266],[-156.88168,20.74247],[-156.88149,20.74253],[-156.88115,20.74252],[-156.8808,20.74258],[-156.88064,20.74229],[-156.88025,20.74215],[-156.87976,20.74178],[-156.87953,20.74186],[-156.87906,20.7423],[-156.87854,20.74256],[-156.87838,20.74273],[-156.87797,20.74292],[-156.87749,20.74291],[-156.87719,20.74281],[-156.87699,20.74265],[-156.87677,20.74276],[-156.87664,20.74329],[-156.87672,20.74351],[-156.87634,20.74381],[-156.87614,20.74379],[-156.87601,20.74362],[-156.87578,20.74357],[-156.87545,20.74386],[-156.87536,20.74444],[-156.87514,20.74456],[-156.8748,20.74461],[-156.87461,20.74479],[-156.87455,20.74508],[-156.87416,20.74563],[-156.87388,20.74578],[-156.87379,20.74615],[-156.87366,20.74632],[-156.87326,20.74644],[-156.87297,20.74643],[-156.87255,20.74631],[-156.87233,20.74637],[-156.87193,20.74631],[-156.87125,20.74686],[-156.87091,20.74728],[-156.8701,20.748],[-156.86991,20.74828],[-156.86947,20.74878],[-156.86927,20.74894],[-156.86899,20.74933],[-156.86836,20.74991],[-156.86797,20.75047],[-156.86765,20.75075],[-156.86755,20.75096],[-156.86707,20.75121],[-156.86686,20.75149],[-156.86655,20.75164],[-156.86607,20.75167],[-156.86546,20.75187],[-156.86499,20.75193],[-156.86452,20.75178],[-156.864,20.75186],[-156.86352,20.752],[-156.86347,20.7522],[-156.86353,20.75262],[-156.86297,20.7531],[-156.86252,20.7532],[-156.86197,20.75315],[-156.86163,20.75338],[-156.86126,20.75356],[-156.86094,20.7536],[-156.86049,20.75376],[-156.85996,20.75341],[-156.85967,20.75338],[-156.85918,20.75351],[-156.85876,20.7537],[-156.8582,20.75402],[-156.85785,20.75409],[-156.85763,20.75425],[-156.85737,20.75431],[-156.8572,20.75461],[-156.85693,20.75488],[-156.85688,20.75531],[-156.85628,20.75536],[-156.85574,20.75505],[-156.85543,20.75504],[-156.85524,20.75511],[-156.8551,20.75535],[-156.85464,20.75546],[-156.85445,20.75558],[-156.85416,20.75621],[-156.85395,20.75635],[-156.85377,20.75634],[-156.85363,20.75661],[-156.85323,20.75671],[-156.85306,20.75724],[-156.85286,20.75728],[-156.85268,20.75765],[-156.8525,20.75785],[-156.85223,20.7579],[-156.85198,20.75786],[-156.85164,20.75793],[-156.85109,20.75786],[-156.85053,20.75758],[-156.85015,20.757],[-156.84996,20.75696],[-156.84961,20.75708],[-156.84925,20.75706],[-156.84902,20.7569],[-156.84884,20.75694],[-156.84845,20.75687],[-156.84829,20.75705],[-156.8479,20.75712],[-156.84731,20.7573],[-156.84724,20.75713],[-156.84695,20.75714],[-156.8465,20.75701],[-156.84636,20.75715],[-156.84609,20.75719],[-156.84581,20.75713],[-156.84552,20.75729],[-156.8452,20.75732],[-156.84511,20.75742],[-156.84478,20.75732],[-156.84461,20.75708],[-156.84433,20.75709],[-156.84403,20.75691],[-156.8437,20.75687],[-156.84337,20.75697],[-156.84325,20.75731],[-156.84307,20.75748],[-156.84268,20.75756],[-156.84211,20.7575],[-156.84159,20.75762],[-156.84126,20.75794],[-156.8409,20.75804],[-156.84061,20.75846],[-156.84029,20.75849],[-156.83998,20.75879],[-156.83977,20.75892],[-156.8395,20.75897],[-156.83923,20.75886],[-156.83904,20.759],[-156.83867,20.7591],[-156.83852,20.75959],[-156.8382,20.75985],[-156.83737,20.76023],[-156.83707,20.76011],[-156.83687,20.76028],[-156.8368,20.76052],[-156.83655,20.76067],[-156.83609,20.76076],[-156.83595,20.76099],[-156.83569,20.76112],[-156.83541,20.76141],[-156.83516,20.76148],[-156.83498,20.7619],[-156.83477,20.7621],[-156.83446,20.7629],[-156.83456,20.76323],[-156.83432,20.76349],[-156.83395,20.76439],[-156.83379,20.76456],[-156.83351,20.76467],[-156.83336,20.76461],[-156.83309,20.7648],[-156.83308,20.7653],[-156.83242,20.76589],[-156.83218,20.76599],[-156.83163,20.766],[-156.83123,20.76631],[-156.83079,20.76651],[-156.83053,20.76714],[-156.83055,20.76742],[-156.83039,20.76775],[-156.83017,20.7679],[-156.82998,20.76815],[-156.82962,20.76847],[-156.82926,20.76901],[-156.82881,20.76987],[-156.82853,20.77023],[-156.82839,20.77055],[-156.82838,20.77082],[-156.82847,20.77108],[-156.82842,20.77158],[-156.82813,20.77195],[-156.82795,20.77255],[-156.82763,20.77302],[-156.82757,20.77351],[-156.82716,20.77417],[-156.82683,20.77482],[-156.82677,20.77517],[-156.82641,20.77557],[-156.82625,20.77589],[-156.82595,20.77632],[-156.8255,20.7769],[-156.82487,20.77804],[-156.82455,20.77854],[-156.8242,20.77929],[-156.82369,20.77989],[-156.82339,20.7803],[-156.82305,20.78115],[-156.82256,20.78192],[-156.82198,20.78246],[-156.82168,20.78294],[-156.82117,20.78356],[-156.82081,20.7839],[-156.82051,20.78429],[-156.82046,20.78482],[-156.82024,20.78525],[-156.81936,20.78625],[-156.81923,20.78638],[-156.81867,20.78715],[-156.81849,20.78733],[-156.81725,20.78834],[-156.81671,20.78906],[-156.81595,20.78961],[-156.81543,20.79006],[-156.81528,20.79049],[-156.81493,20.79089],[-156.81434,20.79129],[-156.81415,20.79177],[-156.81389,20.79198],[-156.81371,20.79228],[-156.81366,20.7925],[-156.81365,20.79315],[-156.8134,20.79359],[-156.81316,20.79378],[-156.81238,20.79491],[-156.81203,20.79585],[-156.81158,20.79646],[-156.81148,20.79668],[-156.81117,20.79702],[-156.81099,20.7973],[-156.81065,20.79812],[-156.81032,20.79877],[-156.81003,20.79926],[-156.80984,20.7997],[-156.80966,20.79992],[-156.80954,20.80039],[-156.80973,20.80059],[-156.80985,20.8009],[-156.80968,20.80126],[-156.80931,20.80173],[-156.80908,20.80222],[-156.80878,20.8027],[-156.80827,20.80327],[-156.80802,20.80388],[-156.80706,20.80541],[-156.80666,20.80569],[-156.80642,20.80596],[-156.80628,20.80628],[-156.80623,20.8066],[-156.80627,20.80719],[-156.80638,20.80764],[-156.80636,20.8079],[-156.80607,20.80915],[-156.80597,20.81002],[-156.80595,20.81073],[-156.80621,20.8115],[-156.80603,20.81238],[-156.80599,20.81276],[-156.80596,20.81365],[-156.8058,20.81438],[-156.80577,20.81476],[-156.8058,20.81548],[-156.80569,20.81595],[-156.80556,20.81621],[-156.80546,20.81688],[-156.80538,20.8171],[-156.80538,20.81741],[-156.80546,20.81798],[-156.80558,20.8185],[-156.80567,20.81928],[-156.80568,20.82023],[-156.80591,20.82105],[-156.80588,20.82197],[-156.80593,20.82223],[-156.80607,20.82254],[-156.8063,20.82285],[-156.80692,20.82346],[-156.80741,20.82418],[-156.80802,20.82542],[-156.80826,20.82582],[-156.80867,20.82636],[-156.80907,20.82677],[-156.80944,20.82741],[-156.80954,20.82779],[-156.80992,20.82851],[-156.81019,20.82895],[-156.81036,20.82909],[-156.81136,20.82969],[-156.81167,20.82996],[-156.81174,20.83012],[-156.81228,20.83089],[-156.81264,20.83124],[-156.81318,20.8319],[-156.81362,20.83226],[-156.81427,20.83293],[-156.81457,20.83333],[-156.81502,20.83417],[-156.81561,20.83507],[-156.81583,20.83546],[-156.81613,20.83617],[-156.81672,20.83709],[-156.81697,20.83756],[-156.81734,20.83799],[-156.81761,20.83848],[-156.81853,20.84069],[-156.81945,20.84252],[-156.8196,20.84271],[-156.82006,20.84351],[-156.82028,20.84401],[-156.82059,20.84495],[-156.82075,20.84527],[-156.82114,20.84624],[-156.82144,20.84684],[-156.82167,20.8472],[-156.82295,20.84854],[-156.82324,20.84894],[-156.82394,20.84926],[-156.82452,20.84974],[-156.82526,20.85061],[-156.82605,20.85128],[-156.82703,20.8527],[-156.8273,20.85295],[-156.82765,20.85316],[-156.82786,20.85341],[-156.82812,20.85386],[-156.82844,20.85416],[-156.82854,20.85436],[-156.8285,20.85475],[-156.82855,20.8553],[-156.82882,20.85588],[-156.82913,20.85629],[-156.82984,20.85692],[-156.83025,20.85732],[-156.83073,20.85788],[-156.83156,20.85872],[-156.83182,20.85888],[-156.83263,20.8593],[-156.83332,20.85985],[-156.83376,20.86029],[-156.83418,20.86057],[-156.83493,20.86125],[-156.83567,20.86167],[-156.83683,20.86292],[-156.83718,20.86334],[-156.83763,20.8641],[-156.83802,20.86486],[-156.83866,20.86542],[-156.83914,20.86574],[-156.84015,20.86632],[-156.84114,20.86699],[-156.84168,20.86739],[-156.8422,20.86783],[-156.84353,20.86912],[-156.8447,20.86988],[-156.84529,20.8705],[-156.84613,20.87127],[-156.84651,20.87173],[-156.84701,20.87218],[-156.84792,20.87317],[-156.84859,20.8738],[-156.84921,20.87426],[-156.84956,20.87456],[-156.85052,20.87552],[-156.85134,20.87615],[-156.85214,20.87673],[-156.85277,20.87713],[-156.85405,20.8776],[-156.85468,20.87777],[-156.85515,20.8781],[-156.85566,20.87868],[-156.85603,20.87904],[-156.85654,20.8797],[-156.85676,20.8802],[-156.85687,20.88063],[-156.85702,20.88098],[-156.8575,20.88146],[-156.85771,20.88181],[-156.85766,20.88212],[-156.85796,20.88246],[-156.85926,20.88316],[-156.86001,20.88366],[-156.86122,20.88472],[-156.86187,20.88518],[-156.86302,20.88627],[-156.86352,20.88682],[-156.86458,20.88792],[-156.86512,20.8884],[-156.866,20.88929],[-156.86621,20.88954],[-156.86639,20.88993],[-156.86657,20.8905],[-156.86686,20.89087],[-156.86705,20.89092],[-156.86722,20.8911],[-156.86835,20.89209],[-156.8689,20.89266],[-156.8693,20.89332],[-156.86951,20.89386],[-156.86987,20.89393],[-156.86985,20.89234],[-156.87023,20.89274],[-156.87078,20.89322],[-156.87119,20.89343],[-156.87158,20.89384],[-156.87204,20.89376],[-156.8723,20.89364],[-156.87255,20.89374],[-156.87275,20.89372],[-156.87294,20.89384],[-156.87336,20.89448],[-156.87422,20.89549],[-156.87494,20.89622],[-156.87533,20.89658],[-156.87597,20.89708],[-156.87636,20.89744],[-156.87744,20.89864],[-156.87866,20.89993],[-156.87922,20.90055],[-156.87972,20.90117],[-156.88043,20.9022],[-156.88069,20.90265],[-156.88081,20.90295],[-156.88075,20.90331],[-156.88099,20.90359],[-156.88145,20.90376],[-156.88183,20.90407],[-156.88227,20.90419],[-156.88254,20.90446],[-156.88298,20.90474],[-156.88335,20.90481],[-156.88386,20.90463],[-156.884,20.90454],[-156.88436,20.90456],[-156.88557,20.90528],[-156.88593,20.90557],[-156.88694,20.90669],[-156.88773,20.90748],[-156.88844,20.90803],[-156.88875,20.9082],[-156.89,20.90905],[-156.89056,20.90938],[-156.89076,20.90955],[-156.89102,20.90964],[-156.89167,20.91004],[-156.89239,20.91058],[-156.89276,20.91078],[-156.89299,20.91104],[-156.89309,20.91147],[-156.89329,20.91169],[-156.89425,20.91218],[-156.89507,20.91244],[-156.89554,20.91251],[-156.89602,20.91263],[-156.89651,20.91266],[-156.89711,20.91243],[-156.89744,20.91245],[-156.89817,20.91275],[-156.89856,20.91302],[-156.89918,20.91364],[-156.89978,20.9141],[-156.89999,20.91453],[-156.90051,20.91497],[-156.901,20.91498],[-156.90137,20.91512],[-156.90177,20.9151],[-156.90211,20.91523],[-156.90233,20.91525],[-156.90271,20.91545],[-156.90312,20.91586],[-156.90361,20.91618],[-156.90415,20.91634],[-156.90484,20.91628],[-156.90542,20.91629],[-156.90669,20.91668],[-156.90735,20.91704],[-156.9076,20.91723],[-156.90824,20.91761],[-156.90857,20.91767],[-156.90896,20.91792],[-156.90946,20.91797],[-156.91021,20.91778],[-156.91046,20.91781],[-156.91097,20.91798],[-156.91163,20.91846],[-156.91189,20.91855],[-156.91305,20.91873],[-156.91333,20.91881],[-156.91438,20.91902],[-156.91457,20.91917],[-156.9149,20.91978],[-156.91517,20.91976],[-156.91541,20.91955],[-156.91594,20.91943],[-156.91684,20.91951],[-156.91723,20.91961],[-156.91783,20.91962],[-156.91822,20.9194],[-156.91848,20.91933],[-156.91914,20.91938],[-156.91993,20.91966],[-156.9203,20.91964],[-156.92143,20.91981],[-156.92241,20.91979],[-156.92345,20.92002],[-156.9238,20.92016],[-156.92506,20.92047],[-156.92583,20.92061],[-156.92665,20.9206],[-156.92705,20.92065],[-156.92884,20.92114],[-156.92968,20.92152],[-156.93015,20.92179],[-156.93075,20.922],[-156.93175,20.92199],[-156.93239,20.92191],[-156.93292,20.92172],[-156.93311,20.92174],[-156.93343,20.92197],[-156.93393,20.92208],[-156.93462,20.92206],[-156.93485,20.92209],[-156.93514,20.9223],[-156.93581,20.92264],[-156.93629,20.92277],[-156.93705,20.92327],[-156.93766,20.92349],[-156.93835,20.92339],[-156.93886,20.92324],[-156.93922,20.92306],[-156.93993,20.92278],[-156.94026,20.92258],[-156.94064,20.92249],[-156.94091,20.92262],[-156.9413,20.92229],[-156.94197,20.92226],[-156.94239,20.92215],[-156.94264,20.92223],[-156.94285,20.92243],[-156.94309,20.92255],[-156.94339,20.92259],[-156.94401,20.92255],[-156.94458,20.92262],[-156.94525,20.92251],[-156.94578,20.92217],[-156.94611,20.92218],[-156.94689,20.92263],[-156.94731,20.92266],[-156.94783,20.92249],[-156.94834,20.92246],[-156.94878,20.92237],[-156.94941,20.92239],[-156.95015,20.92255],[-156.9523,20.92351],[-156.95285,20.92352],[-156.9533,20.92314],[-156.95356,20.92306],[-156.95387,20.92308],[-156.95472,20.92346],[-156.95524,20.92347],[-156.95588,20.92317],[-156.95616,20.92308],[-156.95669,20.92304],[-156.95771,20.9229],[-156.95795,20.92308],[-156.95817,20.92311],[-156.95908,20.92301],[-156.96011,20.92302],[-156.96085,20.92317],[-156.96123,20.9233],[-156.96199,20.92346],[-156.96376,20.92371],[-156.96408,20.92372],[-156.96445,20.92352],[-156.96511,20.92349],[-156.96625,20.9236],[-156.96691,20.92375],[-156.96727,20.92376],[-156.96756,20.92369],[-156.96808,20.92344],[-156.96848,20.92331],[-156.96877,20.92315],[-156.96903,20.92311],[-156.96943,20.92319],[-156.97043,20.92352],[-156.97091,20.92376],[-156.97131,20.92387],[-156.97189,20.92384],[-156.97281,20.924],[-156.97402,20.92445],[-156.97474,20.92487],[-156.97524,20.92522],[-156.97599,20.92557],[-156.97705,20.92616],[-156.97762,20.92641],[-156.9779,20.92645],[-156.97829,20.9264],[-156.97896,20.92649],[-156.97963,20.92672],[-156.98051,20.92711],[-156.98108,20.92728],[-156.98192,20.92743],[-156.98266,20.92753],[-156.98304,20.92771],[-156.98342,20.92809],[-156.98426,20.9284],[-156.98504,20.92859],[-156.98594,20.9286]]],[[[-157.01458,21.18393],[-157.01503,21.18388],[-157.01537,21.1839],[-157.01566,21.18379],[-157.01602,21.18383],[-157.01655,21.184],[-157.01678,21.18394],[-157.01735,21.1837],[-157.01799,21.18362],[-157.01892,21.18374],[-157.02032,21.18403],[-157.021,21.18425],[-157.02141,21.18426],[-157.02181,21.18435],[-157.02204,21.18446],[-157.02271,21.18463],[-157.02275,21.18477],[-157.02318,21.18487],[-157.0235,21.1851],[-157.02414,21.18504],[-157.02435,21.18522],[-157.02464,21.18527],[-157.02501,21.18552],[-157.02525,21.18562],[-157.026,21.18604],[-157.02664,21.18611],[-157.02703,21.18607],[-157.02733,21.1861],[-157.0291,21.18615],[-157.02983,21.18631],[-157.03072,21.18635],[-157.03152,21.18647],[-157.03215,21.18675],[-157.03266,21.18683],[-157.03278,21.1869],[-157.03395,21.18717],[-157.03436,21.18733],[-157.03525,21.18757],[-157.03561,21.18761],[-157.03592,21.18773],[-157.0365,21.18782],[-157.03705,21.1877],[-157.03749,21.18773],[-157.03758,21.18787],[-157.03804,21.18773],[-157.03857,21.18789],[-157.03926,21.18793],[-157.03954,21.18801],[-157.03981,21.18825],[-157.04032,21.18841],[-157.04124,21.18845],[-157.04198,21.18826],[-157.04251,21.18828],[-157.04361,21.18828],[-157.04376,21.18816],[-157.04439,21.18802],[-157.04454,21.18787],[-157.04533,21.18749],[-157.04559,21.18742],[-157.04637,21.18706],[-157.0475,21.1868],[-157.04786,21.18653],[-157.04843,21.18627],[-157.04893,21.18612],[-157.04928,21.18592],[-157.04992,21.18583],[-157.05119,21.18578],[-157.05198,21.18579],[-157.05336,21.18573],[-157.05366,21.18567],[-157.05411,21.1857],[-157.05472,21.18556],[-157.05487,21.18559],[-157.05507,21.18579],[-157.05531,21.18563],[-157.05589,21.18547],[-157.05632,21.1855],[-157.0567,21.18565],[-157.05765,21.18592],[-157.05814,21.18596],[-157.05884,21.18597],[-157.05964,21.18577],[-157.06007,21.18578],[-157.06036,21.18566],[-157.06061,21.18569],[-157.06088,21.1859],[-157.06145,21.18588],[-157.06249,21.18658],[-157.06299,21.1868],[-157.063,21.18702],[-157.06338,21.18704],[-157.0634,21.18727],[-157.06374,21.18745],[-157.0643,21.18741],[-157.06441,21.18771],[-157.06466,21.18769],[-157.0648,21.18783],[-157.06501,21.18783],[-157.06544,21.188],[-157.06581,21.18822],[-157.06606,21.18821],[-157.06615,21.18837],[-157.06642,21.18846],[-157.06668,21.18871],[-157.06711,21.18862],[-157.0677,21.18856],[-157.06842,21.18865],[-157.06911,21.18882],[-157.06965,21.18875],[-157.06984,21.18877],[-157.06996,21.189],[-157.07038,21.18898],[-157.07054,21.18879],[-157.07086,21.18879],[-157.07102,21.18887],[-157.07105,21.18908],[-157.07123,21.18909],[-157.07137,21.18872],[-157.07173,21.18875],[-157.07214,21.1886],[-157.07252,21.18879],[-157.07341,21.18877],[-157.07378,21.1886],[-157.075,21.18884],[-157.07547,21.18915],[-157.07579,21.18919],[-157.07593,21.18935],[-157.07611,21.1893],[-157.07638,21.18936],[-157.07651,21.18952],[-157.07672,21.18947],[-157.07741,21.18974],[-157.07813,21.19023],[-157.07843,21.19008],[-157.07871,21.19014],[-157.07899,21.18999],[-157.07989,21.18996],[-157.08025,21.19008],[-157.08061,21.1901],[-157.08111,21.19041],[-157.08133,21.19039],[-157.08205,21.19081],[-157.08258,21.19093],[-157.08317,21.19125],[-157.08356,21.19164],[-157.08377,21.19145],[-157.08398,21.1915],[-157.08416,21.19139],[-157.08444,21.19149],[-157.08487,21.19145],[-157.08501,21.19161],[-157.08543,21.1917],[-157.08569,21.192],[-157.08595,21.19205],[-157.08612,21.19219],[-157.08644,21.19213],[-157.08671,21.19215],[-157.08699,21.19226],[-157.08766,21.1929],[-157.08803,21.19306],[-157.08855,21.19339],[-157.08963,21.19345],[-157.08978,21.19368],[-157.09004,21.19362],[-157.09071,21.19376],[-157.09085,21.19387],[-157.09147,21.19449],[-157.09183,21.19461],[-157.09192,21.19482],[-157.09248,21.1947],[-157.09266,21.19475],[-157.09299,21.19496],[-157.09386,21.19523],[-157.0948,21.19492],[-157.09529,21.19498],[-157.09633,21.19462],[-157.09657,21.19463],[-157.09689,21.19449],[-157.09722,21.1947],[-157.09766,21.19482],[-157.0978,21.19515],[-157.09816,21.19502],[-157.09865,21.19514],[-157.09897,21.19497],[-157.09946,21.19496],[-157.09964,21.19506],[-157.0997,21.19524],[-157.09993,21.19537],[-157.10014,21.19533],[-157.1006,21.19555],[-157.10088,21.1959],[-157.10126,21.19602],[-157.10156,21.19594],[-157.10181,21.196],[-157.10216,21.19595],[-157.10237,21.19567],[-157.10272,21.19558],[-157.10286,21.19543],[-157.1032,21.19532],[-157.1034,21.1951],[-157.10387,21.19492],[-157.10419,21.19498],[-157.10431,21.19488],[-157.10483,21.19485],[-157.10498,21.1947],[-157.10526,21.19479],[-157.10544,21.19472],[-157.1059,21.19492],[-157.10616,21.19522],[-157.10637,21.19521],[-157.10648,21.19499],[-157.10674,21.19492],[-157.10712,21.19517],[-157.10756,21.19493],[-157.10846,21.19465],[-157.10866,21.19492],[-157.10907,21.19472],[-157.10926,21.19469],[-157.10945,21.19453],[-157.1097,21.19452],[-157.1099,21.1944],[-157.11017,21.19447],[-157.11054,21.19435],[-157.1111,21.19437],[-157.1113,21.19454],[-157.11157,21.19456],[-157.11176,21.19467],[-157.11193,21.19503],[-157.11186,21.19524],[-157.11209,21.19538],[-157.11211,21.19514],[-157.11227,21.19501],[-157.11245,21.19511],[-157.11242,21.19532],[-157.11254,21.19548],[-157.11272,21.1952],[-157.11292,21.1951],[-157.11383,21.19523],[-157.11407,21.19555],[-157.11444,21.19544],[-157.11476,21.19559],[-157.11494,21.19557],[-157.11505,21.19579],[-157.11531,21.19586],[-157.11562,21.19613],[-157.11569,21.19645],[-157.11591,21.19648],[-157.11595,21.19666],[-157.11614,21.19668],[-157.11633,21.19631],[-157.11653,21.19624],[-157.1169,21.19633],[-157.11733,21.19637],[-157.11768,21.19671],[-157.1182,21.19678],[-157.11844,21.19743],[-157.11861,21.19772],[-157.11876,21.19724],[-157.11896,21.19705],[-157.11949,21.1969],[-157.11975,21.19691],[-157.1198,21.19666],[-157.11992,21.19658],[-157.12024,21.19657],[-157.1207,21.19675],[-157.12085,21.1971],[-157.12115,21.19676],[-157.12143,21.19683],[-157.12161,21.1967],[-157.12239,21.19676],[-157.12259,21.19687],[-157.12286,21.19688],[-157.12334,21.19723],[-157.12369,21.19729],[-157.12385,21.19745],[-157.12398,21.19771],[-157.12457,21.19808],[-157.12527,21.19842],[-157.12564,21.1984],[-157.12587,21.19883],[-157.12598,21.19886],[-157.1263,21.19842],[-157.1266,21.19843],[-157.12672,21.19832],[-157.127,21.19833],[-157.12712,21.19864],[-157.12742,21.19871],[-157.12766,21.19891],[-157.12805,21.19866],[-157.12843,21.19869],[-157.12851,21.19925],[-157.12868,21.1993],[-157.12887,21.1992],[-157.12894,21.19942],[-157.12929,21.19949],[-157.12948,21.19943],[-157.12981,21.19953],[-157.13011,21.1992],[-157.13048,21.19893],[-157.13089,21.19845],[-157.13136,21.19845],[-157.13159,21.19863],[-157.13177,21.1985],[-157.1319,21.19816],[-157.13208,21.19803],[-157.1324,21.19806],[-157.13264,21.19827],[-157.13298,21.19798],[-157.13317,21.19792],[-157.13325,21.19827],[-157.13356,21.19822],[-157.13362,21.19848],[-157.13406,21.19876],[-157.13424,21.1985],[-157.13455,21.1986],[-157.13478,21.19859],[-157.13507,21.19876],[-157.13546,21.19831],[-157.13591,21.1987],[-157.13592,21.19896],[-157.13603,21.19944],[-157.13623,21.19921],[-157.13668,21.19897],[-157.13698,21.19908],[-157.13707,21.19928],[-157.13791,21.19938],[-157.13829,21.19932],[-157.13873,21.19935],[-157.13899,21.19929],[-157.13922,21.19937],[-157.13942,21.19931],[-157.13966,21.19944],[-157.13991,21.19942],[-157.14002,21.19964],[-157.14032,21.19944],[-157.14041,21.19975],[-157.14064,21.19966],[-157.14094,21.19922],[-157.14134,21.19918],[-157.14152,21.199],[-157.14168,21.19903],[-157.14172,21.19924],[-157.14223,21.19946],[-157.14235,21.19935],[-157.14262,21.19934],[-157.14285,21.19954],[-157.14326,21.19921],[-157.14331,21.19895],[-157.14299,21.19837],[-157.14302,21.19799],[-157.14325,21.19762],[-157.14313,21.19722],[-157.14322,21.197],[-157.14387,21.19685],[-157.14432,21.19683],[-157.14473,21.19702],[-157.1449,21.1973],[-157.14519,21.19737],[-157.1454,21.1976],[-157.14572,21.19744],[-157.146,21.19751],[-157.14608,21.19763],[-157.14674,21.19759],[-157.14768,21.19725],[-157.14795,21.1973],[-157.1483,21.19711],[-157.14857,21.19713],[-157.14882,21.19724],[-157.14893,21.19749],[-157.14908,21.19736],[-157.14937,21.19739],[-157.14954,21.19749],[-157.14996,21.19865],[-157.15021,21.19898],[-157.15045,21.19887],[-157.15088,21.19906],[-157.15105,21.19869],[-157.15141,21.19892],[-157.15172,21.19876],[-157.15202,21.19905],[-157.15524,21.20088],[-157.15711,21.20155],[-157.15759,21.20169],[-157.15761,21.20193],[-157.15773,21.20203],[-157.15843,21.20202],[-157.15879,21.20218],[-157.15913,21.20209],[-157.15968,21.20215],[-157.16093,21.20195],[-157.16164,21.20176],[-157.16208,21.20176],[-157.16241,21.20159],[-157.16257,21.2016],[-157.16324,21.20142],[-157.16355,21.20127],[-157.16388,21.20128],[-157.16437,21.20106],[-157.1649,21.20104],[-157.16519,21.2012],[-157.16557,21.20105],[-157.16579,21.20105],[-157.1662,21.20123],[-157.16652,21.2011],[-157.16669,21.20112],[-157.16694,21.20101],[-157.16783,21.20112],[-157.16811,21.20103],[-157.1686,21.20104],[-157.16908,21.20124],[-157.16928,21.20126],[-157.16956,21.20116],[-157.17085,21.20105],[-157.17099,21.20129],[-157.17142,21.20134],[-157.17207,21.20133],[-157.17265,21.2014],[-157.17363,21.20194],[-157.17409,21.20208],[-157.17476,21.2026],[-157.17504,21.20263],[-157.17526,21.20279],[-157.17565,21.20292],[-157.17613,21.20295],[-157.17641,21.20312],[-157.1767,21.20304],[-157.1769,21.20315],[-157.1771,21.2031],[-157.17731,21.20324],[-157.17779,21.20324],[-157.17815,21.20336],[-157.17838,21.20324],[-157.17897,21.20342],[-157.17927,21.20336],[-157.17991,21.20341],[-157.18024,21.20319],[-157.18054,21.20322],[-157.18086,21.20308],[-157.18139,21.20277],[-157.1817,21.20254],[-157.18202,21.20249],[-157.18245,21.2025],[-157.18348,21.20275],[-157.18372,21.20291],[-157.18379,21.20314],[-157.18426,21.20291],[-157.18455,21.20292],[-157.18488,21.20302],[-157.18544,21.20293],[-157.18582,21.20298],[-157.18643,21.20316],[-157.18679,21.20333],[-157.18758,21.20354],[-157.18825,21.20386],[-157.18906,21.20439],[-157.18941,21.20457],[-157.19,21.20503],[-157.19034,21.20535],[-157.19109,21.20586],[-157.19191,21.20656],[-157.19247,21.20742],[-157.19278,21.20773],[-157.19336,21.20845],[-157.19392,21.20931],[-157.19412,21.20985],[-157.19447,21.21027],[-157.19487,21.21117],[-157.19531,21.21196],[-157.19582,21.21269],[-157.19589,21.21308],[-157.19604,21.21344],[-157.19599,21.21377],[-157.19614,21.21404],[-157.19647,21.21423],[-157.19667,21.21451],[-157.19702,21.21423],[-157.19731,21.21424],[-157.19757,21.21417],[-157.19814,21.21426],[-157.19865,21.21456],[-157.19867,21.21485],[-157.19881,21.21517],[-157.1991,21.2153],[-157.19936,21.2155],[-157.1994,21.21592],[-157.19961,21.21605],[-157.19956,21.21625],[-157.19986,21.21662],[-157.20007,21.21673],[-157.20049,21.21713],[-157.20064,21.21711],[-157.20085,21.21686],[-157.20097,21.2165],[-157.20067,21.21636],[-157.20125,21.21625],[-157.20116,21.216],[-157.20117,21.21566],[-157.20126,21.21543],[-157.20158,21.21504],[-157.20204,21.21485],[-157.20233,21.21484],[-157.20309,21.21538],[-157.20366,21.21551],[-157.20397,21.21564],[-157.20438,21.21602],[-157.20453,21.21629],[-157.20451,21.21651],[-157.20436,21.21668],[-157.20431,21.21689],[-157.20456,21.21724],[-157.20477,21.21714],[-157.20488,21.21687],[-157.2052,21.21684],[-157.20537,21.21662],[-157.20554,21.21658],[-157.20644,21.21691],[-157.20711,21.21745],[-157.20752,21.21795],[-157.20802,21.21838],[-157.20821,21.21848],[-157.20918,21.21883],[-157.2097,21.21909],[-157.20988,21.21946],[-157.21001,21.21956],[-157.21047,21.21974],[-157.21072,21.21989],[-157.21109,21.22038],[-157.21144,21.22064],[-157.21152,21.22088],[-157.21197,21.22077],[-157.21228,21.22046],[-157.21257,21.22046],[-157.21251,21.22028],[-157.21301,21.21992],[-157.2133,21.21955],[-157.21378,21.2194],[-157.21408,21.21902],[-157.21452,21.21875],[-157.21473,21.21851],[-157.21572,21.21802],[-157.21625,21.21807],[-157.21649,21.21803],[-157.21684,21.21782],[-157.21733,21.2178],[-157.21838,21.21786],[-157.21872,21.21771],[-157.21929,21.21771],[-157.2198,21.2175],[-157.22107,21.21741],[-157.2218,21.21741],[-157.22244,21.2172],[-157.22283,21.21715],[-157.22363,21.21727],[-157.22446,21.21749],[-157.22525,21.2174],[-157.22607,21.21715],[-157.22664,21.21714],[-157.22749,21.2172],[-157.22812,21.21731],[-157.22844,21.21742],[-157.22906,21.2174],[-157.22982,21.21748],[-157.23021,21.21761],[-157.23055,21.21756],[-157.23099,21.21768],[-157.23117,21.21763],[-157.23142,21.21775],[-157.23181,21.21777],[-157.23206,21.21804],[-157.23232,21.21813],[-157.23253,21.21799],[-157.23317,21.21788],[-157.23348,21.21789],[-157.23386,21.21777],[-157.23415,21.21785],[-157.23447,21.21761],[-157.23492,21.21757],[-157.23541,21.21767],[-157.23586,21.21755],[-157.23645,21.21764],[-157.23677,21.21785],[-157.23715,21.21792],[-157.23779,21.2178],[-157.23822,21.21784],[-157.23883,21.21783],[-157.23898,21.21788],[-157.24093,21.21889],[-157.24228,21.21934],[-157.24261,21.21948],[-157.243,21.21993],[-157.24324,21.21997],[-157.24353,21.21989],[-157.2437,21.21967],[-157.24385,21.2197],[-157.24425,21.2196],[-157.24446,21.21965],[-157.24481,21.21988],[-157.24469,21.22009],[-157.24483,21.22036],[-157.24519,21.22075],[-157.24544,21.2208],[-157.24553,21.22104],[-157.2457,21.22116],[-157.2459,21.22115],[-157.24609,21.22091],[-157.24649,21.221],[-157.24693,21.22086],[-157.24715,21.22088],[-157.24748,21.22114],[-157.24782,21.22124],[-157.24806,21.22142],[-157.24857,21.22161],[-157.24872,21.22191],[-157.24895,21.22198],[-157.24927,21.22188],[-157.25026,21.22225],[-157.25056,21.22258],[-157.25076,21.22254],[-157.25102,21.22284],[-157.2515,21.22288],[-157.25168,21.22298],[-157.25181,21.22326],[-157.25177,21.22341],[-157.25212,21.22357],[-157.2524,21.2235],[-157.25261,21.22386],[-157.25298,21.22396],[-157.25374,21.22408],[-157.25395,21.22416],[-157.25421,21.22406],[-157.25423,21.2239],[-157.25462,21.22372],[-157.25499,21.22375],[-157.2552,21.22342],[-157.25513,21.22312],[-157.25527,21.22297],[-157.25558,21.22286],[-157.25579,21.22267],[-157.2561,21.22254],[-157.25639,21.22273],[-157.25686,21.22269],[-157.257,21.22251],[-157.25767,21.22238],[-157.25757,21.22194],[-157.25793,21.22134],[-157.2583,21.22135],[-157.25826,21.22112],[-157.258,21.22104],[-157.25821,21.22084],[-157.25813,21.22058],[-157.25838,21.22037],[-157.25836,21.22014],[-157.25818,21.22003],[-157.25815,21.21975],[-157.2583,21.21959],[-157.25849,21.21964],[-157.25868,21.21985],[-157.25887,21.21984],[-157.25911,21.21938],[-157.25938,21.21933],[-157.25941,21.21902],[-157.25972,21.21868],[-157.25964,21.21844],[-157.25987,21.21817],[-157.25981,21.21789],[-157.26002,21.21781],[-157.26019,21.21752],[-157.26016,21.21737],[-157.25989,21.21724],[-157.25997,21.21708],[-157.25966,21.21697],[-157.25948,21.21676],[-157.25908,21.21665],[-157.25877,21.2162],[-157.25868,21.2157],[-157.25847,21.21568],[-157.25856,21.21542],[-157.25891,21.21541],[-157.25905,21.21529],[-157.259,21.21512],[-157.25868,21.21505],[-157.25859,21.21494],[-157.25868,21.21448],[-157.25861,21.21431],[-157.25842,21.21426],[-157.25823,21.21405],[-157.25775,21.21383],[-157.25757,21.21383],[-157.25728,21.21356],[-157.25706,21.21355],[-157.2569,21.2134],[-157.25661,21.2133],[-157.25642,21.21313],[-157.25541,21.21276],[-157.25479,21.21244],[-157.25406,21.21189],[-157.25378,21.21155],[-157.25349,21.2115],[-157.25328,21.21119],[-157.25311,21.21107],[-157.25258,21.21099],[-157.25227,21.2104],[-157.25207,21.21024],[-157.25195,21.20983],[-157.25201,21.20963],[-157.25179,21.2093],[-157.25166,21.20885],[-157.25153,21.20874],[-157.25115,21.20877],[-157.25101,21.20862],[-157.25067,21.20847],[-157.25042,21.20739],[-157.25061,21.20745],[-157.25081,21.20729],[-157.25068,21.20713],[-157.25014,21.20683],[-157.25004,21.20654],[-157.25035,21.20651],[-157.25061,21.20669],[-157.25072,21.20659],[-157.25061,21.20638],[-157.25076,21.20623],[-157.25057,21.20613],[-157.25021,21.2061],[-157.24985,21.20596],[-157.24925,21.20311],[-157.24927,21.20293],[-157.24861,21.20282],[-157.24839,21.20256],[-157.24795,21.20244],[-157.24808,21.20224],[-157.24849,21.20189],[-157.24837,21.20163],[-157.24861,21.20151],[-157.24858,21.20136],[-157.24838,21.20122],[-157.24844,21.20098],[-157.24837,21.20065],[-157.24815,21.20037],[-157.24831,21.20019],[-157.24828,21.19999],[-157.24851,21.19982],[-157.2484,21.19972],[-157.24835,21.19927],[-157.24872,21.19902],[-157.2487,21.19867],[-157.24813,21.19874],[-157.24782,21.19856],[-157.24762,21.19832],[-157.24759,21.19811],[-157.24786,21.19775],[-157.2479,21.19761],[-157.24768,21.19715],[-157.24763,21.19691],[-157.24777,21.19624],[-157.24771,21.19604],[-157.2478,21.19573],[-157.248,21.19557],[-157.24814,21.19524],[-157.24808,21.195],[-157.24838,21.1947],[-157.24828,21.19446],[-157.24838,21.19388],[-157.24867,21.19372],[-157.24877,21.19325],[-157.24918,21.19287],[-157.24925,21.19268],[-157.24953,21.19275],[-157.24961,21.1923],[-157.24979,21.19224],[-157.24974,21.19184],[-157.24994,21.19164],[-157.24945,21.19141],[-157.24928,21.19116],[-157.24866,21.19081],[-157.24835,21.19071],[-157.24832,21.19011],[-157.24821,21.18978],[-157.24821,21.18917],[-157.24834,21.18853],[-157.24857,21.18832],[-157.24861,21.18816],[-157.2485,21.18783],[-157.2486,21.18742],[-157.24854,21.18686],[-157.24896,21.18566],[-157.24936,21.18481],[-157.24969,21.1844],[-157.24979,21.184],[-157.25008,21.18358],[-157.25025,21.18349],[-157.25033,21.18327],[-157.25053,21.18319],[-157.25086,21.18332],[-157.2513,21.18314],[-157.25162,21.18315],[-157.25203,21.18306],[-157.25262,21.18279],[-157.25265,21.18257],[-157.25244,21.18242],[-157.25267,21.18227],[-157.25257,21.18198],[-157.25244,21.18188],[-157.25257,21.1817],[-157.25221,21.18145],[-157.25247,21.18136],[-157.2525,21.18106],[-157.25241,21.18088],[-157.2525,21.18036],[-157.25226,21.18014],[-157.2522,21.17975],[-157.25196,21.17943],[-157.25154,21.17923],[-157.25127,21.17917],[-157.2511,21.17878],[-157.25108,21.1785],[-157.25137,21.17782],[-157.25171,21.17734],[-157.2525,21.17633],[-157.25293,21.17592],[-157.25339,21.17528],[-157.25366,21.17505],[-157.25433,21.17415],[-157.25479,21.17371],[-157.255,21.17356],[-157.25568,21.17289],[-157.25599,21.17264],[-157.25636,21.17222],[-157.25662,21.17207],[-157.25742,21.17129],[-157.25824,21.17039],[-157.2585,21.17008],[-157.25996,21.16892],[-157.26044,21.16857],[-157.26088,21.16812],[-157.26193,21.16716],[-157.26258,21.16669],[-157.26309,21.16623],[-157.2634,21.16601],[-157.26404,21.16528],[-157.26462,21.16475],[-157.26513,21.16439],[-157.26553,21.1642],[-157.26573,21.16401],[-157.26625,21.16339],[-157.26648,21.16317],[-157.26738,21.16259],[-157.26772,21.16226],[-157.26806,21.16186],[-157.26846,21.16155],[-157.26904,21.16121],[-157.26985,21.16043],[-157.27051,21.15996],[-157.27132,21.15961],[-157.27185,21.15925],[-157.2722,21.15939],[-157.27217,21.15963],[-157.27263,21.1595],[-157.27292,21.15974],[-157.27304,21.15996],[-157.27338,21.15975],[-157.27373,21.15977],[-157.27403,21.15958],[-157.27428,21.15933],[-157.27452,21.15933],[-157.27483,21.15895],[-157.27502,21.15895],[-157.27513,21.15866],[-157.27527,21.1585],[-157.27521,21.15828],[-157.27582,21.15807],[-157.27623,21.15831],[-157.27641,21.15829],[-157.27675,21.15807],[-157.27722,21.15843],[-157.2774,21.15844],[-157.27768,21.15817],[-157.27775,21.15786],[-157.27771,21.15747],[-157.27798,21.15738],[-157.27806,21.15716],[-157.27797,21.157],[-157.27801,21.15663],[-157.27828,21.15644],[-157.27849,21.15662],[-157.27878,21.15646],[-157.27866,21.15626],[-157.2789,21.15617],[-157.27923,21.15591],[-157.2792,21.15553],[-157.27896,21.15532],[-157.279,21.15493],[-157.27887,21.15455],[-157.27922,21.15417],[-157.27951,21.1544],[-157.27984,21.15448],[-157.28011,21.15475],[-157.28032,21.1548],[-157.28058,21.155],[-157.28078,21.15501],[-157.28085,21.15483],[-157.28145,21.15468],[-157.28157,21.15427],[-157.28139,21.15399],[-157.28157,21.15384],[-157.28194,21.15389],[-157.28226,21.15374],[-157.2824,21.1535],[-157.28282,21.15337],[-157.28293,21.15308],[-157.28285,21.15288],[-157.28302,21.15275],[-157.28314,21.1525],[-157.28334,21.15256],[-157.28351,21.15214],[-157.28342,21.15187],[-157.28322,21.15165],[-157.28332,21.1514],[-157.28332,21.15105],[-157.28395,21.15047],[-157.28416,21.15036],[-157.28456,21.14965],[-157.28469,21.14951],[-157.2851,21.14941],[-157.28523,21.14907],[-157.28541,21.14906],[-157.28569,21.14873],[-157.28595,21.14876],[-157.28629,21.14859],[-157.28677,21.14813],[-157.28685,21.148],[-157.28682,21.14747],[-157.28696,21.14732],[-157.28734,21.1473],[-157.28758,21.14713],[-157.28767,21.1469],[-157.2879,21.14683],[-157.28802,21.14693],[-157.28828,21.14668],[-157.28858,21.14675],[-157.28863,21.14616],[-157.289,21.14595],[-157.28911,21.14558],[-157.28903,21.14502],[-157.28922,21.14484],[-157.28922,21.14442],[-157.28935,21.1441],[-157.28957,21.14384],[-157.28977,21.14376],[-157.29001,21.14384],[-157.29053,21.14345],[-157.29082,21.14337],[-157.29099,21.14323],[-157.29106,21.14302],[-157.29102,21.1426],[-157.29089,21.14238],[-157.29042,21.14202],[-157.29019,21.14192],[-157.28961,21.14182],[-157.28937,21.14171],[-157.28924,21.14146],[-157.28927,21.14125],[-157.28949,21.14092],[-157.28977,21.14081],[-157.29024,21.14103],[-157.29051,21.14101],[-157.29077,21.14088],[-157.29088,21.14068],[-157.29097,21.13996],[-157.29088,21.13962],[-157.29088,21.13916],[-157.29043,21.13842],[-157.28977,21.13812],[-157.28963,21.138],[-157.28955,21.13777],[-157.28985,21.13723],[-157.29027,21.13694],[-157.29066,21.13703],[-157.29105,21.13694],[-157.29114,21.13681],[-157.29102,21.13635],[-157.2912,21.13611],[-157.2918,21.13627],[-157.29199,21.13622],[-157.29219,21.13593],[-157.29237,21.13585],[-157.29277,21.13581],[-157.29289,21.13565],[-157.2935,21.13527],[-157.29405,21.1348],[-157.29414,21.13459],[-157.29439,21.13442],[-157.29477,21.13429],[-157.29494,21.13393],[-157.29508,21.13388],[-157.29538,21.13401],[-157.2955,21.13382],[-157.29613,21.13345],[-157.29663,21.13347],[-157.29681,21.13335],[-157.29674,21.13305],[-157.29671,21.13256],[-157.29691,21.13226],[-157.29683,21.1319],[-157.29689,21.13157],[-157.29678,21.13115],[-157.29683,21.13073],[-157.29665,21.13041],[-157.29637,21.13029],[-157.29631,21.12994],[-157.2968,21.12916],[-157.29698,21.12875],[-157.29758,21.12794],[-157.29787,21.12794],[-157.29819,21.12812],[-157.29846,21.12806],[-157.29874,21.12751],[-157.29889,21.12739],[-157.29878,21.12716],[-157.29874,21.12677],[-157.29891,21.12657],[-157.2988,21.12639],[-157.29878,21.12608],[-157.29891,21.12578],[-157.29883,21.12568],[-157.29894,21.12528],[-157.29907,21.12513],[-157.29953,21.12504],[-157.29976,21.12492],[-157.30019,21.12482],[-157.30034,21.1247],[-157.30037,21.1243],[-157.30057,21.12403],[-157.30034,21.12354],[-157.30017,21.12268],[-157.3001,21.12247],[-157.3002,21.12221],[-157.30014,21.12204],[-157.29987,21.12182],[-157.29964,21.12176],[-157.29935,21.12148],[-157.29918,21.12121],[-157.29883,21.12089],[-157.29875,21.12052],[-157.29884,21.1202],[-157.29918,21.11966],[-157.2993,21.11901],[-157.29988,21.1177],[-157.30008,21.11713],[-157.3003,21.11592],[-157.30057,21.11527],[-157.30095,21.1145],[-157.30164,21.11384],[-157.30185,21.11359],[-157.30231,21.11317],[-157.3029,21.1121],[-157.30319,21.11181],[-157.3037,21.11111],[-157.30431,21.11051],[-157.30443,21.11012],[-157.3047,21.10984],[-157.30482,21.10952],[-157.3053,21.10897],[-157.30576,21.10882],[-157.30647,21.10819],[-157.30662,21.10801],[-157.30661,21.1077],[-157.30681,21.10718],[-157.30678,21.10673],[-157.30682,21.1064],[-157.30725,21.10585],[-157.30736,21.10519],[-157.30733,21.10511],[-157.30751,21.10474],[-157.30777,21.10462],[-157.30801,21.10428],[-157.30899,21.10332],[-157.31023,21.10249],[-157.31064,21.10233],[-157.31085,21.10209],[-157.31075,21.10176],[-157.31064,21.10116],[-157.31025,21.10082],[-157.30992,21.10072],[-157.30957,21.10037],[-157.30942,21.10012],[-157.30908,21.09978],[-157.30908,21.09935],[-157.30873,21.09881],[-157.3085,21.09877],[-157.30858,21.09854],[-157.30818,21.09798],[-157.30771,21.09744],[-157.30736,21.09744],[-157.3069,21.09723],[-157.30656,21.09716],[-157.30632,21.0969],[-157.306,21.0967],[-157.30562,21.09668],[-157.30545,21.09659],[-157.30544,21.09634],[-157.30511,21.09627],[-157.3049,21.09578],[-157.30484,21.09535],[-157.30457,21.09513],[-157.30434,21.09526],[-157.30396,21.09516],[-157.30312,21.09524],[-157.30249,21.09516],[-157.30194,21.09492],[-157.30168,21.09458],[-157.30135,21.09439],[-157.30109,21.09412],[-157.30022,21.09398],[-157.29945,21.09376],[-157.29893,21.09341],[-157.29842,21.0932],[-157.29813,21.09316],[-157.29744,21.09323],[-157.29688,21.09323],[-157.29642,21.09332],[-157.29604,21.09324],[-157.29565,21.09327],[-157.29517,21.09364],[-157.29479,21.09376],[-157.29442,21.0937],[-157.29413,21.09377],[-157.29378,21.0937],[-157.29341,21.09387],[-157.29287,21.09371],[-157.2926,21.09375],[-157.29245,21.09347],[-157.2922,21.09348],[-157.29173,21.09362],[-157.29066,21.09349],[-157.29009,21.09339],[-157.28978,21.09351],[-157.28951,21.09353],[-157.28918,21.09346],[-157.2885,21.09358],[-157.28821,21.09357],[-157.28738,21.09336],[-157.28709,21.09318],[-157.28665,21.09306],[-157.28613,21.09284],[-157.28596,21.09255],[-157.28585,21.0925],[-157.28577,21.09218],[-157.2856,21.09217],[-157.28557,21.09239],[-157.28526,21.09237],[-157.2852,21.09268],[-157.28493,21.09256],[-157.28465,21.09266],[-157.28433,21.09292],[-157.28406,21.09295],[-157.28275,21.09276],[-157.2824,21.09266],[-157.28172,21.09233],[-157.28102,21.09223],[-157.28015,21.09218],[-157.27969,21.09208],[-157.27939,21.09196],[-157.27887,21.09189],[-157.27875,21.09175],[-157.27835,21.09164],[-157.27793,21.09158],[-157.2778,21.09139],[-157.27744,21.09116],[-157.27734,21.09088],[-157.27698,21.09081],[-157.27676,21.09102],[-157.27637,21.09116],[-157.27591,21.09111],[-157.27565,21.09125],[-157.2753,21.09125],[-157.27437,21.09098],[-157.27387,21.09088],[-157.27301,21.09098],[-157.27239,21.09079],[-157.27151,21.09077],[-157.27044,21.09047],[-157.26945,21.09042],[-157.26918,21.09027],[-157.26788,21.0902],[-157.26733,21.09005],[-157.26609,21.08966],[-157.26511,21.08922],[-157.26456,21.08918],[-157.26408,21.08923],[-157.26394,21.08908],[-157.26366,21.08896],[-157.26341,21.08895],[-157.26279,21.08919],[-157.26251,21.08925],[-157.26209,21.08911],[-157.26183,21.08909],[-157.26147,21.08915],[-157.26097,21.0889],[-157.26073,21.08884],[-157.25986,21.08886],[-157.2594,21.08879],[-157.25908,21.08861],[-157.25882,21.08862],[-157.25856,21.08846],[-157.25818,21.08845],[-157.25764,21.08824],[-157.25648,21.08828],[-157.25607,21.08817],[-157.25513,21.0878],[-157.25442,21.0876],[-157.25392,21.08771],[-157.25296,21.08763],[-157.25253,21.08767],[-157.25224,21.08763],[-157.25174,21.08746],[-157.25133,21.08738],[-157.25107,21.08709],[-157.25098,21.0869],[-157.25105,21.08676],[-157.25137,21.08665],[-157.25167,21.08662],[-157.25171,21.08644],[-157.2504,21.08553],[-157.25009,21.08513],[-157.24983,21.08433],[-157.24957,21.08434],[-157.2496,21.08455],[-157.2498,21.08505],[-157.24992,21.08558],[-157.25033,21.08602],[-157.25093,21.08651],[-157.25092,21.08671],[-157.25069,21.08682],[-157.25032,21.08661],[-157.24995,21.08671],[-157.24957,21.08659],[-157.24922,21.08668],[-157.24876,21.08669],[-157.24844,21.08664],[-157.24739,21.08685],[-157.24693,21.08686],[-157.2467,21.08661],[-157.24704,21.08647],[-157.24725,21.08619],[-157.24747,21.08612],[-157.24763,21.08588],[-157.24802,21.08549],[-157.24864,21.08508],[-157.24875,21.08479],[-157.24866,21.08456],[-157.24842,21.08462],[-157.24828,21.08482],[-157.24802,21.08484],[-157.24762,21.08502],[-157.24745,21.08515],[-157.24708,21.08528],[-157.24683,21.08546],[-157.24658,21.08549],[-157.24616,21.08544],[-157.24593,21.0857],[-157.24522,21.08592],[-157.24481,21.08619],[-157.24466,21.08641],[-157.24413,21.08679],[-157.2439,21.08689],[-157.24324,21.0873],[-157.24338,21.08759],[-157.24306,21.08789],[-157.24264,21.08803],[-157.24135,21.08802],[-157.23997,21.08784],[-157.2392,21.08791],[-157.23817,21.08792],[-157.23695,21.08779],[-157.23553,21.08795],[-157.23466,21.08794],[-157.23395,21.08807],[-157.23326,21.08832],[-157.23225,21.08846],[-157.23189,21.08848],[-157.23149,21.08838],[-157.23103,21.08837],[-157.23053,21.08843],[-157.23015,21.08853],[-157.22981,21.08854],[-157.22922,21.08863],[-157.22887,21.08864],[-157.22812,21.08858],[-157.22745,21.08867],[-157.22697,21.08881],[-157.22641,21.08885],[-157.2253,21.08903],[-157.22456,21.08893],[-157.22313,21.08923],[-157.2228,21.08927],[-157.22232,21.08921],[-157.22158,21.08937],[-157.22105,21.08951],[-157.21994,21.08954],[-157.21902,21.08966],[-157.21854,21.08966],[-157.21818,21.08975],[-157.21753,21.08969],[-157.21696,21.08974],[-157.21651,21.08966],[-157.21599,21.08976],[-157.21557,21.08978],[-157.21506,21.08993],[-157.21416,21.09002],[-157.21356,21.09],[-157.21251,21.0898],[-157.21224,21.08969],[-157.21163,21.08966],[-157.21121,21.08959],[-157.21066,21.08963],[-157.21046,21.08976],[-157.20995,21.08993],[-157.20963,21.08991],[-157.20926,21.08973],[-157.20884,21.08977],[-157.20831,21.08976],[-157.20767,21.08995],[-157.20643,21.09006],[-157.20508,21.0901],[-157.20444,21.08998],[-157.20404,21.09003],[-157.20375,21.09],[-157.20296,21.08978],[-157.20175,21.08972],[-157.20102,21.0899],[-157.20038,21.09012],[-157.20013,21.09024],[-157.19972,21.09033],[-157.19818,21.0904],[-157.1967,21.09031],[-157.19614,21.09042],[-157.19557,21.09077],[-157.19475,21.0909],[-157.19406,21.09091],[-157.19362,21.09103],[-157.19304,21.09096],[-157.19266,21.09122],[-157.19241,21.09122],[-157.19229,21.09138],[-157.19126,21.09117],[-157.1906,21.09114],[-157.1902,21.09128],[-157.18939,21.0913],[-157.1891,21.09126],[-157.1889,21.09131],[-157.18849,21.09129],[-157.18829,21.09137],[-157.18796,21.09139],[-157.18756,21.09161],[-157.18677,21.09165],[-157.18611,21.09172],[-157.18571,21.09149],[-157.18529,21.09095],[-157.185,21.09078],[-157.18472,21.09072],[-157.18426,21.09079],[-157.1838,21.09064],[-157.1835,21.0906],[-157.18294,21.09061],[-157.18234,21.09078],[-157.18138,21.09114],[-157.18062,21.09125],[-157.18006,21.09129],[-157.17923,21.09126],[-157.1785,21.09101],[-157.17826,21.09102],[-157.17798,21.09086],[-157.17773,21.09083],[-157.17742,21.09097],[-157.17687,21.09109],[-157.17624,21.09136],[-157.17496,21.09203],[-157.17479,21.09208],[-157.1745,21.09181],[-157.1738,21.09186],[-157.1737,21.09223],[-157.17359,21.09237],[-157.17265,21.09244],[-157.17149,21.09239],[-157.17079,21.09232],[-157.16984,21.09239],[-157.16916,21.09249],[-157.16876,21.09239],[-157.16806,21.09233],[-157.16743,21.09236],[-157.16686,21.09218],[-157.16586,21.09204],[-157.16529,21.09212],[-157.16481,21.09199],[-157.16414,21.09194],[-157.16351,21.09183],[-157.16304,21.0917],[-157.16272,21.09173],[-157.16223,21.09185],[-157.16128,21.09169],[-157.16086,21.09188],[-157.16051,21.09215],[-157.16008,21.09229],[-157.15938,21.09267],[-157.15859,21.09273],[-157.15784,21.09269],[-157.1573,21.09279],[-157.15665,21.09299],[-157.15527,21.09292],[-157.15488,21.09295],[-157.15448,21.09285],[-157.15305,21.09283],[-157.15248,21.0928],[-157.15193,21.09272],[-157.15109,21.09251],[-157.15028,21.09239],[-157.1498,21.09228],[-157.14934,21.09211],[-157.14934,21.09166],[-157.14906,21.09154],[-157.14922,21.09133],[-157.14906,21.09123],[-157.14885,21.0913],[-157.14774,21.0919],[-157.14743,21.09214],[-157.14685,21.09269],[-157.14668,21.09297],[-157.14544,21.09306],[-157.14525,21.09303],[-157.14343,21.09327],[-157.14217,21.09332],[-157.13957,21.09381],[-157.13843,21.09387],[-157.13789,21.09394],[-157.13728,21.09429],[-157.13661,21.0946],[-157.13589,21.09484],[-157.13551,21.09504],[-157.13506,21.09519],[-157.13412,21.09538],[-157.13236,21.09641],[-157.13209,21.09649],[-157.13144,21.09684],[-157.13064,21.09713],[-157.12959,21.09737],[-157.12875,21.09767],[-157.1284,21.0977],[-157.12802,21.09785],[-157.12739,21.09792],[-157.12709,21.09756],[-157.12685,21.09761],[-157.12682,21.09784],[-157.1266,21.09791],[-157.12639,21.09748],[-157.12591,21.09715],[-157.12541,21.09662],[-157.1257,21.09742],[-157.1257,21.09766],[-157.12535,21.09767],[-157.12522,21.09777],[-157.12491,21.09774],[-157.12465,21.09797],[-157.12448,21.09789],[-157.12421,21.09802],[-157.124,21.09802],[-157.12388,21.09822],[-157.12355,21.09828],[-157.1232,21.09853],[-157.12279,21.09876],[-157.12219,21.09896],[-157.12154,21.09893],[-157.1207,21.09873],[-157.12047,21.0988],[-157.12009,21.09861],[-157.11992,21.09874],[-157.11969,21.0987],[-157.11951,21.09878],[-157.11926,21.09843],[-157.11916,21.09808],[-157.11893,21.09799],[-157.11862,21.0985],[-157.11847,21.09883],[-157.11804,21.09912],[-157.11777,21.09908],[-157.11763,21.09884],[-157.11731,21.09884],[-157.11687,21.09864],[-157.11642,21.09858],[-157.11595,21.09881],[-157.11546,21.09878],[-157.11508,21.09894],[-157.11494,21.09914],[-157.11464,21.09923],[-157.11455,21.0994],[-157.11428,21.09952],[-157.11391,21.09951],[-157.11371,21.09973],[-157.11339,21.09973],[-157.11285,21.1001],[-157.11275,21.1003],[-157.11271,21.10075],[-157.11266,21.10083],[-157.11226,21.10091],[-157.11194,21.1009],[-157.11139,21.1008],[-157.11113,21.10097],[-157.11069,21.10075],[-157.11035,21.10065],[-157.10982,21.10067],[-157.10956,21.10053],[-157.10921,21.10058],[-157.1087,21.10039],[-157.10847,21.10036],[-157.1082,21.10013],[-157.10796,21.10011],[-157.10735,21.10049],[-157.10689,21.10034],[-157.10666,21.10041],[-157.10637,21.10066],[-157.10632,21.10084],[-157.10605,21.10115],[-157.10571,21.10138],[-157.10549,21.10163],[-157.10498,21.10169],[-157.10422,21.1015],[-157.1039,21.10133],[-157.10341,21.10127],[-157.10324,21.10102],[-157.10332,21.10087],[-157.10312,21.10073],[-157.10254,21.10064],[-157.10208,21.10043],[-157.10171,21.10039],[-157.10118,21.1004],[-157.10098,21.10066],[-157.10017,21.10135],[-157.10029,21.10149],[-157.10016,21.1018],[-157.09982,21.1021],[-157.09958,21.10214],[-157.09934,21.1025],[-157.09889,21.10268],[-157.0988,21.10285],[-157.09835,21.10307],[-157.09798,21.10343],[-157.09765,21.10336],[-157.09758,21.10357],[-157.09714,21.10356],[-157.09678,21.10364],[-157.09628,21.10359],[-157.09578,21.10361],[-157.09541,21.1035],[-157.09512,21.1036],[-157.09456,21.10346],[-157.09425,21.10344],[-157.09407,21.10326],[-157.09334,21.10304],[-157.09314,21.10279],[-157.09294,21.10233],[-157.09282,21.10223],[-157.09262,21.1026],[-157.09239,21.10261],[-157.09229,21.10234],[-157.09198,21.10216],[-157.09171,21.10208],[-157.09152,21.10183],[-157.09129,21.102],[-157.09082,21.10195],[-157.09053,21.1018],[-157.09051,21.10202],[-157.0903,21.10212],[-157.09,21.10215],[-157.0896,21.1021],[-157.08951,21.10238],[-157.08912,21.1023],[-157.08847,21.10238],[-157.08837,21.10233],[-157.08803,21.1024],[-157.08767,21.10229],[-157.08726,21.10241],[-157.0867,21.10213],[-157.0864,21.10212],[-157.086,21.10192],[-157.08569,21.10189],[-157.08518,21.10175],[-157.08479,21.10182],[-157.0845,21.10179],[-157.0842,21.10189],[-157.08376,21.10172],[-157.08342,21.10165],[-157.08298,21.10166],[-157.08241,21.10144],[-157.08221,21.10144],[-157.08168,21.10161],[-157.08142,21.10143],[-157.08093,21.10149],[-157.08063,21.10166],[-157.08035,21.10163],[-157.08005,21.10181],[-157.07967,21.10186],[-157.0793,21.10201],[-157.07916,21.10221],[-157.07878,21.10186],[-157.07835,21.10166],[-157.07812,21.10119],[-157.07844,21.10088],[-157.07838,21.10074],[-157.07781,21.10024],[-157.07738,21.10003],[-157.07716,21.10003],[-157.0766,21.10025],[-157.0764,21.10042],[-157.07617,21.10025],[-157.07579,21.1002],[-157.07592,21.09993],[-157.07587,21.0997],[-157.07562,21.0996],[-157.075,21.09955],[-157.07472,21.09984],[-157.07425,21.09999],[-157.07409,21.10025],[-157.07396,21.09983],[-157.07375,21.09945],[-157.07354,21.0995],[-157.07338,21.09918],[-157.07322,21.09912],[-157.07302,21.0993],[-157.07249,21.09928],[-157.07219,21.09951],[-157.07192,21.09941],[-157.07181,21.09927],[-157.07109,21.09912],[-157.07055,21.09934],[-157.07042,21.09949],[-157.07049,21.09972],[-157.0708,21.09994],[-157.0712,21.09993],[-157.07135,21.09978],[-157.07166,21.10014],[-157.07073,21.10007],[-157.07046,21.10008],[-157.0704,21.10031],[-157.07059,21.10053],[-157.07059,21.10068],[-157.07006,21.10068],[-157.06993,21.10077],[-157.06887,21.1007],[-157.06848,21.10072],[-157.06804,21.10068],[-157.06748,21.10052],[-157.06665,21.10049],[-157.06609,21.10023],[-157.0659,21.1],[-157.06572,21.09992],[-157.06523,21.09986],[-157.06507,21.09962],[-157.06467,21.09951],[-157.06383,21.09953],[-157.06352,21.09981],[-157.06329,21.1005],[-157.06326,21.10071],[-157.06299,21.10081],[-157.06293,21.10114],[-157.06271,21.10105],[-157.06233,21.10106],[-157.06221,21.10093],[-157.06235,21.10066],[-157.06227,21.10043],[-157.06238,21.10032],[-157.06271,21.10053],[-157.06288,21.10056],[-157.06309,21.10014],[-157.06312,21.09993],[-157.06293,21.0997],[-157.0625,21.09957],[-157.0621,21.09956],[-157.06175,21.0997],[-157.06149,21.09972],[-157.06119,21.09995],[-157.06047,21.09988],[-157.05998,21.09973],[-157.05953,21.09966],[-157.05873,21.09975],[-157.0585,21.0997],[-157.05789,21.09937],[-157.05751,21.09923],[-157.05699,21.09912],[-157.05673,21.09892],[-157.05616,21.09882],[-157.05594,21.09897],[-157.05562,21.09889],[-157.0555,21.09874],[-157.05509,21.09878],[-157.05446,21.09843],[-157.05408,21.09836],[-157.05295,21.09783],[-157.05252,21.09766],[-157.05177,21.09746],[-157.05026,21.09678],[-157.04973,21.09657],[-157.04898,21.09609],[-157.04852,21.09582],[-157.04793,21.09566],[-157.04695,21.09561],[-157.04654,21.09562],[-157.04608,21.09577],[-157.04486,21.09593],[-157.04437,21.09587],[-157.04341,21.09583],[-157.04289,21.09587],[-157.04247,21.09599],[-157.0421,21.09603],[-157.04167,21.09584],[-157.04115,21.09585],[-157.04092,21.09578],[-157.04022,21.09588],[-157.03958,21.09591],[-157.0392,21.09577],[-157.03866,21.0958],[-157.03795,21.09527],[-157.03763,21.09523],[-157.03723,21.09526],[-157.03637,21.09516],[-157.03586,21.09504],[-157.03449,21.09463],[-157.03403,21.09428],[-157.03345,21.09411],[-157.03352,21.09372],[-157.03354,21.09321],[-157.03325,21.093],[-157.03309,21.09266],[-157.03273,21.09245],[-157.03259,21.09221],[-157.03242,21.09216],[-157.03233,21.0919],[-157.03201,21.09172],[-157.03188,21.09129],[-157.03168,21.09102],[-157.03143,21.09082],[-157.03128,21.09083],[-157.03123,21.09046],[-157.03098,21.09036],[-157.03088,21.09002],[-157.03075,21.08993],[-157.03047,21.08941],[-157.03024,21.08926],[-157.03018,21.08888],[-157.02986,21.0886],[-157.02957,21.08819],[-157.02943,21.08779],[-157.02921,21.08766],[-157.02889,21.08732],[-157.02857,21.08726],[-157.02805,21.08735],[-157.02769,21.08735],[-157.02755,21.08713],[-157.02699,21.08721],[-157.0266,21.08714],[-157.02615,21.08728],[-157.02603,21.08758],[-157.02587,21.08743],[-157.0254,21.08744],[-157.0251,21.08739],[-157.02464,21.08709],[-157.02412,21.0866],[-157.02349,21.08572],[-157.02257,21.08568],[-157.02117,21.08551],[-157.02033,21.0856],[-157.01961,21.0855],[-157.01868,21.08542],[-157.01826,21.0853],[-157.01752,21.08496],[-157.01653,21.08439],[-157.01609,21.08429],[-157.01583,21.0841],[-157.01541,21.08393],[-157.01475,21.08378],[-157.01404,21.08374],[-157.01362,21.08355],[-157.01329,21.08347],[-157.01322,21.08333],[-157.01234,21.08306],[-157.0111,21.08228],[-157.01077,21.08217],[-157.01026,21.08186],[-157.00966,21.08166],[-157.00931,21.08148],[-157.00887,21.08102],[-157.00818,21.08088],[-157.0076,21.08059],[-157.00716,21.08066],[-157.0067,21.08057],[-157.00446,21.08031],[-157.00375,21.08018],[-157.00325,21.08004],[-157.00275,21.07982],[-157.0026,21.07982],[-157.00298,21.079],[-157.00291,21.07859],[-157.00288,21.07804],[-157.00276,21.07775],[-157.00182,21.07718],[-157.00137,21.07696],[-157.00052,21.07675],[-156.99965,21.07679],[-156.99928,21.07691],[-156.99902,21.07721],[-156.99867,21.07774],[-156.99831,21.07803],[-156.99799,21.0781],[-156.99672,21.07814],[-156.99578,21.07799],[-156.99532,21.07774],[-156.99423,21.07772],[-156.99299,21.07741],[-156.99225,21.07694],[-156.99086,21.07682],[-156.99025,21.07663],[-156.98943,21.07659],[-156.98848,21.07633],[-156.98736,21.07589],[-156.98692,21.07578],[-156.98651,21.07561],[-156.98606,21.0755],[-156.98552,21.07544],[-156.985,21.0753],[-156.98424,21.07492],[-156.98338,21.07442],[-156.98312,21.07422],[-156.98267,21.07358],[-156.98212,21.07341],[-156.9816,21.07338],[-156.98158,21.07285],[-156.98149,21.07256],[-156.98157,21.07224],[-156.98157,21.07192],[-156.98146,21.07164],[-156.98114,21.07107],[-156.98095,21.07044],[-156.98061,21.07001],[-156.98021,21.06976],[-156.97948,21.0696],[-156.97873,21.0698],[-156.97844,21.07004],[-156.97818,21.07017],[-156.97776,21.07057],[-156.97747,21.07079],[-156.97722,21.0709],[-156.97659,21.07066],[-156.97594,21.07068],[-156.9753,21.0704],[-156.9748,21.07037],[-156.97407,21.07041],[-156.97359,21.07049],[-156.97328,21.07049],[-156.97187,21.07015],[-156.97154,21.07013],[-156.9705,21.07016],[-156.97026,21.07021],[-156.96958,21.07019],[-156.96875,21.07004],[-156.96802,21.06982],[-156.96692,21.06925],[-156.96649,21.06892],[-156.96637,21.06864],[-156.96678,21.06771],[-156.96686,21.06739],[-156.96675,21.06729],[-156.96622,21.06786],[-156.96526,21.06841],[-156.96471,21.06846],[-156.96371,21.06828],[-156.96321,21.06816],[-156.96297,21.06804],[-156.96183,21.06778],[-156.96138,21.06745],[-156.96115,21.0671],[-156.96104,21.06707],[-156.96042,21.06709],[-156.95992,21.06702],[-156.95924,21.06676],[-156.95874,21.06664],[-156.95779,21.06654],[-156.95712,21.06635],[-156.95668,21.06629],[-156.95628,21.06629],[-156.95566,21.06641],[-156.9548,21.0663],[-156.95387,21.06613],[-156.95252,21.06553],[-156.95187,21.06527],[-156.95105,21.06477],[-156.95068,21.06441],[-156.95018,21.06383],[-156.94999,21.06343],[-156.94639,21.06332],[-156.94544,21.06312],[-156.945,21.06308],[-156.94433,21.06307],[-156.94378,21.06299],[-156.94306,21.06297],[-156.94221,21.06284],[-156.94132,21.06258],[-156.94086,21.06248],[-156.94025,21.06243],[-156.93943,21.06226],[-156.93895,21.06209],[-156.93766,21.06178],[-156.93716,21.06161],[-156.93639,21.06141],[-156.93556,21.0611],[-156.93502,21.06083],[-156.93381,21.06084],[-156.93273,21.06078],[-156.93195,21.06054],[-156.93166,21.06049],[-156.9311,21.06047],[-156.93041,21.06036],[-156.93,21.06014],[-156.92945,21.06004],[-156.92898,21.05989],[-156.92821,21.06007],[-156.9279,21.06007],[-156.92751,21.05998],[-156.92672,21.05998],[-156.92642,21.0599],[-156.92609,21.05994],[-156.92537,21.05981],[-156.9249,21.05958],[-156.9244,21.05958],[-156.92364,21.05931],[-156.92284,21.05949],[-156.92245,21.05954],[-156.92174,21.05945],[-156.92081,21.05949],[-156.92001,21.05934],[-156.91945,21.0592],[-156.91916,21.05907],[-156.91889,21.05883],[-156.91854,21.05873],[-156.91807,21.05868],[-156.91717,21.05812],[-156.9164,21.05759],[-156.91576,21.05726],[-156.9151,21.05704],[-156.91487,21.05677],[-156.91473,21.0567],[-156.91428,21.0567],[-156.91398,21.05662],[-156.91346,21.0568],[-156.91287,21.05676],[-156.91215,21.05658],[-156.9118,21.05653],[-156.91133,21.05659],[-156.91078,21.05653],[-156.91043,21.05634],[-156.90988,21.0559],[-156.90945,21.05581],[-156.90914,21.05569],[-156.90893,21.05569],[-156.9085,21.05591],[-156.90788,21.05587],[-156.90764,21.05576],[-156.90728,21.05606],[-156.90667,21.05618],[-156.90632,21.0563],[-156.90593,21.05616],[-156.90567,21.05599],[-156.90531,21.05564],[-156.90525,21.05527],[-156.9053,21.05505],[-156.90557,21.05487],[-156.90582,21.05482],[-156.90608,21.05458],[-156.90558,21.05454],[-156.90503,21.05457],[-156.90488,21.05469],[-156.90436,21.05543],[-156.90396,21.05574],[-156.90323,21.05602],[-156.9026,21.05607],[-156.90198,21.05596],[-156.90127,21.05565],[-156.90102,21.05542],[-156.90088,21.05479],[-156.90072,21.05458],[-156.90018,21.05436],[-156.89918,21.05427],[-156.89891,21.05433],[-156.8987,21.0545],[-156.89863,21.05481],[-156.89839,21.0551],[-156.89814,21.0551],[-156.8978,21.05521],[-156.89698,21.05504],[-156.89655,21.05521],[-156.89616,21.05516],[-156.89571,21.05533],[-156.89491,21.0552],[-156.89407,21.0548],[-156.89352,21.0545],[-156.89351,21.05415],[-156.89359,21.05398],[-156.89359,21.05352],[-156.89371,21.05299],[-156.89366,21.05239],[-156.89346,21.05171],[-156.89312,21.05129],[-156.89267,21.05052],[-156.89209,21.04983],[-156.89178,21.04958],[-156.89129,21.04927],[-156.89053,21.04895],[-156.88932,21.04874],[-156.88848,21.04869],[-156.88775,21.04875],[-156.88751,21.04873],[-156.8866,21.04883],[-156.88575,21.04897],[-156.8855,21.04916],[-156.88522,21.04905],[-156.885,21.04879],[-156.88419,21.04793],[-156.88399,21.04756],[-156.88376,21.04729],[-156.88389,21.04678],[-156.88361,21.04662],[-156.88295,21.0468],[-156.88185,21.04657],[-156.88159,21.04654],[-156.88134,21.0467],[-156.88121,21.04689],[-156.8812,21.04759],[-156.88098,21.04767],[-156.88072,21.04798],[-156.8806,21.04795],[-156.88097,21.04737],[-156.88079,21.04708],[-156.88027,21.04701],[-156.87977,21.04689],[-156.87904,21.04678],[-156.87864,21.04677],[-156.87825,21.0467],[-156.8775,21.0467],[-156.87699,21.04694],[-156.87679,21.0468],[-156.87632,21.04696],[-156.87592,21.04674],[-156.87514,21.04688],[-156.87475,21.04676],[-156.87461,21.04661],[-156.87458,21.0464],[-156.87467,21.04614],[-156.8744,21.04601],[-156.87404,21.04668],[-156.87394,21.04693],[-156.8737,21.04721],[-156.87356,21.04754],[-156.87354,21.04809],[-156.87319,21.04843],[-156.87302,21.04894],[-156.87287,21.04904],[-156.87222,21.0491],[-156.87189,21.0494],[-156.8715,21.05011],[-156.87135,21.05032],[-156.87111,21.05044],[-156.87087,21.05041],[-156.87065,21.05049],[-156.87033,21.0503],[-156.87005,21.05026],[-156.86984,21.05007],[-156.86966,21.04957],[-156.86945,21.04949],[-156.86886,21.04935],[-156.86864,21.04936],[-156.86831,21.04959],[-156.86753,21.04965],[-156.86724,21.04983],[-156.86668,21.05004],[-156.86637,21.05006],[-156.86608,21.0502],[-156.86564,21.05065],[-156.86542,21.05105],[-156.86522,21.05121],[-156.86467,21.05137],[-156.86426,21.05184],[-156.86398,21.05224],[-156.86348,21.05233],[-156.86317,21.05207],[-156.86266,21.05209],[-156.86235,21.05215],[-156.86188,21.05233],[-156.86147,21.05236],[-156.86081,21.05253],[-156.86062,21.05265],[-156.86034,21.05309],[-156.86005,21.05336],[-156.85988,21.05371],[-156.85985,21.05405],[-156.85988,21.05472],[-156.85971,21.05513],[-156.85959,21.05527],[-156.85925,21.05539],[-156.85902,21.05538],[-156.85855,21.05499],[-156.85834,21.05492],[-156.85826,21.05507],[-156.85827,21.05547],[-156.85809,21.05563],[-156.85744,21.05585],[-156.85646,21.05599],[-156.85629,21.05609],[-156.85597,21.05652],[-156.85584,21.0566],[-156.85541,21.05658],[-156.85519,21.05649],[-156.85489,21.05622],[-156.85466,21.05658],[-156.85432,21.05668],[-156.85399,21.05655],[-156.85348,21.05656],[-156.85332,21.05669],[-156.85299,21.05661],[-156.85272,21.05701],[-156.85219,21.05727],[-156.8515,21.05735],[-156.8508,21.05722],[-156.85058,21.05701],[-156.85006,21.05689],[-156.84963,21.05652],[-156.8493,21.05642],[-156.84914,21.0563],[-156.84884,21.05579],[-156.84848,21.0556],[-156.84835,21.05533],[-156.84807,21.05455],[-156.8479,21.05375],[-156.84808,21.05324],[-156.8481,21.05283],[-156.84852,21.05215],[-156.84919,21.05172],[-156.8495,21.05166],[-156.8498,21.05151],[-156.85008,21.05162],[-156.85024,21.05154],[-156.85041,21.05114],[-156.85064,21.05089],[-156.85096,21.05075],[-156.85133,21.05066],[-156.85181,21.05074],[-156.85177,21.0506],[-156.85138,21.05041],[-156.8509,21.05008],[-156.85024,21.04972],[-156.84957,21.04889],[-156.84935,21.04888],[-156.84909,21.04869],[-156.84899,21.04894],[-156.849,21.05012],[-156.84911,21.05057],[-156.84908,21.05101],[-156.84849,21.05155],[-156.84822,21.05187],[-156.84765,21.05275],[-156.84752,21.05299],[-156.84716,21.05335],[-156.84691,21.05354],[-156.84647,21.05352],[-156.846,21.05366],[-156.84547,21.05355],[-156.84523,21.05363],[-156.8446,21.05395],[-156.84399,21.05401],[-156.84366,21.0542],[-156.84323,21.05426],[-156.84252,21.05426],[-156.84193,21.05417],[-156.84175,21.05393],[-156.84152,21.05386],[-156.84132,21.05361],[-156.84106,21.05367],[-156.84056,21.05398],[-156.84028,21.05433],[-156.8398,21.05449],[-156.8396,21.05465],[-156.8392,21.05468],[-156.83888,21.05483],[-156.83853,21.05471],[-156.83815,21.05408],[-156.83759,21.0536],[-156.8373,21.05346],[-156.83703,21.05342],[-156.8366,21.05352],[-156.83613,21.0538],[-156.83601,21.05392],[-156.8359,21.05433],[-156.83593,21.05491],[-156.83582,21.05522],[-156.83551,21.05557],[-156.8352,21.0556],[-156.83489,21.05582],[-156.83454,21.05631],[-156.83436,21.05697],[-156.83403,21.0573],[-156.83366,21.05785],[-156.83322,21.0581],[-156.83277,21.05792],[-156.83265,21.05806],[-156.83203,21.05812],[-156.83084,21.05861],[-156.83059,21.05868],[-156.8301,21.05891],[-156.82925,21.05926],[-156.82877,21.05939],[-156.82848,21.0596],[-156.82822,21.06],[-156.82795,21.0603],[-156.82742,21.0606],[-156.82685,21.06065],[-156.82652,21.06077],[-156.82596,21.06086],[-156.82473,21.06117],[-156.82375,21.06156],[-156.82355,21.06134],[-156.82297,21.06108],[-156.82226,21.061],[-156.8218,21.0611],[-156.82145,21.06139],[-156.82126,21.06187],[-156.82116,21.06238],[-156.82123,21.06282],[-156.82089,21.06293],[-156.82038,21.06299],[-156.81961,21.06324],[-156.81918,21.06355],[-156.81899,21.06418],[-156.81904,21.06467],[-156.81871,21.06501],[-156.81823,21.06521],[-156.81787,21.06529],[-156.81755,21.06519],[-156.81716,21.06489],[-156.81689,21.06487],[-156.81645,21.06499],[-156.81505,21.06523],[-156.8145,21.06534],[-156.81306,21.06548],[-156.81232,21.06542],[-156.81163,21.06529],[-156.81126,21.06536],[-156.81085,21.0657],[-156.81052,21.06585],[-156.81057,21.06616],[-156.81102,21.06641],[-156.81102,21.0668],[-156.81083,21.06687],[-156.81028,21.06679],[-156.80968,21.06686],[-156.80926,21.06676],[-156.80892,21.0664],[-156.80857,21.06632],[-156.80865,21.06615],[-156.80936,21.06606],[-156.80982,21.06625],[-156.81024,21.06614],[-156.8103,21.06578],[-156.81005,21.06571],[-156.80921,21.06578],[-156.80875,21.06586],[-156.80804,21.06589],[-156.80761,21.06602],[-156.8069,21.0661],[-156.80623,21.06639],[-156.80546,21.06655],[-156.80485,21.06659],[-156.80439,21.06668],[-156.8041,21.06659],[-156.80375,21.06675],[-156.80348,21.06681],[-156.80283,21.06668],[-156.80243,21.06686],[-156.80236,21.06704],[-156.80212,21.06713],[-156.80204,21.06763],[-156.80174,21.06832],[-156.80141,21.06876],[-156.80078,21.0694],[-156.80013,21.06999],[-156.79998,21.06999],[-156.79963,21.06935],[-156.79941,21.06884],[-156.79913,21.0687],[-156.79895,21.06919],[-156.79882,21.06933],[-156.79851,21.06942],[-156.79846,21.06955],[-156.79865,21.07011],[-156.7986,21.0704],[-156.79871,21.07055],[-156.7992,21.07064],[-156.7995,21.07083],[-156.79959,21.07102],[-156.79951,21.07122],[-156.79908,21.0712],[-156.79867,21.07112],[-156.79845,21.07162],[-156.79807,21.07181],[-156.79794,21.07155],[-156.79815,21.07105],[-156.79805,21.07094],[-156.79768,21.07106],[-156.79748,21.07105],[-156.79747,21.07078],[-156.79785,21.07026],[-156.79768,21.06968],[-156.79744,21.06954],[-156.79714,21.06925],[-156.79703,21.06937],[-156.7969,21.06985],[-156.79657,21.07022],[-156.79651,21.07069],[-156.79636,21.07089],[-156.7959,21.07117],[-156.79504,21.07147],[-156.79473,21.07169],[-156.7946,21.07196],[-156.79433,21.07216],[-156.79304,21.07276],[-156.79242,21.07286],[-156.79221,21.07266],[-156.79191,21.07249],[-156.79116,21.07257],[-156.79085,21.07284],[-156.78908,21.07467],[-156.7889,21.07494],[-156.7888,21.07529],[-156.7889,21.0759],[-156.78886,21.07654],[-156.78875,21.07679],[-156.78866,21.07737],[-156.78846,21.07777],[-156.78823,21.07835],[-156.78804,21.07863],[-156.78782,21.07881],[-156.78743,21.07881],[-156.78712,21.07904],[-156.7869,21.07909],[-156.78667,21.07932],[-156.78637,21.07932],[-156.78601,21.07964],[-156.78566,21.07951],[-156.78539,21.07966],[-156.78529,21.07981],[-156.78503,21.0799],[-156.7847,21.07985],[-156.78435,21.08002],[-156.78388,21.07991],[-156.78369,21.07997],[-156.78337,21.0802],[-156.78301,21.08038],[-156.78294,21.08063],[-156.78295,21.081],[-156.7831,21.08131],[-156.78302,21.08145],[-156.78254,21.08151],[-156.78234,21.08169],[-156.78229,21.08194],[-156.78196,21.08186],[-156.78124,21.08194],[-156.78061,21.08231],[-156.77949,21.08268],[-156.77904,21.08273],[-156.77872,21.08268],[-156.77756,21.08265],[-156.77697,21.08255],[-156.77604,21.08252],[-156.77548,21.08246],[-156.77526,21.08254],[-156.77509,21.08276],[-156.7749,21.08313],[-156.77475,21.08356],[-156.77468,21.08426],[-156.77447,21.08486],[-156.77409,21.08535],[-156.77318,21.08603],[-156.77308,21.0862],[-156.77317,21.08645],[-156.77287,21.08668],[-156.77233,21.08668],[-156.77199,21.08663],[-156.77173,21.08684],[-156.77144,21.08678],[-156.77115,21.08715],[-156.77079,21.08785],[-156.77058,21.0886],[-156.77036,21.08897],[-156.76983,21.08957],[-156.76964,21.08967],[-156.76893,21.08988],[-156.76814,21.09017],[-156.76789,21.09021],[-156.76768,21.09049],[-156.76735,21.09076],[-156.76698,21.09118],[-156.76631,21.09175],[-156.76512,21.09237],[-156.76467,21.09249],[-156.76444,21.09249],[-156.76392,21.09295],[-156.76377,21.0932],[-156.76327,21.09368],[-156.76301,21.09385],[-156.76266,21.09396],[-156.76224,21.09434],[-156.76165,21.09478],[-156.76124,21.09494],[-156.76098,21.09514],[-156.76019,21.09531],[-156.75992,21.09541],[-156.75874,21.09612],[-156.7584,21.09636],[-156.75798,21.09656],[-156.75778,21.09675],[-156.75757,21.0971],[-156.75678,21.09768],[-156.75643,21.098],[-156.75616,21.09831],[-156.75547,21.09878],[-156.75516,21.09909],[-156.75497,21.09936],[-156.75463,21.0996],[-156.75384,21.10002],[-156.75345,21.10018],[-156.75306,21.10066],[-156.75286,21.10078],[-156.75268,21.10101],[-156.75222,21.10137],[-156.75181,21.10161],[-156.75122,21.10188],[-156.75068,21.10244],[-156.75033,21.10296],[-156.75013,21.10317],[-156.74978,21.10336],[-156.7496,21.10355],[-156.74924,21.10371],[-156.74864,21.10419],[-156.74821,21.10472],[-156.74743,21.10501],[-156.74655,21.10523],[-156.74621,21.10543],[-156.74597,21.10572],[-156.74585,21.10611],[-156.74565,21.10636],[-156.74553,21.10673],[-156.74537,21.10697],[-156.74511,21.10707],[-156.74486,21.10689],[-156.74457,21.10704],[-156.74447,21.10725],[-156.74394,21.10752],[-156.74392,21.10767],[-156.74437,21.10771],[-156.74425,21.10834],[-156.74427,21.1086],[-156.74447,21.10915],[-156.74456,21.10964],[-156.74485,21.11002],[-156.74501,21.11038],[-156.74495,21.11055],[-156.74454,21.11115],[-156.74388,21.11112],[-156.74341,21.11086],[-156.74301,21.11072],[-156.74275,21.11068],[-156.74236,21.11076],[-156.7419,21.11069],[-156.7413,21.11092],[-156.74096,21.11138],[-156.74074,21.1115],[-156.7405,21.11146],[-156.73996,21.11119],[-156.73979,21.11115],[-156.73934,21.11134],[-156.73928,21.11152],[-156.73927,21.11207],[-156.73945,21.11226],[-156.73964,21.11298],[-156.73979,21.11317],[-156.73996,21.11355],[-156.73987,21.1138],[-156.74025,21.11385],[-156.74039,21.11403],[-156.74038,21.11421],[-156.74006,21.11425],[-156.73964,21.1144],[-156.7395,21.11436],[-156.73874,21.1138],[-156.73828,21.11359],[-156.738,21.11364],[-156.73787,21.11437],[-156.73768,21.11459],[-156.7374,21.11452],[-156.73718,21.11437],[-156.73692,21.11433],[-156.73628,21.11477],[-156.7358,21.11479],[-156.7357,21.11495],[-156.73574,21.11518],[-156.73593,21.11543],[-156.73586,21.11566],[-156.73541,21.11588],[-156.7352,21.11606],[-156.73475,21.11605],[-156.73464,21.11628],[-156.73469,21.11653],[-156.73463,21.11702],[-156.73447,21.11726],[-156.73402,21.1176],[-156.73379,21.11816],[-156.7333,21.11868],[-156.73323,21.11907],[-156.73298,21.1195],[-156.73242,21.11985],[-156.73235,21.11995],[-156.73243,21.12038],[-156.73237,21.12058],[-156.73216,21.12078],[-156.73212,21.1211],[-156.73198,21.12122],[-156.7316,21.12125],[-156.73106,21.12191],[-156.73113,21.12217],[-156.73068,21.1226],[-156.73077,21.12306],[-156.7307,21.12329],[-156.73095,21.12354],[-156.7308,21.12385],[-156.73057,21.12399],[-156.73027,21.12404],[-156.72982,21.12401],[-156.72957,21.12418],[-156.72916,21.1247],[-156.72893,21.12493],[-156.72886,21.12517],[-156.72898,21.12536],[-156.72932,21.12556],[-156.72939,21.12574],[-156.72911,21.12637],[-156.72889,21.12639],[-156.72796,21.12598],[-156.72779,21.12593],[-156.72748,21.12603],[-156.72693,21.12657],[-156.72665,21.12714],[-156.72614,21.12742],[-156.72579,21.12769],[-156.72537,21.12814],[-156.72488,21.12856],[-156.72443,21.1289],[-156.72377,21.12929],[-156.72324,21.12949],[-156.72293,21.12968],[-156.72274,21.13005],[-156.72285,21.13042],[-156.72284,21.13064],[-156.72215,21.1318],[-156.72187,21.13243],[-156.72148,21.13299],[-156.72122,21.13357],[-156.72095,21.13392],[-156.72073,21.13409],[-156.71994,21.13462],[-156.71964,21.13496],[-156.71953,21.13532],[-156.71935,21.13553],[-156.71939,21.13589],[-156.71933,21.13618],[-156.71887,21.13651],[-156.71858,21.13727],[-156.71806,21.1379],[-156.71815,21.13841],[-156.71793,21.13859],[-156.71714,21.13905],[-156.71705,21.13926],[-156.71709,21.13951],[-156.71732,21.13973],[-156.71724,21.14016],[-156.71679,21.14042],[-156.71673,21.1406],[-156.71644,21.14082],[-156.71638,21.14098],[-156.71599,21.14107],[-156.71581,21.1413],[-156.71545,21.14144],[-156.71538,21.1416],[-156.71506,21.14183],[-156.71522,21.14206],[-156.715,21.14254],[-156.71492,21.14294],[-156.71473,21.14319],[-156.71446,21.14326],[-156.71414,21.14347],[-156.7138,21.14351],[-156.71316,21.14387],[-156.71281,21.14431],[-156.71281,21.14457],[-156.71332,21.14494],[-156.71373,21.14536],[-156.71384,21.14563],[-156.71361,21.1459],[-156.7132,21.14602],[-156.71344,21.14629],[-156.71334,21.14646],[-156.71297,21.14673],[-156.71203,21.14722],[-156.71141,21.14772],[-156.71117,21.14801],[-156.71101,21.14834],[-156.71094,21.14869],[-156.71097,21.1489],[-156.71133,21.14916],[-156.71139,21.14933],[-156.71141,21.15045],[-156.71123,21.15088],[-156.71126,21.15102],[-156.71112,21.15133],[-156.71107,21.15171],[-156.71073,21.15226],[-156.71068,21.15266],[-156.71113,21.15288],[-156.71172,21.15366],[-156.71189,21.15404],[-156.71189,21.15451],[-156.71131,21.15587],[-156.71097,21.15614],[-156.71037,21.15629],[-156.70993,21.15656],[-156.70976,21.15699],[-156.70976,21.15744],[-156.7099,21.15804],[-156.71005,21.15841],[-156.71034,21.15864],[-156.71088,21.15901],[-156.71131,21.15941],[-156.71167,21.15966],[-156.71258,21.15982],[-156.71322,21.16],[-156.71363,21.15989],[-156.71431,21.15987],[-156.71462,21.15995],[-156.71573,21.16047],[-156.71632,21.16059],[-156.71708,21.1605],[-156.71793,21.16033],[-156.71914,21.16021],[-156.72,21.1599],[-156.72041,21.15978],[-156.72124,21.15965],[-156.72171,21.15943],[-156.72292,21.15921],[-156.72342,21.15909],[-156.72374,21.15894],[-156.72424,21.15858],[-156.72525,21.15832],[-156.72602,21.15804],[-156.72692,21.15785],[-156.72768,21.15779],[-156.72825,21.15759],[-156.72865,21.15754],[-156.72892,21.15756],[-156.72999,21.15801],[-156.73044,21.15825],[-156.73128,21.15884],[-156.73155,21.15916],[-156.73204,21.15943],[-156.73235,21.15941],[-156.73308,21.15904],[-156.73369,21.15899],[-156.73386,21.15891],[-156.73406,21.15865],[-156.73431,21.15814],[-156.73456,21.15786],[-156.73485,21.15776],[-156.73529,21.15782],[-156.7355,21.15803],[-156.73568,21.15864],[-156.73581,21.15891],[-156.73662,21.1591],[-156.73691,21.15898],[-156.73692,21.15863],[-156.73717,21.15833],[-156.7376,21.15836],[-156.73789,21.15853],[-156.73881,21.1587],[-156.73912,21.15881],[-156.73955,21.15871],[-156.73972,21.15836],[-156.73971,21.1578],[-156.73987,21.15754],[-156.74033,21.15744],[-156.74085,21.15771],[-156.7412,21.15795],[-156.74171,21.15824],[-156.74169,21.15843],[-156.74147,21.15841],[-156.74118,21.15827],[-156.74096,21.15808],[-156.74033,21.15774],[-156.73991,21.15769],[-156.73976,21.15792],[-156.73976,21.15811],[-156.73994,21.15843],[-156.73999,21.15878],[-156.73965,21.15903],[-156.73915,21.15924],[-156.73881,21.15925],[-156.73812,21.1591],[-156.73772,21.15888],[-156.73724,21.15852],[-156.73708,21.15854],[-156.737,21.15878],[-156.73727,21.15889],[-156.7374,21.15906],[-156.73735,21.15994],[-156.73715,21.16044],[-156.73688,21.1607],[-156.73668,21.16072],[-156.73651,21.16049],[-156.73631,21.16037],[-156.73608,21.16052],[-156.736,21.16106],[-156.73596,21.1617],[-156.73606,21.16266],[-156.73616,21.16312],[-156.73619,21.1636],[-156.73602,21.16435],[-156.73598,21.16494],[-156.73601,21.1652],[-156.73592,21.16607],[-156.73594,21.16707],[-156.73588,21.16763],[-156.73576,21.16806],[-156.73576,21.1685],[-156.73596,21.16899],[-156.73638,21.16966],[-156.73663,21.16997],[-156.73706,21.17084],[-156.73754,21.17152],[-156.7383,21.17212],[-156.73875,21.17237],[-156.73919,21.17255],[-156.7398,21.17303],[-156.74028,21.17329],[-156.7407,21.17321],[-156.74072,21.1733],[-156.7411,21.17347],[-156.74187,21.17339],[-156.7423,21.17341],[-156.74353,21.17355],[-156.74394,21.17365],[-156.74453,21.17392],[-156.74538,21.17418],[-156.74583,21.17415],[-156.74639,21.17417],[-156.74718,21.1741],[-156.74758,21.17421],[-156.74824,21.1743],[-156.7486,21.17427],[-156.74946,21.17428],[-156.75024,21.17448],[-156.75095,21.17443],[-156.75196,21.17457],[-156.75267,21.17444],[-156.75382,21.1746],[-156.75436,21.1746],[-156.75525,21.1748],[-156.75555,21.17482],[-156.75639,21.17456],[-156.75722,21.17475],[-156.7581,21.17465],[-156.75848,21.17456],[-156.75918,21.17455],[-156.7603,21.17462],[-156.76082,21.1747],[-156.76149,21.17486],[-156.76207,21.17513],[-156.76233,21.17517],[-156.7635,21.17545],[-156.76469,21.17582],[-156.76541,21.176],[-156.76606,21.17598],[-156.76642,21.17565],[-156.76705,21.17571],[-156.76751,21.1759],[-156.768,21.17618],[-156.76838,21.17621],[-156.76894,21.1764],[-156.76923,21.17644],[-156.76966,21.17632],[-156.77032,21.17623],[-156.77085,21.17595],[-156.77115,21.1757],[-156.77181,21.17476],[-156.77225,21.17429],[-156.77239,21.17406],[-156.77274,21.1738],[-156.77302,21.17372],[-156.77362,21.17374],[-156.77391,21.17381],[-156.77445,21.17406],[-156.7751,21.17411],[-156.77563,21.17432],[-156.77626,21.17444],[-156.77657,21.17441],[-156.77686,21.17427],[-156.77746,21.17408],[-156.77845,21.17348],[-156.77907,21.17321],[-156.77966,21.17311],[-156.78003,21.17312],[-156.7812,21.17345],[-156.78162,21.17369],[-156.78207,21.174],[-156.78238,21.17408],[-156.78288,21.17408],[-156.78337,21.17404],[-156.7843,21.17408],[-156.78516,21.17378],[-156.78565,21.17348],[-156.78609,21.17314],[-156.7869,21.17241],[-156.78741,21.17169],[-156.78772,21.17074],[-156.78786,21.17043],[-156.78797,21.16995],[-156.78819,21.16946],[-156.78861,21.16891],[-156.78873,21.16882],[-156.78919,21.16876],[-156.78945,21.16884],[-156.78975,21.16933],[-156.79002,21.16934],[-156.7901,21.16921],[-156.7901,21.16877],[-156.79035,21.1684],[-156.79086,21.16813],[-156.79203,21.16791],[-156.79259,21.16793],[-156.79312,21.16789],[-156.79359,21.16776],[-156.79454,21.16762],[-156.79499,21.16767],[-156.79585,21.16793],[-156.79596,21.16804],[-156.79666,21.16852],[-156.79689,21.16884],[-156.7973,21.16928],[-156.79738,21.16954],[-156.79794,21.17004],[-156.7982,21.17035],[-156.79831,21.17067],[-156.79857,21.17121],[-156.79888,21.17167],[-156.79917,21.1724],[-156.79975,21.17338],[-156.79998,21.17371],[-156.80054,21.17429],[-156.80094,21.17456],[-156.80123,21.17466],[-156.80183,21.1748],[-156.80244,21.17504],[-156.80282,21.17513],[-156.80387,21.17522],[-156.8044,21.17521],[-156.80484,21.175],[-156.80517,21.17473],[-156.80551,21.17438],[-156.80592,21.17415],[-156.80616,21.17389],[-156.80636,21.17377],[-156.8068,21.17341],[-156.80752,21.17307],[-156.80812,21.17282],[-156.80862,21.1727],[-156.80922,21.17262],[-156.80976,21.17262],[-156.81049,21.17274],[-156.81111,21.17294],[-156.81148,21.17299],[-156.8121,21.17282],[-156.81279,21.17237],[-156.81301,21.17231],[-156.81425,21.17206],[-156.81488,21.17196],[-156.81522,21.17194],[-156.81621,21.17213],[-156.81662,21.17212],[-156.81701,21.17196],[-156.81768,21.17197],[-156.81856,21.17169],[-156.81919,21.17138],[-156.81991,21.17072],[-156.82125,21.1694],[-156.82177,21.16902],[-156.82235,21.16877],[-156.8227,21.16854],[-156.82307,21.16837],[-156.82352,21.1683],[-156.8242,21.16806],[-156.82453,21.16786],[-156.82555,21.1675],[-156.82588,21.16756],[-156.82669,21.16806],[-156.82723,21.16808],[-156.82734,21.16787],[-156.82731,21.16757],[-156.82693,21.16699],[-156.82695,21.1664],[-156.82703,21.16629],[-156.82744,21.16602],[-156.82787,21.16564],[-156.82835,21.1656],[-156.8287,21.16526],[-156.82956,21.16479],[-156.83044,21.16418],[-156.83161,21.16381],[-156.83267,21.16377],[-156.83344,21.16369],[-156.83434,21.16397],[-156.83478,21.16404],[-156.83621,21.16408],[-156.83699,21.16428],[-156.83877,21.16465],[-156.83948,21.16503],[-156.83998,21.16541],[-156.84146,21.16631],[-156.84265,21.16683],[-156.84358,21.16687],[-156.84523,21.16653],[-156.84636,21.16618],[-156.84758,21.16595],[-156.84915,21.16516],[-156.85014,21.16441],[-156.8507,21.16383],[-156.85185,21.16347],[-156.8525,21.16341],[-156.8531,21.16319],[-156.85408,21.16326],[-156.85458,21.1635],[-156.85538,21.16359],[-156.85606,21.16354],[-156.85665,21.16303],[-156.85818,21.16289],[-156.85913,21.16305],[-156.86024,21.16307],[-156.86101,21.16264],[-156.86198,21.16252],[-156.86347,21.16195],[-156.86388,21.16187],[-156.86427,21.16161],[-156.86586,21.16139],[-156.8669,21.16137],[-156.86805,21.16168],[-156.86841,21.16181],[-156.86893,21.16228],[-156.8694,21.16279],[-156.86985,21.16319],[-156.87027,21.16397],[-156.87116,21.1649],[-156.87169,21.16508],[-156.87219,21.16514],[-156.87273,21.16544],[-156.87295,21.16597],[-156.87333,21.16605],[-156.87398,21.16685],[-156.87416,21.16689],[-156.87417,21.16654],[-156.87375,21.16581],[-156.87375,21.16557],[-156.87452,21.16519],[-156.87474,21.16479],[-156.87502,21.16472],[-156.87563,21.16496],[-156.87576,21.16526],[-156.87592,21.16584],[-156.87613,21.16633],[-156.87648,21.16672],[-156.87689,21.16696],[-156.87711,21.16685],[-156.87722,21.16667],[-156.87706,21.16635],[-156.87711,21.16613],[-156.8774,21.16588],[-156.87758,21.16552],[-156.87771,21.1651],[-156.87805,21.16478],[-156.87838,21.16466],[-156.87844,21.16401],[-156.87851,21.16362],[-156.87837,21.16348],[-156.87836,21.16323],[-156.87843,21.16293],[-156.87876,21.16281],[-156.87889,21.16212],[-156.87909,21.16171],[-156.87938,21.16094],[-156.88024,21.16086],[-156.88039,21.16094],[-156.88166,21.16097],[-156.88208,21.16112],[-156.88246,21.16116],[-156.88307,21.16134],[-156.88303,21.16157],[-156.88336,21.16167],[-156.88355,21.16209],[-156.88375,21.16229],[-156.88377,21.16257],[-156.88398,21.16286],[-156.88405,21.16314],[-156.88399,21.16342],[-156.88408,21.16379],[-156.88438,21.16398],[-156.88442,21.16453],[-156.88407,21.16521],[-156.88432,21.1659],[-156.88461,21.16634],[-156.88471,21.1667],[-156.8847,21.16734],[-156.88482,21.16763],[-156.88502,21.16787],[-156.88539,21.1682],[-156.88564,21.1683],[-156.88615,21.16838],[-156.88712,21.16839],[-156.88807,21.16844],[-156.88867,21.16816],[-156.8892,21.16827],[-156.89006,21.16831],[-156.89046,21.1684],[-156.89068,21.16853],[-156.89087,21.1688],[-156.89178,21.16919],[-156.89252,21.1696],[-156.89311,21.1697],[-156.89365,21.16974],[-156.89447,21.17018],[-156.89451,21.17002],[-156.89444,21.16966],[-156.89433,21.16944],[-156.89408,21.16923],[-156.89368,21.16871],[-156.89347,21.16812],[-156.8933,21.16782],[-156.89306,21.1676],[-156.89292,21.16715],[-156.89268,21.16684],[-156.89278,21.16669],[-156.89269,21.16631],[-156.89301,21.16641],[-156.89325,21.16658],[-156.89349,21.16666],[-156.89383,21.16667],[-156.89414,21.16655],[-156.89435,21.16634],[-156.89431,21.16615],[-156.89446,21.16596],[-156.89447,21.16571],[-156.8947,21.16549],[-156.89491,21.16501],[-156.89525,21.16468],[-156.89521,21.16401],[-156.89529,21.16381],[-156.89571,21.16324],[-156.89586,21.16318],[-156.89628,21.1632],[-156.89649,21.16299],[-156.89699,21.16281],[-156.89714,21.16256],[-156.89719,21.16211],[-156.89746,21.1617],[-156.89773,21.16154],[-156.89798,21.1617],[-156.89803,21.16231],[-156.8982,21.16252],[-156.89847,21.1631],[-156.89874,21.16311],[-156.89899,21.16298],[-156.89952,21.16243],[-156.90079,21.162],[-156.90131,21.16196],[-156.90193,21.16209],[-156.90233,21.16222],[-156.90256,21.1624],[-156.90266,21.1626],[-156.90265,21.16294],[-156.90253,21.16312],[-156.9022,21.16327],[-156.9021,21.16362],[-156.90213,21.16384],[-156.90226,21.16397],[-156.90282,21.16426],[-156.90306,21.16452],[-156.90337,21.16472],[-156.90376,21.16481],[-156.90413,21.16511],[-156.90453,21.16517],[-156.9048,21.16506],[-156.90554,21.16505],[-156.90618,21.16528],[-156.90668,21.16515],[-156.90682,21.16505],[-156.90698,21.16462],[-156.90721,21.16432],[-156.90754,21.16415],[-156.90817,21.16421],[-156.90902,21.16442],[-156.90981,21.16441],[-156.91014,21.16446],[-156.91103,21.16471],[-156.91148,21.16489],[-156.91194,21.16515],[-156.91341,21.1658],[-156.91404,21.16627],[-156.91428,21.16655],[-156.91437,21.1668],[-156.91424,21.16713],[-156.91438,21.16727],[-156.9147,21.16733],[-156.91453,21.16768],[-156.91459,21.16804],[-156.91453,21.16838],[-156.91406,21.16859],[-156.91394,21.169],[-156.91424,21.16912],[-156.91448,21.16947],[-156.91442,21.16974],[-156.91458,21.1699],[-156.91481,21.16979],[-156.91495,21.16993],[-156.91533,21.16997],[-156.91546,21.17019],[-156.91536,21.17072],[-156.91514,21.17086],[-156.91507,21.17115],[-156.9149,21.17127],[-156.91497,21.17159],[-156.91518,21.17155],[-156.9156,21.17105],[-156.91572,21.17081],[-156.91609,21.17072],[-156.91609,21.17049],[-156.91626,21.1704],[-156.91683,21.17054],[-156.91723,21.17022],[-156.92045,21.16408],[-156.92103,21.16293],[-156.92081,21.16283],[-156.92038,21.16305],[-156.91983,21.16345],[-156.91959,21.16333],[-156.9194,21.16295],[-156.91903,21.16306],[-156.91836,21.16348],[-156.91763,21.16371],[-156.9171,21.16371],[-156.91655,21.16313],[-156.91629,21.16253],[-156.91588,21.16238],[-156.91544,21.1618],[-156.91425,21.16072],[-156.91359,21.16028],[-156.91333,21.15973],[-156.9126,21.15973],[-156.91242,21.15916],[-156.9126,21.15815],[-156.91184,21.15795],[-156.91151,21.15772],[-156.9113,21.15733],[-156.91096,21.15687],[-156.91,21.15649],[-156.90918,21.15586],[-156.90883,21.15542],[-156.90881,21.15488],[-156.90864,21.15415],[-156.90818,21.15359],[-156.90704,21.1526],[-156.90693,21.15218],[-156.90695,21.15162],[-156.90664,21.15159],[-156.90617,21.15183],[-156.90552,21.15184],[-156.90509,21.1514],[-156.90454,21.15098],[-156.90409,21.15053],[-156.90348,21.1501],[-156.90281,21.15005],[-156.90235,21.14912],[-156.90147,21.14879],[-156.90098,21.14933],[-156.90054,21.14882],[-156.90032,21.14845],[-156.89969,21.14857],[-156.89914,21.14857],[-156.89832,21.14836],[-156.89735,21.1488],[-156.8964,21.14949],[-156.89609,21.1494],[-156.89603,21.14899],[-156.89602,21.14842],[-156.89636,21.14812],[-156.89807,21.14805],[-156.89888,21.1476],[-156.89927,21.14706],[-156.90028,21.14542],[-156.90052,21.14401],[-156.90049,21.14297],[-156.89967,21.14254],[-156.89921,21.1421],[-156.89924,21.14145],[-156.89895,21.14083],[-156.89937,21.1406],[-156.8998,21.14006],[-156.90037,21.13976],[-156.9008,21.13908],[-156.90114,21.13799],[-156.90135,21.13693],[-156.90118,21.13606],[-156.90129,21.13544],[-156.90171,21.1343],[-156.90166,21.13328],[-156.90085,21.13252],[-156.90024,21.13162],[-156.90398,21.13118],[-156.90938,21.1305],[-156.9105,21.13031],[-156.91494,21.12967],[-156.91807,21.12948],[-156.91968,21.13007],[-156.92125,21.13101],[-156.92258,21.1321],[-156.92428,21.13398],[-156.92532,21.13586],[-156.92608,21.13662],[-156.92747,21.13761],[-156.92816,21.13773],[-156.9288,21.13821],[-156.92936,21.13892],[-156.92984,21.13962],[-156.92983,21.14089],[-156.92974,21.14124],[-156.92988,21.14152],[-156.93016,21.14133],[-156.93054,21.14128],[-156.93089,21.14166],[-156.93071,21.14264],[-156.93104,21.14277],[-156.93112,21.14313],[-156.93099,21.1435],[-156.93108,21.14369],[-156.93139,21.1441],[-156.93162,21.1446],[-156.93158,21.14505],[-156.93189,21.14527],[-156.93231,21.14545],[-156.93254,21.14603],[-156.93305,21.1468],[-156.93382,21.14787],[-156.93406,21.14871],[-156.93433,21.1489],[-156.93468,21.14936],[-156.93499,21.1503],[-156.93508,21.15078],[-156.9356,21.15093],[-156.93609,21.15112],[-156.9363,21.15157],[-156.93627,21.15199],[-156.93707,21.15246],[-156.93714,21.15279],[-156.93686,21.15302],[-156.93694,21.15335],[-156.93735,21.15375],[-156.93773,21.15399],[-156.93797,21.15456],[-156.9383,21.15464],[-156.93851,21.15442],[-156.93892,21.15455],[-156.93918,21.15545],[-156.94026,21.15572],[-156.94085,21.15598],[-156.94131,21.15624],[-156.94163,21.15621],[-156.94148,21.15695],[-156.94161,21.15755],[-156.94184,21.15789],[-156.94167,21.15813],[-156.94157,21.15963],[-156.94184,21.15995],[-156.94214,21.16017],[-156.9426,21.15999],[-156.94301,21.15948],[-156.94328,21.15909],[-156.94421,21.15859],[-156.94499,21.15848],[-156.94471,21.15802],[-156.94423,21.15796],[-156.94416,21.15767],[-156.94458,21.1573],[-156.94536,21.15706],[-156.94607,21.15711],[-156.94667,21.15698],[-156.94668,21.15611],[-156.94724,21.15601],[-156.94794,21.1558],[-156.94813,21.15531],[-156.94766,21.1548],[-156.94775,21.15444],[-156.94829,21.1542],[-156.94922,21.15433],[-156.95005,21.15375],[-156.95104,21.15346],[-156.95195,21.15373],[-156.95286,21.15426],[-156.95365,21.15481],[-156.9543,21.15481],[-156.95453,21.15526],[-156.95522,21.15538],[-156.95555,21.15584],[-156.95587,21.1559],[-156.95636,21.15587],[-156.95612,21.15669],[-156.95664,21.15715],[-156.9576,21.15804],[-156.95785,21.15892],[-156.95841,21.15995],[-156.95893,21.16095],[-156.95873,21.16238],[-156.95863,21.16336],[-156.95901,21.16372],[-156.95897,21.16402],[-156.95917,21.16703],[-156.95911,21.16813],[-156.95874,21.16922],[-156.95896,21.1698],[-156.95915,21.17064],[-156.95933,21.17215],[-156.95871,21.17455],[-156.9588,21.17524],[-156.95915,21.17568],[-156.95908,21.17596],[-156.9594,21.1764],[-156.95985,21.17677],[-156.95979,21.17719],[-156.96042,21.17837],[-156.96055,21.17902],[-156.96067,21.17936],[-156.96103,21.17943],[-156.96144,21.17973],[-156.96188,21.17968],[-156.96239,21.18011],[-156.963,21.18002],[-156.96317,21.17955],[-156.96307,21.179],[-156.96262,21.17774],[-156.96164,21.17606],[-156.96184,21.17554],[-156.96249,21.17522],[-156.96239,21.17473],[-156.96268,21.17426],[-156.96263,21.17355],[-156.96283,21.17271],[-156.96301,21.17204],[-156.9626,21.17109],[-156.96273,21.17059],[-156.96273,21.16991],[-156.96323,21.1693],[-156.96328,21.16863],[-156.96346,21.16803],[-156.96347,21.16756],[-156.96364,21.16747],[-156.96393,21.16749],[-156.96368,21.16688],[-156.96367,21.16645],[-156.96398,21.1662],[-156.96447,21.16675],[-156.96468,21.16639],[-156.96481,21.16602],[-156.96475,21.16567],[-156.96403,21.16487],[-156.96312,21.1638],[-156.96262,21.16352],[-156.96233,21.16326],[-156.96222,21.16291],[-156.96235,21.16272],[-156.96274,21.16251],[-156.9626,21.1623],[-156.96208,21.16217],[-156.96144,21.16212],[-156.96089,21.16168],[-156.96012,21.16191],[-156.95985,21.16153],[-156.96171,21.16054],[-156.96251,21.15937],[-156.96537,21.15934],[-156.96505,21.15985],[-156.96562,21.16051],[-156.96751,21.16209],[-156.96764,21.16205],[-156.96819,21.16264],[-156.96872,21.16326],[-156.96923,21.16365],[-156.96933,21.1639],[-156.97014,21.16458],[-156.97116,21.16524],[-156.97129,21.16558],[-156.97163,21.16565],[-156.97177,21.16667],[-156.9721,21.16768],[-156.97187,21.16851],[-156.97142,21.1689],[-156.97187,21.16984],[-156.97231,21.17124],[-156.97317,21.17301],[-156.97362,21.17327],[-156.97371,21.17368],[-156.97376,21.17426],[-156.97389,21.17487],[-156.97364,21.17524],[-156.9739,21.17537],[-156.97416,21.17536],[-156.97534,21.1759],[-156.97556,21.17632],[-156.97647,21.17655],[-156.97703,21.17694],[-156.97745,21.17688],[-156.97877,21.17781],[-156.97933,21.1781],[-156.9799,21.17804],[-156.9808,21.1779],[-156.98135,21.17808],[-156.98193,21.17852],[-156.98273,21.17889],[-156.98351,21.17894],[-156.98402,21.17919],[-156.9851,21.17908],[-156.98667,21.17854],[-156.98773,21.17841],[-156.98877,21.17852],[-156.98944,21.17827],[-156.9901,21.1783],[-156.99053,21.17828],[-156.99136,21.17801],[-156.99206,21.17792],[-156.99293,21.17769],[-156.99333,21.17802],[-156.99391,21.17787],[-156.99545,21.17827],[-156.99807,21.17798],[-157.0,21.17785],[-157.00081,21.17792],[-157.00321,21.1783],[-157.00364,21.17844],[-157.00412,21.17851],[-157.00428,21.17842],[-157.00422,21.17818],[-157.00393,21.17802],[-157.00338,21.17791],[-157.00321,21.17778],[-157.00319,21.17755],[-157.00306,21.17734],[-157.00269,21.17693],[-157.00254,21.1766],[-157.00254,21.17633],[-157.00286,21.17612],[-157.00309,21.17634],[-157.00347,21.1771],[-157.00389,21.17741],[-157.00439,21.17766],[-157.00469,21.17787],[-157.005,21.17794],[-157.00541,21.17797],[-157.00562,21.17818],[-157.00563,21.17855],[-157.00581,21.17892],[-157.00613,21.17914],[-157.00701,21.17912],[-157.00745,21.17925],[-157.00764,21.1797],[-157.00795,21.18003],[-157.0083,21.18016],[-157.00924,21.18023],[-157.00968,21.18065],[-157.01029,21.18076],[-157.01094,21.18081],[-157.01151,21.18122],[-157.01214,21.18176],[-157.01284,21.18192],[-157.01328,21.18218],[-157.01402,21.18245],[-157.01461,21.18235],[-157.01458,21.18393]]]]},"properties":{"objectid":3,"geoid20":"15009","name20":"Maui","namelsad20":"Maui County","aland20":3008348848,"awater20":3203294214,"pop20":164754,"st_areashape":3015565836.1845574,"st_perimetershape":662198.6664346118}},{"type":"Feature","geometry":{"type":"Polygon","coordinates":[[[-155.85034,20.2682],[-155.85054,20.26847],[-155.85082,20.26834],[-155.85101,20.26815],[-155.85171,20.26797],[-155.85185,20.26772],[-155.8522,20.26774],[-155.85262,20.26815],[-155.85304,20.26837],[-155.85357,20.26832],[-155.85381,20.26835],[-155.85391,20.26802],[-155.85425,20.26765],[-155.85455,20.26749],[-155.85509,20.2673],[-155.85539,20.26732],[-155.85565,20.26746],[-155.85609,20.26751],[-155.85626,20.26742],[-155.85644,20.2671],[-155.8568,20.26699],[-155.85744,20.26705],[-155.8578,20.26718],[-155.85837,20.2669],[-155.85852,20.2667],[-155.85884,20.26652],[-155.85926,20.26642],[-155.85963,20.26646],[-155.85989,20.26642],[-155.86055,20.26597],[-155.86086,20.26588],[-155.8613,20.26608],[-155.862,20.26602],[-155.86227,20.26639],[-155.86272,20.26595],[-155.86319,20.26586],[-155.86356,20.26606],[-155.86413,20.26604],[-155.8643,20.26616],[-155.86449,20.26609],[-155.86485,20.26619],[-155.86501,20.26633],[-155.86569,20.26636],[-155.86589,20.26627],[-155.86632,20.26636],[-155.86659,20.2661],[-155.8668,20.266],[-155.86688,20.26571],[-155.86712,20.26533],[-155.86746,20.26526],[-155.86847,20.26544],[-155.8689,20.26545],[-155.86922,20.26531],[-155.86946,20.26509],[-155.86993,20.26508],[-155.87018,20.265],[-155.87038,20.26484],[-155.87063,20.26479],[-155.87107,20.26462],[-155.87129,20.2646],[-155.8717,20.26416],[-155.87187,20.26378],[-155.87206,20.26352],[-155.87234,20.26336],[-155.87285,20.26294],[-155.87328,20.26269],[-155.87428,20.26251],[-155.8748,20.26231],[-155.87508,20.26215],[-155.87544,20.26205],[-155.87587,20.26212],[-155.8763,20.26189],[-155.8764,20.26172],[-155.8767,20.26166],[-155.87713,20.26148],[-155.8772,20.26139],[-155.87763,20.26124],[-155.87785,20.26096],[-155.87766,20.26068],[-155.87785,20.26043],[-155.87789,20.26018],[-155.87804,20.26003],[-155.87834,20.26001],[-155.87863,20.25989],[-155.87908,20.26014],[-155.87935,20.26023],[-155.87942,20.2601],[-155.87993,20.2599],[-155.88018,20.25961],[-155.88008,20.25899],[-155.87984,20.25877],[-155.87978,20.25856],[-155.87995,20.25844],[-155.88036,20.25835],[-155.88068,20.25804],[-155.88089,20.25815],[-155.88148,20.25745],[-155.88178,20.25728],[-155.88209,20.25732],[-155.8824,20.25728],[-155.8827,20.25706],[-155.8829,20.25708],[-155.88302,20.25677],[-155.88315,20.25673],[-155.88334,20.25647],[-155.88366,20.25645],[-155.88372,20.25619],[-155.8839,20.25595],[-155.88422,20.25572],[-155.88439,20.25551],[-155.8845,20.25513],[-155.88478,20.25481],[-155.88518,20.25466],[-155.88531,20.25493],[-155.88544,20.25493],[-155.88534,20.2545],[-155.8852,20.25422],[-155.8854,20.25353],[-155.8853,20.2532],[-155.88543,20.25288],[-155.8857,20.25269],[-155.88595,20.25263],[-155.886,20.25234],[-155.88621,20.25224],[-155.88635,20.25233],[-155.8866,20.25219],[-155.88691,20.25227],[-155.88702,20.25217],[-155.88752,20.25222],[-155.8876,20.25202],[-155.88793,20.25161],[-155.8882,20.25104],[-155.88854,20.25098],[-155.88819,20.2506],[-155.88802,20.25057],[-155.88794,20.25038],[-155.88793,20.25002],[-155.88805,20.24992],[-155.88813,20.24955],[-155.88855,20.24902],[-155.88865,20.24875],[-155.88847,20.24861],[-155.88877,20.24828],[-155.88865,20.24788],[-155.88888,20.24769],[-155.88898,20.24747],[-155.88918,20.24735],[-155.88935,20.24711],[-155.88924,20.24656],[-155.88936,20.24636],[-155.88911,20.24626],[-155.88906,20.24593],[-155.88878,20.24573],[-155.88893,20.24548],[-155.88859,20.24535],[-155.88876,20.24495],[-155.88909,20.2444],[-155.88899,20.24419],[-155.88917,20.24388],[-155.88909,20.24373],[-155.88936,20.2436],[-155.88925,20.24343],[-155.88934,20.24323],[-155.88956,20.24303],[-155.89019,20.24222],[-155.89037,20.24221],[-155.8906,20.24202],[-155.89084,20.24207],[-155.89112,20.24228],[-155.89124,20.24221],[-155.89119,20.24193],[-155.89145,20.24193],[-155.8916,20.24204],[-155.8919,20.24198],[-155.89225,20.24198],[-155.8921,20.24174],[-155.89211,20.24148],[-155.89246,20.24142],[-155.89271,20.24129],[-155.89277,20.24114],[-155.8928,20.24067],[-155.89247,20.24058],[-155.89287,20.24026],[-155.89302,20.2404],[-155.89322,20.24041],[-155.89335,20.24011],[-155.89325,20.2397],[-155.89348,20.23951],[-155.89342,20.23918],[-155.89313,20.23928],[-155.89296,20.2392],[-155.89298,20.23892],[-155.89308,20.23877],[-155.89335,20.23866],[-155.89345,20.23834],[-155.89333,20.23818],[-155.89362,20.23809],[-155.8935,20.23766],[-155.89379,20.23741],[-155.89407,20.23754],[-155.89429,20.23741],[-155.89478,20.23723],[-155.89515,20.23743],[-155.89521,20.237],[-155.89538,20.23707],[-155.89571,20.23662],[-155.89597,20.23664],[-155.89619,20.2368],[-155.89636,20.23668],[-155.89629,20.23638],[-155.89609,20.23608],[-155.89628,20.23587],[-155.89642,20.23559],[-155.89628,20.23541],[-155.89639,20.23509],[-155.89639,20.23463],[-155.89657,20.23442],[-155.89699,20.23453],[-155.89723,20.23467],[-155.89727,20.2343],[-155.89708,20.23415],[-155.89714,20.23389],[-155.8975,20.23372],[-155.89756,20.23355],[-155.89787,20.23314],[-155.89761,20.23287],[-155.89789,20.23273],[-155.89813,20.23277],[-155.89823,20.23253],[-155.89822,20.23228],[-155.89808,20.23214],[-155.89821,20.23198],[-155.89806,20.23167],[-155.89868,20.23112],[-155.89866,20.23089],[-155.89882,20.23055],[-155.89909,20.23054],[-155.89938,20.23009],[-155.89931,20.22981],[-155.89878,20.22944],[-155.89906,20.22929],[-155.8994,20.22922],[-155.89944,20.22886],[-155.89916,20.22868],[-155.89941,20.22847],[-155.89941,20.22835],[-155.89908,20.22825],[-155.89882,20.22787],[-155.89877,20.22747],[-155.89833,20.22754],[-155.89829,20.22709],[-155.89837,20.22672],[-155.89862,20.22621],[-155.89845,20.22603],[-155.89891,20.22592],[-155.89905,20.22568],[-155.89908,20.22538],[-155.8989,20.22521],[-155.89886,20.22477],[-155.89869,20.22443],[-155.89871,20.224],[-155.89866,20.22382],[-155.89898,20.22359],[-155.89925,20.22331],[-155.89947,20.22317],[-155.89996,20.22299],[-155.89992,20.22238],[-155.89979,20.22232],[-155.89986,20.222],[-155.90005,20.22178],[-155.90004,20.22162],[-155.90022,20.22122],[-155.90043,20.22112],[-155.90063,20.22081],[-155.90068,20.22056],[-155.90103,20.22034],[-155.90106,20.22012],[-155.90084,20.22003],[-155.90056,20.22011],[-155.9005,20.21992],[-155.90079,20.21925],[-155.90083,20.2189],[-155.90048,20.21855],[-155.90053,20.2184],[-155.90033,20.21832],[-155.90056,20.21799],[-155.90052,20.21792],[-155.90096,20.21748],[-155.90112,20.21751],[-155.90123,20.21719],[-155.90088,20.21702],[-155.90084,20.21677],[-155.90125,20.21671],[-155.90126,20.2164],[-155.90167,20.21641],[-155.90181,20.21587],[-155.90204,20.2156],[-155.90204,20.21536],[-155.90224,20.21515],[-155.9021,20.21464],[-155.90214,20.21388],[-155.90239,20.21378],[-155.90258,20.21392],[-155.90284,20.21392],[-155.9029,20.21376],[-155.90273,20.21307],[-155.90283,20.21267],[-155.90277,20.21256],[-155.90285,20.21228],[-155.90245,20.21213],[-155.90207,20.21169],[-155.90186,20.2117],[-155.90169,20.21119],[-155.90171,20.21092],[-155.90156,20.21062],[-155.9017,20.2105],[-155.90159,20.21034],[-155.9016,20.21],[-155.90171,20.20982],[-155.90158,20.2097],[-155.90157,20.20909],[-155.90165,20.20899],[-155.90163,20.20851],[-155.90155,20.20824],[-155.90142,20.20817],[-155.90126,20.20765],[-155.90151,20.20715],[-155.90154,20.20692],[-155.90174,20.20662],[-155.90138,20.20659],[-155.90126,20.20629],[-155.90142,20.20607],[-155.9016,20.20625],[-155.90177,20.20611],[-155.90172,20.20573],[-155.90176,20.20556],[-155.90154,20.2054],[-155.90156,20.20508],[-155.9017,20.20497],[-155.90162,20.20469],[-155.90178,20.20452],[-155.90199,20.20413],[-155.90209,20.20344],[-155.90185,20.20293],[-155.90195,20.20275],[-155.90248,20.20231],[-155.90261,20.20244],[-155.90294,20.20239],[-155.90302,20.20227],[-155.90289,20.20207],[-155.90279,20.20166],[-155.90244,20.2014],[-155.90243,20.20125],[-155.90256,20.20096],[-155.90256,20.20073],[-155.90277,20.20052],[-155.90299,20.20057],[-155.90298,20.20031],[-155.90322,20.19995],[-155.90317,20.19947],[-155.90276,20.19923],[-155.9028,20.19884],[-155.90304,20.1985],[-155.90292,20.19826],[-155.90327,20.19772],[-155.90368,20.19768],[-155.90401,20.1975],[-155.90409,20.19707],[-155.90427,20.19691],[-155.90402,20.19646],[-155.90437,20.19612],[-155.90423,20.19499],[-155.90402,20.19448],[-155.90342,20.19373],[-155.90333,20.19353],[-155.90315,20.19348],[-155.90316,20.1933],[-155.90335,20.1932],[-155.90341,20.19295],[-155.90322,20.19244],[-155.90333,20.19228],[-155.90296,20.19191],[-155.90282,20.19155],[-155.90289,20.19144],[-155.90262,20.19123],[-155.90248,20.19105],[-155.90248,20.19075],[-155.90222,20.19073],[-155.9022,20.19051],[-155.90247,20.19041],[-155.90247,20.19027],[-155.90226,20.19021],[-155.90206,20.18988],[-155.90226,20.1894],[-155.90218,20.18921],[-155.90191,20.18916],[-155.90171,20.18877],[-155.90189,20.18865],[-155.90215,20.18875],[-155.90225,20.18858],[-155.90221,20.18841],[-155.90235,20.18829],[-155.90259,20.18829],[-155.90293,20.18845],[-155.90308,20.18833],[-155.90311,20.18807],[-155.90338,20.1878],[-155.90341,20.18744],[-155.9036,20.18707],[-155.90351,20.18695],[-155.90311,20.18691],[-155.90212,20.18656],[-155.90207,20.18636],[-155.90184,20.18628],[-155.90197,20.18609],[-155.90192,20.18592],[-155.90214,20.18583],[-155.90189,20.18553],[-155.90182,20.18511],[-155.90141,20.18499],[-155.90149,20.18453],[-155.90134,20.18441],[-155.90105,20.1844],[-155.90084,20.1843],[-155.90067,20.18439],[-155.90052,20.18429],[-155.90042,20.18404],[-155.90046,20.18387],[-155.90068,20.18377],[-155.90152,20.18365],[-155.90142,20.18313],[-155.90151,20.18273],[-155.90162,20.18264],[-155.9018,20.18231],[-155.90207,20.18206],[-155.90209,20.18193],[-155.90193,20.18156],[-155.90214,20.18116],[-155.90193,20.18098],[-155.9019,20.18052],[-155.90203,20.1799],[-155.90192,20.1797],[-155.9014,20.1793],[-155.90094,20.1791],[-155.9006,20.17884],[-155.90056,20.17848],[-155.90095,20.17813],[-155.9007,20.17807],[-155.90063,20.17781],[-155.90035,20.17766],[-155.90033,20.1774],[-155.9004,20.1772],[-155.90015,20.17685],[-155.90013,20.17655],[-155.90001,20.17628],[-155.90019,20.17621],[-155.90046,20.17596],[-155.90015,20.17572],[-155.90014,20.17546],[-155.90004,20.17521],[-155.90018,20.17497],[-155.89984,20.17499],[-155.89974,20.17475],[-155.89991,20.1745],[-155.89984,20.17419],[-155.89962,20.17423],[-155.8997,20.17381],[-155.89988,20.17374],[-155.90006,20.17384],[-155.90087,20.17354],[-155.90098,20.17337],[-155.90096,20.17311],[-155.9008,20.17287],[-155.90082,20.17271],[-155.90109,20.17244],[-155.901,20.17217],[-155.9013,20.1721],[-155.90139,20.17182],[-155.90158,20.1717],[-155.90111,20.17138],[-155.90106,20.17121],[-155.9008,20.17105],[-155.90083,20.17078],[-155.9004,20.17069],[-155.90022,20.17041],[-155.89986,20.17025],[-155.89971,20.17028],[-155.89981,20.16987],[-155.89992,20.16968],[-155.89967,20.16941],[-155.89967,20.16926],[-155.89985,20.16913],[-155.89988,20.16885],[-155.89965,20.16841],[-155.89976,20.16822],[-155.89949,20.16741],[-155.89944,20.16687],[-155.89952,20.1664],[-155.89947,20.1661],[-155.8996,20.16606],[-155.89948,20.16558],[-155.89982,20.16532],[-155.89974,20.16506],[-155.89988,20.16498],[-155.89975,20.16478],[-155.89983,20.16451],[-155.90008,20.16451],[-155.90013,20.16412],[-155.90037,20.16397],[-155.90015,20.16373],[-155.90015,20.16342],[-155.89988,20.16323],[-155.89985,20.16295],[-155.89991,20.16264],[-155.89974,20.16252],[-155.89939,20.16276],[-155.89916,20.16261],[-155.89868,20.1625],[-155.89873,20.16178],[-155.89859,20.1616],[-155.89865,20.16127],[-155.89863,20.16065],[-155.89835,20.16039],[-155.89838,20.15992],[-155.8983,20.15978],[-155.89869,20.15914],[-155.89854,20.15889],[-155.89859,20.15874],[-155.8985,20.15842],[-155.89826,20.15818],[-155.89823,20.1578],[-155.89803,20.1576],[-155.89802,20.15727],[-155.89791,20.15706],[-155.89819,20.15684],[-155.89818,20.1566],[-155.89807,20.15636],[-155.89827,20.15621],[-155.89789,20.15571],[-155.8977,20.15559],[-155.89777,20.15502],[-155.89759,20.15464],[-155.8977,20.15446],[-155.89754,20.15436],[-155.89754,20.15408],[-155.89725,20.15389],[-155.89718,20.15359],[-155.89726,20.15298],[-155.89711,20.15299],[-155.89696,20.15283],[-155.89689,20.15224],[-155.89677,20.15216],[-155.89617,20.15209],[-155.89607,20.15195],[-155.89598,20.15154],[-155.89577,20.15123],[-155.89544,20.15121],[-155.89523,20.15097],[-155.89524,20.15077],[-155.89545,20.15036],[-155.89534,20.15005],[-155.89508,20.14994],[-155.89522,20.14977],[-155.89503,20.14961],[-155.89491,20.14923],[-155.89534,20.14894],[-155.89551,20.14869],[-155.89532,20.14818],[-155.89541,20.14805],[-155.89519,20.14767],[-155.89529,20.14712],[-155.89574,20.14695],[-155.89576,20.14684],[-155.89555,20.14651],[-155.89582,20.14635],[-155.89603,20.14639],[-155.89622,20.14629],[-155.89624,20.146],[-155.89634,20.14577],[-155.89602,20.14567],[-155.89581,20.1455],[-155.89566,20.14522],[-155.89551,20.1447],[-155.89572,20.1444],[-155.89569,20.14422],[-155.89591,20.14384],[-155.896,20.14342],[-155.89591,20.14297],[-155.89592,20.14256],[-155.89583,20.14239],[-155.89546,20.14215],[-155.89533,20.14215],[-155.89519,20.14161],[-155.89501,20.14117],[-155.89491,20.14052],[-155.89456,20.1402],[-155.89447,20.13993],[-155.89428,20.1399],[-155.89416,20.13966],[-155.89374,20.13954],[-155.8936,20.13921],[-155.89313,20.13903],[-155.89282,20.13909],[-155.89271,20.13877],[-155.8927,20.13829],[-155.8925,20.13773],[-155.89258,20.13745],[-155.8929,20.13726],[-155.893,20.13671],[-155.89295,20.13622],[-155.89307,20.13598],[-155.89293,20.13569],[-155.89288,20.13526],[-155.89275,20.13491],[-155.89251,20.13463],[-155.89244,20.13438],[-155.89222,20.1341],[-155.89191,20.13357],[-155.89158,20.13331],[-155.89175,20.13298],[-155.89159,20.13294],[-155.89157,20.13275],[-155.89174,20.13263],[-155.89149,20.13243],[-155.89129,20.13209],[-155.89109,20.13198],[-155.89109,20.13175],[-155.89094,20.13157],[-155.89093,20.13134],[-155.89129,20.13109],[-155.89133,20.13077],[-155.89165,20.13075],[-155.89169,20.13053],[-155.89158,20.1304],[-155.89168,20.13003],[-155.89185,20.12981],[-155.89206,20.12978],[-155.89201,20.12931],[-155.89156,20.12917],[-155.89148,20.12872],[-155.89132,20.1288],[-155.89114,20.12865],[-155.89103,20.12814],[-155.89106,20.12796],[-155.89142,20.12758],[-155.89104,20.12703],[-155.89132,20.12669],[-155.89111,20.12645],[-155.891,20.12596],[-155.89154,20.12571],[-155.89166,20.12549],[-155.89169,20.12516],[-155.89148,20.125],[-155.8913,20.12465],[-155.89148,20.12428],[-155.89133,20.12389],[-155.89106,20.1237],[-155.89072,20.12361],[-155.89029,20.12337],[-155.89009,20.12294],[-155.8901,20.12273],[-155.88969,20.12257],[-155.88939,20.12215],[-155.88917,20.12205],[-155.88896,20.1221],[-155.88872,20.12196],[-155.88872,20.12174],[-155.8884,20.12155],[-155.8884,20.12142],[-155.88862,20.12132],[-155.88862,20.12119],[-155.8884,20.12104],[-155.88813,20.12098],[-155.88795,20.12082],[-155.88758,20.1208],[-155.88752,20.12048],[-155.88735,20.12031],[-155.88669,20.11987],[-155.88685,20.11959],[-155.88669,20.11942],[-155.88665,20.11896],[-155.88671,20.11885],[-155.887,20.11873],[-155.88712,20.11846],[-155.88739,20.11854],[-155.88755,20.11837],[-155.88734,20.11799],[-155.88734,20.1177],[-155.88711,20.11762],[-155.88689,20.11743],[-155.88622,20.11705],[-155.88587,20.11718],[-155.88568,20.117],[-155.8853,20.11722],[-155.88516,20.11705],[-155.88514,20.11685],[-155.88525,20.11656],[-155.88502,20.11624],[-155.88452,20.11626],[-155.88446,20.11607],[-155.88473,20.11587],[-155.88475,20.11564],[-155.88446,20.11542],[-155.88452,20.11531],[-155.88486,20.11516],[-155.88465,20.11487],[-155.88415,20.11501],[-155.88391,20.11485],[-155.88377,20.11462],[-155.88379,20.11446],[-155.88399,20.11421],[-155.88425,20.11404],[-155.88433,20.1136],[-155.8847,20.11336],[-155.8851,20.1135],[-155.88525,20.1134],[-155.8853,20.11294],[-155.88524,20.11274],[-155.88484,20.11281],[-155.88462,20.11304],[-155.88417,20.11295],[-155.88303,20.11319],[-155.88289,20.11318],[-155.88285,20.11261],[-155.88344,20.11215],[-155.88377,20.11207],[-155.88386,20.11165],[-155.8837,20.11153],[-155.88337,20.11167],[-155.88283,20.11177],[-155.88272,20.11171],[-155.88233,20.1112],[-155.88217,20.11075],[-155.88235,20.1106],[-155.88275,20.11061],[-155.8828,20.11048],[-155.8825,20.1101],[-155.88279,20.10998],[-155.88309,20.11006],[-155.88313,20.10994],[-155.8827,20.10954],[-155.88246,20.10951],[-155.88246,20.1092],[-155.88293,20.10902],[-155.88279,20.10872],[-155.88296,20.10818],[-155.8831,20.10809],[-155.88328,20.10763],[-155.88345,20.10756],[-155.88366,20.10721],[-155.88364,20.10674],[-155.8838,20.10647],[-155.88353,20.10619],[-155.88368,20.10587],[-155.88357,20.10577],[-155.88362,20.10555],[-155.88348,20.10543],[-155.88319,20.10546],[-155.88298,20.10528],[-155.88295,20.10511],[-155.88265,20.105],[-155.88259,20.10472],[-155.88243,20.10464],[-155.88217,20.10472],[-155.88216,20.10454],[-155.88193,20.10457],[-155.88177,20.10486],[-155.88164,20.10488],[-155.88145,20.10448],[-155.88143,20.10416],[-155.88133,20.10398],[-155.88126,20.10359],[-155.88117,20.10358],[-155.88079,20.10383],[-155.88036,20.1037],[-155.88041,20.10355],[-155.88025,20.10343],[-155.87984,20.10353],[-155.87941,20.10353],[-155.8793,20.10346],[-155.87944,20.10312],[-155.87944,20.10296],[-155.87925,20.10277],[-155.87884,20.10272],[-155.87896,20.10253],[-155.87951,20.10229],[-155.87925,20.10219],[-155.87942,20.10181],[-155.8792,20.10153],[-155.87922,20.10121],[-155.87908,20.10102],[-155.87874,20.10104],[-155.87869,20.10085],[-155.8783,20.1005],[-155.87824,20.10031],[-155.87821,20.09983],[-155.87812,20.09971],[-155.87769,20.09952],[-155.87779,20.09904],[-155.87749,20.09891],[-155.87755,20.09866],[-155.87775,20.09874],[-155.87799,20.0987],[-155.87802,20.09848],[-155.87788,20.09815],[-155.87763,20.09811],[-155.8774,20.0978],[-155.87746,20.09743],[-155.87732,20.09721],[-155.87708,20.09709],[-155.87713,20.09683],[-155.8769,20.09659],[-155.87655,20.0963],[-155.87662,20.09582],[-155.87637,20.09562],[-155.87632,20.0951],[-155.8759,20.09513],[-155.87547,20.09492],[-155.875,20.09477],[-155.87493,20.09463],[-155.87493,20.09425],[-155.87526,20.09391],[-155.87513,20.09334],[-155.875,20.09301],[-155.87477,20.09297],[-155.87439,20.09315],[-155.87426,20.09305],[-155.87425,20.09279],[-155.87442,20.09261],[-155.87435,20.09249],[-155.8741,20.09239],[-155.87425,20.09223],[-155.87428,20.092],[-155.87453,20.09183],[-155.8747,20.09161],[-155.87456,20.09129],[-155.87443,20.09121],[-155.87424,20.09085],[-155.87373,20.09081],[-155.87345,20.09073],[-155.87328,20.09076],[-155.87273,20.09032],[-155.87271,20.09017],[-155.87291,20.08998],[-155.87279,20.08976],[-155.87226,20.08986],[-155.87195,20.08978],[-155.87163,20.08958],[-155.87152,20.08936],[-155.87194,20.08911],[-155.87224,20.089],[-155.8721,20.08871],[-155.87188,20.08865],[-155.87174,20.08837],[-155.87139,20.08827],[-155.87122,20.0878],[-155.87076,20.08782],[-155.87082,20.0875],[-155.87114,20.08744],[-155.8712,20.08724],[-155.87141,20.08711],[-155.8713,20.0869],[-155.87132,20.08658],[-155.87093,20.08662],[-155.87096,20.0864],[-155.87073,20.08621],[-155.87075,20.08577],[-155.87055,20.08559],[-155.87036,20.08557],[-155.87021,20.08584],[-155.86999,20.08585],[-155.86998,20.08558],[-155.86982,20.08557],[-155.86978,20.08509],[-155.86963,20.08489],[-155.8692,20.08467],[-155.86857,20.08439],[-155.86834,20.0844],[-155.86812,20.08409],[-155.86789,20.08402],[-155.86743,20.08411],[-155.86727,20.08389],[-155.86749,20.08348],[-155.86783,20.08327],[-155.86784,20.08296],[-155.86747,20.08269],[-155.86748,20.08255],[-155.86726,20.08239],[-155.86707,20.08198],[-155.86726,20.08189],[-155.86744,20.08164],[-155.86721,20.08152],[-155.86691,20.08154],[-155.86696,20.08134],[-155.8668,20.08126],[-155.86675,20.081],[-155.86636,20.0807],[-155.86615,20.08064],[-155.86615,20.08034],[-155.86583,20.08035],[-155.86564,20.08066],[-155.86546,20.08068],[-155.86522,20.08043],[-155.8652,20.07991],[-155.86568,20.07961],[-155.86535,20.07936],[-155.86544,20.07926],[-155.86511,20.07894],[-155.86531,20.07875],[-155.86548,20.0783],[-155.8653,20.07819],[-155.8653,20.0779],[-155.86501,20.07788],[-155.86491,20.07752],[-155.86454,20.07736],[-155.86465,20.07723],[-155.8645,20.07657],[-155.86456,20.07623],[-155.86443,20.07605],[-155.86415,20.07593],[-155.86396,20.07576],[-155.86376,20.0758],[-155.8632,20.07573],[-155.86318,20.07548],[-155.86287,20.07534],[-155.86281,20.07511],[-155.86262,20.07516],[-155.8622,20.07474],[-155.86194,20.07477],[-155.86157,20.07462],[-155.86143,20.07503],[-155.86124,20.07509],[-155.86088,20.07505],[-155.86074,20.07494],[-155.86078,20.07476],[-155.86029,20.07471],[-155.85982,20.07483],[-155.85973,20.07473],[-155.85932,20.07465],[-155.85929,20.07443],[-155.85959,20.07392],[-155.8594,20.07388],[-155.85914,20.07411],[-155.85896,20.07415],[-155.85881,20.07398],[-155.85886,20.07363],[-155.85867,20.07349],[-155.8587,20.07291],[-155.85855,20.07288],[-155.85834,20.07299],[-155.85813,20.0729],[-155.85831,20.07232],[-155.8581,20.07235],[-155.85793,20.0722],[-155.85803,20.07203],[-155.85792,20.07174],[-155.85746,20.07144],[-155.85728,20.0714],[-155.85716,20.07114],[-155.85696,20.07099],[-155.85695,20.07083],[-155.85669,20.07087],[-155.85674,20.0706],[-155.85637,20.07056],[-155.85618,20.07028],[-155.85589,20.07011],[-155.85575,20.06988],[-155.8557,20.0695],[-155.8555,20.06885],[-155.8556,20.06804],[-155.85558,20.06775],[-155.85524,20.06767],[-155.85474,20.06729],[-155.85478,20.06697],[-155.85449,20.06692],[-155.8544,20.06674],[-155.85441,20.06646],[-155.85423,20.06587],[-155.8541,20.06587],[-155.85399,20.06557],[-155.85374,20.06597],[-155.8535,20.06575],[-155.85317,20.06613],[-155.85297,20.06602],[-155.85295,20.06569],[-155.85309,20.06544],[-155.85291,20.06512],[-155.85261,20.06511],[-155.85237,20.06497],[-155.85232,20.06471],[-155.85197,20.06456],[-155.85204,20.06417],[-155.85228,20.06392],[-155.85223,20.06359],[-155.85183,20.06354],[-155.85168,20.06359],[-155.85165,20.06309],[-155.85123,20.06312],[-155.8512,20.06298],[-155.85145,20.06258],[-155.85117,20.06229],[-155.85102,20.06228],[-155.84921,20.06071],[-155.84865,20.06079],[-155.84833,20.06064],[-155.84794,20.06073],[-155.84791,20.06034],[-155.84729,20.05949],[-155.84703,20.05929],[-155.84688,20.05931],[-155.84658,20.05914],[-155.84653,20.05891],[-155.84621,20.059],[-155.84596,20.05892],[-155.84595,20.05866],[-155.84549,20.05851],[-155.84523,20.05819],[-155.84496,20.05774],[-155.84476,20.05758],[-155.84459,20.05716],[-155.84434,20.0569],[-155.84393,20.05677],[-155.84397,20.05658],[-155.84365,20.05579],[-155.84355,20.05563],[-155.84322,20.05542],[-155.84315,20.05517],[-155.84315,20.05435],[-155.84347,20.05423],[-155.84391,20.05419],[-155.84402,20.05398],[-155.84407,20.05359],[-155.84393,20.05329],[-155.84339,20.05336],[-155.84325,20.05321],[-155.84351,20.05296],[-155.84331,20.05287],[-155.84341,20.05252],[-155.84356,20.05239],[-155.84333,20.0522],[-155.8431,20.05226],[-155.84286,20.05241],[-155.84266,20.05232],[-155.84231,20.05195],[-155.84241,20.05158],[-155.84193,20.05152],[-155.84164,20.05134],[-155.84138,20.05144],[-155.84105,20.05106],[-155.84022,20.05072],[-155.84014,20.05084],[-155.8398,20.05083],[-155.83926,20.05042],[-155.83908,20.05035],[-155.83887,20.05002],[-155.83881,20.04948],[-155.83865,20.04953],[-155.8384,20.04947],[-155.83824,20.04909],[-155.83841,20.04893],[-155.83835,20.04872],[-155.83844,20.04859],[-155.83834,20.04814],[-155.83842,20.04795],[-155.8383,20.04784],[-155.83826,20.0475],[-155.83794,20.04673],[-155.83778,20.04657],[-155.83774,20.04638],[-155.83756,20.04611],[-155.83711,20.04583],[-155.83684,20.04552],[-155.83675,20.04527],[-155.83657,20.04523],[-155.83631,20.04477],[-155.8363,20.04447],[-155.836,20.04409],[-155.83572,20.04399],[-155.83544,20.04373],[-155.83555,20.04357],[-155.83535,20.0434],[-155.83512,20.04335],[-155.83512,20.04319],[-155.83491,20.0431],[-155.83468,20.04273],[-155.83412,20.0423],[-155.83385,20.04201],[-155.83385,20.04185],[-155.83364,20.04169],[-155.83352,20.04176],[-155.83309,20.04151],[-155.83261,20.04098],[-155.83254,20.04071],[-155.8326,20.04034],[-155.83231,20.04035],[-155.83208,20.04011],[-155.8319,20.03977],[-155.83194,20.03933],[-155.83172,20.03953],[-155.83109,20.0392],[-155.83107,20.03913],[-155.83135,20.03867],[-155.8314,20.03851],[-155.83115,20.0381],[-155.83093,20.03786],[-155.83104,20.03766],[-155.83032,20.03732],[-155.83021,20.03751],[-155.82988,20.03735],[-155.82987,20.03725],[-155.8294,20.03654],[-155.82953,20.03642],[-155.82833,20.03532],[-155.82816,20.03542],[-155.82545,20.03253],[-155.82538,20.03239],[-155.82572,20.03223],[-155.82624,20.03229],[-155.82687,20.03305],[-155.82745,20.03254],[-155.82932,20.03227],[-155.82937,20.03165],[-155.82968,20.03147],[-155.83007,20.03167],[-155.83028,20.03153],[-155.83034,20.03137],[-155.83074,20.03141],[-155.83365,20.03455],[-155.83391,20.03712],[-155.83412,20.0371],[-155.83396,20.03488],[-155.83377,20.03451],[-155.8331,20.03373],[-155.83074,20.03106],[-155.82983,20.03008],[-155.82976,20.02992],[-155.82879,20.02889],[-155.8281,20.02856],[-155.82792,20.02853],[-155.82658,20.02784],[-155.82567,20.02744],[-155.82537,20.02739],[-155.825,20.02744],[-155.82465,20.0276],[-155.82387,20.02821],[-155.82322,20.02787],[-155.82304,20.02759],[-155.82314,20.02718],[-155.82328,20.0271],[-155.8234,20.02677],[-155.82357,20.02657],[-155.82338,20.02635],[-155.82328,20.02603],[-155.82334,20.02566],[-155.82344,20.02539],[-155.82329,20.02529],[-155.82341,20.02478],[-155.82333,20.02452],[-155.8231,20.0243],[-155.82284,20.02417],[-155.82293,20.02405],[-155.8229,20.02374],[-155.82251,20.02328],[-155.82244,20.02312],[-155.82263,20.02292],[-155.82275,20.02266],[-155.82281,20.0223],[-155.82266,20.02225],[-155.82262,20.0219],[-155.82301,20.02171],[-155.8232,20.02153],[-155.82312,20.02135],[-155.82327,20.02102],[-155.82322,20.02085],[-155.82326,20.02038],[-155.82323,20.02001],[-155.8234,20.0198],[-155.82349,20.01956],[-155.82339,20.01913],[-155.82319,20.01903],[-155.82251,20.01896],[-155.82281,20.01871],[-155.82278,20.01841],[-155.82286,20.0179],[-155.82302,20.01767],[-155.82313,20.01738],[-155.82307,20.01704],[-155.82348,20.01618],[-155.82362,20.01599],[-155.824,20.01584],[-155.82422,20.01582],[-155.82443,20.01596],[-155.82496,20.01581],[-155.82508,20.01543],[-155.82525,20.01539],[-155.82537,20.01479],[-155.82553,20.0145],[-155.82523,20.01439],[-155.82512,20.01418],[-155.82509,20.01388],[-155.82526,20.01361],[-155.82513,20.01335],[-155.82503,20.01287],[-155.82486,20.01265],[-155.82507,20.01245],[-155.82504,20.01191],[-155.82545,20.01191],[-155.8256,20.01185],[-155.82594,20.01142],[-155.82566,20.01092],[-155.82539,20.01087],[-155.82515,20.01071],[-155.82511,20.01046],[-155.82531,20.00994],[-155.82548,20.00984],[-155.8258,20.00985],[-155.82594,20.00957],[-155.82588,20.00924],[-155.82635,20.00903],[-155.82643,20.00888],[-155.82653,20.0084],[-155.82691,20.00798],[-155.82682,20.00766],[-155.82688,20.00752],[-155.82671,20.00724],[-155.8267,20.00696],[-155.82681,20.00673],[-155.82668,20.00656],[-155.82571,20.00631],[-155.82565,20.00617],[-155.8253,20.00622],[-155.82517,20.00587],[-155.82504,20.00528],[-155.82507,20.00432],[-155.82515,20.00411],[-155.82564,20.0035],[-155.82595,20.00317],[-155.82631,20.0029],[-155.82653,20.0028],[-155.82682,20.00306],[-155.82731,20.00305],[-155.82712,20.00277],[-155.82684,20.00269],[-155.82693,20.00237],[-155.82726,20.00211],[-155.82747,20.0018],[-155.82763,20.00183],[-155.82783,20.00213],[-155.82802,20.00219],[-155.82811,20.00204],[-155.82767,20.00173],[-155.82769,20.00159],[-155.82788,20.00132],[-155.82777,20.00111],[-155.8277,20.00077],[-155.82784,20.00013],[-155.8278,20.0],[-155.82811,19.99981],[-155.82791,19.99934],[-155.82791,19.99911],[-155.82763,19.99889],[-155.8277,19.99865],[-155.82747,19.99843],[-155.82777,19.99813],[-155.8277,19.99782],[-155.82814,19.99778],[-155.82831,19.99759],[-155.82799,19.99751],[-155.82777,19.99716],[-155.82747,19.99702],[-155.82755,19.99677],[-155.82735,19.99637],[-155.82745,19.99607],[-155.82713,19.99591],[-155.82741,19.99567],[-155.8274,19.9955],[-155.82693,19.99522],[-155.82677,19.99539],[-155.82632,19.99521],[-155.82632,19.99489],[-155.82613,19.99481],[-155.82593,19.99448],[-155.82599,19.99381],[-155.82613,19.99315],[-155.82617,19.99258],[-155.82635,19.99225],[-155.82635,19.99203],[-155.82664,19.99082],[-155.82676,19.99054],[-155.82703,19.99013],[-155.82701,19.98974],[-155.82713,19.98958],[-155.82774,19.98929],[-155.82776,19.98912],[-155.82794,19.98878],[-155.82793,19.98844],[-155.82894,19.98844],[-155.82904,19.98791],[-155.8296,19.98778],[-155.82993,19.98798],[-155.83008,19.98798],[-155.82994,19.98745],[-155.83007,19.98726],[-155.83,19.98694],[-155.83035,19.98673],[-155.83055,19.98634],[-155.83054,19.98605],[-155.83079,19.98576],[-155.83112,19.98553],[-155.83127,19.98523],[-155.83125,19.98509],[-155.8309,19.98484],[-155.83089,19.98472],[-155.83119,19.98467],[-155.83086,19.98447],[-155.83009,19.98449],[-155.82988,19.98432],[-155.82982,19.98411],[-155.82961,19.98408],[-155.82928,19.98346],[-155.82904,19.98327],[-155.82881,19.98281],[-155.82879,19.98252],[-155.82848,19.98236],[-155.82862,19.98156],[-155.82906,19.98099],[-155.82898,19.98065],[-155.82909,19.98026],[-155.82906,19.98008],[-155.82927,19.97957],[-155.8297,19.979],[-155.83028,19.97864],[-155.83054,19.97892],[-155.83092,19.9791],[-155.83099,19.97931],[-155.83124,19.97916],[-155.83137,19.97864],[-155.83095,19.97814],[-155.83098,19.97773],[-155.83128,19.97739],[-155.83193,19.97776],[-155.83235,19.97759],[-155.8325,19.97727],[-155.83246,19.97713],[-155.83211,19.97671],[-155.83169,19.97653],[-155.83144,19.97616],[-155.83141,19.97586],[-155.83121,19.97567],[-155.83131,19.97513],[-155.83145,19.97481],[-155.83149,19.97419],[-155.83163,19.97397],[-155.83214,19.97382],[-155.8324,19.97393],[-155.8324,19.9737],[-155.83256,19.97351],[-155.83241,19.97304],[-155.83272,19.97289],[-155.83293,19.97288],[-155.83313,19.9731],[-155.83322,19.97348],[-155.83384,19.97324],[-155.8339,19.97292],[-155.83412,19.9727],[-155.83436,19.97264],[-155.83467,19.97283],[-155.83486,19.97284],[-155.83492,19.97256],[-155.83504,19.97245],[-155.83549,19.97239],[-155.83577,19.97256],[-155.83597,19.97238],[-155.83626,19.97242],[-155.83635,19.97262],[-155.83699,19.97269],[-155.83742,19.97281],[-155.83759,19.97306],[-155.83731,19.97342],[-155.83734,19.97357],[-155.83791,19.97378],[-155.83829,19.97364],[-155.8386,19.97327],[-155.83928,19.97322],[-155.8396,19.97291],[-155.84083,19.97219],[-155.84154,19.97167],[-155.84183,19.97162],[-155.84213,19.97175],[-155.84218,19.97151],[-155.84236,19.97124],[-155.84267,19.97108],[-155.8428,19.97077],[-155.84324,19.97043],[-155.84334,19.96987],[-155.84344,19.96977],[-155.84427,19.96939],[-155.84464,19.96928],[-155.84477,19.9691],[-155.84579,19.96838],[-155.84624,19.96825],[-155.84643,19.96827],[-155.84715,19.96798],[-155.84733,19.96801],[-155.84746,19.9682],[-155.84776,19.96818],[-155.8483,19.96827],[-155.84856,19.96818],[-155.8488,19.96822],[-155.84929,19.96808],[-155.84966,19.96819],[-155.8505,19.9678],[-155.85092,19.96774],[-155.85146,19.96753],[-155.85176,19.96714],[-155.85208,19.96702],[-155.85229,19.96673],[-155.85272,19.96673],[-155.85275,19.9664],[-155.85286,19.96626],[-155.85324,19.96605],[-155.85362,19.96578],[-155.85417,19.96578],[-155.85432,19.96547],[-155.85448,19.96546],[-155.85457,19.96506],[-155.85498,19.96462],[-155.85507,19.96434],[-155.85599,19.9635],[-155.85601,19.96316],[-155.85611,19.9626],[-155.85651,19.9622],[-155.85702,19.96198],[-155.85709,19.96168],[-155.85724,19.96157],[-155.85726,19.96134],[-155.85738,19.96109],[-155.85795,19.96061],[-155.85838,19.96061],[-155.85857,19.95982],[-155.85846,19.95963],[-155.85858,19.95929],[-155.85843,19.95905],[-155.85838,19.95857],[-155.8586,19.95784],[-155.85849,19.95758],[-155.85856,19.95747],[-155.85915,19.95718],[-155.85937,19.95732],[-155.85959,19.95696],[-155.85985,19.95674],[-155.85971,19.95662],[-155.86,19.95648],[-155.86008,19.95628],[-155.86032,19.95627],[-155.86043,19.95607],[-155.86066,19.95602],[-155.86061,19.95582],[-155.86079,19.95551],[-155.86111,19.9554],[-155.86145,19.95507],[-155.86135,19.95487],[-155.86159,19.95481],[-155.86174,19.95446],[-155.86155,19.95407],[-155.86168,19.9536],[-155.86191,19.95329],[-155.86285,19.95265],[-155.86376,19.95149],[-155.86403,19.95128],[-155.86423,19.95099],[-155.86426,19.95078],[-155.86446,19.95076],[-155.86451,19.95049],[-155.86482,19.95048],[-155.86492,19.95006],[-155.86519,19.94994],[-155.86534,19.94962],[-155.86556,19.94947],[-155.86585,19.94916],[-155.86617,19.94872],[-155.86653,19.94852],[-155.86716,19.94769],[-155.8678,19.9473],[-155.86821,19.94711],[-155.86832,19.94687],[-155.86824,19.94636],[-155.86792,19.9459],[-155.86791,19.94574],[-155.86806,19.94557],[-155.86837,19.94551],[-155.86893,19.94522],[-155.8692,19.9452],[-155.86938,19.94504],[-155.8697,19.94497],[-155.86977,19.9445],[-155.87002,19.9444],[-155.87002,19.94409],[-155.86972,19.94385],[-155.86946,19.94372],[-155.86949,19.94357],[-155.86974,19.94335],[-155.87025,19.94313],[-155.87083,19.94306],[-155.87116,19.94293],[-155.87167,19.94258],[-155.87201,19.9423],[-155.87261,19.9424],[-155.87288,19.9426],[-155.87271,19.94314],[-155.87276,19.94323],[-155.87326,19.9436],[-155.8733,19.94391],[-155.87352,19.94385],[-155.87372,19.94361],[-155.87392,19.94369],[-155.87404,19.94416],[-155.87416,19.94418],[-155.87433,19.94394],[-155.87463,19.94395],[-155.87502,19.94389],[-155.87505,19.94364],[-155.87531,19.94333],[-155.87543,19.94301],[-155.87559,19.94296],[-155.87598,19.94259],[-155.87664,19.94264],[-155.87666,19.94283],[-155.87691,19.94302],[-155.87704,19.94323],[-155.87737,19.9432],[-155.87744,19.94308],[-155.87708,19.94276],[-155.87712,19.94222],[-155.87767,19.94257],[-155.87789,19.94275],[-155.87801,19.94273],[-155.87762,19.94221],[-155.87727,19.94193],[-155.87743,19.94178],[-155.87787,19.94216],[-155.87811,19.94216],[-155.87811,19.94198],[-155.87792,19.94174],[-155.87801,19.94164],[-155.87826,19.94177],[-155.87861,19.94155],[-155.87845,19.94139],[-155.87826,19.94135],[-155.87829,19.94115],[-155.87851,19.94117],[-155.87871,19.94105],[-155.87863,19.94062],[-155.87778,19.94001],[-155.87761,19.93997],[-155.8772,19.94006],[-155.87692,19.93991],[-155.87686,19.93978],[-155.87694,19.93932],[-155.87703,19.93909],[-155.8774,19.93913],[-155.87747,19.93898],[-155.87749,19.93854],[-155.87734,19.93793],[-155.87738,19.93775],[-155.87729,19.93756],[-155.87765,19.93744],[-155.87772,19.93721],[-155.87752,19.93706],[-155.87749,19.93683],[-155.87767,19.93659],[-155.87764,19.93625],[-155.87744,19.93611],[-155.87729,19.93558],[-155.87752,19.9352],[-155.87743,19.93468],[-155.87735,19.93454],[-155.87761,19.93444],[-155.8779,19.93384],[-155.87835,19.9336],[-155.87868,19.93365],[-155.87895,19.9339],[-155.87944,19.93382],[-155.87952,19.93367],[-155.87973,19.93369],[-155.88022,19.93362],[-155.88077,19.93372],[-155.88095,19.93436],[-155.88119,19.93431],[-155.88134,19.93401],[-155.88153,19.9342],[-155.88193,19.93428],[-155.8821,19.9341],[-155.88258,19.93415],[-155.8828,19.93409],[-155.88271,19.93387],[-155.88283,19.93374],[-155.88319,19.93364],[-155.88357,19.93361],[-155.8837,19.93377],[-155.88408,19.93374],[-155.8849,19.93382],[-155.88493,19.93335],[-155.88484,19.93326],[-155.8849,19.93298],[-155.88523,19.93307],[-155.88557,19.93296],[-155.8857,19.93268],[-155.88587,19.93283],[-155.88624,19.93274],[-155.88655,19.93277],[-155.88676,19.93271],[-155.88707,19.93237],[-155.88718,19.93214],[-155.88754,19.93194],[-155.888,19.93135],[-155.8878,19.9312],[-155.88784,19.93089],[-155.8878,19.93056],[-155.88812,19.93045],[-155.88806,19.92993],[-155.88841,19.92975],[-155.88846,19.92952],[-155.88863,19.92936],[-155.88904,19.92975],[-155.88919,19.92978],[-155.88945,19.92942],[-155.88942,19.92927],[-155.88977,19.92912],[-155.88977,19.92885],[-155.88954,19.9286],[-155.8893,19.92864],[-155.88953,19.92825],[-155.88954,19.9281],[-155.88933,19.92778],[-155.88914,19.92778],[-155.8889,19.92765],[-155.88881,19.92728],[-155.88852,19.92711],[-155.88808,19.92707],[-155.88796,19.92681],[-155.8875,19.92685],[-155.88735,19.92705],[-155.88693,19.92692],[-155.88672,19.92694],[-155.88669,19.92665],[-155.88681,19.92629],[-155.88668,19.92608],[-155.88672,19.92588],[-155.88646,19.92592],[-155.88615,19.92575],[-155.88639,19.92555],[-155.88678,19.92568],[-155.88722,19.92558],[-155.88739,19.92541],[-155.88743,19.925],[-155.88763,19.92462],[-155.88798,19.92443],[-155.88804,19.92456],[-155.88788,19.92479],[-155.88796,19.92491],[-155.88833,19.9251],[-155.8884,19.92524],[-155.88888,19.92531],[-155.88893,19.92548],[-155.88865,19.92552],[-155.88836,19.92533],[-155.88793,19.92541],[-155.8871,19.92588],[-155.88699,19.92629],[-155.88737,19.92635],[-155.88761,19.92623],[-155.88799,19.92632],[-155.888,19.92653],[-155.88818,19.92663],[-155.88826,19.92645],[-155.88852,19.92661],[-155.88869,19.92646],[-155.88846,19.92621],[-155.88885,19.92615],[-155.8891,19.92603],[-155.88933,19.92608],[-155.88965,19.92598],[-155.88989,19.92579],[-155.89015,19.92581],[-155.89078,19.92539],[-155.89102,19.92494],[-155.8911,19.92468],[-155.89125,19.92457],[-155.89119,19.92433],[-155.8916,19.92416],[-155.8918,19.92382],[-155.89172,19.92359],[-155.8915,19.92334],[-155.89147,19.92304],[-155.89131,19.92282],[-155.89139,19.92256],[-155.89133,19.92245],[-155.89099,19.92236],[-155.89101,19.92214],[-155.89125,19.92198],[-155.89098,19.92184],[-155.89098,19.92159],[-155.8911,19.92114],[-155.89101,19.92082],[-155.89105,19.92047],[-155.89139,19.92013],[-155.89137,19.91992],[-155.89105,19.91939],[-155.89091,19.91904],[-155.89065,19.91863],[-155.89041,19.91849],[-155.89038,19.91816],[-155.89017,19.91802],[-155.89023,19.91785],[-155.89003,19.91766],[-155.88956,19.91764],[-155.88939,19.91749],[-155.88912,19.91746],[-155.88861,19.91711],[-155.88831,19.91712],[-155.8878,19.91665],[-155.88763,19.91636],[-155.88751,19.91591],[-155.88745,19.91541],[-155.8875,19.91475],[-155.88768,19.91427],[-155.88785,19.91399],[-155.88823,19.9136],[-155.88849,19.9135],[-155.88854,19.91325],[-155.88889,19.91325],[-155.88928,19.91296],[-155.88945,19.9129],[-155.88983,19.91295],[-155.89004,19.91283],[-155.88986,19.91254],[-155.89038,19.91237],[-155.8903,19.91223],[-155.89097,19.91174],[-155.8916,19.91153],[-155.89183,19.9116],[-155.89207,19.91155],[-155.89215,19.91139],[-155.89254,19.91117],[-155.89296,19.91115],[-155.89307,19.91102],[-155.89351,19.91086],[-155.89383,19.91096],[-155.89415,19.91088],[-155.89488,19.91113],[-155.89516,19.91101],[-155.89528,19.91077],[-155.89509,19.91071],[-155.89488,19.91047],[-155.89485,19.91028],[-155.89496,19.91011],[-155.89546,19.90989],[-155.89575,19.90984],[-155.89598,19.90963],[-155.89621,19.90966],[-155.89634,19.90952],[-155.89682,19.90934],[-155.89714,19.9094],[-155.89735,19.90928],[-155.89758,19.90927],[-155.89795,19.90915],[-155.898,19.90926],[-155.89827,19.90928],[-155.89856,19.90951],[-155.89905,19.90932],[-155.89921,19.9091],[-155.89921,19.90879],[-155.89974,19.90803],[-155.89998,19.90755],[-155.90012,19.90745],[-155.90028,19.90713],[-155.90024,19.90693],[-155.90041,19.90641],[-155.90048,19.90589],[-155.901,19.90586],[-155.90115,19.90576],[-155.90115,19.90551],[-155.90155,19.90525],[-155.90147,19.90472],[-155.90146,19.90437],[-155.90111,19.90414],[-155.90109,19.9039],[-155.90131,19.90347],[-155.90144,19.90302],[-155.90178,19.90304],[-155.90166,19.90278],[-155.90191,19.90251],[-155.90199,19.90231],[-155.90196,19.90203],[-155.90169,19.90187],[-155.90146,19.90151],[-155.90109,19.90123],[-155.90105,19.90041],[-155.90124,19.90032],[-155.90152,19.90037],[-155.90236,19.89992],[-155.90259,19.89969],[-155.90301,19.8995],[-155.90332,19.89965],[-155.90365,19.89955],[-155.9037,19.89928],[-155.90425,19.89946],[-155.90443,19.89948],[-155.90469,19.89934],[-155.90471,19.89899],[-155.9048,19.89873],[-155.90457,19.89844],[-155.90482,19.898],[-155.90514,19.89766],[-155.90536,19.89753],[-155.90612,19.89728],[-155.90709,19.89716],[-155.9072,19.89698],[-155.90688,19.89653],[-155.90689,19.89632],[-155.90712,19.89611],[-155.90673,19.89556],[-155.90653,19.89438],[-155.90631,19.89359],[-155.90532,19.89367],[-155.90453,19.89369],[-155.90453,19.89351],[-155.90466,19.89322],[-155.90498,19.89299],[-155.90535,19.89304],[-155.90553,19.89293],[-155.90587,19.89256],[-155.90625,19.89194],[-155.90623,19.89176],[-155.90579,19.89117],[-155.90573,19.89063],[-155.90544,19.88974],[-155.90542,19.88923],[-155.90574,19.88867],[-155.90585,19.88816],[-155.90623,19.88784],[-155.90637,19.88762],[-155.90698,19.88716],[-155.90747,19.88631],[-155.90759,19.88603],[-155.90839,19.88557],[-155.90851,19.88554],[-155.90878,19.8857],[-155.90906,19.88573],[-155.90939,19.88586],[-155.90988,19.88584],[-155.91026,19.88571],[-155.91063,19.8857],[-155.91106,19.8852],[-155.9113,19.88514],[-155.91156,19.88495],[-155.91193,19.88488],[-155.91231,19.88446],[-155.91267,19.88424],[-155.91284,19.88406],[-155.91287,19.88388],[-155.91264,19.88298],[-155.91246,19.88271],[-155.91246,19.88249],[-155.91266,19.88195],[-155.91274,19.88157],[-155.91289,19.88135],[-155.91316,19.88115],[-155.91347,19.88044],[-155.91368,19.88005],[-155.91391,19.88006],[-155.91392,19.87988],[-155.91426,19.87946],[-155.91458,19.8794],[-155.9148,19.87922],[-155.91502,19.87864],[-155.91524,19.87862],[-155.91536,19.87838],[-155.91528,19.87794],[-155.91529,19.87764],[-155.915,19.87721],[-155.91497,19.87684],[-155.91488,19.87661],[-155.91513,19.87587],[-155.91531,19.87571],[-155.91626,19.87511],[-155.91698,19.87485],[-155.91753,19.87481],[-155.91812,19.87513],[-155.91855,19.87518],[-155.91887,19.87504],[-155.91924,19.87474],[-155.91961,19.87433],[-155.91995,19.87418],[-155.92108,19.87348],[-155.92164,19.8729],[-155.92235,19.87232],[-155.92268,19.87188],[-155.92274,19.87122],[-155.9229,19.87087],[-155.92317,19.87053],[-155.92337,19.87045],[-155.92345,19.87017],[-155.92364,19.86995],[-155.92375,19.86878],[-155.92392,19.86822],[-155.92399,19.8677],[-155.92391,19.86739],[-155.92392,19.86677],[-155.92404,19.86633],[-155.92399,19.86602],[-155.9241,19.86578],[-155.92403,19.86546],[-155.92403,19.86515],[-155.92363,19.86446],[-155.92334,19.86417],[-155.92313,19.86381],[-155.92302,19.86303],[-155.92264,19.862],[-155.92267,19.86174],[-155.92282,19.86122],[-155.92274,19.86067],[-155.92273,19.86018],[-155.92264,19.86002],[-155.92241,19.8594],[-155.92232,19.85903],[-155.92229,19.85866],[-155.92215,19.85835],[-155.92212,19.85796],[-155.92196,19.85755],[-155.92168,19.85754],[-155.92154,19.85777],[-155.9212,19.85776],[-155.92114,19.85803],[-155.9214,19.85837],[-155.92149,19.85884],[-155.92166,19.85921],[-155.92209,19.85979],[-155.92235,19.86034],[-155.92215,19.86025],[-155.92181,19.86025],[-155.9218,19.85983],[-155.92149,19.85962],[-155.92131,19.85928],[-155.92095,19.85917],[-155.92087,19.85872],[-155.92061,19.85834],[-155.92063,19.85774],[-155.9205,19.85749],[-155.92055,19.85721],[-155.92046,19.85678],[-155.9205,19.85642],[-155.92099,19.85593],[-155.92114,19.85542],[-155.92137,19.8552],[-155.92183,19.85516],[-155.92224,19.8552],[-155.92242,19.85529],[-155.92264,19.85553],[-155.92287,19.856],[-155.9231,19.85607],[-155.92343,19.85604],[-155.92367,19.85593],[-155.92396,19.85562],[-155.92442,19.85533],[-155.92477,19.85524],[-155.92493,19.85506],[-155.92535,19.85485],[-155.92623,19.85447],[-155.92639,19.85436],[-155.92679,19.85389],[-155.92699,19.85381],[-155.927,19.85366],[-155.92767,19.85337],[-155.92792,19.85304],[-155.92837,19.85271],[-155.92873,19.8526],[-155.92885,19.85228],[-155.92897,19.85225],[-155.92987,19.85244],[-155.93065,19.8523],[-155.93095,19.85229],[-155.9313,19.85206],[-155.93167,19.85188],[-155.93211,19.85183],[-155.93239,19.85161],[-155.93287,19.85154],[-155.9332,19.8513],[-155.93345,19.85125],[-155.93364,19.85108],[-155.93401,19.85087],[-155.93471,19.85068],[-155.935,19.85064],[-155.93538,19.85017],[-155.93587,19.84991],[-155.93709,19.84957],[-155.93759,19.84939],[-155.93791,19.84943],[-155.93898,19.84966],[-155.93917,19.84978],[-155.93941,19.85025],[-155.93962,19.85015],[-155.94003,19.85026],[-155.94029,19.8504],[-155.94066,19.8501],[-155.94086,19.85002],[-155.9414,19.85],[-155.94172,19.85006],[-155.94257,19.85035],[-155.94264,19.85066],[-155.94278,19.85075],[-155.94298,19.85068],[-155.94318,19.85109],[-155.94357,19.85158],[-155.94359,19.85183],[-155.94391,19.85226],[-155.94426,19.8523],[-155.94455,19.8522],[-155.94516,19.85252],[-155.94548,19.85261],[-155.9456,19.85274],[-155.94558,19.85293],[-155.94539,19.8533],[-155.94548,19.85342],[-155.94578,19.85316],[-155.94595,19.85353],[-155.94623,19.85349],[-155.94642,19.85365],[-155.94647,19.85394],[-155.94659,19.85399],[-155.94681,19.85358],[-155.94713,19.85359],[-155.94733,19.85348],[-155.94733,19.85326],[-155.94752,19.85301],[-155.94784,19.85296],[-155.94781,19.85275],[-155.94858,19.85279],[-155.94876,19.85314],[-155.94916,19.85322],[-155.94927,19.85314],[-155.94923,19.8529],[-155.94951,19.85297],[-155.94991,19.85293],[-155.95024,19.85269],[-155.95044,19.85294],[-155.9507,19.85288],[-155.95077,19.85264],[-155.95135,19.85266],[-155.95157,19.85286],[-155.95169,19.85275],[-155.95189,19.85234],[-155.95218,19.85239],[-155.95247,19.85232],[-155.95282,19.85238],[-155.953,19.85233],[-155.95332,19.85241],[-155.95375,19.85237],[-155.95395,19.85227],[-155.95422,19.85227],[-155.95444,19.85237],[-155.95485,19.85238],[-155.95508,19.85221],[-155.95569,19.85258],[-155.95593,19.85264],[-155.95618,19.85288],[-155.95632,19.85258],[-155.95652,19.85284],[-155.95688,19.85271],[-155.95711,19.85308],[-155.95737,19.85298],[-155.95784,19.85297],[-155.9583,19.85311],[-155.95845,19.85309],[-155.95851,19.85285],[-155.95879,19.85279],[-155.95896,19.85294],[-155.95926,19.85285],[-155.95938,19.8527],[-155.95962,19.85264],[-155.96005,19.85269],[-155.9601,19.85249],[-155.96086,19.85227],[-155.96103,19.85214],[-155.9613,19.8523],[-155.96144,19.85225],[-155.96182,19.8523],[-155.9619,19.8521],[-155.9624,19.85206],[-155.96243,19.85184],[-155.96277,19.85204],[-155.96307,19.85199],[-155.96309,19.85183],[-155.96338,19.85157],[-155.96358,19.85172],[-155.96379,19.85149],[-155.96446,19.85145],[-155.96451,19.8513],[-155.96521,19.85137],[-155.96517,19.851],[-155.96544,19.851],[-155.9661,19.85083],[-155.96632,19.85045],[-155.96654,19.85052],[-155.96661,19.85028],[-155.967,19.85022],[-155.96712,19.85007],[-155.96738,19.85005],[-155.96759,19.84989],[-155.96783,19.84982],[-155.96779,19.84962],[-155.96811,19.84961],[-155.96829,19.84928],[-155.96857,19.84937],[-155.96866,19.84926],[-155.96899,19.84927],[-155.96915,19.84939],[-155.96935,19.84937],[-155.96991,19.84904],[-155.97011,19.84912],[-155.97032,19.84874],[-155.97061,19.84887],[-155.97104,19.84879],[-155.97111,19.84857],[-155.97138,19.84863],[-155.97153,19.84875],[-155.97162,19.84846],[-155.97205,19.84856],[-155.97234,19.84847],[-155.97243,19.84818],[-155.97299,19.84803],[-155.9731,19.84782],[-155.9735,19.84749],[-155.97409,19.84742],[-155.97392,19.84722],[-155.97417,19.84691],[-155.97452,19.84693],[-155.97452,19.84677],[-155.97488,19.84659],[-155.97504,19.84645],[-155.97516,19.84598],[-155.97528,19.84582],[-155.97575,19.84545],[-155.97621,19.8453],[-155.97639,19.84534],[-155.9765,19.84515],[-155.97682,19.84516],[-155.97696,19.84491],[-155.97719,19.84487],[-155.97731,19.84469],[-155.97728,19.84446],[-155.9778,19.84387],[-155.97803,19.84352],[-155.97829,19.84337],[-155.97858,19.84342],[-155.97865,19.84327],[-155.97919,19.8431],[-155.97931,19.84331],[-155.97958,19.8432],[-155.97946,19.84302],[-155.97978,19.84283],[-155.9801,19.84283],[-155.97995,19.84238],[-155.98047,19.84139],[-155.98076,19.84127],[-155.98062,19.84098],[-155.9808,19.8407],[-155.98071,19.84048],[-155.98099,19.84027],[-155.98082,19.84019],[-155.98088,19.8399],[-155.9811,19.83979],[-155.98098,19.83959],[-155.98119,19.8395],[-155.9809,19.83923],[-155.98102,19.83892],[-155.98105,19.83865],[-155.98183,19.83789],[-155.98204,19.83778],[-155.98237,19.83723],[-155.98273,19.83709],[-155.98285,19.83694],[-155.98311,19.83685],[-155.98335,19.83663],[-155.98386,19.83643],[-155.98395,19.83627],[-155.98483,19.83571],[-155.98543,19.83543],[-155.98576,19.83497],[-155.98598,19.83488],[-155.98639,19.83499],[-155.98664,19.83521],[-155.98676,19.83518],[-155.98691,19.83461],[-155.98688,19.83452],[-155.98648,19.83446],[-155.98639,19.83421],[-155.98651,19.83393],[-155.98673,19.83368],[-155.98654,19.83336],[-155.9865,19.83262],[-155.98625,19.83234],[-155.98607,19.83192],[-155.98612,19.83173],[-155.98663,19.83109],[-155.98724,19.83109],[-155.98752,19.83094],[-155.98819,19.83101],[-155.98857,19.83115],[-155.98883,19.83072],[-155.989,19.83055],[-155.99023,19.83026],[-155.99055,19.83002],[-155.99123,19.82988],[-155.9915,19.82961],[-155.99202,19.82944],[-155.9922,19.82914],[-155.99265,19.82909],[-155.99278,19.82881],[-155.99359,19.82846],[-155.9942,19.82811],[-155.99434,19.82795],[-155.99477,19.8277],[-155.99492,19.82753],[-155.99528,19.82684],[-155.99582,19.82655],[-155.9964,19.82651],[-155.99653,19.82624],[-155.9969,19.8261],[-155.99742,19.82582],[-155.99768,19.82558],[-155.99778,19.82535],[-155.99781,19.82462],[-155.99774,19.8244],[-155.99743,19.82413],[-155.99742,19.824],[-155.9977,19.82338],[-155.99774,19.82318],[-155.99862,19.82205],[-156.00094,19.81981],[-156.00133,19.81933],[-156.00141,19.81908],[-156.00134,19.8186],[-156.00122,19.81834],[-156.00153,19.81835],[-156.00171,19.81827],[-156.00168,19.81794],[-156.00146,19.81776],[-156.00139,19.81749],[-156.00141,19.81724],[-156.00131,19.81687],[-156.00154,19.81646],[-156.00137,19.81615],[-156.0012,19.816],[-156.00131,19.81564],[-156.00122,19.81512],[-156.00176,19.81457],[-156.00191,19.8145],[-156.00238,19.81458],[-156.00256,19.81451],[-156.00278,19.81427],[-156.00316,19.81433],[-156.0035,19.81452],[-156.00388,19.81462],[-156.00444,19.81467],[-156.00506,19.81459],[-156.00535,19.81451],[-156.00563,19.81453],[-156.00619,19.81384],[-156.00652,19.81363],[-156.00651,19.8135],[-156.00679,19.81301],[-156.00687,19.81268],[-156.00716,19.81256],[-156.00702,19.8124],[-156.00707,19.81206],[-156.00695,19.81167],[-156.00671,19.81116],[-156.00675,19.81087],[-156.00699,19.81024],[-156.0072,19.80998],[-156.00755,19.80974],[-156.0078,19.80972],[-156.00833,19.80956],[-156.00847,19.80907],[-156.00878,19.8087],[-156.00903,19.80822],[-156.00922,19.80808],[-156.00963,19.80796],[-156.00987,19.80778],[-156.01039,19.8077],[-156.01057,19.80772],[-156.01096,19.80743],[-156.01123,19.80743],[-156.01144,19.80719],[-156.01174,19.80725],[-156.01196,19.80715],[-156.01279,19.807],[-156.0132,19.80663],[-156.01323,19.80643],[-156.01341,19.80628],[-156.01353,19.80605],[-156.01355,19.80582],[-156.01369,19.80571],[-156.01372,19.80549],[-156.01397,19.8052],[-156.01377,19.80485],[-156.01389,19.80463],[-156.01361,19.80455],[-156.01375,19.8043],[-156.01377,19.80399],[-156.0136,19.8038],[-156.01361,19.80366],[-156.01387,19.80345],[-156.01393,19.80316],[-156.01384,19.80299],[-156.01461,19.80267],[-156.01471,19.80234],[-156.01491,19.8022],[-156.01492,19.80195],[-156.01535,19.80175],[-156.01547,19.80159],[-156.01565,19.80157],[-156.0159,19.80141],[-156.01665,19.80163],[-156.01691,19.80179],[-156.0171,19.80165],[-156.01729,19.80165],[-156.01729,19.80136],[-156.01739,19.80089],[-156.01761,19.80058],[-156.01795,19.80032],[-156.01839,19.80019],[-156.01843,19.79993],[-156.01859,19.79991],[-156.01877,19.79931],[-156.0192,19.79914],[-156.01942,19.79888],[-156.01988,19.7987],[-156.02005,19.79857],[-156.02038,19.79845],[-156.02046,19.79796],[-156.02067,19.79771],[-156.02084,19.79712],[-156.02098,19.79682],[-156.02131,19.79647],[-156.02172,19.79598],[-156.02229,19.7959],[-156.0224,19.79601],[-156.0224,19.79636],[-156.02266,19.7965],[-156.02292,19.79613],[-156.02341,19.7961],[-156.02357,19.79598],[-156.02408,19.79607],[-156.02457,19.79592],[-156.02509,19.79582],[-156.0256,19.79564],[-156.02585,19.79548],[-156.02594,19.79526],[-156.02602,19.79469],[-156.02611,19.79435],[-156.02608,19.79396],[-156.02608,19.7932],[-156.02612,19.79304],[-156.02635,19.79279],[-156.02663,19.79272],[-156.0269,19.79282],[-156.02701,19.79263],[-156.02739,19.7925],[-156.02781,19.79254],[-156.02791,19.79228],[-156.02859,19.79135],[-156.0289,19.79135],[-156.02908,19.79096],[-156.02959,19.79091],[-156.02971,19.79069],[-156.02992,19.79057],[-156.03049,19.79035],[-156.03078,19.79032],[-156.03159,19.79032],[-156.03207,19.79044],[-156.03285,19.79048],[-156.03331,19.79067],[-156.03378,19.79057],[-156.03441,19.79009],[-156.03481,19.78956],[-156.03528,19.78914],[-156.03566,19.78871],[-156.03606,19.78846],[-156.03635,19.78849],[-156.03647,19.78836],[-156.03676,19.78843],[-156.03711,19.78834],[-156.0374,19.78839],[-156.03821,19.78805],[-156.03848,19.7877],[-156.03887,19.78708],[-156.03866,19.78657],[-156.03998,19.78223],[-156.04036,19.7821],[-156.04062,19.78171],[-156.04086,19.7816],[-156.0412,19.78163],[-156.04167,19.78151],[-156.04199,19.78149],[-156.04251,19.78126],[-156.04268,19.78111],[-156.04289,19.78069],[-156.04329,19.78032],[-156.04352,19.78019],[-156.04402,19.78],[-156.04431,19.77954],[-156.04462,19.77931],[-156.04503,19.77917],[-156.0455,19.77912],[-156.04562,19.77901],[-156.04567,19.77821],[-156.04573,19.77797],[-156.04637,19.77737],[-156.04651,19.77729],[-156.04704,19.77733],[-156.04692,19.77711],[-156.04695,19.77688],[-156.04691,19.77651],[-156.04664,19.77593],[-156.04662,19.77563],[-156.04666,19.77532],[-156.04706,19.77468],[-156.04713,19.77425],[-156.04753,19.77388],[-156.04788,19.77373],[-156.04886,19.77348],[-156.04906,19.77319],[-156.04969,19.7729],[-156.04973,19.77276],[-156.05017,19.77257],[-156.04989,19.77224],[-156.04971,19.77147],[-156.04941,19.77114],[-156.04948,19.77077],[-156.04918,19.77067],[-156.04926,19.77033],[-156.04912,19.77003],[-156.04921,19.76983],[-156.04964,19.76928],[-156.04928,19.76907],[-156.0491,19.76882],[-156.04912,19.76841],[-156.04886,19.76804],[-156.04884,19.76779],[-156.04921,19.76752],[-156.0494,19.7673],[-156.04942,19.76698],[-156.04919,19.76678],[-156.04912,19.7665],[-156.04915,19.76632],[-156.04898,19.76621],[-156.04909,19.76592],[-156.04874,19.76587],[-156.04858,19.76543],[-156.04877,19.76479],[-156.04895,19.7647],[-156.04889,19.76454],[-156.04909,19.76425],[-156.04936,19.76412],[-156.0498,19.76417],[-156.04977,19.76397],[-156.04948,19.76359],[-156.0497,19.76304],[-156.04982,19.76296],[-156.04979,19.76274],[-156.05014,19.76218],[-156.05031,19.7621],[-156.05037,19.76187],[-156.05066,19.76193],[-156.05069,19.76169],[-156.05046,19.76134],[-156.05053,19.76122],[-156.05001,19.76099],[-156.04965,19.76063],[-156.04963,19.76041],[-156.04944,19.7602],[-156.04913,19.75946],[-156.04912,19.7593],[-156.04931,19.75843],[-156.04947,19.75797],[-156.04932,19.7578],[-156.04935,19.75751],[-156.04919,19.75718],[-156.04915,19.75689],[-156.04919,19.75667],[-156.0495,19.75622],[-156.04961,19.75598],[-156.0496,19.75554],[-156.04951,19.75542],[-156.04944,19.7549],[-156.0495,19.75481],[-156.04936,19.75446],[-156.04932,19.75397],[-156.04936,19.75371],[-156.04959,19.7534],[-156.04976,19.75299],[-156.05012,19.75222],[-156.0504,19.75144],[-156.05045,19.75119],[-156.0508,19.75026],[-156.05122,19.75006],[-156.05234,19.74914],[-156.0526,19.74881],[-156.05293,19.74856],[-156.05328,19.74837],[-156.05407,19.74804],[-156.05452,19.7477],[-156.0546,19.74756],[-156.05499,19.74647],[-156.05475,19.74513],[-156.0548,19.74488],[-156.05452,19.74431],[-156.05411,19.74362],[-156.05385,19.74264],[-156.05407,19.74203],[-156.05411,19.74181],[-156.05426,19.74153],[-156.05434,19.74088],[-156.05426,19.74054],[-156.05444,19.74038],[-156.05427,19.74025],[-156.05414,19.73967],[-156.0544,19.73929],[-156.05424,19.73862],[-156.05359,19.73776],[-156.05339,19.73759],[-156.05309,19.7367],[-156.05313,19.73652],[-156.05298,19.73634],[-156.05293,19.73607],[-156.05312,19.73556],[-156.05353,19.7351],[-156.05398,19.73484],[-156.05429,19.73442],[-156.05466,19.73412],[-156.05485,19.73386],[-156.05534,19.73358],[-156.05554,19.73331],[-156.05598,19.73285],[-156.05672,19.73194],[-156.05693,19.73183],[-156.05753,19.73193],[-156.058,19.7318],[-156.05795,19.73162],[-156.0581,19.73145],[-156.05841,19.73134],[-156.05867,19.73108],[-156.05888,19.73137],[-156.05931,19.73106],[-156.05968,19.73101],[-156.05981,19.73078],[-156.06012,19.73057],[-156.06039,19.73006],[-156.06079,19.72989],[-156.0607,19.72948],[-156.06095,19.72885],[-156.06129,19.72858],[-156.06129,19.72832],[-156.06148,19.72812],[-156.06166,19.72762],[-156.06161,19.72737],[-156.06136,19.72712],[-156.06095,19.7269],[-156.06023,19.72675],[-156.06001,19.72658],[-156.05997,19.72631],[-156.05975,19.72582],[-156.05946,19.72539],[-156.05927,19.72526],[-156.05896,19.7247],[-156.05878,19.72445],[-156.05855,19.72426],[-156.0582,19.72365],[-156.05785,19.72333],[-156.05757,19.72273],[-156.0576,19.72247],[-156.05715,19.72193],[-156.05678,19.72191],[-156.05644,19.72155],[-156.05643,19.72122],[-156.05635,19.72105],[-156.05596,19.72084],[-156.05585,19.72064],[-156.0553,19.72012],[-156.05492,19.7201],[-156.05476,19.7199],[-156.05449,19.71985],[-156.05421,19.71962],[-156.05365,19.71898],[-156.05359,19.71878],[-156.0533,19.71851],[-156.05293,19.71832],[-156.05275,19.71846],[-156.0526,19.71826],[-156.05229,19.71807],[-156.05202,19.71799],[-156.05182,19.71775],[-156.0516,19.71774],[-156.05128,19.71751],[-156.0513,19.71738],[-156.05098,19.71708],[-156.05106,19.71677],[-156.05087,19.7166],[-156.05067,19.71597],[-156.05053,19.71592],[-156.05031,19.71606],[-156.05005,19.71601],[-156.04987,19.71586],[-156.0496,19.71545],[-156.04953,19.71514],[-156.04956,19.71486],[-156.04947,19.71474],[-156.04947,19.71437],[-156.04929,19.714],[-156.04929,19.7137],[-156.04921,19.7133],[-156.04907,19.71315],[-156.04909,19.71251],[-156.04927,19.71222],[-156.04951,19.71218],[-156.04939,19.71176],[-156.04927,19.71171],[-156.04918,19.71141],[-156.04935,19.71113],[-156.04918,19.71078],[-156.04898,19.7106],[-156.04915,19.71028],[-156.04886,19.70996],[-156.04886,19.70973],[-156.04897,19.70943],[-156.04881,19.70921],[-156.04863,19.70922],[-156.04849,19.70892],[-156.04854,19.70873],[-156.04846,19.70846],[-156.04832,19.7083],[-156.04854,19.70822],[-156.04853,19.70802],[-156.04825,19.70727],[-156.04828,19.70706],[-156.04807,19.70672],[-156.04829,19.70594],[-156.04832,19.70557],[-156.04849,19.70529],[-156.04831,19.70455],[-156.04831,19.70429],[-156.0484,19.70399],[-156.04861,19.70353],[-156.0486,19.7032],[-156.04871,19.70307],[-156.04852,19.70278],[-156.04851,19.70238],[-156.04868,19.70171],[-156.04886,19.70153],[-156.04871,19.70138],[-156.04868,19.70108],[-156.04889,19.70096],[-156.04889,19.70058],[-156.0491,19.70051],[-156.04895,19.70022],[-156.0486,19.69984],[-156.04808,19.69962],[-156.04776,19.69943],[-156.04744,19.69898],[-156.04729,19.69885],[-156.04713,19.69849],[-156.04666,19.69797],[-156.04651,19.69765],[-156.04639,19.6971],[-156.04608,19.6965],[-156.04578,19.69609],[-156.04538,19.69584],[-156.04529,19.69552],[-156.04506,19.69529],[-156.04511,19.69472],[-156.04501,19.69426],[-156.04518,19.69379],[-156.04523,19.69319],[-156.04498,19.69322],[-156.04469,19.6931],[-156.04469,19.69293],[-156.04436,19.69288],[-156.04371,19.6922],[-156.04282,19.69183],[-156.04216,19.69161],[-156.04152,19.69099],[-156.04148,19.69072],[-156.04127,19.69066],[-156.04117,19.69037],[-156.0406,19.69034],[-156.04028,19.69025],[-156.03982,19.69025],[-156.03921,19.69009],[-156.03847,19.68974],[-156.0379,19.68943],[-156.03749,19.68898],[-156.03728,19.68861],[-156.03706,19.68801],[-156.03661,19.68736],[-156.036,19.68666],[-156.03553,19.68548],[-156.03494,19.6836],[-156.03468,19.68325],[-156.03433,19.68302],[-156.03409,19.68269],[-156.03358,19.68238],[-156.03325,19.68178],[-156.03302,19.68148],[-156.03265,19.6811],[-156.0325,19.68067],[-156.03246,19.68024],[-156.03232,19.6801],[-156.03146,19.6797],[-156.03128,19.67955],[-156.03087,19.67945],[-156.03052,19.67909],[-156.0302,19.67827],[-156.02983,19.67803],[-156.02971,19.67776],[-156.02934,19.67798],[-156.02917,19.67793],[-156.02867,19.67755],[-156.02844,19.67732],[-156.02803,19.67706],[-156.02762,19.67703],[-156.02733,19.67685],[-156.02684,19.6762],[-156.02664,19.67577],[-156.02666,19.67519],[-156.02649,19.67451],[-156.02641,19.67384],[-156.02613,19.67282],[-156.02596,19.67247],[-156.026,19.67222],[-156.02591,19.67158],[-156.02613,19.67144],[-156.02631,19.67172],[-156.02658,19.67163],[-156.02645,19.67142],[-156.02637,19.67104],[-156.02653,19.67079],[-156.02679,19.67075],[-156.02707,19.67083],[-156.02721,19.67106],[-156.02736,19.67105],[-156.02743,19.67132],[-156.0277,19.67105],[-156.02762,19.6707],[-156.02802,19.67039],[-156.02789,19.66995],[-156.02746,19.66993],[-156.02722,19.66972],[-156.02703,19.66912],[-156.02713,19.66897],[-156.0271,19.66862],[-156.02716,19.66834],[-156.02758,19.66757],[-156.02756,19.66735],[-156.02791,19.66717],[-156.02801,19.66743],[-156.02834,19.66748],[-156.02865,19.66731],[-156.02919,19.66717],[-156.02933,19.66706],[-156.02959,19.66704],[-156.03009,19.66676],[-156.03016,19.66647],[-156.03058,19.66625],[-156.0307,19.66595],[-156.03089,19.66569],[-156.0309,19.66552],[-156.03105,19.66538],[-156.03087,19.66525],[-156.03104,19.66505],[-156.03093,19.66492],[-156.0309,19.66465],[-156.03114,19.66458],[-156.03108,19.66431],[-156.03116,19.66418],[-156.03107,19.6639],[-156.0309,19.66384],[-156.03105,19.66346],[-156.0309,19.66311],[-156.03107,19.663],[-156.03096,19.66282],[-156.03104,19.66266],[-156.03089,19.66253],[-156.03105,19.6622],[-156.03093,19.66212],[-156.03102,19.66188],[-156.0309,19.66141],[-156.03104,19.66091],[-156.03101,19.6607],[-156.03116,19.66061],[-156.03107,19.66043],[-156.03114,19.66028],[-156.0315,19.66008],[-156.03148,19.65982],[-156.03133,19.65937],[-156.03146,19.65911],[-156.0314,19.65888],[-156.03171,19.65887],[-156.03189,19.6585],[-156.03218,19.65845],[-156.03224,19.65817],[-156.03241,19.65812],[-156.03255,19.65752],[-156.03268,19.65734],[-156.03248,19.65718],[-156.03229,19.65643],[-156.0324,19.65626],[-156.0329,19.65621],[-156.03296,19.65611],[-156.03244,19.656],[-156.03203,19.65575],[-156.03177,19.6559],[-156.03145,19.65566],[-156.03131,19.65539],[-156.03131,19.65515],[-156.03122,19.6548],[-156.03134,19.65451],[-156.0317,19.65452],[-156.03145,19.65419],[-156.03127,19.65415],[-156.031,19.65424],[-156.0309,19.65416],[-156.031,19.65358],[-156.03134,19.65349],[-156.03139,19.65336],[-156.03119,19.65322],[-156.03131,19.65289],[-156.0311,19.65272],[-156.03105,19.65256],[-156.03075,19.65241],[-156.03085,19.65211],[-156.03058,19.65186],[-156.03061,19.65165],[-156.03049,19.65141],[-156.03027,19.65138],[-156.03026,19.65122],[-156.03008,19.65101],[-156.03012,19.65079],[-156.02992,19.65062],[-156.0298,19.65038],[-156.0294,19.65006],[-156.02933,19.64981],[-156.02916,19.64986],[-156.0289,19.6492],[-156.02873,19.64915],[-156.02859,19.64927],[-156.02832,19.64915],[-156.02828,19.64876],[-156.02789,19.64875],[-156.02786,19.64813],[-156.0276,19.64811],[-156.02713,19.64786],[-156.02682,19.64761],[-156.02672,19.64739],[-156.02637,19.64734],[-156.02626,19.64719],[-156.02592,19.64708],[-156.02548,19.64732],[-156.02512,19.64712],[-156.0244,19.64713],[-156.02402,19.64737],[-156.02376,19.64741],[-156.02353,19.64775],[-156.02324,19.64772],[-156.02264,19.6481],[-156.02229,19.64822],[-156.02193,19.64815],[-156.02166,19.64827],[-156.02135,19.64831],[-156.02043,19.64823],[-156.01998,19.64779],[-156.01964,19.6478],[-156.01958,19.64757],[-156.01938,19.64745],[-156.01903,19.64744],[-156.01872,19.64729],[-156.01828,19.64726],[-156.01797,19.64715],[-156.0178,19.64726],[-156.0175,19.64727],[-156.01726,19.64736],[-156.01712,19.64731],[-156.01671,19.64757],[-156.01601,19.64723],[-156.01579,19.6467],[-156.01547,19.64651],[-156.01535,19.64614],[-156.01488,19.64553],[-156.0144,19.64525],[-156.01427,19.64511],[-156.01393,19.64499],[-156.01362,19.64469],[-156.01318,19.64458],[-156.01282,19.64443],[-156.01237,19.64413],[-156.01178,19.64396],[-156.01131,19.64372],[-156.01082,19.64337],[-156.00997,19.64307],[-156.00958,19.64278],[-156.00923,19.64217],[-156.00908,19.64212],[-156.00859,19.6418],[-156.00846,19.64164],[-156.00777,19.64123],[-156.00729,19.64101],[-156.00694,19.64069],[-156.0067,19.64071],[-156.00659,19.64049],[-156.00609,19.64033],[-156.00586,19.64019],[-156.00578,19.64002],[-156.00514,19.63921],[-156.00517,19.63886],[-156.00504,19.63882],[-156.0047,19.63909],[-156.00453,19.63904],[-156.00441,19.63869],[-156.00421,19.63876],[-156.00401,19.63863],[-156.00392,19.63842],[-156.0036,19.63847],[-156.00342,19.63807],[-156.00299,19.63819],[-156.00255,19.63797],[-156.00224,19.63787],[-156.00175,19.63783],[-156.00168,19.63749],[-156.00145,19.63749],[-156.00127,19.63729],[-156.00119,19.63705],[-156.00096,19.63728],[-156.00054,19.63701],[-156.00035,19.63705],[-156.0003,19.63724],[-156.0,19.63738],[-155.9997,19.63734],[-155.99951,19.63746],[-155.99909,19.63757],[-155.99877,19.63759],[-155.99824,19.63783],[-155.99796,19.63782],[-155.99772,19.63802],[-155.99772,19.63836],[-155.99737,19.63868],[-155.99715,19.6388],[-155.99736,19.639],[-155.99759,19.63892],[-155.99766,19.63929],[-155.99757,19.63948],[-155.99737,19.63953],[-155.99714,19.63914],[-155.99683,19.63908],[-155.99678,19.63896],[-155.99694,19.63849],[-155.99671,19.63842],[-155.9965,19.63894],[-155.99693,19.63995],[-155.99679,19.64005],[-155.99637,19.63996],[-155.99576,19.64003],[-155.99524,19.63991],[-155.9948,19.6397],[-155.99475,19.63929],[-155.9944,19.63887],[-155.99438,19.63848],[-155.99413,19.63807],[-155.99399,19.63745],[-155.99373,19.63715],[-155.99384,19.63688],[-155.99332,19.6367],[-155.99309,19.63633],[-155.99281,19.6362],[-155.9924,19.6358],[-155.9917,19.63589],[-155.9915,19.63587],[-155.99141,19.63569],[-155.99104,19.63558],[-155.9908,19.6354],[-155.99068,19.63521],[-155.99036,19.6349],[-155.98996,19.6338],[-155.99016,19.63365],[-155.99022,19.63328],[-155.99011,19.63312],[-155.99031,19.63301],[-155.99057,19.63303],[-155.9908,19.6325],[-155.99077,19.63236],[-155.99092,19.63213],[-155.99092,19.63183],[-155.99121,19.63171],[-155.99063,19.63116],[-155.9904,19.63083],[-155.99005,19.63069],[-155.98993,19.63042],[-155.98961,19.63],[-155.98947,19.62962],[-155.989,19.6292],[-155.98872,19.62868],[-155.98836,19.62859],[-155.98817,19.62841],[-155.98802,19.62797],[-155.98813,19.62764],[-155.98811,19.62699],[-155.98822,19.62679],[-155.98821,19.62649],[-155.9879,19.62632],[-155.98778,19.62617],[-155.98785,19.62581],[-155.98773,19.62545],[-155.98741,19.62512],[-155.98742,19.62489],[-155.98727,19.62479],[-155.9871,19.6249],[-155.98678,19.62475],[-155.98654,19.6244],[-155.98634,19.62424],[-155.98609,19.62417],[-155.98583,19.62386],[-155.98587,19.62333],[-155.98596,19.62296],[-155.9863,19.62223],[-155.98645,19.6221],[-155.98665,19.62177],[-155.98672,19.62148],[-155.98686,19.62124],[-155.98686,19.62106],[-155.98707,19.62093],[-155.98703,19.62052],[-155.98714,19.62019],[-155.98683,19.62002],[-155.9868,19.61968],[-155.98669,19.6195],[-155.98647,19.61938],[-155.98637,19.61901],[-155.98655,19.61868],[-155.98662,19.61793],[-155.98631,19.61723],[-155.98601,19.61682],[-155.98584,19.61667],[-155.98547,19.61661],[-155.98501,19.61625],[-155.9847,19.61589],[-155.98459,19.61556],[-155.98442,19.6155],[-155.98408,19.61514],[-155.9839,19.61465],[-155.98341,19.61458],[-155.98273,19.61422],[-155.98256,19.614],[-155.9825,19.61373],[-155.98253,19.61321],[-155.98263,19.61287],[-155.98262,19.6127],[-155.98279,19.61247],[-155.98263,19.6123],[-155.98248,19.61183],[-155.98226,19.61159],[-155.98175,19.61162],[-155.98134,19.61175],[-155.98112,19.6117],[-155.98083,19.6114],[-155.98065,19.61086],[-155.98018,19.61055],[-155.98013,19.61023],[-155.97944,19.60989],[-155.97914,19.60958],[-155.97908,19.6093],[-155.97896,19.60921],[-155.97881,19.60871],[-155.97853,19.60849],[-155.9781,19.60842],[-155.97786,19.60825],[-155.97769,19.60796],[-155.97764,19.60752],[-155.97749,19.60728],[-155.97729,19.60715],[-155.97698,19.60664],[-155.97647,19.60613],[-155.97634,19.60581],[-155.97634,19.60553],[-155.97586,19.60547],[-155.97557,19.60532],[-155.9754,19.60504],[-155.97545,19.60474],[-155.97523,19.60441],[-155.97482,19.6042],[-155.97456,19.60381],[-155.97447,19.60348],[-155.97452,19.60282],[-155.97462,19.60266],[-155.97493,19.60267],[-155.97512,19.60239],[-155.97564,19.60238],[-155.97606,19.60207],[-155.97636,19.60175],[-155.97656,19.60124],[-155.97655,19.60099],[-155.97661,19.60036],[-155.97643,19.59995],[-155.97639,19.59969],[-155.97558,19.59896],[-155.97542,19.59897],[-155.97442,19.59862],[-155.97435,19.59838],[-155.9741,19.59823],[-155.97402,19.59808],[-155.97392,19.59765],[-155.97374,19.59716],[-155.97345,19.59671],[-155.97345,19.59626],[-155.9732,19.59611],[-155.9729,19.59562],[-155.97281,19.59534],[-155.97252,19.59494],[-155.97229,19.59472],[-155.97205,19.59468],[-155.97174,19.59454],[-155.97169,19.5944],[-155.97174,19.59387],[-155.97162,19.59361],[-155.9714,19.59332],[-155.97148,19.59281],[-155.97128,19.59269],[-155.97119,19.5923],[-155.9714,19.59196],[-155.972,19.59167],[-155.97219,19.59093],[-155.97183,19.59085],[-155.97166,19.59067],[-155.97166,19.59047],[-155.97189,19.59011],[-155.97176,19.5895],[-155.97202,19.58905],[-155.97182,19.58881],[-155.97183,19.58854],[-155.97195,19.58807],[-155.97191,19.58789],[-155.97142,19.58749],[-155.9713,19.58731],[-155.97113,19.58678],[-155.97117,19.58656],[-155.97102,19.58645],[-155.97096,19.58607],[-155.97078,19.58591],[-155.97059,19.58561],[-155.97035,19.58557],[-155.96997,19.58519],[-155.96967,19.58509],[-155.96944,19.58492],[-155.96924,19.58457],[-155.96881,19.58426],[-155.96855,19.58371],[-155.96849,19.58328],[-155.96822,19.58314],[-155.96771,19.58232],[-155.96757,19.58192],[-155.96736,19.58173],[-155.96709,19.5813],[-155.9666,19.58081],[-155.96648,19.58049],[-155.96658,19.58016],[-155.96681,19.57984],[-155.96704,19.57927],[-155.96753,19.57896],[-155.96754,19.57872],[-155.96781,19.57876],[-155.96805,19.57861],[-155.96835,19.57831],[-155.96849,19.57809],[-155.96886,19.57789],[-155.96859,19.57767],[-155.96851,19.57745],[-155.96825,19.57724],[-155.96834,19.57703],[-155.96817,19.57658],[-155.96841,19.57652],[-155.96861,19.57611],[-155.96851,19.57537],[-155.96832,19.57505],[-155.96802,19.57485],[-155.96788,19.57461],[-155.96754,19.57438],[-155.96778,19.57374],[-155.96781,19.57345],[-155.96758,19.57282],[-155.96763,19.57262],[-155.96759,19.57211],[-155.96744,19.57196],[-155.96729,19.57154],[-155.96729,19.57126],[-155.96746,19.57117],[-155.96751,19.57078],[-155.96744,19.57052],[-155.96759,19.57038],[-155.96759,19.57019],[-155.96776,19.57005],[-155.96761,19.56984],[-155.96788,19.56979],[-155.96776,19.56962],[-155.96791,19.56952],[-155.96775,19.56932],[-155.96816,19.569],[-155.96816,19.56853],[-155.96802,19.56844],[-155.96823,19.56814],[-155.96799,19.56798],[-155.96804,19.56773],[-155.96789,19.56743],[-155.96788,19.56719],[-155.9677,19.567],[-155.96765,19.5668],[-155.96773,19.56648],[-155.96753,19.56633],[-155.96721,19.56587],[-155.96716,19.56559],[-155.9669,19.56513],[-155.96669,19.56504],[-155.96678,19.5647],[-155.9666,19.56428],[-155.96646,19.56421],[-155.9661,19.56421],[-155.9658,19.56402],[-155.96553,19.56431],[-155.9652,19.56447],[-155.96489,19.56439],[-155.96466,19.56423],[-155.96449,19.56397],[-155.9649,19.56334],[-155.96517,19.56306],[-155.96524,19.56282],[-155.96506,19.5625],[-155.96477,19.56266],[-155.96443,19.56268],[-155.96406,19.5624],[-155.96381,19.56236],[-155.96356,19.56216],[-155.96337,19.56237],[-155.96318,19.56235],[-155.96252,19.56254],[-155.96211,19.56235],[-155.96205,19.562],[-155.96226,19.56188],[-155.96213,19.56157],[-155.96237,19.56132],[-155.96344,19.56071],[-155.96361,19.56057],[-155.96391,19.56045],[-155.9641,19.5603],[-155.96459,19.56021],[-155.96506,19.55993],[-155.96571,19.55994],[-155.96611,19.5597],[-155.96612,19.55929],[-155.96645,19.55889],[-155.96646,19.55854],[-155.96617,19.55823],[-155.96619,19.55743],[-155.96613,19.55699],[-155.96603,19.55681],[-155.96623,19.55643],[-155.96619,19.55624],[-155.96631,19.556],[-155.96645,19.55549],[-155.96645,19.55514],[-155.96652,19.55471],[-155.96666,19.55458],[-155.96681,19.55424],[-155.96663,19.55396],[-155.96677,19.55379],[-155.96687,19.55347],[-155.96686,19.55322],[-155.96666,19.55306],[-155.96675,19.55288],[-155.96666,19.55264],[-155.96648,19.55244],[-155.96647,19.55222],[-155.96616,19.55211],[-155.96603,19.55192],[-155.96581,19.55181],[-155.96564,19.55158],[-155.96541,19.55159],[-155.96515,19.55149],[-155.96484,19.55149],[-155.96475,19.55133],[-155.96443,19.55156],[-155.96404,19.55168],[-155.96382,19.55169],[-155.96365,19.55153],[-155.9632,19.55156],[-155.96274,19.55167],[-155.96259,19.55154],[-155.96227,19.5514],[-155.96216,19.55115],[-155.96198,19.55103],[-155.96201,19.55078],[-155.96166,19.5507],[-155.96138,19.55035],[-155.96141,19.55023],[-155.96123,19.55],[-155.96123,19.54985],[-155.96106,19.54969],[-155.96047,19.54964],[-155.96031,19.5492],[-155.96036,19.54901],[-155.96001,19.54897],[-155.95972,19.54878],[-155.95947,19.54838],[-155.95924,19.54812],[-155.9596,19.54792],[-155.95989,19.54744],[-155.9605,19.54704],[-155.96057,19.54684],[-155.9605,19.5465],[-155.96016,19.54643],[-155.9603,19.54618],[-155.95996,19.54622],[-155.95964,19.54603],[-155.95917,19.54568],[-155.95865,19.54512],[-155.95833,19.54471],[-155.95809,19.54412],[-155.9581,19.54393],[-155.9579,19.54368],[-155.9578,19.54327],[-155.95783,19.54297],[-155.95802,19.54279],[-155.95833,19.54238],[-155.95842,19.54208],[-155.95836,19.54169],[-155.95851,19.54145],[-155.95903,19.54109],[-155.95923,19.54118],[-155.95932,19.54087],[-155.95894,19.54028],[-155.95894,19.54011],[-155.95858,19.53957],[-155.95841,19.53943],[-155.95851,19.539],[-155.95813,19.53874],[-155.95813,19.53848],[-155.95789,19.53835],[-155.95787,19.53809],[-155.9577,19.53802],[-155.95717,19.53727],[-155.95714,19.53695],[-155.95722,19.53683],[-155.95711,19.53654],[-155.95712,19.53629],[-155.95723,19.53583],[-155.95734,19.53568],[-155.95726,19.53548],[-155.95743,19.53526],[-155.9572,19.53522],[-155.95692,19.53461],[-155.95709,19.53432],[-155.9568,19.5342],[-155.95674,19.53397],[-155.95629,19.53357],[-155.95619,19.53336],[-155.95627,19.53321],[-155.95612,19.53309],[-155.95622,19.5327],[-155.95612,19.53247],[-155.9558,19.5324],[-155.95572,19.53225],[-155.95583,19.53207],[-155.95619,19.5319],[-155.95612,19.53169],[-155.95631,19.53122],[-155.95639,19.53085],[-155.95636,19.53063],[-155.95619,19.53041],[-155.95627,19.53019],[-155.95662,19.53016],[-155.95689,19.52988],[-155.95716,19.52969],[-155.95712,19.52952],[-155.95689,19.52944],[-155.95671,19.52922],[-155.9567,19.52892],[-155.95647,19.52874],[-155.95636,19.52835],[-155.95642,19.52806],[-155.9563,19.52786],[-155.95644,19.52744],[-155.95624,19.52724],[-155.95645,19.52699],[-155.95644,19.52684],[-155.95624,19.52671],[-155.95633,19.52655],[-155.95628,19.52634],[-155.9561,19.52619],[-155.95605,19.52603],[-155.95613,19.52561],[-155.95597,19.52544],[-155.95596,19.52515],[-155.95584,19.52496],[-155.95602,19.52484],[-155.95593,19.52462],[-155.95609,19.52449],[-155.95607,19.52428],[-155.95628,19.52407],[-155.95613,19.52399],[-155.95638,19.52361],[-155.95628,19.52347],[-155.95663,19.52297],[-155.95692,19.52284],[-155.95703,19.52228],[-155.9574,19.52212],[-155.95728,19.52189],[-155.95752,19.52163],[-155.95776,19.52166],[-155.95789,19.52134],[-155.95821,19.52115],[-155.95851,19.52122],[-155.95868,19.52114],[-155.95868,19.52095],[-155.95883,19.52067],[-155.95902,19.52054],[-155.95963,19.52024],[-155.95981,19.52005],[-155.96002,19.51998],[-155.9601,19.5197],[-155.96025,19.51954],[-155.96026,19.5191],[-155.96045,19.51891],[-155.96051,19.51852],[-155.9603,19.51853],[-155.96011,19.51809],[-155.96031,19.51783],[-155.96001,19.51755],[-155.96013,19.51722],[-155.96014,19.51699],[-155.95995,19.51689],[-155.95975,19.51649],[-155.95958,19.51629],[-155.95955,19.51587],[-155.95975,19.51535],[-155.95946,19.5152],[-155.95949,19.51486],[-155.95963,19.5147],[-155.95941,19.51443],[-155.95961,19.51432],[-155.95972,19.51414],[-155.95961,19.51376],[-155.95929,19.51356],[-155.95918,19.51338],[-155.9587,19.5133],[-155.95841,19.51315],[-155.9582,19.51312],[-155.95787,19.51293],[-155.95752,19.51299],[-155.95729,19.51294],[-155.95685,19.51263],[-155.95696,19.51244],[-155.95682,19.51227],[-155.95659,19.51241],[-155.9563,19.51222],[-155.95596,19.5118],[-155.95602,19.51153],[-155.9557,19.51136],[-155.95538,19.51099],[-155.95557,19.51065],[-155.95545,19.51054],[-155.95508,19.51063],[-155.95466,19.51042],[-155.95445,19.51025],[-155.9543,19.50997],[-155.95447,19.50926],[-155.95397,19.50889],[-155.95373,19.50881],[-155.95323,19.50846],[-155.95329,19.5082],[-155.95325,19.50801],[-155.95293,19.50786],[-155.95256,19.50751],[-155.95253,19.5073],[-155.95236,19.50716],[-155.95172,19.50708],[-155.9515,19.50715],[-155.9512,19.50704],[-155.95097,19.50685],[-155.95096,19.50624],[-155.95117,19.50518],[-155.95137,19.50467],[-155.95181,19.50437],[-155.95213,19.50432],[-155.95215,19.50413],[-155.95191,19.50354],[-155.9517,19.50358],[-155.95133,19.50379],[-155.95111,19.50366],[-155.95131,19.5027],[-155.95123,19.50241],[-155.95106,19.50231],[-155.95078,19.50233],[-155.95061,19.50222],[-155.95062,19.50202],[-155.95038,19.50167],[-155.95047,19.50126],[-155.95044,19.50078],[-155.95031,19.50045],[-155.95036,19.50026],[-155.95027,19.50007],[-155.95035,19.49957],[-155.95051,19.49928],[-155.95033,19.49919],[-155.95003,19.49891],[-155.94991,19.49833],[-155.95009,19.49806],[-155.94981,19.498],[-155.9501,19.49757],[-155.94968,19.49737],[-155.94922,19.4974],[-155.94898,19.49727],[-155.94908,19.49687],[-155.94861,19.49679],[-155.94816,19.49648],[-155.94803,19.4963],[-155.94794,19.49597],[-155.94804,19.49568],[-155.9482,19.49547],[-155.94827,19.49512],[-155.9485,19.49505],[-155.94867,19.49477],[-155.94878,19.49443],[-155.94884,19.49393],[-155.94856,19.49344],[-155.94858,19.49318],[-155.94849,19.49294],[-155.94866,19.49278],[-155.94871,19.49257],[-155.9489,19.49251],[-155.94905,19.49212],[-155.94924,19.49204],[-155.9492,19.4918],[-155.94942,19.49143],[-155.94961,19.49134],[-155.94975,19.49107],[-155.94994,19.49092],[-155.94992,19.49069],[-155.95006,19.49036],[-155.94992,19.49017],[-155.95006,19.48994],[-155.95009,19.48901],[-155.95023,19.48861],[-155.95019,19.48834],[-155.95033,19.48813],[-155.9503,19.48798],[-155.95065,19.48773],[-155.95076,19.48755],[-155.95073,19.48704],[-155.95018,19.48628],[-155.95007,19.48592],[-155.94966,19.48571],[-155.94951,19.48552],[-155.94922,19.48538],[-155.94907,19.48509],[-155.94911,19.48475],[-155.94896,19.48467],[-155.949,19.48449],[-155.94887,19.48436],[-155.94879,19.4841],[-155.94859,19.48402],[-155.9485,19.48378],[-155.94832,19.48368],[-155.94769,19.48349],[-155.94737,19.48347],[-155.94727,19.48372],[-155.9471,19.48364],[-155.94686,19.48382],[-155.94648,19.48366],[-155.94635,19.48321],[-155.94611,19.48348],[-155.94594,19.48353],[-155.94577,19.48337],[-155.94527,19.48358],[-155.94507,19.48328],[-155.94493,19.48352],[-155.94451,19.48362],[-155.94438,19.48357],[-155.94422,19.48377],[-155.94391,19.48367],[-155.94367,19.48386],[-155.94345,19.48379],[-155.94328,19.48394],[-155.94299,19.48384],[-155.94255,19.48355],[-155.94229,19.48367],[-155.94212,19.48358],[-155.94195,19.48327],[-155.94162,19.48323],[-155.94087,19.48301],[-155.94076,19.4828],[-155.94046,19.48274],[-155.94069,19.48246],[-155.94061,19.48227],[-155.94022,19.48216],[-155.94042,19.48191],[-155.94015,19.48178],[-155.93986,19.48143],[-155.93954,19.48128],[-155.93935,19.48096],[-155.9391,19.48093],[-155.93877,19.48068],[-155.93861,19.48047],[-155.93855,19.48024],[-155.93836,19.48001],[-155.93814,19.48006],[-155.93797,19.47985],[-155.93771,19.47977],[-155.9377,19.47956],[-155.93744,19.47953],[-155.93727,19.47926],[-155.93732,19.47915],[-155.93717,19.4789],[-155.93693,19.47888],[-155.93657,19.47869],[-155.93631,19.4787],[-155.9357,19.47857],[-155.93552,19.47864],[-155.9353,19.47852],[-155.93526,19.47873],[-155.93499,19.47868],[-155.93448,19.47878],[-155.93407,19.4788],[-155.93373,19.47897],[-155.93379,19.47911],[-155.93361,19.47925],[-155.93353,19.47945],[-155.93385,19.47985],[-155.93387,19.48021],[-155.93352,19.48055],[-155.93332,19.48101],[-155.93323,19.48184],[-155.93301,19.48213],[-155.93303,19.48258],[-155.93279,19.4827],[-155.93253,19.48263],[-155.93233,19.48248],[-155.93194,19.48238],[-155.93185,19.48216],[-155.93161,19.48248],[-155.93109,19.48255],[-155.93068,19.48239],[-155.93018,19.48233],[-155.92937,19.4823],[-155.92896,19.4822],[-155.92818,19.48192],[-155.92748,19.48174],[-155.92703,19.48142],[-155.92624,19.481],[-155.92612,19.48087],[-155.92547,19.48042],[-155.92495,19.48023],[-155.9242,19.47974],[-155.92376,19.47952],[-155.92335,19.47926],[-155.92291,19.47914],[-155.92266,19.479],[-155.92188,19.47876],[-155.92137,19.47853],[-155.92082,19.47797],[-155.92039,19.47734],[-155.91992,19.47673],[-155.91983,19.47635],[-155.91968,19.47618],[-155.91971,19.47564],[-155.91995,19.47546],[-155.92,19.47529],[-155.91986,19.47507],[-155.91989,19.47485],[-155.91985,19.47421],[-155.91962,19.47387],[-155.91963,19.47366],[-155.91944,19.47344],[-155.91944,19.47327],[-155.91896,19.47318],[-155.91882,19.47303],[-155.91873,19.47268],[-155.91864,19.47258],[-155.9187,19.47228],[-155.91913,19.47196],[-155.91916,19.47173],[-155.91985,19.47165],[-155.92006,19.47143],[-155.92039,19.47142],[-155.92055,19.47119],[-155.92096,19.4712],[-155.92125,19.47139],[-155.92143,19.47126],[-155.92165,19.47125],[-155.92177,19.47139],[-155.92195,19.47126],[-155.92223,19.47127],[-155.92232,19.47099],[-155.92254,19.47089],[-155.92254,19.4707],[-155.92281,19.4703],[-155.92278,19.47006],[-155.92253,19.46981],[-155.92237,19.46973],[-155.92215,19.46982],[-155.92206,19.46965],[-155.92165,19.46953],[-155.92138,19.46955],[-155.92116,19.46936],[-155.92122,19.46912],[-155.92154,19.46912],[-155.92186,19.46894],[-155.92223,19.46833],[-155.92194,19.4684],[-155.92166,19.4683],[-155.92158,19.46789],[-155.92174,19.46762],[-155.92194,19.46743],[-155.92169,19.46737],[-155.92177,19.46714],[-155.92203,19.4669],[-155.92274,19.466],[-155.9225,19.46556],[-155.92239,19.46527],[-155.92249,19.46505],[-155.9227,19.46486],[-155.92278,19.46463],[-155.92296,19.46466],[-155.92303,19.46431],[-155.92346,19.46426],[-155.92337,19.46399],[-155.92372,19.46401],[-155.92365,19.46381],[-155.92378,19.46357],[-155.92397,19.46359],[-155.92404,19.46342],[-155.9245,19.46292],[-155.92462,19.4626],[-155.92459,19.46239],[-155.92479,19.46195],[-155.92476,19.46176],[-155.92508,19.46133],[-155.92506,19.46102],[-155.92531,19.46081],[-155.92547,19.46034],[-155.92586,19.4601],[-155.92632,19.46003],[-155.92651,19.46006],[-155.92679,19.45969],[-155.92707,19.45964],[-155.92763,19.4599],[-155.92767,19.45976],[-155.92751,19.45953],[-155.92772,19.45948],[-155.92799,19.45955],[-155.92812,19.45931],[-155.92828,19.45928],[-155.92828,19.45902],[-155.92802,19.45899],[-155.92781,19.45886],[-155.92734,19.45819],[-155.92703,19.45794],[-155.9265,19.45787],[-155.92622,19.45755],[-155.92633,19.45741],[-155.92583,19.45724],[-155.92538,19.45742],[-155.92448,19.45718],[-155.92429,19.45708],[-155.92445,19.45691],[-155.92416,19.45669],[-155.9241,19.45634],[-155.92393,19.45618],[-155.92369,19.45621],[-155.9236,19.4561],[-155.92369,19.4559],[-155.92288,19.45518],[-155.9227,19.45497],[-155.92233,19.45421],[-155.92209,19.45384],[-155.92194,19.45333],[-155.92183,19.45278],[-155.92187,19.45259],[-155.92169,19.45246],[-155.92189,19.4522],[-155.92174,19.452],[-155.92166,19.45137],[-155.92177,19.45106],[-155.92165,19.45088],[-155.92158,19.45032],[-155.92199,19.45007],[-155.92223,19.44974],[-155.92232,19.44939],[-155.92226,19.44915],[-155.92232,19.44878],[-155.92227,19.44819],[-155.92201,19.44798],[-155.92195,19.44781],[-155.9222,19.44758],[-155.922,19.44751],[-155.92191,19.44733],[-155.92155,19.44721],[-155.92146,19.44685],[-155.92134,19.44673],[-155.92112,19.44678],[-155.9211,19.44629],[-155.92095,19.44603],[-155.92088,19.44568],[-155.92068,19.44539],[-155.92066,19.44509],[-155.92049,19.44493],[-155.9205,19.44431],[-155.92046,19.44409],[-155.92061,19.44395],[-155.9205,19.4437],[-155.9207,19.44348],[-155.92053,19.44339],[-155.92042,19.44293],[-155.92053,19.44273],[-155.92021,19.44249],[-155.92038,19.44226],[-155.92042,19.44205],[-155.92064,19.44161],[-155.92071,19.44113],[-155.92083,19.44098],[-155.92087,19.4399],[-155.92078,19.43915],[-155.92105,19.43881],[-155.92105,19.43848],[-155.92126,19.43842],[-155.92122,19.43824],[-155.9215,19.43815],[-155.92142,19.43775],[-155.92153,19.43728],[-155.92175,19.43729],[-155.92166,19.43699],[-155.9215,19.43681],[-155.92166,19.43664],[-155.92151,19.43637],[-155.9215,19.43607],[-155.92139,19.43573],[-155.92125,19.43573],[-155.92114,19.43546],[-155.92114,19.43503],[-155.92092,19.43482],[-155.92105,19.43472],[-155.92071,19.43438],[-155.92065,19.43404],[-155.92076,19.43397],[-155.92067,19.43372],[-155.92078,19.43343],[-155.92051,19.43342],[-155.92073,19.43317],[-155.92058,19.43309],[-155.92056,19.43265],[-155.9205,19.43233],[-155.92055,19.43183],[-155.92013,19.43156],[-155.92001,19.43138],[-155.9202,19.43117],[-155.92015,19.43067],[-155.91993,19.43045],[-155.91966,19.43034],[-155.91964,19.4301],[-155.91972,19.42987],[-155.91959,19.42964],[-155.91962,19.42948],[-155.91947,19.42916],[-155.91957,19.42866],[-155.9193,19.42859],[-155.91935,19.42832],[-155.91902,19.42803],[-155.91918,19.42781],[-155.91893,19.42762],[-155.9188,19.42741],[-155.91851,19.42728],[-155.91821,19.42726],[-155.91798,19.42692],[-155.91773,19.42672],[-155.91742,19.42664],[-155.91728,19.4263],[-155.91732,19.42606],[-155.91703,19.42608],[-155.91716,19.42571],[-155.91693,19.42579],[-155.91435,19.42042],[-155.91426,19.42019],[-155.91443,19.42014],[-155.91435,19.41978],[-155.91414,19.41967],[-155.91411,19.41954],[-155.91385,19.41946],[-155.91373,19.4193],[-155.91315,19.4191],[-155.91289,19.41921],[-155.91268,19.41902],[-155.9126,19.41865],[-155.91277,19.41847],[-155.91268,19.41825],[-155.91273,19.41767],[-155.91246,19.41765],[-155.9122,19.41746],[-155.91205,19.41724],[-155.91177,19.41706],[-155.91141,19.41703],[-155.91133,19.41667],[-155.91121,19.41656],[-155.91094,19.41653],[-155.91048,19.41615],[-155.90997,19.41587],[-155.90962,19.41596],[-155.90959,19.41615],[-155.90941,19.41618],[-155.90907,19.41588],[-155.90884,19.41554],[-155.90855,19.41554],[-155.90851,19.4154],[-155.90813,19.41522],[-155.90811,19.41506],[-155.90791,19.41491],[-155.90768,19.41505],[-155.90753,19.41529],[-155.90718,19.41529],[-155.90703,19.41508],[-155.90685,19.41504],[-155.9066,19.4148],[-155.90656,19.41444],[-155.90628,19.41402],[-155.90625,19.41368],[-155.90615,19.41352],[-155.9063,19.41341],[-155.90628,19.41307],[-155.90593,19.41285],[-155.90584,19.41258],[-155.9061,19.41241],[-155.90644,19.41238],[-155.90619,19.41216],[-155.90619,19.41203],[-155.90598,19.41184],[-155.90581,19.41152],[-155.90562,19.41167],[-155.90535,19.41173],[-155.90515,19.41143],[-155.90506,19.41078],[-155.90488,19.41031],[-155.90497,19.41008],[-155.90535,19.40996],[-155.90544,19.40934],[-155.90536,19.4091],[-155.90558,19.40897],[-155.9054,19.40878],[-155.90556,19.4085],[-155.90572,19.40847],[-155.90584,19.40821],[-155.90617,19.40809],[-155.90654,19.4078],[-155.90664,19.40755],[-155.90665,19.40719],[-155.90677,19.40687],[-155.90674,19.40634],[-155.90659,19.40613],[-155.90659,19.40587],[-155.90648,19.40569],[-155.90662,19.40532],[-155.90691,19.40496],[-155.90695,19.4046],[-155.90712,19.40446],[-155.90713,19.40417],[-155.90742,19.40398],[-155.90766,19.40393],[-155.90787,19.4037],[-155.9081,19.40366],[-155.90845,19.40336],[-155.90834,19.4031],[-155.90853,19.40296],[-155.90849,19.40277],[-155.90863,19.40241],[-155.90877,19.40234],[-155.90872,19.4021],[-155.90892,19.40192],[-155.90911,19.40188],[-155.90927,19.40171],[-155.9095,19.40124],[-155.90989,19.4011],[-155.90999,19.40099],[-155.91008,19.40054],[-155.91042,19.39993],[-155.91058,19.39943],[-155.91081,19.39924],[-155.911,19.39895],[-155.91104,19.39851],[-155.91086,19.3982],[-155.91097,19.39796],[-155.91086,19.39737],[-155.91068,19.39724],[-155.91069,19.39706],[-155.91056,19.39691],[-155.91081,19.39673],[-155.91066,19.39655],[-155.91063,19.39632],[-155.91047,19.3961],[-155.90997,19.39583],[-155.90987,19.39559],[-155.90955,19.39515],[-155.90936,19.3945],[-155.90918,19.39366],[-155.90889,19.39321],[-155.90836,19.39273],[-155.90803,19.39255],[-155.90794,19.39243],[-155.90772,19.39167],[-155.90758,19.39138],[-155.90741,19.39119],[-155.90747,19.39101],[-155.90718,19.39086],[-155.90675,19.39052],[-155.90637,19.38997],[-155.90641,19.38983],[-155.90605,19.3895],[-155.90587,19.38944],[-155.90579,19.38924],[-155.90561,19.38927],[-155.90527,19.38913],[-155.90515,19.38889],[-155.90486,19.38861],[-155.90413,19.38848],[-155.90381,19.3883],[-155.90344,19.38802],[-155.90318,19.38774],[-155.90309,19.38744],[-155.90276,19.38711],[-155.90239,19.38687],[-155.90201,19.38645],[-155.90201,19.38608],[-155.90181,19.38567],[-155.9016,19.38545],[-155.90156,19.38523],[-155.9017,19.38494],[-155.90169,19.38475],[-155.90144,19.38449],[-155.90169,19.38421],[-155.90132,19.38386],[-155.90152,19.38367],[-155.90132,19.3834],[-155.90135,19.38284],[-155.90146,19.38248],[-155.9013,19.38225],[-155.90149,19.38206],[-155.90137,19.38181],[-155.90141,19.3816],[-155.90123,19.3815],[-155.90113,19.38112],[-155.90103,19.38104],[-155.90093,19.38068],[-155.90048,19.38008],[-155.89978,19.37967],[-155.89923,19.37971],[-155.89835,19.37959],[-155.89823,19.3796],[-155.89769,19.37943],[-155.89716,19.37909],[-155.89682,19.37869],[-155.89671,19.37844],[-155.89652,19.37823],[-155.89616,19.37768],[-155.896,19.377],[-155.89551,19.37649],[-155.8954,19.37601],[-155.89541,19.37566],[-155.8957,19.3751],[-155.89612,19.37477],[-155.89644,19.37464],[-155.89655,19.37443],[-155.89645,19.37417],[-155.89664,19.37383],[-155.89686,19.37361],[-155.89673,19.37343],[-155.89653,19.37333],[-155.89665,19.37311],[-155.89639,19.37287],[-155.89639,19.37252],[-155.89615,19.37218],[-155.89615,19.37184],[-155.89638,19.37164],[-155.89702,19.37154],[-155.89697,19.37139],[-155.89715,19.37093],[-155.89711,19.37082],[-155.89737,19.37061],[-155.89731,19.37019],[-155.8971,19.37008],[-155.89671,19.3701],[-155.89645,19.3698],[-155.8963,19.36978],[-155.89614,19.36956],[-155.89582,19.36951],[-155.89511,19.3691],[-155.89488,19.36881],[-155.89479,19.36855],[-155.8945,19.36826],[-155.89468,19.3681],[-155.89436,19.36769],[-155.8945,19.36749],[-155.89424,19.36733],[-155.89409,19.36688],[-155.89403,19.3665],[-155.89382,19.36642],[-155.89386,19.36611],[-155.89358,19.36599],[-155.89372,19.36584],[-155.89374,19.36564],[-155.89346,19.36542],[-155.89346,19.36512],[-155.89329,19.36503],[-155.89313,19.36474],[-155.8929,19.36456],[-155.89279,19.36435],[-155.89253,19.36422],[-155.89224,19.36396],[-155.89201,19.36362],[-155.89203,19.363],[-155.89194,19.36269],[-155.89209,19.36243],[-155.89212,19.36202],[-155.89165,19.3621],[-155.89137,19.36199],[-155.89128,19.36169],[-155.89128,19.36125],[-155.89102,19.36124],[-155.8912,19.36093],[-155.89099,19.36065],[-155.891,19.36046],[-155.89085,19.3603],[-155.89091,19.36004],[-155.89071,19.35978],[-155.89055,19.35943],[-155.89064,19.35918],[-155.89105,19.35889],[-155.89122,19.35847],[-155.89113,19.35829],[-155.89091,19.35815],[-155.89091,19.35776],[-155.89084,19.3575],[-155.89101,19.35741],[-155.89075,19.35704],[-155.89029,19.35689],[-155.89073,19.35672],[-155.89059,19.35645],[-155.89083,19.35629],[-155.89054,19.35585],[-155.8905,19.35542],[-155.89014,19.3551],[-155.89001,19.35486],[-155.8898,19.35477],[-155.88959,19.35437],[-155.88942,19.35432],[-155.88898,19.35376],[-155.88893,19.35337],[-155.8892,19.35311],[-155.88933,19.35269],[-155.88965,19.35263],[-155.88948,19.35242],[-155.88933,19.3525],[-155.88913,19.35244],[-155.88905,19.35206],[-155.88928,19.35195],[-155.8892,19.35146],[-155.88903,19.35135],[-155.88915,19.35119],[-155.88919,19.35082],[-155.88902,19.35077],[-155.88883,19.35056],[-155.88896,19.35026],[-155.88884,19.35003],[-155.88861,19.34995],[-155.88833,19.35001],[-155.88817,19.34962],[-155.888,19.34947],[-155.88806,19.34933],[-155.88774,19.34878],[-155.88736,19.34858],[-155.88727,19.34835],[-155.88729,19.34812],[-155.88741,19.34791],[-155.88739,19.34761],[-155.88717,19.34732],[-155.88712,19.34695],[-155.88695,19.34667],[-155.88676,19.3466],[-155.88664,19.34615],[-155.88618,19.34598],[-155.88618,19.34554],[-155.88605,19.34545],[-155.88605,19.34519],[-155.8858,19.34475],[-155.88579,19.3446],[-155.88602,19.34388],[-155.88595,19.34359],[-155.88603,19.34314],[-155.88626,19.34287],[-155.88621,19.34255],[-155.88595,19.34243],[-155.88591,19.34212],[-155.88597,19.34172],[-155.88608,19.34141],[-155.88609,19.34078],[-155.88604,19.34035],[-155.8858,19.34016],[-155.88534,19.33966],[-155.88527,19.33939],[-155.88524,19.33882],[-155.88533,19.33834],[-155.88515,19.33806],[-155.88512,19.3378],[-155.88487,19.33742],[-155.88479,19.3372],[-155.88495,19.33674],[-155.88492,19.33591],[-155.88495,19.33575],[-155.88487,19.3352],[-155.8847,19.33447],[-155.88467,19.33417],[-155.88438,19.33397],[-155.88434,19.33377],[-155.88448,19.33345],[-155.88419,19.33326],[-155.88408,19.33301],[-155.88411,19.33266],[-155.88426,19.3324],[-155.88452,19.33216],[-155.8848,19.33207],[-155.8853,19.33153],[-155.88522,19.33138],[-155.8854,19.33116],[-155.88536,19.33102],[-155.88562,19.33093],[-155.8855,19.33042],[-155.88533,19.33032],[-155.88519,19.32993],[-155.88513,19.3296],[-155.88518,19.32939],[-155.88556,19.32898],[-155.88547,19.32844],[-155.88567,19.32826],[-155.88556,19.3279],[-155.88568,19.3276],[-155.88597,19.32719],[-155.88656,19.32675],[-155.88683,19.32677],[-155.88721,19.32668],[-155.88738,19.32635],[-155.88757,19.32625],[-155.88803,19.32561],[-155.88837,19.32547],[-155.88873,19.3256],[-155.88883,19.32522],[-155.8891,19.32516],[-155.88956,19.32495],[-155.8893,19.32466],[-155.88916,19.32434],[-155.88948,19.32443],[-155.8898,19.32441],[-155.89002,19.32412],[-155.88978,19.32365],[-155.89,19.32344],[-155.89023,19.32338],[-155.89017,19.32319],[-155.8899,19.32317],[-155.88997,19.32274],[-155.88983,19.32256],[-155.88992,19.32237],[-155.89,19.32193],[-155.8904,19.32147],[-155.8904,19.3211],[-155.89057,19.32096],[-155.89047,19.32054],[-155.89036,19.32033],[-155.89058,19.32006],[-155.89067,19.3197],[-155.89089,19.31951],[-155.89061,19.31928],[-155.89055,19.31904],[-155.89064,19.31894],[-155.89067,19.31854],[-155.89026,19.31815],[-155.88961,19.31737],[-155.88956,19.31691],[-155.88945,19.31653],[-155.88931,19.31564],[-155.88934,19.3155],[-155.88921,19.31533],[-155.8891,19.31502],[-155.88906,19.31447],[-155.88872,19.31421],[-155.88868,19.314],[-155.88844,19.31377],[-155.88788,19.31372],[-155.88757,19.31335],[-155.88745,19.31312],[-155.88764,19.31283],[-155.88768,19.31255],[-155.88812,19.3125],[-155.88834,19.31237],[-155.88811,19.31209],[-155.88827,19.31191],[-155.88798,19.31181],[-155.88765,19.31161],[-155.88738,19.31122],[-155.88733,19.31082],[-155.88721,19.31071],[-155.88719,19.31038],[-155.88707,19.31021],[-155.8871,19.30984],[-155.88736,19.30969],[-155.88733,19.30952],[-155.88756,19.30919],[-155.88785,19.30891],[-155.88772,19.30869],[-155.88782,19.30818],[-155.88789,19.30811],[-155.88832,19.30811],[-155.88837,19.30801],[-155.88803,19.30782],[-155.8882,19.30769],[-155.8882,19.30745],[-155.88788,19.30721],[-155.88778,19.30679],[-155.88789,19.30636],[-155.88783,19.30589],[-155.88785,19.30555],[-155.88806,19.3052],[-155.8878,19.30496],[-155.88777,19.30475],[-155.88811,19.30432],[-155.8885,19.30445],[-155.88852,19.30419],[-155.88875,19.30398],[-155.88875,19.30382],[-155.88855,19.30376],[-155.88869,19.30323],[-155.88899,19.30299],[-155.88927,19.30288],[-155.88939,19.30223],[-155.88959,19.30189],[-155.88965,19.30156],[-155.88949,19.30116],[-155.88963,19.30022],[-155.88948,19.29995],[-155.88953,19.29977],[-155.88982,19.29966],[-155.88968,19.29943],[-155.88922,19.29924],[-155.88889,19.29919],[-155.88883,19.29902],[-155.88891,19.29872],[-155.88875,19.29834],[-155.88852,19.29729],[-155.88809,19.29587],[-155.88816,19.29534],[-155.88826,19.29517],[-155.88828,19.29481],[-155.88841,19.29469],[-155.88836,19.29422],[-155.88855,19.29387],[-155.88855,19.29365],[-155.88881,19.29361],[-155.88898,19.29341],[-155.88936,19.29348],[-155.88947,19.2934],[-155.88934,19.29286],[-155.88937,19.29239],[-155.88931,19.29225],[-155.88933,19.29171],[-155.88947,19.29131],[-155.88959,19.29062],[-155.88936,19.29049],[-155.88911,19.29],[-155.88897,19.2899],[-155.88878,19.28946],[-155.88869,19.28916],[-155.88873,19.28859],[-155.88911,19.28844],[-155.88924,19.28794],[-155.88942,19.28779],[-155.8895,19.28747],[-155.88968,19.28722],[-155.88977,19.28695],[-155.88996,19.28672],[-155.89026,19.28651],[-155.8909,19.28559],[-155.89099,19.28518],[-155.89126,19.28495],[-155.8911,19.28483],[-155.89104,19.28444],[-155.89119,19.28412],[-155.8911,19.28391],[-155.89136,19.28277],[-155.89158,19.28217],[-155.8916,19.28173],[-155.8915,19.28151],[-155.8916,19.28111],[-155.89132,19.28082],[-155.89154,19.28042],[-155.89185,19.2804],[-155.89204,19.28028],[-155.89204,19.27982],[-155.89218,19.27973],[-155.8922,19.27947],[-155.8924,19.27937],[-155.89237,19.27922],[-155.89201,19.27901],[-155.89169,19.27889],[-155.89143,19.27857],[-155.89134,19.27797],[-155.89139,19.27767],[-155.89134,19.27722],[-155.89136,19.27682],[-155.89144,19.27658],[-155.8917,19.27622],[-155.89176,19.27598],[-155.89162,19.27533],[-155.8918,19.27481],[-155.89194,19.27462],[-155.89232,19.27433],[-155.89246,19.27394],[-155.89249,19.27337],[-155.89233,19.27292],[-155.89229,19.27258],[-155.89258,19.27231],[-155.89256,19.27219],[-155.89227,19.27187],[-155.89246,19.27169],[-155.8931,19.27167],[-155.89325,19.27153],[-155.89311,19.27132],[-155.89295,19.2713],[-155.89305,19.27093],[-155.89318,19.27073],[-155.89328,19.27018],[-155.89349,19.26998],[-155.89347,19.26955],[-155.89364,19.26927],[-155.89354,19.26899],[-155.89368,19.26885],[-155.89354,19.26867],[-155.89362,19.26847],[-155.89406,19.26772],[-155.8942,19.26754],[-155.89423,19.2673],[-155.89441,19.26709],[-155.89439,19.26687],[-155.89464,19.26649],[-155.89464,19.26634],[-155.89497,19.26583],[-155.8954,19.26498],[-155.89558,19.2644],[-155.89558,19.26404],[-155.8958,19.26382],[-155.89578,19.26327],[-155.89581,19.2628],[-155.89606,19.26229],[-155.8962,19.26211],[-155.89621,19.26187],[-155.89633,19.26151],[-155.89661,19.2611],[-155.89683,19.2606],[-155.89712,19.26039],[-155.89737,19.2604],[-155.89728,19.26004],[-155.89749,19.25986],[-155.89755,19.25965],[-155.89781,19.25966],[-155.8978,19.25945],[-155.89798,19.25939],[-155.89792,19.25899],[-155.8982,19.25849],[-155.89847,19.25859],[-155.89844,19.25835],[-155.89891,19.25778],[-155.89898,19.25735],[-155.89912,19.25712],[-155.89909,19.25685],[-155.89932,19.25683],[-155.89958,19.25667],[-155.89936,19.25658],[-155.89915,19.25662],[-155.89915,19.25636],[-155.89896,19.25603],[-155.89898,19.25576],[-155.89956,19.25573],[-155.89943,19.25555],[-155.89951,19.25536],[-155.89944,19.25483],[-155.89958,19.25432],[-155.89937,19.25421],[-155.89946,19.25403],[-155.89937,19.25379],[-155.89944,19.25363],[-155.89923,19.25339],[-155.89944,19.25324],[-155.89958,19.25299],[-155.8999,19.25288],[-155.89973,19.25243],[-155.89981,19.25213],[-155.89955,19.25193],[-155.8998,19.25171],[-155.89954,19.25159],[-155.89961,19.2513],[-155.89957,19.25085],[-155.89988,19.25041],[-155.89986,19.25022],[-155.90004,19.24968],[-155.89992,19.24945],[-155.90001,19.24933],[-155.90001,19.24892],[-155.90009,19.24869],[-155.90034,19.24875],[-155.90034,19.24848],[-155.90067,19.24851],[-155.90038,19.24823],[-155.90071,19.24826],[-155.90075,19.2481],[-155.90041,19.24771],[-155.9006,19.24753],[-155.9006,19.24713],[-155.90033,19.24689],[-155.90039,19.24645],[-155.90002,19.24589],[-155.89972,19.24529],[-155.89969,19.24507],[-155.8995,19.24507],[-155.8994,19.24479],[-155.89938,19.24436],[-155.8996,19.24413],[-155.89944,19.24407],[-155.89943,19.24387],[-155.89916,19.24386],[-155.89916,19.24364],[-155.89905,19.24323],[-155.89887,19.24307],[-155.89885,19.24264],[-155.89859,19.24245],[-155.8981,19.24151],[-155.89786,19.24135],[-155.89774,19.24102],[-155.89746,19.24104],[-155.89738,19.24089],[-155.89758,19.24071],[-155.89737,19.24062],[-155.89729,19.24022],[-155.89734,19.23983],[-155.89772,19.2391],[-155.8981,19.23872],[-155.89813,19.23854],[-155.89834,19.23823],[-155.89835,19.23804],[-155.89852,19.2375],[-155.89906,19.23675],[-155.89929,19.2362],[-155.89969,19.23571],[-155.89979,19.23545],[-155.90001,19.23526],[-155.90011,19.23505],[-155.90004,19.23486],[-155.90018,19.2345],[-155.90054,19.23393],[-155.9007,19.23323],[-155.90062,19.23299],[-155.90065,19.23268],[-155.90079,19.23213],[-155.90103,19.23165],[-155.90099,19.23117],[-155.90109,19.23038],[-155.90118,19.23014],[-155.90143,19.22932],[-155.90158,19.22906],[-155.90181,19.22837],[-155.90193,19.22815],[-155.90207,19.22765],[-155.90227,19.22754],[-155.90234,19.22721],[-155.90222,19.22697],[-155.9022,19.22669],[-155.90227,19.22641],[-155.9024,19.22624],[-155.90265,19.22622],[-155.90257,19.2259],[-155.90233,19.22578],[-155.90219,19.2256],[-155.90201,19.22559],[-155.9021,19.22534],[-155.90207,19.22483],[-155.90216,19.22474],[-155.90228,19.22394],[-155.90219,19.22382],[-155.90222,19.22294],[-155.90218,19.22234],[-155.90207,19.22222],[-155.9021,19.22165],[-155.9019,19.22104],[-155.90182,19.22061],[-155.9015,19.21997],[-155.90112,19.21939],[-155.9008,19.21869],[-155.90054,19.21844],[-155.9005,19.21821],[-155.90056,19.21787],[-155.9007,19.21774],[-155.90108,19.21771],[-155.9012,19.21763],[-155.90131,19.21725],[-155.90085,19.21703],[-155.90082,19.21685],[-155.90122,19.21663],[-155.90137,19.21605],[-155.90118,19.21595],[-155.90129,19.21577],[-155.90117,19.21547],[-155.90126,19.21519],[-155.90097,19.21502],[-155.9006,19.21494],[-155.90028,19.21508],[-155.89998,19.21458],[-155.89998,19.21424],[-155.9001,19.2138],[-155.90009,19.2136],[-155.89983,19.21327],[-155.89975,19.21309],[-155.89949,19.21307],[-155.89939,19.21288],[-155.89901,19.21253],[-155.89874,19.21219],[-155.8986,19.2119],[-155.89862,19.21148],[-155.89879,19.21135],[-155.89873,19.21106],[-155.8988,19.2108],[-155.89908,19.21066],[-155.8994,19.21065],[-155.89947,19.21038],[-155.89928,19.21028],[-155.89932,19.20961],[-155.89954,19.2095],[-155.89975,19.20949],[-155.8998,19.20925],[-155.90016,19.20904],[-155.90055,19.20915],[-155.9005,19.20889],[-155.90083,19.20897],[-155.90091,19.20879],[-155.90089,19.20851],[-155.90106,19.2083],[-155.90125,19.20841],[-155.90158,19.20848],[-155.90175,19.20835],[-155.9017,19.20813],[-155.90181,19.20781],[-155.90205,19.2077],[-155.90228,19.20744],[-155.90228,19.20731],[-155.90248,19.20712],[-155.90276,19.2067],[-155.90263,19.20636],[-155.90293,19.20637],[-155.90303,19.20625],[-155.90285,19.20594],[-155.90315,19.20603],[-155.90337,19.20587],[-155.90341,19.20563],[-155.90356,19.20534],[-155.90384,19.20526],[-155.90407,19.20476],[-155.90428,19.20471],[-155.90445,19.20436],[-155.90477,19.20418],[-155.90476,19.204],[-155.90494,19.20386],[-155.90517,19.2038],[-155.90536,19.20363],[-155.90542,19.20325],[-155.90561,19.20334],[-155.90578,19.20317],[-155.90599,19.20314],[-155.90618,19.20298],[-155.90599,19.20265],[-155.90628,19.20271],[-155.90637,19.20247],[-155.90636,19.20222],[-155.90602,19.20211],[-155.90605,19.20184],[-155.90616,19.20162],[-155.90599,19.20126],[-155.90614,19.20101],[-155.90593,19.20089],[-155.90611,19.20071],[-155.90607,19.20046],[-155.90593,19.2002],[-155.90625,19.20006],[-155.90581,19.19992],[-155.90595,19.19971],[-155.90573,19.19945],[-155.9057,19.19921],[-155.90556,19.19918],[-155.9055,19.19878],[-155.90553,19.19841],[-155.90578,19.19832],[-155.90544,19.19789],[-155.90549,19.19751],[-155.90544,19.1971],[-155.90567,19.19664],[-155.90578,19.19658],[-155.90607,19.19609],[-155.90662,19.19607],[-155.90688,19.1959],[-155.90694,19.19576],[-155.90671,19.19543],[-155.90666,19.19504],[-155.90652,19.19485],[-155.90654,19.19461],[-155.90628,19.19472],[-155.90619,19.19459],[-155.90592,19.19451],[-155.90578,19.19422],[-155.90567,19.19365],[-155.90602,19.19362],[-155.90607,19.1931],[-155.90626,19.1931],[-155.90607,19.19256],[-155.906,19.19179],[-155.90633,19.19162],[-155.90653,19.19163],[-155.90662,19.19139],[-155.90703,19.19137],[-155.90723,19.19121],[-155.90734,19.19092],[-155.90727,19.19081],[-155.90753,19.1905],[-155.90718,19.19025],[-155.90665,19.19007],[-155.90657,19.18974],[-155.90701,19.18942],[-155.90718,19.18904],[-155.90708,19.18889],[-155.90712,19.18869],[-155.90744,19.18872],[-155.9077,19.1886],[-155.90759,19.18836],[-155.90782,19.18792],[-155.90787,19.18769],[-155.90752,19.18755],[-155.90756,19.18739],[-155.90796,19.18739],[-155.90845,19.18725],[-155.90855,19.187],[-155.90843,19.18673],[-155.90804,19.18673],[-155.90781,19.18656],[-155.9081,19.18629],[-155.90807,19.18608],[-155.90826,19.18595],[-155.9081,19.18551],[-155.90839,19.18548],[-155.90821,19.18282],[-155.9084,19.18259],[-155.90817,19.18202],[-155.9085,19.18179],[-155.90865,19.18131],[-155.90857,19.18124],[-155.9082,19.18126],[-155.90807,19.18102],[-155.90839,19.18074],[-155.90865,19.18076],[-155.90866,19.18052],[-155.90826,19.18016],[-155.90795,19.18006],[-155.90826,19.17977],[-155.90814,19.17937],[-155.90819,19.17928],[-155.90802,19.179],[-155.90802,19.17879],[-155.90832,19.17872],[-155.90814,19.17822],[-155.9082,19.17803],[-155.90845,19.1779],[-155.90855,19.17771],[-155.90839,19.17727],[-155.90851,19.17721],[-155.90846,19.17681],[-155.90819,19.17673],[-155.90813,19.17641],[-155.90793,19.17607],[-155.9081,19.17596],[-155.90813,19.17545],[-155.908,19.17535],[-155.90808,19.17483],[-155.90819,19.17472],[-155.90811,19.17453],[-155.9079,19.17445],[-155.90836,19.17424],[-155.9086,19.17405],[-155.90923,19.17411],[-155.90939,19.17401],[-155.90945,19.17381],[-155.90942,19.17321],[-155.9092,19.17275],[-155.9092,19.17244],[-155.90863,19.16859],[-155.90856,19.16837],[-155.90877,19.16805],[-155.90906,19.1681],[-155.9093,19.16788],[-155.90959,19.16785],[-155.90978,19.16805],[-155.91,19.16815],[-155.90996,19.16751],[-155.9102,19.1675],[-155.91066,19.1673],[-155.91078,19.16712],[-155.91099,19.16702],[-155.91115,19.16673],[-155.91128,19.16674],[-155.91142,19.16649],[-155.9117,19.16643],[-155.91182,19.16614],[-155.91176,19.166],[-155.91185,19.16578],[-155.91202,19.16573],[-155.91207,19.16547],[-155.91246,19.16494],[-155.91255,19.16467],[-155.91243,19.16443],[-155.9124,19.16418],[-155.91249,19.164],[-155.91269,19.16404],[-155.91258,19.16354],[-155.91269,19.16293],[-155.91291,19.16254],[-155.91289,19.16233],[-155.91298,19.16208],[-155.9132,19.16201],[-155.91319,19.16179],[-155.91309,19.16165],[-155.91321,19.16139],[-155.91336,19.16137],[-155.91347,19.16113],[-155.9138,19.16091],[-155.91379,19.16059],[-155.91399,19.16014],[-155.91423,19.16002],[-155.91419,19.15973],[-155.9146,19.15954],[-155.91455,19.15932],[-155.91481,19.15936],[-155.91501,19.15915],[-155.91533,19.15913],[-155.91517,19.15881],[-155.91531,19.15852],[-155.91556,19.15838],[-155.91556,19.1581],[-155.91547,19.15788],[-155.91562,19.15778],[-155.91545,19.15753],[-155.91518,19.15744],[-155.91527,19.15706],[-155.9156,19.15691],[-155.91547,19.15664],[-155.91565,19.15642],[-155.91591,19.15647],[-155.91599,19.15628],[-155.91578,19.15603],[-155.91591,19.15567],[-155.91595,19.15524],[-155.91554,19.15523],[-155.91611,19.15498],[-155.91628,19.15481],[-155.91618,19.1545],[-155.91623,19.15428],[-155.91599,19.15425],[-155.9158,19.15394],[-155.91534,19.15356],[-155.91512,19.15348],[-155.91522,19.15321],[-155.91495,19.1532],[-155.91469,19.15307],[-155.91458,19.15285],[-155.91474,19.15239],[-155.9115,19.14661],[-155.91156,19.14633],[-155.91147,19.14613],[-155.91148,19.14589],[-155.91162,19.14572],[-155.91145,19.14545],[-155.91145,19.14524],[-155.91131,19.14494],[-155.91115,19.14493],[-155.91107,19.14461],[-155.91109,19.14373],[-155.91136,19.14344],[-155.91133,19.14203],[-155.91165,19.14189],[-155.91203,19.14162],[-155.91192,19.14149],[-155.91208,19.14127],[-155.91243,19.14099],[-155.91333,19.14087],[-155.91367,19.14056],[-155.91389,19.14053],[-155.91402,19.14032],[-155.91379,19.14026],[-155.91379,19.14006],[-155.91401,19.13994],[-155.91437,19.13989],[-155.91446,19.13968],[-155.91472,19.13959],[-155.91492,19.13926],[-155.91481,19.13897],[-155.91461,19.13877],[-155.9148,19.13845],[-155.91481,19.13826],[-155.91511,19.13694],[-155.91542,19.13667],[-155.91569,19.13618],[-155.91605,19.13584],[-155.91611,19.13569],[-155.91682,19.13538],[-155.91718,19.13532],[-155.91728,19.13512],[-155.91775,19.13503],[-155.91786,19.1349],[-155.91809,19.1349],[-155.91818,19.13437],[-155.91826,19.13419],[-155.91818,19.13398],[-155.91829,19.13387],[-155.91823,19.13362],[-155.91774,19.13313],[-155.91778,19.133],[-155.91742,19.13256],[-155.91744,19.13235],[-155.91765,19.13226],[-155.91751,19.13196],[-155.91761,19.13186],[-155.91734,19.1316],[-155.91698,19.13151],[-155.91706,19.13112],[-155.91727,19.12829],[-155.91701,19.12832],[-155.91652,19.12803],[-155.91667,19.12767],[-155.91693,19.12764],[-155.91716,19.12726],[-155.91689,19.127],[-155.91737,19.12655],[-155.91742,19.12623],[-155.91752,19.12607],[-155.91756,19.12549],[-155.91765,19.1254],[-155.91767,19.12506],[-155.91788,19.12497],[-155.91798,19.12471],[-155.91817,19.12452],[-155.91817,19.12385],[-155.91829,19.12356],[-155.91824,19.12298],[-155.91814,19.12259],[-155.91814,19.12231],[-155.91805,19.12187],[-155.91809,19.12142],[-155.91804,19.12112],[-155.91812,19.12094],[-155.91799,19.12071],[-155.91799,19.12021],[-155.91818,19.12005],[-155.91818,19.11991],[-155.91842,19.11983],[-155.91845,19.11961],[-155.91861,19.11936],[-155.91863,19.11917],[-155.91878,19.11904],[-155.91866,19.11863],[-155.91869,19.11822],[-155.91854,19.11777],[-155.91835,19.11744],[-155.91842,19.11691],[-155.91825,19.11673],[-155.9182,19.11652],[-155.91833,19.11627],[-155.91825,19.11608],[-155.91802,19.11598],[-155.91799,19.11578],[-155.91819,19.11549],[-155.91835,19.11495],[-155.91831,19.11454],[-155.91787,19.11417],[-155.91767,19.1141],[-155.91755,19.11376],[-155.91732,19.1137],[-155.91728,19.11347],[-155.9171,19.11313],[-155.91712,19.11286],[-155.91704,19.11258],[-155.91679,19.1125],[-155.91678,19.11235],[-155.91693,19.11206],[-155.91692,19.11139],[-155.91687,19.11118],[-155.91701,19.11102],[-155.91687,19.11083],[-155.91664,19.11068],[-155.9166,19.11039],[-155.91605,19.10985],[-155.91623,19.10909],[-155.91596,19.10891],[-155.91582,19.10866],[-155.91575,19.1084],[-155.9155,19.10807],[-155.91558,19.10778],[-155.91554,19.10762],[-155.9157,19.10735],[-155.91567,19.10697],[-155.91559,19.10672],[-155.91565,19.10657],[-155.91552,19.10635],[-155.91544,19.1059],[-155.91548,19.10569],[-155.91537,19.10511],[-155.91505,19.10465],[-155.91505,19.1044],[-155.9148,19.10432],[-155.91475,19.10411],[-155.91456,19.10394],[-155.91452,19.10366],[-155.91438,19.1034],[-155.91421,19.10334],[-155.91394,19.10303],[-155.91404,19.10276],[-155.91388,19.10238],[-155.91392,19.10209],[-155.9138,19.10174],[-155.91354,19.10116],[-155.91338,19.10056],[-155.91319,19.10021],[-155.91331,19.1],[-155.91267,19.09991],[-155.91237,19.09954],[-155.91243,19.09937],[-155.91223,19.09928],[-155.91215,19.09897],[-155.91199,19.0989],[-155.91195,19.09871],[-155.91173,19.09853],[-155.91179,19.0984],[-155.91171,19.0981],[-155.91152,19.098],[-155.9113,19.09749],[-155.9114,19.09725],[-155.9113,19.09677],[-155.91101,19.09665],[-155.91107,19.09606],[-155.91084,19.09563],[-155.91079,19.09539],[-155.91056,19.09526],[-155.9106,19.09469],[-155.91086,19.09442],[-155.91067,19.09425],[-155.91052,19.09382],[-155.91032,19.09372],[-155.91023,19.09326],[-155.90992,19.09285],[-155.90991,19.09273],[-155.91013,19.09253],[-155.90991,19.0924],[-155.90994,19.09213],[-155.90982,19.09201],[-155.90976,19.09165],[-155.91001,19.09137],[-155.90996,19.09111],[-155.90977,19.09093],[-155.91004,19.09082],[-155.90987,19.09065],[-155.90971,19.09062],[-155.90943,19.08983],[-155.9095,19.08962],[-155.90949,19.08931],[-155.90931,19.08875],[-155.90927,19.08835],[-155.9093,19.08801],[-155.90907,19.08794],[-155.90898,19.08767],[-155.90861,19.0875],[-155.90875,19.08719],[-155.90869,19.08674],[-155.90856,19.08666],[-155.90872,19.08638],[-155.90863,19.08614],[-155.90847,19.08606],[-155.90853,19.08579],[-155.9084,19.08557],[-155.90817,19.08552],[-155.90766,19.08508],[-155.90765,19.08462],[-155.90741,19.08446],[-155.90749,19.08426],[-155.90743,19.08411],[-155.90769,19.08397],[-155.9077,19.08349],[-155.90795,19.08317],[-155.9078,19.0831],[-155.90767,19.08272],[-155.90754,19.08262],[-155.90753,19.08229],[-155.90732,19.08213],[-155.90718,19.0817],[-155.90699,19.08169],[-155.90702,19.08148],[-155.90682,19.08098],[-155.90684,19.08063],[-155.90694,19.08042],[-155.90692,19.07987],[-155.90678,19.07989],[-155.90653,19.0797],[-155.90656,19.07938],[-155.90637,19.0793],[-155.90618,19.07882],[-155.90621,19.07857],[-155.90612,19.0784],[-155.90585,19.07816],[-155.90545,19.07814],[-155.90493,19.07804],[-155.90478,19.07793],[-155.90051,19.07343],[-155.90038,19.0732],[-155.89985,19.0731],[-155.89976,19.07298],[-155.89997,19.07257],[-155.89992,19.07242],[-155.8996,19.07243],[-155.89948,19.07218],[-155.8992,19.07242],[-155.89912,19.07206],[-155.89875,19.07193],[-155.89858,19.07163],[-155.89834,19.0715],[-155.8981,19.07149],[-155.89809,19.07133],[-155.8978,19.07129],[-155.89758,19.07085],[-155.89725,19.07088],[-155.89707,19.07069],[-155.8968,19.07052],[-155.89658,19.07059],[-155.89608,19.07043],[-155.89566,19.07009],[-155.89558,19.06971],[-155.89541,19.06951],[-155.89514,19.06938],[-155.89475,19.06865],[-155.89459,19.06856],[-155.89438,19.06815],[-155.89397,19.06754],[-155.89379,19.06705],[-155.89371,19.06655],[-155.89328,19.0664],[-155.89299,19.06612],[-155.89268,19.066],[-155.89259,19.06583],[-155.89228,19.06565],[-155.89222,19.06541],[-155.8922,19.06466],[-155.89228,19.06449],[-155.89199,19.0643],[-155.89223,19.06366],[-155.89195,19.06339],[-155.89194,19.06324],[-155.89167,19.06314],[-155.89177,19.06283],[-155.89135,19.06279],[-155.89122,19.06248],[-155.89124,19.06197],[-155.89106,19.06187],[-155.89099,19.06149],[-155.89105,19.06131],[-155.89063,19.06114],[-155.89065,19.06097],[-155.89033,19.06053],[-155.89018,19.06041],[-155.88998,19.0601],[-155.88968,19.06004],[-155.88982,19.05957],[-155.88971,19.05898],[-155.88944,19.05901],[-155.88932,19.05866],[-155.88898,19.05864],[-155.88885,19.05842],[-155.88861,19.05836],[-155.88847,19.05809],[-155.88823,19.05802],[-155.88815,19.05772],[-155.88796,19.05763],[-155.88781,19.05768],[-155.8877,19.05748],[-155.88743,19.05745],[-155.88713,19.05702],[-155.88691,19.05691],[-155.88694,19.05672],[-155.88676,19.05638],[-155.88662,19.05626],[-155.88641,19.05629],[-155.88618,19.0561],[-155.88606,19.05589],[-155.88577,19.05573],[-155.88589,19.05484],[-155.8857,19.05459],[-155.88546,19.05452],[-155.8854,19.0543],[-155.88515,19.0541],[-155.88515,19.05387],[-155.88496,19.05362],[-155.88501,19.05338],[-155.88493,19.05323],[-155.88464,19.05334],[-155.88427,19.05319],[-155.88393,19.05287],[-155.8836,19.05273],[-155.88356,19.05244],[-155.88309,19.05185],[-155.88317,19.05172],[-155.88296,19.05147],[-155.883,19.05136],[-155.88286,19.05107],[-155.8829,19.05089],[-155.88267,19.05024],[-155.88271,19.05007],[-155.88244,19.0497],[-155.88246,19.04942],[-155.88236,19.04899],[-155.88256,19.04874],[-155.88228,19.0483],[-155.8824,19.04804],[-155.88222,19.048],[-155.88209,19.04778],[-155.88225,19.0475],[-155.88171,19.04739],[-155.88177,19.0472],[-155.8815,19.04708],[-155.88153,19.04687],[-155.88142,19.04669],[-155.88135,19.04634],[-155.88112,19.04623],[-155.88161,19.04587],[-155.88142,19.04568],[-155.88143,19.04542],[-155.8816,19.04533],[-155.88162,19.04511],[-155.88151,19.04492],[-155.88149,19.04459],[-155.8816,19.04423],[-155.8815,19.04401],[-155.88154,19.04377],[-155.88146,19.04345],[-155.88161,19.04303],[-155.88146,19.04284],[-155.88139,19.04258],[-155.88149,19.04226],[-155.88164,19.04212],[-155.8816,19.0417],[-155.88173,19.04164],[-155.8818,19.04135],[-155.88174,19.04115],[-155.88188,19.04098],[-155.8817,19.04071],[-155.88159,19.04019],[-155.88134,19.03997],[-155.88139,19.0397],[-155.88158,19.03958],[-155.88153,19.03934],[-155.88159,19.03909],[-155.88176,19.03891],[-155.8816,19.03873],[-155.88146,19.03825],[-155.88157,19.03793],[-155.88155,19.03755],[-155.88135,19.03734],[-155.88106,19.03671],[-155.88125,19.03659],[-155.88138,19.03638],[-155.8812,19.03591],[-155.88085,19.03586],[-155.88061,19.03594],[-155.88017,19.03582],[-155.87997,19.03554],[-155.87998,19.0351],[-155.87993,19.03483],[-155.87969,19.03475],[-155.87925,19.03426],[-155.87902,19.03385],[-155.87875,19.03376],[-155.87853,19.03383],[-155.87836,19.034],[-155.87806,19.03403],[-155.87756,19.03367],[-155.87736,19.03377],[-155.87728,19.03395],[-155.87708,19.03383],[-155.87623,19.0336],[-155.87585,19.03368],[-155.87557,19.03365],[-155.87529,19.03353],[-155.87479,19.03346],[-155.87434,19.03355],[-155.87388,19.03342],[-155.87352,19.03302],[-155.87333,19.03288],[-155.87311,19.03259],[-155.87286,19.03254],[-155.87276,19.03228],[-155.87259,19.0323],[-155.87233,19.03202],[-155.87206,19.03206],[-155.87196,19.03188],[-155.8717,19.03164],[-155.87148,19.03164],[-155.87097,19.03127],[-155.87082,19.03108],[-155.8703,19.03088],[-155.86998,19.03086],[-155.86969,19.03077],[-155.8696,19.03109],[-155.86914,19.03118],[-155.86896,19.03101],[-155.86867,19.03061],[-155.86843,19.03048],[-155.86822,19.03023],[-155.86723,19.02997],[-155.86705,19.02978],[-155.86676,19.02968],[-155.86628,19.02943],[-155.8658,19.02933],[-155.86462,19.02884],[-155.86456,19.02863],[-155.86427,19.02867],[-155.86424,19.0284],[-155.86407,19.02828],[-155.8638,19.02836],[-155.86383,19.02809],[-155.86363,19.02794],[-155.86343,19.02797],[-155.86336,19.02783],[-155.86299,19.02785],[-155.86293,19.02755],[-155.86273,19.02709],[-155.86227,19.02648],[-155.8622,19.02631],[-155.8617,19.02587],[-155.86151,19.02529],[-155.86129,19.02526],[-155.86122,19.02484],[-155.8609,19.02455],[-155.86031,19.02436],[-155.85991,19.02413],[-155.85966,19.02406],[-155.8595,19.02411],[-155.85907,19.02401],[-155.85889,19.0239],[-155.85863,19.02391],[-155.85793,19.02373],[-155.85755,19.02337],[-155.85726,19.02298],[-155.857,19.02292],[-155.85684,19.02274],[-155.85664,19.02276],[-155.85637,19.02295],[-155.856,19.02349],[-155.8555,19.0235],[-155.8553,19.0232],[-155.85504,19.02309],[-155.85489,19.02294],[-155.85461,19.02283],[-155.85402,19.02286],[-155.85347,19.02264],[-155.85307,19.02226],[-155.85245,19.02214],[-155.85235,19.02198],[-155.85216,19.02195],[-155.8519,19.02154],[-155.85142,19.021],[-155.85112,19.02053],[-155.8512,19.02033],[-155.85101,19.01995],[-155.85082,19.01984],[-155.85072,19.01962],[-155.85045,19.0194],[-155.85027,19.01934],[-155.84976,19.01948],[-155.84972,19.01972],[-155.84944,19.01975],[-155.84856,19.01956],[-155.84827,19.01939],[-155.84802,19.01939],[-155.84781,19.0193],[-155.84753,19.01946],[-155.84746,19.0196],[-155.847,19.01989],[-155.84685,19.01981],[-155.84642,19.01986],[-155.84593,19.01969],[-155.84579,19.01951],[-155.84528,19.01956],[-155.84473,19.01933],[-155.84401,19.0194],[-155.84382,19.01977],[-155.84368,19.02035],[-155.84331,19.02058],[-155.84306,19.02064],[-155.8423,19.02062],[-155.84192,19.02033],[-155.84172,19.02026],[-155.84172,19.01998],[-155.84125,19.01941],[-155.84111,19.0195],[-155.84087,19.0195],[-155.84059,19.01961],[-155.84024,19.01946],[-155.83984,19.0194],[-155.83923,19.01905],[-155.83913,19.01921],[-155.83867,19.01932],[-155.83851,19.01926],[-155.8385,19.01907],[-155.83836,19.01869],[-155.83806,19.01846],[-155.83789,19.01821],[-155.83757,19.01824],[-155.83704,19.01795],[-155.837,19.0177],[-155.83671,19.01743],[-155.83637,19.0173],[-155.83615,19.01766],[-155.836,19.01778],[-155.83575,19.01765],[-155.83559,19.01784],[-155.8352,19.01791],[-155.83505,19.01861],[-155.83436,19.01868],[-155.83417,19.01844],[-155.83348,19.01818],[-155.83314,19.01817],[-155.83295,19.01832],[-155.83255,19.01826],[-155.83238,19.01829],[-155.83209,19.01861],[-155.83182,19.01874],[-155.83174,19.01891],[-155.83148,19.01891],[-155.83132,19.01881],[-155.8307,19.01867],[-155.83031,19.0183],[-155.83012,19.01826],[-155.83008,19.01806],[-155.82967,19.01783],[-155.82948,19.01767],[-155.82913,19.01714],[-155.82858,19.01696],[-155.82819,19.01667],[-155.82797,19.01672],[-155.82777,19.01663],[-155.82747,19.01629],[-155.82715,19.01613],[-155.82707,19.01599],[-155.82687,19.01597],[-155.82645,19.0158],[-155.82611,19.01575],[-155.82593,19.0159],[-155.82516,19.0158],[-155.82457,19.01564],[-155.82411,19.0156],[-155.82368,19.01573],[-155.82275,19.01547],[-155.82219,19.01525],[-155.82205,19.01528],[-155.82174,19.01508],[-155.82161,19.01463],[-155.82114,19.01455],[-155.82039,19.01396],[-155.8199,19.01387],[-155.81968,19.01366],[-155.81964,19.01346],[-155.81938,19.01339],[-155.8193,19.01359],[-155.81879,19.01367],[-155.8186,19.01359],[-155.81802,19.01294],[-155.81761,19.01279],[-155.81738,19.0128],[-155.81716,19.01256],[-155.81711,19.01223],[-155.817,19.01213],[-155.8167,19.01217],[-155.81648,19.01205],[-155.81619,19.01223],[-155.81575,19.01226],[-155.81561,19.01239],[-155.81541,19.01233],[-155.81526,19.01252],[-155.81502,19.01236],[-155.81494,19.01209],[-155.81476,19.01228],[-155.81464,19.01224],[-155.81441,19.01193],[-155.81422,19.01214],[-155.814,19.01212],[-155.81379,19.01251],[-155.81354,19.01267],[-155.81317,19.01277],[-155.81274,19.01279],[-155.81245,19.01229],[-155.81226,19.01217],[-155.81198,19.01236],[-155.81169,19.01215],[-155.81143,19.01208],[-155.81129,19.01224],[-155.81106,19.01213],[-155.81076,19.01184],[-155.81072,19.0116],[-155.81036,19.01157],[-155.81026,19.01132],[-155.80992,19.01121],[-155.8096,19.01082],[-155.80875,19.01076],[-155.8083,19.0106],[-155.80812,19.01042],[-155.80792,19.0104],[-155.80775,19.01026],[-155.80753,19.01029],[-155.80719,19.01021],[-155.80664,19.0105],[-155.80664,19.01072],[-155.80606,19.01121],[-155.80528,19.01116],[-155.80504,19.01093],[-155.80449,19.01107],[-155.80429,19.01119],[-155.80391,19.01123],[-155.80321,19.01092],[-155.80303,19.01076],[-155.80278,19.01071],[-155.80286,19.01049],[-155.80246,19.0101],[-155.80237,19.01015],[-155.80202,19.01],[-155.79538,19.00497],[-155.79537,19.00461],[-155.79516,19.0043],[-155.7946,19.00395],[-155.79428,19.00399],[-155.79382,19.00395],[-155.79347,19.00406],[-155.79341,19.00357],[-155.79352,19.00341],[-155.79394,19.00324],[-155.79398,19.0028],[-155.79375,19.00246],[-155.7932,19.00247],[-155.79291,19.00238],[-155.79265,19.00256],[-155.79243,19.00221],[-155.79243,19.00182],[-155.79222,19.00154],[-155.79199,19.00146],[-155.79193,19.00125],[-155.79173,19.00106],[-155.79166,19.00084],[-155.79133,19.00078],[-155.79092,19.00031],[-155.79085,19.00005],[-155.7906,18.99991],[-155.79063,18.9998],[-155.79022,18.99973],[-155.79014,18.99955],[-155.78973,18.99925],[-155.78936,18.99926],[-155.78884,18.99913],[-155.78878,18.99902],[-155.78848,18.99887],[-155.78812,18.99857],[-155.788,18.99869],[-155.78781,18.99855],[-155.78758,18.99853],[-155.78752,18.99837],[-155.78714,18.99834],[-155.78698,18.99848],[-155.78629,18.9982],[-155.78545,18.99773],[-155.78521,18.99777],[-155.78515,18.9976],[-155.78488,18.99743],[-155.78487,18.99718],[-155.78462,18.99733],[-155.78436,18.99725],[-155.78417,18.99684],[-155.78398,18.99694],[-155.78338,18.99649],[-155.78322,18.99626],[-155.78286,18.99607],[-155.78258,18.99624],[-155.78236,18.996],[-155.78248,18.99572],[-155.78211,18.99541],[-155.78197,18.99547],[-155.78169,18.99515],[-155.78186,18.9947],[-155.78158,18.9945],[-155.78139,18.9945],[-155.7812,18.9941],[-155.78082,18.99429],[-155.78026,18.99389],[-155.78022,18.99367],[-155.77986,18.99347],[-155.77967,18.99346],[-155.77942,18.9932],[-155.77927,18.99272],[-155.77905,18.99252],[-155.77878,18.99244],[-155.77855,18.99226],[-155.77818,18.99231],[-155.77799,18.99203],[-155.77781,18.99131],[-155.77763,18.99116],[-155.77765,18.99088],[-155.77728,18.99075],[-155.7771,18.99058],[-155.77682,18.99056],[-155.77667,18.99034],[-155.77637,18.99033],[-155.77559,18.98994],[-155.77479,18.98994],[-155.77459,18.99],[-155.77442,18.98989],[-155.77441,18.98968],[-155.77423,18.98962],[-155.77424,18.98923],[-155.77382,18.98914],[-155.77357,18.98894],[-155.77335,18.98859],[-155.77337,18.9883],[-155.7731,18.98826],[-155.77288,18.98856],[-155.7726,18.98861],[-155.77269,18.98832],[-155.77236,18.98819],[-155.77217,18.98834],[-155.77194,18.98814],[-155.7716,18.98804],[-155.77141,18.98787],[-155.77102,18.98725],[-155.77087,18.98716],[-155.77049,18.98719],[-155.76997,18.98694],[-155.76978,18.98654],[-155.76926,18.98639],[-155.76919,18.98612],[-155.76891,18.98578],[-155.76834,18.98598],[-155.76818,18.98593],[-155.76797,18.98559],[-155.76762,18.98551],[-155.7677,18.98532],[-155.76744,18.98525],[-155.76731,18.98497],[-155.76694,18.9849],[-155.76692,18.98474],[-155.76629,18.98466],[-155.76616,18.98449],[-155.76601,18.98451],[-155.76579,18.98432],[-155.76564,18.98395],[-155.76549,18.98398],[-155.76523,18.98375],[-155.76493,18.98384],[-155.76461,18.98362],[-155.76452,18.98342],[-155.7642,18.98355],[-155.76361,18.98348],[-155.76342,18.98336],[-155.76343,18.98317],[-155.76317,18.98301],[-155.76302,18.98311],[-155.7628,18.98305],[-155.76272,18.98258],[-155.76247,18.98202],[-155.76189,18.98134],[-155.76147,18.98129],[-155.76119,18.98096],[-155.76091,18.98045],[-155.76113,18.98032],[-155.761,18.98006],[-155.76112,18.97994],[-155.76106,18.97967],[-155.76115,18.97934],[-155.76041,18.97825],[-155.76022,18.97808],[-155.76028,18.97787],[-155.76021,18.97773],[-155.75975,18.97747],[-155.75945,18.97742],[-155.75919,18.97726],[-155.75886,18.97715],[-155.75859,18.97729],[-155.7584,18.97719],[-155.75823,18.97695],[-155.75802,18.97698],[-155.75757,18.97682],[-155.75732,18.97703],[-155.75713,18.97692],[-155.75653,18.97692],[-155.75627,18.97681],[-155.75613,18.97687],[-155.75593,18.97658],[-155.75564,18.97642],[-155.75535,18.97637],[-155.75522,18.97657],[-155.75488,18.97662],[-155.75472,18.97632],[-155.75463,18.97595],[-155.75447,18.97579],[-155.75424,18.976],[-155.754,18.97595],[-155.75405,18.9756],[-155.75386,18.97547],[-155.75381,18.9753],[-155.75356,18.97535],[-155.75342,18.97521],[-155.75302,18.97509],[-155.75277,18.97515],[-155.75256,18.97494],[-155.75223,18.97481],[-155.7521,18.97456],[-155.75184,18.97458],[-155.75159,18.97443],[-155.75138,18.97448],[-155.75132,18.97426],[-155.75104,18.97426],[-155.75083,18.97392],[-155.75062,18.97393],[-155.75031,18.97379],[-155.75004,18.97381],[-155.74974,18.97373],[-155.74922,18.97372],[-155.74895,18.97342],[-155.74836,18.97347],[-155.74799,18.97322],[-155.74771,18.97326],[-155.74774,18.97306],[-155.74726,18.97302],[-155.74719,18.97293],[-155.74691,18.97295],[-155.74655,18.97273],[-155.74635,18.97272],[-155.74626,18.97242],[-155.74586,18.97231],[-155.7456,18.9723],[-155.74534,18.97218],[-155.74534,18.97203],[-155.74508,18.97192],[-155.7448,18.97196],[-155.74454,18.97165],[-155.74411,18.97161],[-155.74395,18.97138],[-155.74352,18.97125],[-155.74291,18.97113],[-155.74267,18.97097],[-155.74219,18.97054],[-155.74178,18.97041],[-155.74171,18.97026],[-155.74132,18.97015],[-155.74119,18.96999],[-155.7409,18.9702],[-155.74061,18.97017],[-155.74035,18.97031],[-155.74003,18.97029],[-155.73976,18.97044],[-155.73967,18.97036],[-155.73942,18.9705],[-155.7393,18.97067],[-155.73894,18.97082],[-155.7388,18.97073],[-155.73805,18.97056],[-155.73793,18.97066],[-155.73763,18.97045],[-155.73749,18.97025],[-155.73722,18.97016],[-155.73716,18.97],[-155.73696,18.96998],[-155.73676,18.96979],[-155.73647,18.96963],[-155.736,18.96972],[-155.73586,18.9698],[-155.73558,18.96975],[-155.73527,18.97002],[-155.73525,18.97017],[-155.73502,18.97031],[-155.73474,18.97035],[-155.73463,18.97046],[-155.73427,18.97038],[-155.73409,18.97019],[-155.73344,18.97009],[-155.73324,18.96978],[-155.73309,18.96991],[-155.73283,18.96984],[-155.7326,18.9696],[-155.73233,18.97001],[-155.73223,18.9698],[-155.73194,18.96984],[-155.73182,18.96967],[-155.73158,18.96964],[-155.73146,18.96947],[-155.7313,18.96964],[-155.73097,18.96947],[-155.73045,18.96897],[-155.72995,18.96916],[-155.72989,18.969],[-155.72968,18.96895],[-155.72945,18.96877],[-155.72929,18.96842],[-155.7293,18.96813],[-155.72949,18.96786],[-155.72954,18.96764],[-155.72937,18.96751],[-155.72887,18.96759],[-155.729,18.96721],[-155.72855,18.96697],[-155.72805,18.96716],[-155.72798,18.96708],[-155.72752,18.96718],[-155.72711,18.96697],[-155.72678,18.96697],[-155.72685,18.96666],[-155.72644,18.96659],[-155.72639,18.96645],[-155.7261,18.96645],[-155.72587,18.96634],[-155.72576,18.96646],[-155.72554,18.96634],[-155.72533,18.96642],[-155.72524,18.96615],[-155.72486,18.96664],[-155.7245,18.96649],[-155.72429,18.96658],[-155.7238,18.96651],[-155.72336,18.96649],[-155.72274,18.96607],[-155.72258,18.96584],[-155.72228,18.96562],[-155.72204,18.96536],[-155.72194,18.96514],[-155.72157,18.965],[-155.72152,18.96456],[-155.72171,18.96414],[-155.72138,18.96404],[-155.72111,18.96412],[-155.72059,18.96381],[-155.72018,18.96337],[-155.71957,18.9628],[-155.71942,18.96234],[-155.71946,18.96214],[-155.71922,18.9615],[-155.71932,18.96126],[-155.71923,18.96102],[-155.71884,18.96078],[-155.7186,18.96078],[-155.71796,18.96111],[-155.71762,18.96111],[-155.71721,18.96095],[-155.71629,18.96076],[-155.71576,18.96053],[-155.71521,18.96025],[-155.71461,18.96011],[-155.71432,18.95992],[-155.71423,18.95974],[-155.71368,18.95959],[-155.71358,18.95935],[-155.71373,18.95918],[-155.71355,18.95903],[-155.71334,18.95916],[-155.71297,18.95912],[-155.71268,18.95892],[-155.71215,18.95794],[-155.71191,18.9579],[-155.71177,18.95772],[-155.7113,18.9576],[-155.71068,18.95717],[-155.71051,18.95694],[-155.71024,18.95683],[-155.70996,18.95643],[-155.70965,18.95633],[-155.7096,18.95615],[-155.70922,18.95598],[-155.70918,18.95571],[-155.7088,18.95558],[-155.70864,18.9552],[-155.70824,18.95478],[-155.70798,18.95468],[-155.70798,18.95455],[-155.70773,18.9544],[-155.7076,18.95417],[-155.70731,18.95415],[-155.70692,18.95392],[-155.70675,18.95366],[-155.70654,18.95365],[-155.70635,18.95308],[-155.70631,18.95279],[-155.70636,18.95261],[-155.70622,18.95242],[-155.70616,18.95206],[-155.70629,18.95187],[-155.70594,18.95154],[-155.70601,18.95141],[-155.70591,18.95124],[-155.70598,18.95105],[-155.70588,18.95065],[-155.70591,18.95046],[-155.70572,18.95019],[-155.70544,18.95019],[-155.7053,18.95005],[-155.70532,18.94982],[-155.70518,18.9496],[-155.70471,18.94936],[-155.70458,18.94916],[-155.7044,18.94908],[-155.70424,18.94882],[-155.70392,18.94873],[-155.7037,18.94835],[-155.70344,18.9483],[-155.70318,18.94794],[-155.70273,18.94765],[-155.70232,18.94753],[-155.70218,18.9474],[-155.70166,18.94715],[-155.70105,18.94697],[-155.7007,18.94694],[-155.7005,18.94685],[-155.70033,18.94695],[-155.69938,18.9471],[-155.69911,18.94726],[-155.69863,18.94702],[-155.69817,18.9469],[-155.69763,18.94689],[-155.69722,18.94672],[-155.6969,18.9463],[-155.69684,18.94608],[-155.69658,18.94584],[-155.69633,18.94582],[-155.69607,18.94589],[-155.69558,18.94562],[-155.6953,18.94514],[-155.69527,18.94486],[-155.69542,18.94467],[-155.69551,18.94432],[-155.69527,18.94398],[-155.69486,18.94388],[-155.69394,18.94333],[-155.69344,18.94321],[-155.693,18.94299],[-155.69268,18.94268],[-155.69262,18.94244],[-155.69232,18.942],[-155.69198,18.94179],[-155.69184,18.94159],[-155.69104,18.94111],[-155.69076,18.94105],[-155.69028,18.94067],[-155.68969,18.94049],[-155.68926,18.94015],[-155.68877,18.93993],[-155.68844,18.93964],[-155.68808,18.9395],[-155.68771,18.9392],[-155.68728,18.93869],[-155.68704,18.93812],[-155.68672,18.93791],[-155.68632,18.93715],[-155.68624,18.93683],[-155.68601,18.93643],[-155.68582,18.93632],[-155.68578,18.93605],[-155.68554,18.93574],[-155.68531,18.93517],[-155.68514,18.93495],[-155.68507,18.93468],[-155.68479,18.93427],[-155.68468,18.93391],[-155.68434,18.93339],[-155.68434,18.93306],[-155.68426,18.93274],[-155.68406,18.93258],[-155.68406,18.93242],[-155.68389,18.9322],[-155.68373,18.93176],[-155.68359,18.93159],[-155.68358,18.9309],[-155.68343,18.93029],[-155.68327,18.92983],[-155.68322,18.92934],[-155.68301,18.92884],[-155.68287,18.92866],[-155.68273,18.92823],[-155.68264,18.92743],[-155.68267,18.92682],[-155.6826,18.92668],[-155.68254,18.92613],[-155.68263,18.92568],[-155.68282,18.92528],[-155.68287,18.92457],[-155.68301,18.92443],[-155.68296,18.92399],[-155.68302,18.92378],[-155.68292,18.92362],[-155.68299,18.92333],[-155.68326,18.92302],[-155.68332,18.92281],[-155.68351,18.92266],[-155.68361,18.92223],[-155.68378,18.92212],[-155.68365,18.92177],[-155.68372,18.92153],[-155.68399,18.92142],[-155.68391,18.92103],[-155.6841,18.92095],[-155.68424,18.92074],[-155.68428,18.92034],[-155.68423,18.92],[-155.68432,18.91976],[-155.68435,18.91925],[-155.68451,18.91899],[-155.68457,18.9186],[-155.68438,18.91847],[-155.68434,18.91814],[-155.68396,18.91779],[-155.68369,18.91771],[-155.68377,18.91745],[-155.68329,18.91667],[-155.68335,18.91636],[-155.68332,18.91611],[-155.68314,18.91597],[-155.68313,18.91537],[-155.68303,18.91525],[-155.68298,18.91488],[-155.68307,18.91448],[-155.68286,18.9139],[-155.68288,18.91347],[-155.68264,18.91318],[-155.68263,18.91279],[-155.68236,18.91261],[-155.68227,18.91234],[-155.68244,18.91226],[-155.68248,18.91208],[-155.68265,18.91191],[-155.68227,18.91163],[-155.68236,18.91141],[-155.68198,18.91138],[-155.68191,18.91106],[-155.68148,18.91097],[-155.6812,18.91082],[-155.68095,18.91082],[-155.6808,18.91069],[-155.68054,18.91109],[-155.68017,18.91118],[-155.67992,18.91133],[-155.67945,18.91134],[-155.67922,18.91127],[-155.67909,18.9111],[-155.67879,18.91109],[-155.67852,18.91083],[-155.67834,18.91077],[-155.67805,18.9109],[-155.67778,18.91093],[-155.67742,18.91108],[-155.6773,18.91165],[-155.6769,18.91218],[-155.67665,18.91233],[-155.6761,18.91232],[-155.67574,18.91196],[-155.67543,18.91211],[-155.6749,18.91211],[-155.67441,18.91203],[-155.6741,18.91213],[-155.67395,18.91225],[-155.67377,18.91214],[-155.67311,18.91231],[-155.67302,18.91272],[-155.67272,18.91279],[-155.67278,18.913],[-155.67275,18.9133],[-155.67257,18.91367],[-155.67213,18.91388],[-155.67159,18.91429],[-155.67156,18.91448],[-155.67101,18.91461],[-155.67068,18.91519],[-155.67041,18.91527],[-155.66999,18.91565],[-155.66962,18.91571],[-155.66911,18.91616],[-155.66898,18.91658],[-155.66908,18.91683],[-155.6687,18.91691],[-155.66854,18.91674],[-155.66856,18.91646],[-155.66837,18.91611],[-155.66836,18.91584],[-155.66811,18.91574],[-155.66809,18.91662],[-155.66789,18.91685],[-155.66767,18.91697],[-155.66722,18.91691],[-155.66692,18.91658],[-155.66658,18.91647],[-155.66637,18.91689],[-155.66605,18.91686],[-155.66583,18.91674],[-155.66499,18.9167],[-155.66482,18.91666],[-155.66448,18.9167],[-155.66452,18.91697],[-155.66434,18.9171],[-155.66395,18.91721],[-155.66377,18.9174],[-155.66383,18.91755],[-155.66382,18.91792],[-155.66368,18.91803],[-155.66372,18.91824],[-155.66408,18.91843],[-155.66395,18.91898],[-155.66398,18.91948],[-155.66392,18.91967],[-155.66338,18.92009],[-155.66316,18.92019],[-155.6624,18.92021],[-155.66224,18.92041],[-155.66211,18.92008],[-155.66169,18.9197],[-155.66109,18.92011],[-155.66073,18.92008],[-155.66032,18.92012],[-155.66008,18.92084],[-155.6598,18.9209],[-155.65969,18.92081],[-155.6593,18.92081],[-155.65916,18.92092],[-155.6589,18.92092],[-155.65877,18.92111],[-155.65856,18.92101],[-155.65848,18.92085],[-155.65821,18.92074],[-155.65797,18.92083],[-155.65718,18.92103],[-155.65698,18.92099],[-155.65668,18.92147],[-155.65671,18.92161],[-155.65649,18.92172],[-155.65618,18.92168],[-155.65601,18.92184],[-155.65566,18.92194],[-155.65566,18.9223],[-155.65559,18.92242],[-155.65509,18.92227],[-155.65501,18.92243],[-155.65477,18.92245],[-155.65482,18.92269],[-155.65449,18.92297],[-155.6544,18.9234],[-155.65461,18.9237],[-155.65441,18.92423],[-155.65447,18.92462],[-155.65428,18.92489],[-155.65386,18.92496],[-155.65339,18.92499],[-155.65316,18.9252],[-155.65287,18.92504],[-155.6525,18.92516],[-155.65228,18.92537],[-155.65177,18.9256],[-155.65122,18.92575],[-155.65078,18.92616],[-155.65058,18.92649],[-155.65066,18.92696],[-155.65025,18.92724],[-155.64978,18.9272],[-155.64974,18.92736],[-155.64987,18.92756],[-155.64954,18.9276],[-155.64927,18.92786],[-155.64922,18.92859],[-155.64927,18.92892],[-155.64897,18.92909],[-155.64835,18.92912],[-155.64813,18.92947],[-155.64792,18.9294],[-155.64773,18.92992],[-155.64758,18.93017],[-155.64769,18.93033],[-155.64748,18.93066],[-155.64706,18.93095],[-155.64715,18.9313],[-155.64697,18.93141],[-155.64693,18.93159],[-155.64718,18.93168],[-155.64713,18.93208],[-155.64681,18.93216],[-155.64623,18.9325],[-155.6461,18.93268],[-155.64617,18.93281],[-155.64599,18.93296],[-155.64597,18.93348],[-155.64602,18.93362],[-155.6459,18.93386],[-155.64587,18.93428],[-155.64631,18.93474],[-155.64658,18.93507],[-155.64659,18.93531],[-155.6467,18.93548],[-155.64662,18.93596],[-155.6461,18.93623],[-155.64597,18.93619],[-155.64572,18.93582],[-155.64535,18.93616],[-155.64517,18.93618],[-155.64498,18.93593],[-155.64475,18.93581],[-155.64466,18.93565],[-155.64443,18.93561],[-155.64406,18.93543],[-155.64378,18.9354],[-155.64369,18.93517],[-155.64353,18.93516],[-155.64308,18.9349],[-155.64284,18.93491],[-155.64255,18.93526],[-155.64229,18.93528],[-155.64201,18.93509],[-155.6418,18.93527],[-155.64129,18.9356],[-155.64116,18.93559],[-155.64111,18.93591],[-155.64089,18.93615],[-155.64045,18.93622],[-155.63994,18.93614],[-155.63976,18.93605],[-155.63942,18.93609],[-155.63914,18.936],[-155.63883,18.93613],[-155.63856,18.93612],[-155.63805,18.9363],[-155.63761,18.93688],[-155.63718,18.93731],[-155.63677,18.93765],[-155.63638,18.93785],[-155.63615,18.93804],[-155.6359,18.93838],[-155.63562,18.93851],[-155.63537,18.93884],[-155.63527,18.93915],[-155.63498,18.93939],[-155.63501,18.93972],[-155.63483,18.93986],[-155.63457,18.93983],[-155.63428,18.93999],[-155.63417,18.94043],[-155.63389,18.94055],[-155.6337,18.94072],[-155.63339,18.94077],[-155.63313,18.94134],[-155.63337,18.94159],[-155.63345,18.94181],[-155.63316,18.94211],[-155.63287,18.94208],[-155.63291,18.94227],[-155.63278,18.94255],[-155.63248,18.94259],[-155.63222,18.94292],[-155.63222,18.94317],[-155.63212,18.9435],[-155.63232,18.94363],[-155.63221,18.94414],[-155.63233,18.94445],[-155.63228,18.94465],[-155.63212,18.94473],[-155.63206,18.94491],[-155.63181,18.94508],[-155.63182,18.94547],[-155.63195,18.94563],[-155.63186,18.94591],[-155.63174,18.94599],[-155.63141,18.94601],[-155.63127,18.94629],[-155.63095,18.94649],[-155.63084,18.94695],[-155.63071,18.94724],[-155.63058,18.94728],[-155.63006,18.94693],[-155.62988,18.94692],[-155.62984,18.94722],[-155.62992,18.94733],[-155.6298,18.94753],[-155.62941,18.94766],[-155.6289,18.94774],[-155.62815,18.94812],[-155.62783,18.94814],[-155.62765,18.94798],[-155.62732,18.9482],[-155.62757,18.9485],[-155.62771,18.9489],[-155.62764,18.94915],[-155.62768,18.94934],[-155.62749,18.94949],[-155.62736,18.94976],[-155.6275,18.94988],[-155.62729,18.95019],[-155.62704,18.95034],[-155.62682,18.95057],[-155.62677,18.95077],[-155.62698,18.95086],[-155.62711,18.95106],[-155.62711,18.95126],[-155.62695,18.95145],[-155.62646,18.95169],[-155.62625,18.95167],[-155.62611,18.95191],[-155.62634,18.95215],[-155.62629,18.95243],[-155.62637,18.9526],[-155.62635,18.95287],[-155.62624,18.95304],[-155.62588,18.95316],[-155.6257,18.95309],[-155.62533,18.95344],[-155.62557,18.95366],[-155.62546,18.95389],[-155.6253,18.95395],[-155.62512,18.95416],[-155.62507,18.95458],[-155.62521,18.9549],[-155.62507,18.95519],[-155.6248,18.95519],[-155.62449,18.95531],[-155.62408,18.95536],[-155.62355,18.95598],[-155.62318,18.95611],[-155.62279,18.9565],[-155.6226,18.95683],[-155.62234,18.95699],[-155.62223,18.95716],[-155.62242,18.95743],[-155.62232,18.95794],[-155.62242,18.95819],[-155.62251,18.95887],[-155.62283,18.95963],[-155.62295,18.95976],[-155.62282,18.96016],[-155.62281,18.9604],[-155.6229,18.96087],[-155.62304,18.96117],[-155.62281,18.96144],[-155.62277,18.96184],[-155.62283,18.96214],[-155.62256,18.96225],[-155.62215,18.96222],[-155.62179,18.96261],[-155.62174,18.96278],[-155.62181,18.96302],[-155.62143,18.96308],[-155.62142,18.96346],[-155.62132,18.96369],[-155.62088,18.9637],[-155.62093,18.96391],[-155.62067,18.96408],[-155.62084,18.96425],[-155.62069,18.96454],[-155.62091,18.96497],[-155.62107,18.96511],[-155.62101,18.96532],[-155.62112,18.96549],[-155.62119,18.96581],[-155.62108,18.96597],[-155.62097,18.96637],[-155.62072,18.96663],[-155.62051,18.96664],[-155.62036,18.96648],[-155.62019,18.96652],[-155.62026,18.96676],[-155.62019,18.96695],[-155.62026,18.96725],[-155.62001,18.96748],[-155.62009,18.96762],[-155.62014,18.968],[-155.62004,18.96836],[-155.61967,18.96866],[-155.61946,18.96891],[-155.61883,18.96925],[-155.61867,18.96944],[-155.61819,18.96985],[-155.61801,18.96983],[-155.61756,18.97011],[-155.61709,18.96961],[-155.61709,18.96913],[-155.61693,18.96893],[-155.61644,18.96859],[-155.61587,18.96838],[-155.61542,18.96842],[-155.61521,18.96857],[-155.61499,18.96852],[-155.61469,18.96878],[-155.61436,18.9689],[-155.61413,18.96928],[-155.6138,18.96955],[-155.61362,18.97008],[-155.61356,18.97048],[-155.61332,18.97073],[-155.61331,18.9711],[-155.61348,18.97155],[-155.61377,18.97165],[-155.61404,18.9721],[-155.61407,18.97231],[-155.61377,18.97224],[-155.61328,18.97233],[-155.6132,18.97245],[-155.61296,18.97243],[-155.61259,18.97262],[-155.61237,18.97244],[-155.6125,18.97175],[-155.61232,18.97155],[-155.61248,18.97139],[-155.61269,18.97145],[-155.61274,18.97113],[-155.61272,18.97083],[-155.61248,18.97065],[-155.61259,18.97031],[-155.61251,18.97012],[-155.61215,18.96973],[-155.61223,18.96928],[-155.61194,18.9691],[-155.61192,18.96883],[-155.61216,18.96873],[-155.61188,18.96857],[-155.61167,18.96873],[-155.61107,18.96847],[-155.61105,18.96803],[-155.61122,18.96748],[-155.61116,18.96727],[-155.61065,18.96704],[-155.61053,18.96663],[-155.6105,18.96628],[-155.61036,18.96602],[-155.60972,18.96599],[-155.60926,18.96603],[-155.60902,18.96622],[-155.60892,18.96639],[-155.60858,18.96675],[-155.60828,18.96685],[-155.60814,18.96715],[-155.60796,18.96735],[-155.60762,18.96739],[-155.60737,18.96768],[-155.60716,18.96777],[-155.60703,18.968],[-155.60678,18.96829],[-155.60672,18.96854],[-155.60636,18.96848],[-155.60619,18.96863],[-155.60602,18.96894],[-155.60551,18.96882],[-155.60524,18.96891],[-155.60519,18.96861],[-155.60498,18.96846],[-155.60476,18.9686],[-155.60452,18.96853],[-155.60402,18.96849],[-155.60356,18.96823],[-155.60329,18.968],[-155.60293,18.96803],[-155.60257,18.96814],[-155.60227,18.968],[-155.60164,18.96805],[-155.60139,18.96832],[-155.6011,18.96844],[-155.60083,18.96876],[-155.60057,18.96837],[-155.60067,18.96811],[-155.60064,18.96796],[-155.60041,18.96787],[-155.60037,18.96769],[-155.60011,18.96754],[-155.60001,18.96776],[-155.60014,18.96795],[-155.60006,18.96809],[-155.59964,18.96847],[-155.59948,18.96854],[-155.59913,18.96851],[-155.59892,18.9688],[-155.59911,18.96893],[-155.59899,18.96916],[-155.59942,18.96911],[-155.59969,18.96927],[-155.59964,18.96956],[-155.59946,18.96968],[-155.59941,18.96998],[-155.59916,18.96985],[-155.59901,18.96994],[-155.59899,18.97013],[-155.59871,18.97006],[-155.59858,18.97013],[-155.59864,18.97064],[-155.59858,18.97081],[-155.59867,18.97099],[-155.59888,18.97093],[-155.59889,18.97144],[-155.59904,18.97153],[-155.599,18.97192],[-155.59873,18.97203],[-155.5987,18.9722],[-155.59883,18.9726],[-155.59871,18.97285],[-155.59891,18.97295],[-155.59908,18.97316],[-155.59886,18.97332],[-155.59887,18.97365],[-155.59872,18.97388],[-155.59861,18.97443],[-155.59853,18.97456],[-155.59826,18.97451],[-155.59818,18.97422],[-155.59789,18.97413],[-155.5978,18.97456],[-155.59784,18.97487],[-155.59779,18.97506],[-155.59786,18.97533],[-155.59769,18.97549],[-155.59718,18.97546],[-155.59695,18.97571],[-155.59658,18.9754],[-155.59618,18.97519],[-155.59592,18.97519],[-155.59563,18.97506],[-155.59543,18.97529],[-155.59553,18.97545],[-155.59544,18.97563],[-155.59519,18.97565],[-155.59515,18.97595],[-155.595,18.97629],[-155.59465,18.97668],[-155.59421,18.97675],[-155.59379,18.97737],[-155.59385,18.9777],[-155.5938,18.97799],[-155.5939,18.97864],[-155.59368,18.97887],[-155.59361,18.97916],[-155.59372,18.97959],[-155.59335,18.98012],[-155.59343,18.98045],[-155.59367,18.98058],[-155.5938,18.98087],[-155.59407,18.98096],[-155.59414,18.98115],[-155.59396,18.98138],[-155.59368,18.98135],[-155.59381,18.98175],[-155.59374,18.98218],[-155.59385,18.98235],[-155.59355,18.98254],[-155.59382,18.98293],[-155.59357,18.98313],[-155.5937,18.98371],[-155.59326,18.98386],[-155.59342,18.98399],[-155.5932,18.98411],[-155.59336,18.98433],[-155.59311,18.98457],[-155.59328,18.98494],[-155.59314,18.9852],[-155.59332,18.98531],[-155.59346,18.98555],[-155.59333,18.98563],[-155.5933,18.9859],[-155.59314,18.98601],[-155.59334,18.98623],[-155.59356,18.98627],[-155.59378,18.98645],[-155.59353,18.98677],[-155.59352,18.98715],[-155.59378,18.98722],[-155.59372,18.9875],[-155.5935,18.98752],[-155.59357,18.98775],[-155.59378,18.98788],[-155.59381,18.98808],[-155.59395,18.98821],[-155.59375,18.98849],[-155.59372,18.98881],[-155.59384,18.98908],[-155.59384,18.98929],[-155.59365,18.98956],[-155.59389,18.98982],[-155.59381,18.98997],[-155.59352,18.98994],[-155.59365,18.99018],[-155.5934,18.99034],[-155.59343,18.99061],[-155.5937,18.99096],[-155.59364,18.99109],[-155.59362,18.99149],[-155.59387,18.99159],[-155.59391,18.99174],[-155.59369,18.99202],[-155.59378,18.99228],[-155.5941,18.99249],[-155.59412,18.9928],[-155.59385,18.99285],[-155.59364,18.99303],[-155.59362,18.99346],[-155.5937,18.99379],[-155.5939,18.99398],[-155.59395,18.99421],[-155.59391,18.99467],[-155.59379,18.99516],[-155.59367,18.99522],[-155.59339,18.99491],[-155.59342,18.99528],[-155.59314,18.9954],[-155.59334,18.99579],[-155.59303,18.99602],[-155.59275,18.99616],[-155.59244,18.99617],[-155.5924,18.99649],[-155.59229,18.99672],[-155.59192,18.99707],[-155.59155,18.99714],[-155.59139,18.9973],[-155.59099,18.99791],[-155.59097,18.99834],[-155.59061,18.99861],[-155.59057,18.99889],[-155.59029,18.9991],[-155.58986,18.99927],[-155.58977,18.99944],[-155.58956,18.99951],[-155.58945,18.99974],[-155.58928,18.99979],[-155.58899,19.00015],[-155.58864,19.00027],[-155.58837,19.00028],[-155.58826,19.00055],[-155.58801,19.00058],[-155.58787,19.00073],[-155.58784,19.00095],[-155.58755,19.00108],[-155.58717,19.00153],[-155.5871,19.00171],[-155.58691,19.00259],[-155.58684,19.00279],[-155.58664,19.00298],[-155.58604,19.00326],[-155.58505,19.00383],[-155.5849,19.00422],[-155.58471,19.00435],[-155.58449,19.00465],[-155.5842,19.00479],[-155.5844,19.00522],[-155.58435,19.0056],[-155.5844,19.00581],[-155.58418,19.00602],[-155.58409,19.00638],[-155.58386,19.00647],[-155.58365,19.00669],[-155.58337,19.00685],[-155.58341,19.00766],[-155.58348,19.00791],[-155.58337,19.00835],[-155.58318,19.00841],[-155.58299,19.00864],[-155.58282,19.0091],[-155.58304,19.00955],[-155.5829,19.00974],[-155.5826,19.00987],[-155.5826,19.01015],[-155.58246,19.01073],[-155.58232,19.01089],[-155.58236,19.01123],[-155.582,19.01161],[-155.58208,19.01184],[-155.58183,19.01242],[-155.58191,19.01263],[-155.58156,19.01343],[-155.58169,19.01348],[-155.58156,19.01425],[-155.5813,19.01449],[-155.58104,19.01506],[-155.58063,19.01527],[-155.58042,19.01578],[-155.5805,19.01604],[-155.58046,19.01623],[-155.58026,19.01652],[-155.58031,19.01672],[-155.58008,19.01707],[-155.57987,19.01709],[-155.57985,19.01746],[-155.58002,19.01804],[-155.58,19.01846],[-155.57987,19.01871],[-155.57956,19.01878],[-155.57916,19.01909],[-155.57916,19.01933],[-155.57889,19.01931],[-155.57869,19.01951],[-155.57846,19.01949],[-155.57831,19.01981],[-155.57803,19.01997],[-155.57762,19.02004],[-155.57752,19.02047],[-155.57716,19.02066],[-155.57733,19.02078],[-155.57724,19.02113],[-155.57701,19.02151],[-155.57697,19.0217],[-155.57678,19.02182],[-155.57663,19.0222],[-155.57599,19.0226],[-155.57579,19.02265],[-155.57559,19.02284],[-155.57554,19.02303],[-155.57475,19.02337],[-155.57457,19.02349],[-155.57433,19.02348],[-155.5741,19.02359],[-155.57408,19.0238],[-155.57393,19.02424],[-155.57348,19.02467],[-155.57295,19.02497],[-155.57233,19.02521],[-155.57197,19.02525],[-155.5715,19.02539],[-155.57135,19.02534],[-155.57103,19.0256],[-155.57013,19.02572],[-155.56993,19.02572],[-155.56929,19.02586],[-155.56873,19.02609],[-155.56847,19.02627],[-155.56765,19.02662],[-155.5672,19.0269],[-155.5667,19.02732],[-155.5663,19.02775],[-155.56569,19.02829],[-155.56535,19.02842],[-155.56516,19.02872],[-155.56479,19.02897],[-155.56433,19.02914],[-155.56375,19.02955],[-155.56323,19.03019],[-155.56309,19.03058],[-155.56273,19.03082],[-155.56259,19.03103],[-155.56233,19.03112],[-155.56223,19.03126],[-155.56207,19.03172],[-155.56186,19.03195],[-155.56157,19.03252],[-155.56135,19.0326],[-155.5614,19.03294],[-155.56065,19.03374],[-155.56059,19.03405],[-155.56047,19.0343],[-155.56027,19.0344],[-155.56024,19.03465],[-155.56,19.03504],[-155.55998,19.03525],[-155.55977,19.03578],[-155.55957,19.03601],[-155.55948,19.0363],[-155.55921,19.03648],[-155.55887,19.03711],[-155.55867,19.0374],[-155.55842,19.03755],[-155.55826,19.03792],[-155.55791,19.03811],[-155.55783,19.03853],[-155.55748,19.03924],[-155.55737,19.03961],[-155.5571,19.03994],[-155.55702,19.04029],[-155.55675,19.04067],[-155.55653,19.0411],[-155.55649,19.04134],[-155.55616,19.04178],[-155.55594,19.04189],[-155.55577,19.04223],[-155.55571,19.0426],[-155.55516,19.0431],[-155.5551,19.04334],[-155.55485,19.04366],[-155.55461,19.04381],[-155.55463,19.04406],[-155.55424,19.04459],[-155.55397,19.04512],[-155.55401,19.04538],[-155.55389,19.04552],[-155.55389,19.04609],[-155.55367,19.04634],[-155.55381,19.04668],[-155.55351,19.04697],[-155.55322,19.04749],[-155.55339,19.04773],[-155.55356,19.04826],[-155.55348,19.04857],[-155.55351,19.04902],[-155.55365,19.04917],[-155.55374,19.04972],[-155.55368,19.04989],[-155.55312,19.05068],[-155.55278,19.05097],[-155.5526,19.05106],[-155.55269,19.05134],[-155.55218,19.05149],[-155.55176,19.05174],[-155.55185,19.05228],[-155.55182,19.0525],[-155.55225,19.05293],[-155.55229,19.05306],[-155.5522,19.05333],[-155.55218,19.05402],[-155.55221,19.05479],[-155.55243,19.05526],[-155.55272,19.05544],[-155.55302,19.05624],[-155.55334,19.05671],[-155.55364,19.05741],[-155.55351,19.05766],[-155.5535,19.05799],[-155.55331,19.05811],[-155.55318,19.05835],[-155.55315,19.05865],[-155.55293,19.05893],[-155.55297,19.05911],[-155.55275,19.05919],[-155.55259,19.05954],[-155.55266,19.05988],[-155.55328,19.06054],[-155.55356,19.061],[-155.55356,19.0612],[-155.55374,19.06129],[-155.55369,19.06176],[-155.55348,19.06197],[-155.55348,19.06219],[-155.55322,19.06242],[-155.55324,19.06273],[-155.55301,19.06291],[-155.55302,19.06303],[-155.55278,19.06328],[-155.55281,19.06366],[-155.55322,19.06394],[-155.55319,19.0642],[-155.55307,19.06429],[-155.5531,19.06461],[-155.55293,19.06474],[-155.5529,19.06512],[-155.55304,19.06542],[-155.55318,19.06554],[-155.55327,19.06601],[-155.55318,19.06615],[-155.55327,19.06635],[-155.55281,19.0665],[-155.55264,19.0669],[-155.55273,19.0673],[-155.55318,19.06726],[-155.55343,19.06756],[-155.55365,19.06773],[-155.55388,19.06805],[-155.55391,19.06841],[-155.55411,19.06882],[-155.55411,19.06905],[-155.55374,19.0694],[-155.55335,19.06936],[-155.55335,19.06973],[-155.55379,19.07001],[-155.55393,19.07092],[-155.55409,19.0712],[-155.55364,19.07152],[-155.55315,19.07173],[-155.55324,19.07257],[-155.55336,19.07286],[-155.55365,19.07377],[-155.55367,19.07402],[-155.5538,19.07435],[-155.55354,19.0747],[-155.55339,19.07532],[-155.55336,19.07578],[-155.55372,19.0759],[-155.55431,19.07583],[-155.55466,19.07605],[-155.55478,19.07619],[-155.55504,19.07667],[-155.55527,19.07725],[-155.55506,19.07765],[-155.55527,19.07778],[-155.5554,19.07821],[-155.5554,19.0788],[-155.55527,19.07926],[-155.55487,19.07977],[-155.55443,19.07991],[-155.55418,19.08015],[-155.55384,19.08036],[-155.55357,19.08044],[-155.55315,19.08042],[-155.55319,19.08065],[-155.55298,19.08087],[-155.55287,19.08134],[-155.55273,19.08145],[-155.55237,19.08147],[-155.5518,19.08218],[-155.55159,19.08217],[-155.55163,19.08271],[-155.55159,19.0829],[-155.55189,19.08335],[-155.55186,19.08357],[-155.55173,19.08368],[-155.55127,19.08425],[-155.55084,19.08432],[-155.55041,19.08394],[-155.55033,19.08404],[-155.55055,19.08426],[-155.54999,19.08472],[-155.54964,19.08497],[-155.55002,19.08499],[-155.55012,19.08535],[-155.54952,19.08547],[-155.5491,19.0858],[-155.54865,19.08608],[-155.54813,19.08628],[-155.5479,19.08607],[-155.54756,19.08617],[-155.54727,19.08619],[-155.54706,19.08581],[-155.5468,19.08567],[-155.54674,19.08538],[-155.54706,19.08518],[-155.54724,19.08486],[-155.54693,19.08469],[-155.54677,19.08474],[-155.54668,19.08512],[-155.54627,19.08546],[-155.54581,19.08534],[-155.54518,19.08545],[-155.54483,19.08543],[-155.5444,19.08531],[-155.54399,19.08543],[-155.54376,19.08543],[-155.54344,19.08574],[-155.54327,19.08571],[-155.5428,19.08592],[-155.54279,19.08619],[-155.54256,19.08626],[-155.54242,19.08677],[-155.54246,19.08711],[-155.54242,19.08733],[-155.5425,19.08753],[-155.54225,19.08775],[-155.54243,19.08802],[-155.54216,19.08812],[-155.54225,19.08828],[-155.54228,19.08867],[-155.54201,19.08889],[-155.54199,19.08909],[-155.54176,19.0892],[-155.54175,19.08942],[-155.54185,19.08994],[-155.54176,19.09044],[-155.54154,19.0905],[-155.5414,19.09067],[-155.54117,19.09064],[-155.54115,19.09082],[-155.54094,19.09119],[-155.54091,19.09151],[-155.5406,19.09137],[-155.54037,19.09136],[-155.54031,19.09159],[-155.53978,19.09202],[-155.53957,19.0923],[-155.53941,19.09268],[-155.53973,19.09276],[-155.53963,19.09297],[-155.53929,19.09293],[-155.5392,19.0932],[-155.53894,19.09318],[-155.53909,19.09351],[-155.53894,19.09367],[-155.53876,19.09365],[-155.53816,19.09389],[-155.53807,19.09405],[-155.53769,19.09418],[-155.53751,19.0944],[-155.53749,19.09473],[-155.53761,19.09496],[-155.53737,19.09504],[-155.53707,19.09531],[-155.53708,19.09559],[-155.53682,19.09564],[-155.53678,19.09594],[-155.53656,19.09624],[-155.53636,19.09666],[-155.53626,19.09739],[-155.53592,19.09804],[-155.5359,19.09837],[-155.53554,19.09853],[-155.53537,19.09874],[-155.53482,19.09868],[-155.53472,19.09888],[-155.53476,19.09926],[-155.53447,19.09927],[-155.53464,19.09988],[-155.53459,19.10003],[-155.53481,19.1005],[-155.53469,19.10065],[-155.53482,19.10094],[-155.53436,19.10102],[-155.53464,19.10138],[-155.53448,19.10144],[-155.53444,19.10177],[-155.5338,19.10182],[-155.53383,19.102],[-155.53343,19.10228],[-155.53368,19.10256],[-155.53357,19.10282],[-155.53345,19.10287],[-155.53319,19.10261],[-155.53255,19.1027],[-155.53214,19.10325],[-155.53189,19.1037],[-155.532,19.10396],[-155.53167,19.10432],[-155.53151,19.10505],[-155.53122,19.1053],[-155.53053,19.10543],[-155.53026,19.10536],[-155.52997,19.10504],[-155.52974,19.10525],[-155.52963,19.1058],[-155.5295,19.10596],[-155.52943,19.10628],[-155.52922,19.10632],[-155.52907,19.10656],[-155.52896,19.10691],[-155.52863,19.10734],[-155.52859,19.10748],[-155.52825,19.10773],[-155.52809,19.10804],[-155.52779,19.10812],[-155.52763,19.10829],[-155.52763,19.10872],[-155.52742,19.10916],[-155.52712,19.10945],[-155.52713,19.10971],[-155.52691,19.10975],[-155.52683,19.10997],[-155.52637,19.11073],[-155.52662,19.11074],[-155.52687,19.11096],[-155.52722,19.11085],[-155.52734,19.11109],[-155.52697,19.11133],[-155.52693,19.1112],[-155.52655,19.11114],[-155.52635,19.11095],[-155.52577,19.11087],[-155.52589,19.11114],[-155.52585,19.11147],[-155.5257,19.11168],[-155.52539,19.11188],[-155.52341,19.11286],[-155.5231,19.1129],[-155.52299,19.11305],[-155.52261,19.11303],[-155.52251,19.11341],[-155.52207,19.11324],[-155.52186,19.11335],[-155.52156,19.11323],[-155.52119,19.11319],[-155.5209,19.11302],[-155.52078,19.11314],[-155.52054,19.11306],[-155.52054,19.11333],[-155.51994,19.11342],[-155.51955,19.11334],[-155.51939,19.1136],[-155.51914,19.11377],[-155.51888,19.11368],[-155.51872,19.11398],[-155.51854,19.11405],[-155.51831,19.11393],[-155.51734,19.11389],[-155.51715,19.11396],[-155.51735,19.1143],[-155.51726,19.11486],[-155.51715,19.11506],[-155.51679,19.11504],[-155.5166,19.11516],[-155.5166,19.11541],[-155.51677,19.11563],[-155.51662,19.11575],[-155.51626,19.11564],[-155.51597,19.11565],[-155.5159,19.11603],[-155.51578,19.11625],[-155.51578,19.1165],[-155.51549,19.11641],[-155.51539,19.11651],[-155.51563,19.11684],[-155.51527,19.11688],[-155.51513,19.1171],[-155.51558,19.11736],[-155.51555,19.11753],[-155.51532,19.11778],[-155.51546,19.11793],[-155.51537,19.11835],[-155.51505,19.11835],[-155.51476,19.1186],[-155.51476,19.11888],[-155.51442,19.11877],[-155.51392,19.11904],[-155.51346,19.11912],[-155.51301,19.11877],[-155.51311,19.11911],[-155.51277,19.11922],[-155.51245,19.1191],[-155.51213,19.11921],[-155.51209,19.11957],[-155.5118,19.11949],[-155.51155,19.11958],[-155.51164,19.11988],[-155.512,19.12019],[-155.51197,19.12046],[-155.51183,19.1206],[-155.51118,19.12064],[-155.51042,19.12094],[-155.51039,19.12058],[-155.51,19.12115],[-155.5099,19.12135],[-155.50967,19.12162],[-155.50995,19.12199],[-155.51013,19.12257],[-155.51012,19.12284],[-155.50967,19.12306],[-155.50972,19.1233],[-155.50987,19.12358],[-155.50943,19.12353],[-155.5093,19.12361],[-155.5094,19.12381],[-155.50967,19.12393],[-155.50972,19.12431],[-155.50949,19.12438],[-155.50971,19.12457],[-155.50971,19.12477],[-155.50946,19.125],[-155.50943,19.12514],[-155.50961,19.12539],[-155.5097,19.1258],[-155.50998,19.12604],[-155.51018,19.12597],[-155.51031,19.12658],[-155.51047,19.12678],[-155.51067,19.12716],[-155.51093,19.12747],[-155.51099,19.12802],[-155.51077,19.12819],[-155.51053,19.12813],[-155.51051,19.12834],[-155.51036,19.1285],[-155.51048,19.12864],[-155.51014,19.12906],[-155.50983,19.12899],[-155.50959,19.12936],[-155.50914,19.12957],[-155.50914,19.12988],[-155.5093,19.13008],[-155.50888,19.13022],[-155.50842,19.13048],[-155.50824,19.13077],[-155.50802,19.13069],[-155.50778,19.13103],[-155.50739,19.13138],[-155.50708,19.13147],[-155.50666,19.1315],[-155.50604,19.13161],[-155.50579,19.13159],[-155.50555,19.13199],[-155.50506,19.13204],[-155.50522,19.1323],[-155.50491,19.1325],[-155.50168,19.1347],[-155.50111,19.1347],[-155.50084,19.13477],[-155.5005,19.1345],[-155.5003,19.13463],[-155.5001,19.13457],[-155.49984,19.13469],[-155.49812,19.13508],[-155.49738,19.13531],[-155.49708,19.13545],[-155.49677,19.1357],[-155.49684,19.13614],[-155.49679,19.13641],[-155.49663,19.13657],[-155.49641,19.13653],[-155.49619,19.13665],[-155.49614,19.13681],[-155.49582,19.13688],[-155.49583,19.13714],[-155.49611,19.13721],[-155.49632,19.13762],[-155.49614,19.13783],[-155.49565,19.1379],[-155.49538,19.13751],[-155.49541,19.13794],[-155.49535,19.13817],[-155.49515,19.13812],[-155.4951,19.13838],[-155.49493,19.13843],[-155.49492,19.13879],[-155.49417,19.13856],[-155.49403,19.13839],[-155.49374,19.13859],[-155.49342,19.13833],[-155.49297,19.13822],[-155.49214,19.13793],[-155.49172,19.13786],[-155.49164,19.13798],[-155.49112,19.138],[-155.49072,19.13765],[-155.49045,19.13725],[-155.49035,19.13741],[-155.48993,19.13744],[-155.48967,19.1373],[-155.48921,19.13738],[-155.48886,19.13753],[-155.48828,19.13746],[-155.48796,19.13761],[-155.48744,19.13759],[-155.48712,19.13764],[-155.48615,19.13763],[-155.48547,19.1377],[-155.48511,19.13778],[-155.48479,19.13802],[-155.48451,19.13807],[-155.48387,19.13833],[-155.48345,19.13845],[-155.48323,19.13886],[-155.48288,19.13924],[-155.48259,19.13944],[-155.48216,19.1396],[-155.48152,19.13976],[-155.48128,19.13968],[-155.48094,19.13973],[-155.48071,19.13989],[-155.48044,19.13994],[-155.48039,19.14011],[-155.47937,19.14022],[-155.4792,19.14029],[-155.47889,19.1406],[-155.47848,19.14083],[-155.47823,19.14111],[-155.47797,19.1412],[-155.4778,19.1414],[-155.47746,19.14161],[-155.47719,19.14163],[-155.47699,19.14193],[-155.47673,19.14207],[-155.4761,19.14219],[-155.47598,19.14231],[-155.47548,19.14238],[-155.47533,19.14249],[-155.47473,19.14265],[-155.47463,19.14279],[-155.47432,19.14294],[-155.47411,19.14314],[-155.47359,19.14331],[-155.47325,19.14348],[-155.47284,19.14356],[-155.47264,19.14372],[-155.47241,19.14374],[-155.47191,19.14395],[-155.47168,19.1439],[-155.47124,19.14431],[-155.4711,19.14422],[-155.4705,19.14425],[-155.47002,19.1443],[-155.46992,19.14446],[-155.46947,19.14457],[-155.46925,19.14451],[-155.46881,19.14468],[-155.46846,19.14476],[-155.46808,19.14475],[-155.46753,19.14454],[-155.46732,19.14439],[-155.46713,19.14454],[-155.46692,19.14447],[-155.4667,19.14471],[-155.46652,19.14476],[-155.46611,19.14469],[-155.46568,19.14479],[-155.46547,19.14472],[-155.46527,19.14448],[-155.46538,19.1441],[-155.4652,19.14403],[-155.46481,19.14427],[-155.46449,19.14425],[-155.4644,19.14395],[-155.46408,19.1439],[-155.464,19.1441],[-155.46356,19.14375],[-155.46342,19.14397],[-155.46324,19.14387],[-155.46287,19.14396],[-155.46266,19.14389],[-155.46237,19.14406],[-155.46208,19.14414],[-155.46178,19.14453],[-155.46121,19.14462],[-155.46099,19.14476],[-155.46083,19.14475],[-155.45994,19.1449],[-155.4597,19.14498],[-155.45932,19.14502],[-155.45923,19.1453],[-155.45902,19.14534],[-155.45874,19.14551],[-155.45835,19.14565],[-155.45816,19.14565],[-155.45772,19.14583],[-155.4575,19.14612],[-155.45714,19.14615],[-155.45702,19.14602],[-155.45662,19.14604],[-155.45653,19.1463],[-155.45604,19.14665],[-155.45551,19.14676],[-155.45464,19.14689],[-155.45431,19.14704],[-155.454,19.14706],[-155.45343,19.14757],[-155.45322,19.14751],[-155.45291,19.14763],[-155.45222,19.14801],[-155.45177,19.14831],[-155.45111,19.14856],[-155.45103,19.14876],[-155.45085,19.14872],[-155.45051,19.14894],[-155.45015,19.1489],[-155.45007,19.14905],[-155.45033,19.1492],[-155.45025,19.14941],[-155.45032,19.14973],[-155.45012,19.14984],[-155.44992,19.14967],[-155.44948,19.14977],[-155.4493,19.15007],[-155.44917,19.15014],[-155.44893,19.1506],[-155.44876,19.15074],[-155.44867,19.1511],[-155.44824,19.15182],[-155.44741,19.152],[-155.44688,19.15207],[-155.44678,19.15216],[-155.44621,19.15213],[-155.44603,19.15226],[-155.44592,19.15247],[-155.44604,19.1527],[-155.44574,19.1533],[-155.44527,19.15339],[-155.44528,19.15373],[-155.44543,19.15377],[-155.44525,19.15407],[-155.44515,19.15443],[-155.44507,19.15502],[-155.44462,19.1554],[-155.44435,19.15568],[-155.44443,19.15601],[-155.44417,19.15641],[-155.44425,19.15658],[-155.44406,19.15683],[-155.44391,19.15672],[-155.44368,19.15699],[-155.44363,19.15718],[-155.44339,19.1573],[-155.44312,19.15783],[-155.4429,19.15811],[-155.44255,19.15832],[-155.44235,19.15835],[-155.44194,19.15853],[-155.44165,19.15876],[-155.4411,19.15909],[-155.44074,19.15945],[-155.44026,19.15968],[-155.43999,19.16001],[-155.43961,19.16017],[-155.43924,19.16066],[-155.43901,19.1608],[-155.4388,19.16072],[-155.43822,19.16095],[-155.43796,19.1611],[-155.43784,19.16143],[-155.43764,19.16164],[-155.43744,19.16164],[-155.43715,19.16178],[-155.4369,19.16201],[-155.43657,19.16205],[-155.43619,19.16227],[-155.43579,19.16275],[-155.43548,19.16293],[-155.43541,19.16331],[-155.43521,19.16332],[-155.43504,19.16348],[-155.43454,19.16371],[-155.43439,19.16387],[-155.43345,19.16429],[-155.43304,19.16469],[-155.43285,19.16507],[-155.43277,19.1654],[-155.43222,19.16636],[-155.43146,19.16675],[-155.43066,19.16679],[-155.43032,19.16692],[-155.43008,19.16719],[-155.42996,19.16747],[-155.42967,19.16757],[-155.42965,19.16781],[-155.42944,19.16802],[-155.42934,19.16826],[-155.42906,19.1685],[-155.4288,19.16887],[-155.42871,19.16922],[-155.4285,19.16942],[-155.42827,19.16943],[-155.42824,19.16965],[-155.42775,19.16989],[-155.42744,19.17052],[-155.42724,19.17073],[-155.42714,19.17106],[-155.42678,19.17155],[-155.4268,19.1717],[-155.42645,19.17249],[-155.42648,19.17288],[-155.42642,19.17325],[-155.42623,19.17353],[-155.42596,19.17372],[-155.42604,19.17406],[-155.42595,19.17429],[-155.42536,19.175],[-155.42503,19.17518],[-155.42485,19.17552],[-155.42462,19.17584],[-155.4244,19.17602],[-155.42418,19.17648],[-155.42357,19.17691],[-155.42336,19.17718],[-155.42297,19.17736],[-155.42273,19.1772],[-155.42264,19.17745],[-155.42238,19.17759],[-155.42206,19.17793],[-155.42168,19.17801],[-155.421,19.17845],[-155.42053,19.17899],[-155.41973,19.17919],[-155.41946,19.17929],[-155.4193,19.17962],[-155.41878,19.17995],[-155.4186,19.18018],[-155.41812,19.18038],[-155.41794,19.18038],[-155.41768,19.18055],[-155.41752,19.18074],[-155.41757,19.181],[-155.41728,19.181],[-155.41686,19.18144],[-155.41667,19.18147],[-155.41649,19.18175],[-155.4164,19.18208],[-155.41652,19.18225],[-155.41623,19.18253],[-155.41619,19.18266],[-155.41577,19.18301],[-155.41566,19.18343],[-155.41551,19.18374],[-155.41515,19.1841],[-155.4151,19.18433],[-155.41461,19.18482],[-155.41435,19.18475],[-155.41411,19.18483],[-155.41357,19.18484],[-155.41328,19.18471],[-155.41277,19.1847],[-155.4124,19.18449],[-155.4122,19.18449],[-155.41152,19.18513],[-155.41128,19.18512],[-155.41103,19.18526],[-155.41065,19.18527],[-155.41054,19.18537],[-155.40961,19.18564],[-155.40906,19.18594],[-155.40901,19.18619],[-155.4086,19.1865],[-155.40732,19.18707],[-155.40695,19.18713],[-155.40669,19.18738],[-155.40613,19.1874],[-155.40581,19.18747],[-155.40544,19.18729],[-155.40511,19.18732],[-155.40485,19.18727],[-155.40457,19.18742],[-155.40401,19.18742],[-155.40361,19.18735],[-155.40306,19.1871],[-155.40285,19.18723],[-155.4026,19.18727],[-155.40242,19.1871],[-155.40215,19.18715],[-155.40195,19.18735],[-155.40158,19.18724],[-155.40129,19.18735],[-155.40118,19.18749],[-155.40086,19.18755],[-155.40074,19.18777],[-155.40031,19.18795],[-155.4,19.18795],[-155.39952,19.18805],[-155.39932,19.18837],[-155.39916,19.18833],[-155.39877,19.18855],[-155.3988,19.18876],[-155.3987,19.18897],[-155.39871,19.18918],[-155.39853,19.18938],[-155.39821,19.18938],[-155.3981,19.18959],[-155.39781,19.1899],[-155.39764,19.18983],[-155.3974,19.1899],[-155.39713,19.19012],[-155.39717,19.19031],[-155.397,19.19067],[-155.39659,19.19106],[-155.39635,19.19117],[-155.39603,19.19143],[-155.39593,19.19176],[-155.39569,19.19215],[-155.39535,19.19244],[-155.39517,19.19246],[-155.39514,19.19281],[-155.39525,19.19298],[-155.39513,19.1933],[-155.39484,19.19336],[-155.39487,19.19361],[-155.39472,19.19371],[-155.3947,19.19391],[-155.39456,19.19398],[-155.39451,19.19423],[-155.39422,19.19456],[-155.39339,19.19499],[-155.39284,19.19518],[-155.39235,19.19554],[-155.39185,19.19557],[-155.39176,19.19573],[-155.3914,19.196],[-155.39104,19.1965],[-155.39007,19.19709],[-155.38947,19.19743],[-155.38889,19.19749],[-155.38817,19.19788],[-155.38797,19.19808],[-155.38733,19.19822],[-155.38644,19.19855],[-155.38614,19.19864],[-155.38481,19.19883],[-155.38466,19.19893],[-155.38428,19.19897],[-155.38402,19.19882],[-155.38373,19.19881],[-155.3835,19.19868],[-155.38328,19.19877],[-155.38301,19.19862],[-155.38261,19.19884],[-155.38231,19.19872],[-155.38211,19.19882],[-155.38197,19.19867],[-155.38176,19.19866],[-155.38133,19.19885],[-155.38086,19.19877],[-155.38048,19.19887],[-155.37968,19.199],[-155.37915,19.19895],[-155.37904,19.19866],[-155.37889,19.1989],[-155.37827,19.19903],[-155.37795,19.19929],[-155.37778,19.19926],[-155.37733,19.19934],[-155.37703,19.19933],[-155.37672,19.19919],[-155.37662,19.19932],[-155.37535,19.19944],[-155.37509,19.19958],[-155.37443,19.1997],[-155.37416,19.19993],[-155.37376,19.20013],[-155.3733,19.20058],[-155.37301,19.20073],[-155.37281,19.20074],[-155.37239,19.2005],[-155.3721,19.20046],[-155.37145,19.20047],[-155.37098,19.20075],[-155.37088,19.20105],[-155.37057,19.20109],[-155.37005,19.201],[-155.36988,19.20116],[-155.36951,19.20135],[-155.36922,19.20157],[-155.36849,19.20175],[-155.3682,19.20173],[-155.36818,19.20198],[-155.3679,19.20217],[-155.36735,19.20231],[-155.36704,19.2026],[-155.36679,19.20265],[-155.36641,19.20264],[-155.36621,19.20287],[-155.36594,19.20277],[-155.3657,19.20286],[-155.36541,19.20309],[-155.36519,19.20312],[-155.36501,19.20334],[-155.36438,19.20348],[-155.36363,19.20379],[-155.36345,19.20371],[-155.36328,19.2039],[-155.36287,19.20388],[-155.36271,19.20414],[-155.36246,19.20407],[-155.36238,19.20437],[-155.36223,19.20444],[-155.36197,19.20433],[-155.36176,19.20442],[-155.36158,19.20464],[-155.36099,19.20491],[-155.36043,19.20497],[-155.35987,19.20526],[-155.35959,19.20547],[-155.35929,19.20542],[-155.35878,19.20569],[-155.35842,19.20576],[-155.35828,19.20566],[-155.35805,19.2059],[-155.35797,19.20613],[-155.35762,19.20617],[-155.35765,19.20638],[-155.3575,19.20683],[-155.35734,19.20707],[-155.35677,19.20714],[-155.35664,19.20752],[-155.35647,19.20764],[-155.3555,19.20806],[-155.35516,19.20829],[-155.35477,19.20842],[-155.35461,19.20902],[-155.35421,19.20932],[-155.35371,19.2094],[-155.35345,19.20967],[-155.35315,19.21054],[-155.35268,19.2107],[-155.35219,19.21122],[-155.35177,19.21142],[-155.35134,19.21174],[-155.35087,19.21201],[-155.35071,19.21204],[-155.3505,19.21225],[-155.35004,19.21227],[-155.34961,19.21211],[-155.34878,19.21231],[-155.34866,19.21253],[-155.34866,19.21313],[-155.34854,19.21313],[-155.34798,19.21342],[-155.3478,19.21378],[-155.34761,19.21427],[-155.34748,19.21441],[-155.34716,19.21437],[-155.34687,19.21443],[-155.34691,19.21465],[-155.34683,19.21478],[-155.34655,19.21479],[-155.34673,19.21548],[-155.34656,19.2156],[-155.34626,19.21558],[-155.34623,19.21614],[-155.34646,19.21639],[-155.34637,19.21698],[-155.34614,19.21733],[-155.34538,19.21789],[-155.34521,19.2183],[-155.34485,19.21835],[-155.34413,19.21872],[-155.34395,19.21894],[-155.34392,19.21917],[-155.34402,19.21934],[-155.34405,19.21963],[-155.34391,19.21993],[-155.34366,19.22002],[-155.34372,19.2203],[-155.34355,19.22089],[-155.34335,19.22114],[-155.34335,19.222],[-155.34329,19.22253],[-155.34303,19.22339],[-155.3429,19.22356],[-155.3429,19.22384],[-155.34244,19.2248],[-155.34212,19.22499],[-155.34139,19.22504],[-155.34127,19.22514],[-155.34128,19.22548],[-155.34112,19.22628],[-155.34099,19.22653],[-155.34052,19.22698],[-155.34031,19.22712],[-155.34008,19.22741],[-155.33996,19.22796],[-155.3397,19.22799],[-155.3394,19.22866],[-155.33899,19.22923],[-155.33869,19.22951],[-155.3386,19.2298],[-155.33887,19.23037],[-155.3388,19.23089],[-155.33851,19.23118],[-155.33791,19.23127],[-155.33756,19.2316],[-155.33746,19.23183],[-155.33716,19.2322],[-155.33651,19.23244],[-155.33617,19.23262],[-155.33587,19.2327],[-155.33577,19.23287],[-155.33582,19.23317],[-155.33573,19.23338],[-155.33541,19.23366],[-155.33526,19.2337],[-155.33501,19.23402],[-155.33463,19.23421],[-155.33441,19.2346],[-155.33417,19.23483],[-155.33362,19.23506],[-155.33328,19.23503],[-155.3327,19.23544],[-155.33224,19.23539],[-155.33211,19.23571],[-155.33169,19.23566],[-155.33147,19.23588],[-155.33165,19.23631],[-155.33159,19.23641],[-155.33126,19.23656],[-155.33102,19.23656],[-155.33097,19.23671],[-155.33052,19.23685],[-155.33009,19.2368],[-155.32994,19.23718],[-155.3297,19.23726],[-155.32948,19.23708],[-155.32915,19.23729],[-155.32867,19.23733],[-155.32862,19.23749],[-155.32828,19.23757],[-155.32816,19.23775],[-155.32748,19.23796],[-155.32728,19.23809],[-155.32704,19.23809],[-155.32699,19.23825],[-155.32644,19.23852],[-155.32595,19.2385],[-155.32581,19.23859],[-155.32579,19.23885],[-155.32552,19.2389],[-155.32533,19.23917],[-155.32482,19.23938],[-155.32467,19.23932],[-155.32445,19.23955],[-155.32419,19.23951],[-155.32398,19.23973],[-155.32337,19.23992],[-155.32287,19.23999],[-155.32202,19.24033],[-155.32173,19.24033],[-155.3212,19.24043],[-155.32107,19.24065],[-155.32081,19.24068],[-155.32053,19.24087],[-155.32001,19.2409],[-155.31983,19.24084],[-155.31937,19.24095],[-155.31908,19.2413],[-155.31884,19.24135],[-155.31871,19.2415],[-155.31787,19.2418],[-155.31743,19.24218],[-155.31629,19.24248],[-155.31625,19.24286],[-155.31572,19.24316],[-155.31555,19.24353],[-155.31537,19.24354],[-155.31514,19.24382],[-155.31487,19.24402],[-155.31461,19.24403],[-155.31453,19.24428],[-155.31393,19.24503],[-155.31366,19.24547],[-155.31323,19.24582],[-155.31321,19.24598],[-155.31292,19.24615],[-155.31268,19.24637],[-155.31234,19.24653],[-155.31209,19.24684],[-155.31166,19.24694],[-155.3115,19.24691],[-155.3112,19.24733],[-155.31099,19.24733],[-155.31082,19.24763],[-155.31024,19.24804],[-155.30983,19.24843],[-155.30942,19.24896],[-155.30927,19.249],[-155.30929,19.24925],[-155.30918,19.24941],[-155.30893,19.24952],[-155.30892,19.24983],[-155.3087,19.24987],[-155.30809,19.25031],[-155.30773,19.25074],[-155.30761,19.25108],[-155.30669,19.25225],[-155.30669,19.25238],[-155.30649,19.25298],[-155.30591,19.25362],[-155.3057,19.25406],[-155.3053,19.25452],[-155.30506,19.25473],[-155.30485,19.25508],[-155.30463,19.25533],[-155.30386,19.25593],[-155.30353,19.25612],[-155.30341,19.25634],[-155.30309,19.25652],[-155.30254,19.25693],[-155.3023,19.25703],[-155.30221,19.25721],[-155.30184,19.25751],[-155.30157,19.25812],[-155.30143,19.25837],[-155.30132,19.25875],[-155.30089,19.25896],[-155.30055,19.25924],[-155.30037,19.25929],[-155.30034,19.25952],[-155.29994,19.25976],[-155.29951,19.25975],[-155.29886,19.26003],[-155.29859,19.26003],[-155.29847,19.26021],[-155.29824,19.26031],[-155.29816,19.26045],[-155.29774,19.2607],[-155.29766,19.26081],[-155.29738,19.26086],[-155.29732,19.26098],[-155.29699,19.26102],[-155.2966,19.26136],[-155.29637,19.2614],[-155.29605,19.26171],[-155.29592,19.26195],[-155.2953,19.26232],[-155.29494,19.26243],[-155.29468,19.26276],[-155.29433,19.26294],[-155.29424,19.26311],[-155.29364,19.26334],[-155.29341,19.26332],[-155.2931,19.26341],[-155.29298,19.26329],[-155.29271,19.26336],[-155.29266,19.26353],[-155.29178,19.26336],[-155.29151,19.26355],[-155.29115,19.2636],[-155.29096,19.26341],[-155.29084,19.26365],[-155.29045,19.26378],[-155.29017,19.26378],[-155.28967,19.26362],[-155.28947,19.26385],[-155.28904,19.26383],[-155.28879,19.26371],[-155.28856,19.26374],[-155.28772,19.26357],[-155.28738,19.26365],[-155.28682,19.26404],[-155.28634,19.26422],[-155.28609,19.26416],[-155.28603,19.26459],[-155.28583,19.26481],[-155.28565,19.26513],[-155.28536,19.26537],[-155.2846,19.26568],[-155.28417,19.26576],[-155.28297,19.26612],[-155.2819,19.26632],[-155.28083,19.26624],[-155.27922,19.26674],[-155.27831,19.26677],[-155.27755,19.26654],[-155.27734,19.26639],[-155.27628,19.26598],[-155.27622,19.26585],[-155.27632,19.26533],[-155.27617,19.26525],[-155.27566,19.26553],[-155.27548,19.26553],[-155.27512,19.26589],[-155.27521,19.26615],[-155.27499,19.26635],[-155.27469,19.26653],[-155.27432,19.26647],[-155.27394,19.26668],[-155.27385,19.26699],[-155.27363,19.2672],[-155.27343,19.26729],[-155.27321,19.26752],[-155.27294,19.26768],[-155.27254,19.26773],[-155.27194,19.26793],[-155.27139,19.26797],[-155.271,19.26783],[-155.27065,19.26805],[-155.26973,19.26845],[-155.26911,19.26851],[-155.26876,19.26832],[-155.26865,19.26847],[-155.26847,19.2684],[-155.2679,19.26859],[-155.26771,19.26875],[-155.26703,19.26888],[-155.26677,19.26882],[-155.2667,19.26869],[-155.26614,19.26877],[-155.26619,19.26899],[-155.26603,19.2691],[-155.26598,19.26947],[-155.26566,19.26949],[-155.26553,19.26982],[-155.2653,19.26982],[-155.26498,19.26967],[-155.26459,19.26987],[-155.26439,19.26989],[-155.26407,19.27009],[-155.2637,19.27064],[-155.26306,19.27099],[-155.26253,19.2712],[-155.26229,19.27125],[-155.26174,19.27125],[-155.2613,19.27134],[-155.26046,19.27116],[-155.26045,19.2709],[-155.26014,19.27053],[-155.25971,19.27043],[-155.25948,19.27018],[-155.25929,19.26951],[-155.25913,19.26937],[-155.25885,19.26934],[-155.25846,19.26918],[-155.25798,19.26931],[-155.25766,19.26925],[-155.2572,19.26933],[-155.25712,19.26941],[-155.25626,19.26972],[-155.25596,19.26994],[-155.2559,19.27019],[-155.25577,19.27033],[-155.25534,19.27057],[-155.25482,19.27022],[-155.25436,19.27011],[-155.25359,19.26959],[-155.25308,19.26957],[-155.25236,19.2694],[-155.25175,19.26891],[-155.25149,19.2688],[-155.25065,19.26834],[-155.25031,19.26805],[-155.24962,19.26777],[-155.24934,19.26793],[-155.2491,19.26785],[-155.24881,19.26789],[-155.24863,19.26779],[-155.24836,19.26783],[-155.24792,19.26776],[-155.24761,19.26781],[-155.24727,19.26772],[-155.24688,19.26795],[-155.24644,19.26793],[-155.24606,19.26816],[-155.24536,19.26815],[-155.24506,19.26818],[-155.24447,19.26849],[-155.24431,19.26843],[-155.24361,19.26861],[-155.24263,19.26876],[-155.2422,19.26862],[-155.24135,19.26823],[-155.2412,19.26793],[-155.24095,19.26775],[-155.24025,19.26752],[-155.23991,19.26728],[-155.23936,19.26709],[-155.23908,19.26694],[-155.23827,19.26689],[-155.23783,19.26698],[-155.23712,19.26677],[-155.23678,19.26677],[-155.23591,19.26653],[-155.23511,19.26649],[-155.23481,19.26655],[-155.23449,19.26645],[-155.23412,19.26646],[-155.23397,19.2663],[-155.2342,19.26607],[-155.2342,19.26584],[-155.23442,19.26555],[-155.23441,19.26536],[-155.23414,19.26527],[-155.23376,19.26497],[-155.23334,19.26499],[-155.23316,19.26522],[-155.23288,19.26519],[-155.23313,19.26432],[-155.23314,19.2641],[-155.23298,19.26388],[-155.23295,19.26362],[-155.23319,19.26336],[-155.23323,19.26322],[-155.2331,19.26272],[-155.233,19.2626],[-155.23271,19.2627],[-155.23243,19.26258],[-155.23234,19.2628],[-155.23218,19.26287],[-155.23176,19.26283],[-155.23132,19.26267],[-155.23073,19.26257],[-155.23023,19.26222],[-155.22967,19.26206],[-155.22934,19.26209],[-155.22898,19.26193],[-155.22848,19.26205],[-155.22834,19.26188],[-155.22795,19.26168],[-155.2276,19.26144],[-155.22721,19.26133],[-155.22684,19.26101],[-155.22611,19.26071],[-155.22577,19.26047],[-155.22547,19.26036],[-155.2253,19.26053],[-155.22472,19.26025],[-155.22437,19.26016],[-155.22381,19.26021],[-155.22347,19.26051],[-155.22319,19.26057],[-155.22295,19.26094],[-155.22243,19.2609],[-155.22206,19.26071],[-155.22174,19.26072],[-155.22084,19.26047],[-155.22053,19.26033],[-155.21983,19.26016],[-155.21961,19.25971],[-155.21943,19.25961],[-155.2193,19.25925],[-155.21902,19.25916],[-155.21837,19.25917],[-155.21756,19.25937],[-155.21712,19.25952],[-155.21669,19.25972],[-155.21626,19.25967],[-155.21598,19.25956],[-155.21568,19.25932],[-155.21544,19.2593],[-155.2154,19.25907],[-155.21524,19.25875],[-155.21507,19.25859],[-155.2148,19.25849],[-155.21454,19.2585],[-155.21415,19.25835],[-155.21364,19.25838],[-155.21311,19.2585],[-155.21259,19.25844],[-155.21222,19.2583],[-155.21191,19.25796],[-155.21156,19.25812],[-155.21148,19.25793],[-155.21114,19.25783],[-155.21092,19.25767],[-155.21068,19.25762],[-155.21055,19.25741],[-155.2103,19.25723],[-155.20982,19.25727],[-155.20938,19.25711],[-155.20908,19.25711],[-155.20899,19.25696],[-155.20842,19.25672],[-155.20827,19.25658],[-155.20776,19.25646],[-155.20714,19.25642],[-155.20684,19.25646],[-155.20665,19.25626],[-155.20646,19.25642],[-155.2065,19.25665],[-155.20618,19.25666],[-155.20608,19.257],[-155.20594,19.25707],[-155.20582,19.25729],[-155.20543,19.25737],[-155.20527,19.25749],[-155.20451,19.25778],[-155.2039,19.25781],[-155.2036,19.25791],[-155.20331,19.25787],[-155.2029,19.25798],[-155.20186,19.25791],[-155.20161,19.25784],[-155.2012,19.25786],[-155.2008,19.25778],[-155.20066,19.25766],[-155.20039,19.25759],[-155.20009,19.25759],[-155.19996,19.25771],[-155.19956,19.25784],[-155.19901,19.25764],[-155.19884,19.25775],[-155.19836,19.25776],[-155.19826,19.25792],[-155.19795,19.25807],[-155.19755,19.25817],[-155.19749,19.25831],[-155.19695,19.25847],[-155.19648,19.25834],[-155.19618,19.25834],[-155.19596,19.25819],[-155.19519,19.25818],[-155.19474,19.25825],[-155.19461,19.25845],[-155.19429,19.25842],[-155.19374,19.25819],[-155.1935,19.25789],[-155.19357,19.25762],[-155.19328,19.25713],[-155.19306,19.25684],[-155.19303,19.25631],[-155.19272,19.25591],[-155.19193,19.25612],[-155.19163,19.25633],[-155.19133,19.2567],[-155.19124,19.25707],[-155.19105,19.25755],[-155.1907,19.25786],[-155.19045,19.25792],[-155.1903,19.25808],[-155.1899,19.25985],[-155.18949,19.26027],[-155.18923,19.26063],[-155.189,19.26104],[-155.18818,19.26137],[-155.188,19.26167],[-155.18768,19.26175],[-155.1874,19.26204],[-155.18712,19.26206],[-155.18699,19.26217],[-155.1865,19.26217],[-155.18622,19.26246],[-155.18575,19.26256],[-155.18553,19.26273],[-155.18491,19.26294],[-155.18472,19.26308],[-155.18472,19.26326],[-155.18445,19.26336],[-155.18426,19.26333],[-155.18387,19.26348],[-155.18368,19.26343],[-155.18323,19.26345],[-155.18258,19.26354],[-155.18233,19.26339],[-155.18183,19.26345],[-155.18141,19.26356],[-155.18103,19.26357],[-155.18055,19.26391],[-155.18034,19.2639],[-155.18005,19.26401],[-155.17957,19.26406],[-155.17899,19.26397],[-155.17876,19.26405],[-155.17794,19.26407],[-155.17753,19.26392],[-155.17728,19.26409],[-155.1765,19.26426],[-155.17619,19.26439],[-155.17601,19.26431],[-155.17569,19.26434],[-155.17561,19.26421],[-155.17487,19.26408],[-155.17442,19.26413],[-155.17423,19.2642],[-155.17395,19.26445],[-155.17358,19.26452],[-155.17334,19.26448],[-155.17254,19.26469],[-155.1723,19.26482],[-155.1722,19.2651],[-155.17168,19.26539],[-155.17069,19.26558],[-155.17052,19.26568],[-155.17034,19.26602],[-155.1697,19.26608],[-155.16932,19.266],[-155.16875,19.26614],[-155.16866,19.26599],[-155.16827,19.26584],[-155.16812,19.26587],[-155.16784,19.26576],[-155.16763,19.26581],[-155.16714,19.26579],[-155.16679,19.26563],[-155.16635,19.26573],[-155.16611,19.26568],[-155.16596,19.26551],[-155.1656,19.26545],[-155.1652,19.26522],[-155.16477,19.26531],[-155.16434,19.26521],[-155.16415,19.26501],[-155.16304,19.26498],[-155.16278,19.26501],[-155.16225,19.26527],[-155.16208,19.26543],[-155.16177,19.26522],[-155.16129,19.26515],[-155.16115,19.26526],[-155.16061,19.26546],[-155.16034,19.26573],[-155.15971,19.26574],[-155.15953,19.26571],[-155.15899,19.26585],[-155.1584,19.2659],[-155.15811,19.26568],[-155.15748,19.26536],[-155.1571,19.26527],[-155.15657,19.26548],[-155.15624,19.26546],[-155.15615,19.26558],[-155.15594,19.26559],[-155.1554,19.26588],[-155.15515,19.26591],[-155.1546,19.26615],[-155.15431,19.26621],[-155.15415,19.26646],[-155.15349,19.26674],[-155.1532,19.26673],[-155.1528,19.26684],[-155.15259,19.26682],[-155.15235,19.26703],[-155.15172,19.26732],[-155.15154,19.26732],[-155.15114,19.26747],[-155.15074,19.26771],[-155.15067,19.26783],[-155.1504,19.26791],[-155.14998,19.26837],[-155.14973,19.26851],[-155.14964,19.26879],[-155.1489,19.26954],[-155.1485,19.26977],[-155.1477,19.26984],[-155.14741,19.26994],[-155.14724,19.26991],[-155.14681,19.26999],[-155.14675,19.2701],[-155.14641,19.27025],[-155.14614,19.27027],[-155.14569,19.27063],[-155.14541,19.27076],[-155.14519,19.27096],[-155.14487,19.27155],[-155.14461,19.27168],[-155.14451,19.2719],[-155.14436,19.27199],[-155.14423,19.27235],[-155.14401,19.27268],[-155.14366,19.27281],[-155.1434,19.27281],[-155.14293,19.27295],[-155.14276,19.27314],[-155.14238,19.27332],[-155.14216,19.2733],[-155.1419,19.27343],[-155.14171,19.27367],[-155.14142,19.27377],[-155.14121,19.27394],[-155.14084,19.27407],[-155.14066,19.27407],[-155.1404,19.27421],[-155.14001,19.27424],[-155.13974,19.27414],[-155.13935,19.27421],[-155.13912,19.2741],[-155.13896,19.27421],[-155.13885,19.27403],[-155.13837,19.27407],[-155.13772,19.27401],[-155.13737,19.27389],[-155.13689,19.27393],[-155.13652,19.27386],[-155.13627,19.27364],[-155.1359,19.27358],[-155.13579,19.27346],[-155.13539,19.27339],[-155.13534,19.27326],[-155.13489,19.27316],[-155.13468,19.27329],[-155.13419,19.27333],[-155.13392,19.27319],[-155.13323,19.27322],[-155.1326,19.27333],[-155.13214,19.27322],[-155.13189,19.27325],[-155.13117,19.27319],[-155.13074,19.27336],[-155.12984,19.27399],[-155.12951,19.2741],[-155.12918,19.27432],[-155.12887,19.27479],[-155.12869,19.27488],[-155.12812,19.275],[-155.12782,19.27501],[-155.12773,19.27523],[-155.12754,19.27513],[-155.12724,19.27517],[-155.12718,19.27539],[-155.12668,19.27561],[-155.12638,19.27584],[-155.12617,19.27586],[-155.126,19.27574],[-155.12588,19.27606],[-155.12554,19.27611],[-155.12525,19.27635],[-155.12455,19.27663],[-155.12436,19.27662],[-155.12416,19.27684],[-155.12416,19.27703],[-155.12364,19.27718],[-155.12318,19.27719],[-155.12276,19.27744],[-155.12262,19.27783],[-155.12245,19.27789],[-155.12213,19.27814],[-155.12183,19.27846],[-155.12161,19.27843],[-155.12147,19.27858],[-155.1211,19.27868],[-155.12097,19.27901],[-155.12054,19.27938],[-155.12021,19.27939],[-155.12001,19.27955],[-155.11957,19.27973],[-155.11955,19.28],[-155.11932,19.28011],[-155.11897,19.28004],[-155.11862,19.28042],[-155.11835,19.28048],[-155.11835,19.28064],[-155.11816,19.28095],[-155.11784,19.28123],[-155.1173,19.28122],[-155.11709,19.2816],[-155.11664,19.28197],[-155.11616,19.28206],[-155.1157,19.28253],[-155.11554,19.28276],[-155.11545,19.28307],[-155.11492,19.2838],[-155.11412,19.28441],[-155.114,19.28471],[-155.11348,19.28505],[-155.11339,19.28526],[-155.11291,19.28559],[-155.11269,19.28563],[-155.1123,19.28591],[-155.11193,19.28608],[-155.11159,19.28631],[-155.11097,19.28685],[-155.1106,19.28705],[-155.11036,19.28731],[-155.10952,19.28747],[-155.10918,19.28772],[-155.10893,19.28774],[-155.10856,19.28792],[-155.10825,19.28828],[-155.10781,19.28853],[-155.10757,19.28875],[-155.10712,19.28893],[-155.10699,19.28907],[-155.10642,19.28945],[-155.10582,19.2898],[-155.10554,19.29002],[-155.10498,19.29036],[-155.10471,19.29081],[-155.10448,19.29092],[-155.10411,19.29127],[-155.10377,19.29138],[-155.10355,19.29164],[-155.10295,19.29196],[-155.10177,19.29252],[-155.10158,19.29272],[-155.10141,19.29307],[-155.10117,19.29322],[-155.10086,19.29332],[-155.1006,19.29328],[-155.10008,19.29361],[-155.09947,19.29377],[-155.09897,19.29409],[-155.09885,19.29426],[-155.09863,19.29435],[-155.09834,19.29435],[-155.09763,19.29477],[-155.09738,19.29509],[-155.09738,19.29521],[-155.09686,19.29541],[-155.09668,19.29537],[-155.09587,19.29564],[-155.09477,19.29596],[-155.09412,19.29599],[-155.09395,19.29613],[-155.0934,19.29619],[-155.09303,19.29615],[-155.09279,19.29642],[-155.09242,19.29652],[-155.09177,19.29659],[-155.09166,19.29669],[-155.09135,19.29676],[-155.09116,19.29697],[-155.09094,19.29731],[-155.09076,19.29729],[-155.09051,19.2975],[-155.09022,19.29752],[-155.09012,19.29763],[-155.08948,19.29753],[-155.08894,19.29765],[-155.08853,19.29761],[-155.08818,19.29772],[-155.08789,19.29791],[-155.08774,19.29812],[-155.08759,19.29854],[-155.08723,19.29871],[-155.0867,19.29912],[-155.0865,19.29923],[-155.08632,19.29963],[-155.08615,19.2996],[-155.08603,19.29978],[-155.08565,19.29994],[-155.08556,19.30024],[-155.08502,19.30034],[-155.08501,19.30053],[-155.08484,19.30071],[-155.08447,19.3009],[-155.08425,19.30122],[-155.08397,19.30121],[-155.08365,19.30128],[-155.08338,19.30154],[-155.08341,19.30171],[-155.08317,19.30195],[-155.0829,19.30209],[-155.08281,19.30229],[-155.08234,19.30257],[-155.08182,19.30335],[-155.08159,19.30343],[-155.08152,19.3037],[-155.08131,19.30393],[-155.08085,19.30424],[-155.08077,19.30469],[-155.08058,19.30494],[-155.08023,19.30508],[-155.0802,19.30526],[-155.07997,19.30556],[-155.07969,19.30563],[-155.07957,19.30596],[-155.07937,19.30614],[-155.07913,19.30623],[-155.07891,19.30622],[-155.0786,19.30645],[-155.07836,19.30655],[-155.07822,19.30671],[-155.07776,19.30672],[-155.07707,19.30694],[-155.07692,19.30716],[-155.07651,19.30725],[-155.07619,19.30741],[-155.07604,19.30758],[-155.07573,19.30771],[-155.07446,19.30863],[-155.07437,19.30877],[-155.07411,19.30884],[-155.07387,19.30909],[-155.07384,19.30923],[-155.07321,19.30974],[-155.07295,19.31015],[-155.07275,19.31019],[-155.07274,19.31041],[-155.07217,19.31113],[-155.07155,19.31156],[-155.071,19.31172],[-155.07048,19.31174],[-155.06985,19.31165],[-155.0688,19.31122],[-155.06779,19.31121],[-155.06735,19.31111],[-155.06685,19.31083],[-155.06636,19.31083],[-155.06594,19.31087],[-155.06478,19.31086],[-155.06412,19.31102],[-155.0635,19.31111],[-155.06298,19.31125],[-155.06262,19.31168],[-155.06215,19.31198],[-155.06186,19.31208],[-155.06064,19.31203],[-155.06007,19.3122],[-155.05869,19.31216],[-155.05845,19.31231],[-155.05758,19.31248],[-155.05726,19.31269],[-155.05702,19.31278],[-155.05641,19.31282],[-155.05571,19.31276],[-155.05544,19.31263],[-155.05505,19.31259],[-155.05483,19.3127],[-155.05451,19.31268],[-155.05406,19.31273],[-155.0539,19.31306],[-155.05326,19.31313],[-155.05314,19.3132],[-155.05232,19.31328],[-155.05197,19.31339],[-155.05166,19.31334],[-155.05101,19.31356],[-155.05028,19.31396],[-155.04964,19.31396],[-155.04954,19.31407],[-155.04859,19.31427],[-155.04831,19.31445],[-155.0477,19.31515],[-155.04742,19.31564],[-155.04683,19.31623],[-155.04666,19.31634],[-155.0463,19.31642],[-155.04588,19.31662],[-155.04521,19.31724],[-155.04471,19.31782],[-155.04452,19.3181],[-155.04341,19.31885],[-155.04315,19.31907],[-155.04289,19.31916],[-155.04239,19.31962],[-155.04197,19.31988],[-155.04138,19.32011],[-155.04109,19.32027],[-155.04042,19.32054],[-155.04013,19.32058],[-155.04006,19.32073],[-155.03982,19.32086],[-155.03936,19.32082],[-155.03898,19.32091],[-155.03861,19.3211],[-155.03786,19.32139],[-155.03697,19.32157],[-155.03604,19.32167],[-155.03558,19.32183],[-155.03511,19.32183],[-155.03386,19.32196],[-155.03341,19.32219],[-155.0324,19.32246],[-155.03165,19.32295],[-155.03148,19.32309],[-155.03065,19.3232],[-155.02925,19.32379],[-155.02856,19.32392],[-155.02713,19.32402],[-155.02698,19.32408],[-155.02656,19.3244],[-155.0254,19.32468],[-155.02502,19.32471],[-155.02449,19.32492],[-155.02377,19.32548],[-155.02368,19.32563],[-155.02297,19.32603],[-155.02273,19.32626],[-155.02229,19.32652],[-155.02156,19.32688],[-155.02071,19.3272],[-155.01992,19.32731],[-155.01894,19.32754],[-155.01819,19.32764],[-155.01733,19.32782],[-155.01691,19.32798],[-155.01619,19.32839],[-155.01589,19.32873],[-155.01543,19.32916],[-155.01521,19.32926],[-155.01464,19.32981],[-155.01421,19.33058],[-155.01348,19.33129],[-155.01302,19.33157],[-155.01239,19.33205],[-155.01177,19.33243],[-155.01128,19.33269],[-155.0109,19.33283],[-155.01025,19.33297],[-155.00909,19.33286],[-155.00852,19.33286],[-155.00778,19.33279],[-155.00736,19.3328],[-155.00716,19.33287],[-155.00657,19.33289],[-155.00577,19.33288],[-155.00459,19.33333],[-155.00424,19.33362],[-155.00346,19.33411],[-155.00305,19.3343],[-155.00264,19.33472],[-155.00225,19.33488],[-155.00189,19.33517],[-155.00159,19.33531],[-155.00079,19.33578],[-155.0007,19.33597],[-155.00046,19.33614],[-155.0,19.33655],[-154.99963,19.33671],[-154.99887,19.33674],[-154.99816,19.33696],[-154.99756,19.33698],[-154.997,19.33712],[-154.99635,19.33717],[-154.99598,19.33737],[-154.99562,19.33782],[-154.99501,19.33843],[-154.99476,19.33855],[-154.99452,19.33892],[-154.99408,19.3393],[-154.99382,19.33945],[-154.9938,19.33966],[-154.99359,19.33974],[-154.99334,19.33971],[-154.99329,19.34005],[-154.99316,19.34015],[-154.9929,19.34013],[-154.99272,19.33982],[-154.99252,19.33981],[-154.99239,19.34013],[-154.9922,19.34022],[-154.99187,19.33998],[-154.99153,19.34012],[-154.99135,19.34027],[-154.99107,19.34029],[-154.99077,19.34045],[-154.99029,19.34052],[-154.98988,19.34065],[-154.98942,19.34094],[-154.98912,19.34121],[-154.98879,19.34128],[-154.98843,19.34151],[-154.98781,19.34168],[-154.9876,19.34186],[-154.98743,19.34212],[-154.98697,19.34237],[-154.98686,19.34258],[-154.98627,19.343],[-154.98578,19.34351],[-154.9854,19.34378],[-154.98517,19.34375],[-154.98473,19.34395],[-154.98462,19.34409],[-154.98444,19.34398],[-154.98437,19.34424],[-154.98413,19.34432],[-154.98391,19.34428],[-154.98357,19.34443],[-154.98315,19.34447],[-154.98245,19.34459],[-154.98224,19.34459],[-154.98129,19.34495],[-154.9809,19.34505],[-154.98078,19.34521],[-154.98033,19.34557],[-154.97983,19.3456],[-154.97954,19.34577],[-154.97902,19.34584],[-154.97815,19.3462],[-154.97775,19.34654],[-154.97743,19.34688],[-154.9769,19.3471],[-154.9767,19.34729],[-154.97641,19.34745],[-154.97618,19.34776],[-154.97542,19.34806],[-154.97513,19.34823],[-154.97444,19.34857],[-154.97356,19.34895],[-154.97305,19.34925],[-154.97273,19.34939],[-154.97251,19.3494],[-154.97207,19.34971],[-154.97133,19.35057],[-154.97097,19.35092],[-154.97078,19.35139],[-154.97048,19.35195],[-154.97024,19.35224],[-154.9698,19.35288],[-154.96928,19.35443],[-154.9691,19.3549],[-154.96867,19.3553],[-154.96837,19.35565],[-154.96802,19.35624],[-154.96733,19.35698],[-154.96636,19.3577],[-154.96549,19.35839],[-154.96523,19.35853],[-154.96429,19.35927],[-154.96381,19.35957],[-154.96317,19.35987],[-154.96262,19.36028],[-154.96244,19.3606],[-154.96225,19.36068],[-154.96212,19.36096],[-154.96138,19.3616],[-154.96114,19.3623],[-154.96075,19.36286],[-154.96006,19.36362],[-154.95993,19.36373],[-154.95991,19.36394],[-154.95973,19.36411],[-154.95954,19.36447],[-154.95948,19.36477],[-154.95923,19.36513],[-154.95883,19.36532],[-154.95842,19.3654],[-154.95813,19.36554],[-154.95788,19.36579],[-154.95744,19.3659],[-154.9573,19.36582],[-154.95706,19.36584],[-154.95679,19.3665],[-154.9563,19.36708],[-154.95609,19.36711],[-154.95614,19.36736],[-154.95596,19.36757],[-154.95569,19.36758],[-154.95564,19.36781],[-154.95538,19.36795],[-154.95509,19.36818],[-154.9548,19.3685],[-154.95437,19.3688],[-154.95379,19.36898],[-154.95338,19.36904],[-154.95296,19.36924],[-154.95247,19.36971],[-154.95218,19.36992],[-154.95173,19.37014],[-154.95157,19.3704],[-154.95137,19.37052],[-154.95114,19.37079],[-154.95067,19.37114],[-154.95033,19.37152],[-154.95003,19.37165],[-154.94971,19.37189],[-154.94921,19.37235],[-154.94907,19.37253],[-154.94867,19.37281],[-154.94859,19.373],[-154.9483,19.37333],[-154.9481,19.37344],[-154.94791,19.37374],[-154.94769,19.37388],[-154.94716,19.37402],[-154.94662,19.37446],[-154.9458,19.37503],[-154.94534,19.37513],[-154.9452,19.37533],[-154.94438,19.37623],[-154.94413,19.37635],[-154.94386,19.37656],[-154.94318,19.37696],[-154.9429,19.37701],[-154.94287,19.37715],[-154.94252,19.37763],[-154.94249,19.37781],[-154.94226,19.37813],[-154.94157,19.37851],[-154.94148,19.37871],[-154.94107,19.37893],[-154.94098,19.37915],[-154.9407,19.37928],[-154.94063,19.37944],[-154.94014,19.37987],[-154.93984,19.37993],[-154.93984,19.38017],[-154.93947,19.3806],[-154.93893,19.3807],[-154.93881,19.38098],[-154.93778,19.38153],[-154.93759,19.38168],[-154.9371,19.38182],[-154.9368,19.38208],[-154.93655,19.38222],[-154.93626,19.38249],[-154.93613,19.38252],[-154.9359,19.38278],[-154.93568,19.38285],[-154.93533,19.38315],[-154.93493,19.38334],[-154.93469,19.38334],[-154.93442,19.3835],[-154.93385,19.3844],[-154.93394,19.38472],[-154.93381,19.38483],[-154.93382,19.38516],[-154.93358,19.3855],[-154.93361,19.3856],[-154.9332,19.38607],[-154.93292,19.38647],[-154.9328,19.3868],[-154.93282,19.38694],[-154.93268,19.38735],[-154.93225,19.38756],[-154.93195,19.38806],[-154.93196,19.38842],[-154.93182,19.38878],[-154.93156,19.38918],[-154.93155,19.38974],[-154.93149,19.38991],[-154.93124,19.39],[-154.93103,19.39056],[-154.93065,19.39092],[-154.93057,19.39112],[-154.93073,19.3913],[-154.93074,19.39172],[-154.93062,19.3918],[-154.93054,19.39221],[-154.9304,19.39263],[-154.93015,19.39291],[-154.9301,19.3932],[-154.9296,19.39389],[-154.92896,19.39443],[-154.92892,19.39458],[-154.92859,19.39484],[-154.92775,19.39516],[-154.92723,19.39517],[-154.92691,19.39502],[-154.92698,19.39479],[-154.92679,19.39457],[-154.92656,19.39465],[-154.92608,19.39457],[-154.92609,19.3947],[-154.92534,19.39508],[-154.92502,19.39486],[-154.92461,19.39491],[-154.92455,19.39506],[-154.92423,19.39522],[-154.92392,19.39548],[-154.92365,19.39545],[-154.92348,19.3957],[-154.92331,19.39581],[-154.92303,19.39578],[-154.92302,19.39602],[-154.92242,19.39642],[-154.92198,19.39659],[-154.92188,19.39677],[-154.9216,19.3969],[-154.92159,19.39715],[-154.9214,19.3973],[-154.92023,19.39789],[-154.91992,19.39779],[-154.91957,19.39786],[-154.91937,19.39783],[-154.91876,19.39849],[-154.91863,19.39835],[-154.91838,19.39845],[-154.91818,19.39868],[-154.91788,19.39884],[-154.91747,19.39915],[-154.9175,19.39955],[-154.91731,19.39985],[-154.91681,19.40034],[-154.91664,19.40062],[-154.91624,19.40079],[-154.91606,19.40102],[-154.91578,19.40112],[-154.91536,19.40157],[-154.91525,19.40193],[-154.91468,19.40232],[-154.91446,19.40254],[-154.91426,19.40285],[-154.91382,19.40314],[-154.91374,19.40329],[-154.91328,19.40359],[-154.91277,19.40378],[-154.9124,19.40385],[-154.91217,19.40402],[-154.91213,19.40426],[-154.91176,19.40452],[-154.91162,19.40454],[-154.91112,19.40479],[-154.91098,19.40493],[-154.91054,19.40515],[-154.91032,19.40535],[-154.91007,19.40537],[-154.91,19.40553],[-154.90944,19.40572],[-154.90912,19.40574],[-154.90907,19.40604],[-154.90833,19.40639],[-154.9083,19.40662],[-154.90729,19.40729],[-154.90659,19.40741],[-154.90599,19.4076],[-154.90576,19.4076],[-154.9053,19.40779],[-154.90497,19.40817],[-154.90448,19.40833],[-154.90448,19.40858],[-154.90433,19.40875],[-154.90404,19.40885],[-154.90382,19.40907],[-154.90326,19.40919],[-154.90317,19.4091],[-154.90273,19.40903],[-154.90228,19.40908],[-154.90198,19.40924],[-154.90188,19.40919],[-154.90163,19.40941],[-154.9012,19.40949],[-154.90095,19.40969],[-154.90068,19.40978],[-154.90056,19.40998],[-154.90036,19.41002],[-154.90028,19.41021],[-154.89998,19.41025],[-154.89986,19.41003],[-154.89953,19.41002],[-154.89919,19.41013],[-154.89903,19.41032],[-154.89905,19.41051],[-154.89875,19.41061],[-154.89855,19.4109],[-154.89813,19.41106],[-154.89783,19.41127],[-154.89734,19.41124],[-154.89736,19.41142],[-154.89705,19.41153],[-154.89645,19.41205],[-154.89618,19.41219],[-154.89653,19.41244],[-154.89641,19.41265],[-154.89617,19.41277],[-154.89581,19.41315],[-154.89514,19.41332],[-154.89484,19.41319],[-154.89407,19.41353],[-154.89389,19.41353],[-154.8936,19.4137],[-154.89319,19.41382],[-154.89319,19.41401],[-154.89294,19.41404],[-154.89267,19.41427],[-154.89239,19.41416],[-154.89214,19.41415],[-154.89197,19.41403],[-154.89166,19.41429],[-154.89136,19.41404],[-154.89133,19.4143],[-154.89108,19.4144],[-154.89107,19.41463],[-154.89069,19.41468],[-154.89061,19.41489],[-154.89027,19.41476],[-154.89015,19.41508],[-154.89,19.41498],[-154.88986,19.41517],[-154.8895,19.41528],[-154.88936,19.41556],[-154.88919,19.41557],[-154.88895,19.4159],[-154.88858,19.41576],[-154.88819,19.41623],[-154.88832,19.41638],[-154.88864,19.41641],[-154.88867,19.41678],[-154.88839,19.41687],[-154.88826,19.41681],[-154.88788,19.41733],[-154.88759,19.41741],[-154.88782,19.41759],[-154.88745,19.41773],[-154.88766,19.41796],[-154.88754,19.4181],[-154.88716,19.41784],[-154.8871,19.41803],[-154.88719,19.4182],[-154.88701,19.41832],[-154.88698,19.41864],[-154.88672,19.41893],[-154.88688,19.41911],[-154.88676,19.41957],[-154.88651,19.4196],[-154.88675,19.4199],[-154.88628,19.42013],[-154.88634,19.42073],[-154.88628,19.42102],[-154.88627,19.4214],[-154.88651,19.42178],[-154.88647,19.42195],[-154.88629,19.42202],[-154.88607,19.42248],[-154.8859,19.42258],[-154.88547,19.42317],[-154.88532,19.42333],[-154.885,19.42343],[-154.88475,19.42337],[-154.88442,19.42368],[-154.88353,19.42414],[-154.88321,19.4244],[-154.88294,19.42481],[-154.88275,19.42471],[-154.8824,19.42493],[-154.88194,19.42493],[-154.8815,19.42499],[-154.88122,19.42493],[-154.88121,19.42511],[-154.88089,19.42524],[-154.88068,19.42512],[-154.8803,19.42509],[-154.88002,19.42526],[-154.87993,19.42555],[-154.87982,19.42561],[-154.87935,19.42559],[-154.8792,19.42547],[-154.8786,19.42539],[-154.87851,19.42572],[-154.87826,19.42593],[-154.87834,19.42612],[-154.87825,19.42632],[-154.87765,19.42662],[-154.8776,19.42682],[-154.87736,19.42702],[-154.8775,19.42721],[-154.87736,19.42766],[-154.87752,19.42782],[-154.87743,19.42819],[-154.87727,19.42832],[-154.87685,19.42826],[-154.87651,19.4292],[-154.8763,19.42937],[-154.87636,19.4297],[-154.87625,19.4302],[-154.876,19.43051],[-154.87585,19.4306],[-154.87532,19.43115],[-154.87519,19.43123],[-154.87488,19.43123],[-154.8748,19.43136],[-154.87445,19.43141],[-154.87427,19.43155],[-154.87387,19.43164],[-154.87361,19.43188],[-154.87357,19.43209],[-154.87367,19.43231],[-154.87336,19.4325],[-154.87308,19.43252],[-154.87291,19.43241],[-154.87265,19.43243],[-154.87246,19.43226],[-154.87228,19.43253],[-154.87192,19.43257],[-154.87169,19.43293],[-154.87131,19.43302],[-154.87102,19.43279],[-154.87085,19.43253],[-154.87065,19.43278],[-154.87069,19.43302],[-154.87025,19.43301],[-154.87015,19.43313],[-154.86977,19.43318],[-154.86962,19.43346],[-154.86929,19.43357],[-154.86902,19.43378],[-154.86896,19.43394],[-154.86822,19.43415],[-154.86771,19.43451],[-154.86717,19.43475],[-154.86627,19.43506],[-154.86606,19.43518],[-154.86577,19.43523],[-154.8656,19.43541],[-154.86545,19.43576],[-154.86521,19.4359],[-154.86513,19.43605],[-154.86484,19.43624],[-154.8646,19.43632],[-154.86439,19.43673],[-154.86434,19.43703],[-154.86403,19.43729],[-154.864,19.43757],[-154.86373,19.43769],[-154.8636,19.43803],[-154.86311,19.43825],[-154.8631,19.43866],[-154.86281,19.43867],[-154.8627,19.4388],[-154.86246,19.43877],[-154.86245,19.43906],[-154.86235,19.43913],[-154.86188,19.43913],[-154.86191,19.43933],[-154.86148,19.43969],[-154.8608,19.44001],[-154.86055,19.44003],[-154.86046,19.44017],[-154.8601,19.44028],[-154.85998,19.44044],[-154.85944,19.44067],[-154.85904,19.44107],[-154.85893,19.4413],[-154.8585,19.44167],[-154.85846,19.44183],[-154.85811,19.44206],[-154.85785,19.4421],[-154.85779,19.44229],[-154.85733,19.4426],[-154.8568,19.4433],[-154.8566,19.44344],[-154.85628,19.44356],[-154.85582,19.44391],[-154.85577,19.44402],[-154.85532,19.44459],[-154.85521,19.44466],[-154.85506,19.44501],[-154.85488,19.44517],[-154.85483,19.44541],[-154.85459,19.44554],[-154.85438,19.44556],[-154.85405,19.44572],[-154.85372,19.44606],[-154.85358,19.44633],[-154.85326,19.44643],[-154.853,19.44663],[-154.85287,19.44684],[-154.85249,19.44725],[-154.8521,19.4475],[-154.85142,19.44777],[-154.8511,19.448],[-154.85089,19.44825],[-154.85069,19.44828],[-154.85056,19.44844],[-154.85019,19.4486],[-154.84993,19.44892],[-154.84938,19.4491],[-154.84912,19.44942],[-154.84895,19.44952],[-154.84894,19.44975],[-154.84877,19.44992],[-154.84845,19.45012],[-154.84825,19.45011],[-154.84781,19.4505],[-154.84751,19.45144],[-154.84709,19.45165],[-154.8469,19.45195],[-154.8468,19.45256],[-154.84645,19.45306],[-154.84592,19.45354],[-154.8457,19.45383],[-154.84529,19.45416],[-154.84511,19.45461],[-154.84479,19.45473],[-154.84445,19.45462],[-154.84418,19.45471],[-154.84412,19.455],[-154.84377,19.45501],[-154.84378,19.45513],[-154.8441,19.45538],[-154.84418,19.45552],[-154.84426,19.45603],[-154.84422,19.45634],[-154.84404,19.45666],[-154.84363,19.457],[-154.84352,19.45716],[-154.84358,19.45739],[-154.84325,19.45779],[-154.84296,19.45773],[-154.84278,19.45784],[-154.84251,19.45763],[-154.84232,19.45734],[-154.8419,19.45715],[-154.84155,19.45728],[-154.84131,19.45755],[-154.8409,19.45771],[-154.84059,19.45792],[-154.84044,19.45821],[-154.84043,19.45853],[-154.84018,19.45874],[-154.83962,19.45896],[-154.83904,19.45897],[-154.83892,19.45902],[-154.83852,19.45947],[-154.83824,19.45959],[-154.83764,19.45973],[-154.83679,19.46043],[-154.83669,19.46049],[-154.83625,19.4605],[-154.83579,19.46083],[-154.83584,19.46139],[-154.8358,19.46186],[-154.83553,19.46222],[-154.83502,19.46252],[-154.83481,19.46273],[-154.83449,19.46335],[-154.83447,19.46382],[-154.83431,19.46385],[-154.83423,19.46403],[-154.83394,19.46425],[-154.83386,19.46463],[-154.8336,19.46493],[-154.83362,19.46514],[-154.8333,19.46539],[-154.83299,19.46603],[-154.83269,19.46648],[-154.83255,19.46678],[-154.83252,19.46708],[-154.83235,19.46719],[-154.83233,19.46766],[-154.83201,19.46821],[-154.8315,19.46848],[-154.83106,19.46849],[-154.83113,19.46914],[-154.83096,19.46941],[-154.83094,19.46962],[-154.83072,19.46986],[-154.83014,19.46997],[-154.82977,19.46989],[-154.82945,19.47006],[-154.82939,19.47021],[-154.8295,19.47042],[-154.82921,19.47065],[-154.829,19.47066],[-154.82866,19.47051],[-154.82837,19.4703],[-154.82811,19.47033],[-154.82782,19.47057],[-154.82738,19.47056],[-154.82732,19.47073],[-154.827,19.47097],[-154.82707,19.47107],[-154.82707,19.47138],[-154.82678,19.47141],[-154.82657,19.47161],[-154.82606,19.47174],[-154.82591,19.47211],[-154.82597,19.47229],[-154.82561,19.47266],[-154.825,19.47303],[-154.82495,19.47341],[-154.82474,19.47365],[-154.82449,19.47376],[-154.82419,19.47375],[-154.8241,19.47411],[-154.82373,19.47437],[-154.82326,19.47456],[-154.82324,19.4749],[-154.82297,19.47507],[-154.82257,19.47511],[-154.82233,19.47553],[-154.82232,19.4759],[-154.82223,19.47608],[-154.82188,19.47623],[-154.82173,19.47645],[-154.82178,19.47684],[-154.82158,19.477],[-154.82108,19.47711],[-154.82096,19.47743],[-154.821,19.47758],[-154.82075,19.47792],[-154.82059,19.47798],[-154.82057,19.47818],[-154.82039,19.4783],[-154.82035,19.47855],[-154.82047,19.47882],[-154.82027,19.47886],[-154.82033,19.47914],[-154.82018,19.47943],[-154.81993,19.47965],[-154.81978,19.48001],[-154.81989,19.48028],[-154.81963,19.48108],[-154.81941,19.48138],[-154.81952,19.48186],[-154.81938,19.48201],[-154.81932,19.48263],[-154.81938,19.48288],[-154.81923,19.48367],[-154.81915,19.48382],[-154.81934,19.48446],[-154.81923,19.48459],[-154.8192,19.48493],[-154.81929,19.485],[-154.81935,19.48608],[-154.81929,19.48632],[-154.81906,19.48665],[-154.81874,19.48659],[-154.81848,19.4868],[-154.81841,19.48707],[-154.81802,19.48732],[-154.81775,19.48766],[-154.81779,19.48786],[-154.81761,19.48803],[-154.81751,19.48846],[-154.81701,19.48905],[-154.81677,19.48927],[-154.81671,19.48948],[-154.81674,19.4901],[-154.81642,19.49074],[-154.81639,19.49101],[-154.81659,19.49143],[-154.81708,19.49156],[-154.81718,19.49178],[-154.81749,19.49199],[-154.81769,19.49255],[-154.81758,19.49287],[-154.81701,19.49337],[-154.81686,19.49356],[-154.81664,19.49406],[-154.81616,19.49448],[-154.81582,19.49463],[-154.81564,19.49481],[-154.81505,19.49521],[-154.815,19.49539],[-154.81517,19.4958],[-154.81534,19.49605],[-154.81535,19.49626],[-154.81555,19.49639],[-154.81596,19.49626],[-154.81609,19.49604],[-154.81633,19.49597],[-154.81668,19.49575],[-154.81728,19.49592],[-154.81734,19.49611],[-154.81761,19.49621],[-154.81795,19.49622],[-154.81779,19.49599],[-154.81786,19.4958],[-154.81836,19.49596],[-154.81845,19.49618],[-154.81864,19.49632],[-154.81862,19.49662],[-154.81883,19.49685],[-154.81927,19.49707],[-154.8193,19.49722],[-154.81953,19.49756],[-154.81956,19.49777],[-154.81926,19.49792],[-154.81922,19.49803],[-154.8193,19.49851],[-154.81961,19.49884],[-154.82025,19.49914],[-154.8203,19.49939],[-154.82042,19.49949],[-154.82076,19.49941],[-154.82083,19.49948],[-154.82039,19.4997],[-154.81988,19.49936],[-154.81963,19.49933],[-154.8194,19.49916],[-154.81903,19.49916],[-154.81905,19.49966],[-154.81866,19.49966],[-154.81857,19.49994],[-154.81869,19.5001],[-154.81864,19.50037],[-154.81828,19.5004],[-154.81778,19.5007],[-154.81781,19.501],[-154.81737,19.50115],[-154.81719,19.50149],[-154.81682,19.50156],[-154.81665,19.50153],[-154.81691,19.50204],[-154.81705,19.50195],[-154.8172,19.50212],[-154.81714,19.50236],[-154.81691,19.5022],[-154.81633,19.50162],[-154.81624,19.50129],[-154.81597,19.50141],[-154.81544,19.50127],[-154.81534,19.50111],[-154.81543,19.50081],[-154.81514,19.50085],[-154.81508,19.50059],[-154.81471,19.50047],[-154.81459,19.50056],[-154.81461,19.50083],[-154.8141,19.50146],[-154.81395,19.50155],[-154.81343,19.50167],[-154.81267,19.50176],[-154.81237,19.50203],[-154.81223,19.5025],[-154.81191,19.5028],[-154.81183,19.50298],[-154.81186,19.50333],[-154.81178,19.50347],[-154.81186,19.50366],[-154.81177,19.50434],[-154.81114,19.50762],[-154.81151,19.50827],[-154.81156,19.50873],[-154.81159,19.50966],[-154.81136,19.51013],[-154.81149,19.51025],[-154.81143,19.51075],[-154.8113,19.51134],[-154.81111,19.51165],[-154.811,19.51215],[-154.81078,19.51264],[-154.81059,19.51281],[-154.81003,19.51314],[-154.80958,19.51324],[-154.8089,19.51379],[-154.8087,19.51381],[-154.80832,19.5137],[-154.80808,19.51396],[-154.80777,19.51408],[-154.80774,19.51443],[-154.80735,19.51489],[-154.80724,19.51514],[-154.80706,19.51522],[-154.80693,19.51543],[-154.80672,19.51621],[-154.80681,19.51649],[-154.8068,19.51688],[-154.80672,19.51762],[-154.80662,19.51809],[-154.80688,19.51863],[-154.80701,19.51914],[-154.80695,19.5195],[-154.80681,19.51958],[-154.80681,19.51978],[-154.80745,19.52065],[-154.80785,19.52095],[-154.80847,19.52124],[-154.80908,19.52194],[-154.80917,19.52197],[-154.80947,19.52243],[-154.80965,19.5229],[-154.80994,19.52411],[-154.80992,19.52434],[-154.81003,19.52442],[-154.81033,19.52509],[-154.81028,19.52553],[-154.81064,19.52596],[-154.8107,19.52612],[-154.81123,19.52656],[-154.81135,19.52678],[-154.81169,19.52709],[-154.81189,19.52745],[-154.81217,19.52771],[-154.81245,19.52779],[-154.81254,19.52795],[-154.81331,19.52842],[-154.81362,19.52871],[-154.81385,19.52866],[-154.81411,19.5288],[-154.81412,19.529],[-154.81447,19.5291],[-154.81486,19.52932],[-154.81516,19.52934],[-154.81581,19.52958],[-154.81617,19.52975],[-154.81658,19.53013],[-154.81697,19.53063],[-154.8173,19.53084],[-154.81744,19.53108],[-154.81798,19.53151],[-154.81834,19.53165],[-154.81959,19.53195],[-154.8203,19.5322],[-154.82049,19.53232],[-154.82108,19.53279],[-154.82122,19.53277],[-154.8215,19.53298],[-154.82163,19.53316],[-154.82195,19.53337],[-154.82268,19.5339],[-154.82309,19.53403],[-154.82345,19.53424],[-154.82365,19.53443],[-154.82392,19.53448],[-154.82401,19.53469],[-154.82445,19.5348],[-154.82595,19.535],[-154.82689,19.53503],[-154.82747,19.53497],[-154.828,19.53488],[-154.82924,19.53493],[-154.82957,19.53498],[-154.82983,19.53489],[-154.83149,19.53509],[-154.83189,19.53517],[-154.83246,19.53506],[-154.8331,19.53514],[-154.83443,19.53544],[-154.83476,19.53562],[-154.83505,19.53569],[-154.83581,19.53612],[-154.83617,19.53619],[-154.83635,19.5364],[-154.83666,19.53662],[-154.83702,19.53682],[-154.83748,19.53727],[-154.83794,19.53753],[-154.83833,19.53795],[-154.83865,19.53861],[-154.83893,19.53888],[-154.83943,19.53892],[-154.83961,19.53908],[-154.83987,19.53915],[-154.84012,19.53931],[-154.84067,19.53979],[-154.84102,19.54004],[-154.84097,19.54017],[-154.84137,19.54025],[-154.8418,19.54039],[-154.84201,19.54064],[-154.8423,19.54067],[-154.84279,19.54081],[-154.84268,19.54099],[-154.84297,19.54113],[-154.84308,19.54146],[-154.84331,19.54145],[-154.84384,19.54187],[-154.84418,19.54193],[-154.84433,19.54207],[-154.84459,19.54196],[-154.84465,19.5421],[-154.84506,19.54216],[-154.84562,19.54204],[-154.84587,19.5422],[-154.84596,19.54208],[-154.84625,19.54222],[-154.84633,19.54238],[-154.84663,19.5423],[-154.84689,19.5423],[-154.84734,19.54255],[-154.84766,19.54295],[-154.84772,19.5431],[-154.84762,19.54342],[-154.84778,19.54349],[-154.84801,19.54378],[-154.84842,19.544],[-154.8488,19.5441],[-154.84883,19.54433],[-154.84876,19.54473],[-154.84909,19.54488],[-154.84905,19.54519],[-154.84918,19.54544],[-154.84935,19.54554],[-154.84971,19.54544],[-154.84996,19.54556],[-154.84999,19.54573],[-154.84984,19.54603],[-154.85005,19.5461],[-154.8501,19.54646],[-154.85077,19.54639],[-154.85109,19.54603],[-154.85156,19.54614],[-154.85164,19.54629],[-154.85185,19.54637],[-154.85193,19.54624],[-154.85185,19.54597],[-154.85207,19.54578],[-154.85228,19.54583],[-154.85233,19.54606],[-154.85269,19.54601],[-154.85271,19.54619],[-154.85292,19.5463],[-154.85306,19.5462],[-154.85336,19.5463],[-154.85338,19.54597],[-154.85382,19.54606],[-154.85402,19.54618],[-154.85426,19.54616],[-154.85437,19.54638],[-154.8546,19.54623],[-154.85512,19.54639],[-154.85535,19.54624],[-154.85548,19.54638],[-154.8557,19.54634],[-154.85603,19.5466],[-154.85619,19.54628],[-154.85635,19.54633],[-154.85655,19.54658],[-154.85648,19.54693],[-154.85674,19.54684],[-154.85694,19.54695],[-154.85721,19.54688],[-154.85765,19.54707],[-154.8577,19.54672],[-154.85789,19.54666],[-154.85832,19.54688],[-154.85892,19.54696],[-154.85916,19.54692],[-154.85927,19.54723],[-154.85947,19.54709],[-154.85961,19.54723],[-154.85971,19.54754],[-154.86003,19.54767],[-154.86015,19.54763],[-154.86046,19.54791],[-154.8607,19.54793],[-154.86095,19.54783],[-154.86116,19.54813],[-154.86133,19.54795],[-154.86165,19.5482],[-154.86194,19.54808],[-154.8622,19.54817],[-154.86252,19.54816],[-154.86341,19.54828],[-154.86351,19.54836],[-154.86421,19.54834],[-154.86453,19.5483],[-154.86466,19.54815],[-154.86513,19.54816],[-154.86545,19.54806],[-154.86587,19.54806],[-154.86611,19.54823],[-154.86709,19.54837],[-154.86723,19.54857],[-154.86755,19.54888],[-154.86794,19.54915],[-154.86809,19.54933],[-154.86827,19.54979],[-154.86855,19.55008],[-154.86876,19.55044],[-154.86908,19.55063],[-154.86943,19.5511],[-154.8698,19.55144],[-154.87004,19.5516],[-154.87042,19.55177],[-154.87076,19.55184],[-154.87099,19.55206],[-154.87126,19.5522],[-154.87143,19.55259],[-154.87169,19.55274],[-154.87204,19.55304],[-154.87214,19.55322],[-154.87222,19.55368],[-154.87253,19.55364],[-154.87268,19.55385],[-154.87301,19.55391],[-154.87325,19.55407],[-154.87341,19.554],[-154.87374,19.55407],[-154.87435,19.55453],[-154.87447,19.55456],[-154.87457,19.55484],[-154.8748,19.55494],[-154.87555,19.55511],[-154.87567,19.55533],[-154.87592,19.55523],[-154.87629,19.55524],[-154.87667,19.55548],[-154.87691,19.55547],[-154.87732,19.55559],[-154.87746,19.55547],[-154.87769,19.55545],[-154.87784,19.55561],[-154.87843,19.55545],[-154.87936,19.55558],[-154.87959,19.55585],[-154.87972,19.55589],[-154.88026,19.55578],[-154.88066,19.55559],[-154.88135,19.55569],[-154.88149,19.55575],[-154.88167,19.55602],[-154.88185,19.55603],[-154.88203,19.55618],[-154.88242,19.55618],[-154.88275,19.55638],[-154.88315,19.55647],[-154.88354,19.55672],[-154.88383,19.55718],[-154.884,19.55729],[-154.88441,19.55743],[-154.88472,19.5579],[-154.88492,19.55795],[-154.88516,19.55826],[-154.88533,19.55835],[-154.88551,19.55865],[-154.88585,19.55886],[-154.88621,19.55935],[-154.88667,19.55954],[-154.88687,19.55972],[-154.88735,19.55999],[-154.8874,19.56009],[-154.88748,19.56065],[-154.88765,19.56064],[-154.88764,19.56096],[-154.88791,19.56082],[-154.88815,19.56084],[-154.88857,19.5614],[-154.88858,19.56158],[-154.88892,19.56189],[-154.88905,19.56217],[-154.88982,19.56224],[-154.89003,19.56248],[-154.89049,19.56289],[-154.89119,19.563],[-154.89134,19.5633],[-154.89191,19.56365],[-154.89224,19.56372],[-154.89234,19.56395],[-154.89287,19.56418],[-154.8932,19.56438],[-154.89351,19.56469],[-154.89389,19.56487],[-154.89424,19.56511],[-154.89473,19.56531],[-154.89505,19.56558],[-154.89563,19.56582],[-154.89597,19.56603],[-154.89662,19.56605],[-154.8969,19.5662],[-154.89721,19.56628],[-154.89748,19.56649],[-154.89766,19.56675],[-154.89793,19.56678],[-154.89842,19.56704],[-154.89877,19.56706],[-154.89928,19.56721],[-154.89945,19.56734],[-154.89963,19.56734],[-154.8999,19.56752],[-154.90019,19.56736],[-154.90051,19.56757],[-154.90088,19.56761],[-154.90105,19.56794],[-154.90161,19.56794],[-154.90189,19.568],[-154.90251,19.56822],[-154.90339,19.56862],[-154.90361,19.56882],[-154.90381,19.56885],[-154.90387,19.56912],[-154.90405,19.56912],[-154.9041,19.56935],[-154.90448,19.5698],[-154.90483,19.56964],[-154.90507,19.56995],[-154.90549,19.57021],[-154.90558,19.57038],[-154.90597,19.57055],[-154.90596,19.57071],[-154.90613,19.57096],[-154.90662,19.5713],[-154.90671,19.57162],[-154.907,19.57194],[-154.90721,19.57225],[-154.90743,19.5724],[-154.90756,19.57267],[-154.90782,19.57289],[-154.90808,19.5733],[-154.90828,19.57341],[-154.9087,19.57381],[-154.90901,19.5742],[-154.9092,19.57436],[-154.90948,19.57478],[-154.90982,19.57566],[-154.91005,19.5761],[-154.91037,19.57649],[-154.91054,19.57654],[-154.91072,19.57688],[-154.91069,19.57708],[-154.91081,19.57742],[-154.91096,19.5776],[-154.91112,19.57806],[-154.9115,19.57858],[-154.91149,19.57867],[-154.91178,19.57898],[-154.9126,19.57931],[-154.9131,19.57942],[-154.91342,19.57958],[-154.91345,19.57971],[-154.91382,19.57985],[-154.91419,19.57985],[-154.9148,19.57999],[-154.9151,19.5803],[-154.91592,19.58061],[-154.91643,19.58069],[-154.91683,19.58086],[-154.91705,19.58082],[-154.91731,19.5809],[-154.91757,19.58088],[-154.91778,19.58108],[-154.91865,19.58085],[-154.91893,19.58092],[-154.91914,19.58108],[-154.91951,19.58121],[-154.91963,19.58132],[-154.92007,19.58142],[-154.92021,19.58159],[-154.92032,19.58193],[-154.92079,19.58236],[-154.92088,19.58256],[-154.92131,19.58264],[-154.92154,19.58283],[-154.92174,19.58358],[-154.92172,19.58385],[-154.92197,19.58405],[-154.92224,19.58448],[-154.92247,19.5846],[-154.92272,19.58525],[-154.92276,19.58552],[-154.92306,19.58558],[-154.92316,19.58592],[-154.92337,19.58617],[-154.92337,19.58642],[-154.92357,19.58695],[-154.92398,19.58709],[-154.92415,19.58743],[-154.92445,19.58766],[-154.92445,19.58794],[-154.92485,19.58818],[-154.92496,19.58839],[-154.92493,19.58865],[-154.92537,19.58898],[-154.92545,19.58917],[-154.9254,19.58961],[-154.92555,19.58976],[-154.92535,19.58989],[-154.92542,19.59022],[-154.92566,19.59049],[-154.92599,19.59036],[-154.92636,19.59063],[-154.92654,19.59103],[-154.92665,19.59111],[-154.92714,19.59122],[-154.92747,19.59139],[-154.92758,19.59121],[-154.92812,19.59142],[-154.92815,19.59152],[-154.92851,19.59183],[-154.92876,19.59186],[-154.92918,19.59223],[-154.92932,19.59248],[-154.92932,19.59269],[-154.9297,19.59284],[-154.92998,19.59311],[-154.93002,19.59348],[-154.92993,19.59368],[-154.93012,19.59381],[-154.93057,19.59363],[-154.93079,19.59371],[-154.93124,19.5943],[-154.93129,19.59458],[-154.93103,19.59488],[-154.93103,19.59519],[-154.93117,19.59529],[-154.93146,19.59523],[-154.93142,19.59503],[-154.93167,19.59504],[-154.93184,19.59558],[-154.93219,19.59545],[-154.93275,19.59568],[-154.93329,19.59605],[-154.93404,19.59618],[-154.93431,19.59616],[-154.935,19.5963],[-154.93544,19.59646],[-154.93558,19.59656],[-154.93593,19.59699],[-154.93707,19.59756],[-154.93747,19.5977],[-154.93788,19.59798],[-154.93834,19.59811],[-154.93854,19.59809],[-154.93878,19.59817],[-154.93898,19.59854],[-154.93941,19.59885],[-154.93965,19.59882],[-154.94012,19.59909],[-154.94055,19.59951],[-154.94087,19.59967],[-154.94142,19.60004],[-154.94168,19.60017],[-154.94204,19.60023],[-154.94246,19.60044],[-154.94318,19.6007],[-154.94331,19.60082],[-154.94351,19.60124],[-154.94391,19.6013],[-154.94412,19.60151],[-154.94426,19.60175],[-154.94453,19.60187],[-154.94493,19.60229],[-154.94518,19.60285],[-154.94577,19.6034],[-154.94582,19.6038],[-154.94599,19.60403],[-154.94621,19.60416],[-154.94635,19.60484],[-154.94655,19.60541],[-154.9469,19.6061],[-154.94726,19.60631],[-154.9475,19.6067],[-154.94743,19.60703],[-154.94743,19.60753],[-154.94779,19.60812],[-154.94763,19.60875],[-154.94766,19.60905],[-154.94782,19.60945],[-154.94814,19.60979],[-154.94819,19.61036],[-154.9484,19.61073],[-154.94832,19.61094],[-154.94838,19.61115],[-154.94826,19.61196],[-154.94814,19.61234],[-154.94782,19.6129],[-154.94785,19.6131],[-154.9474,19.61351],[-154.94722,19.61379],[-154.94723,19.61397],[-154.94702,19.61417],[-154.94692,19.61454],[-154.94675,19.61474],[-154.94675,19.61498],[-154.94661,19.6151],[-154.94664,19.61544],[-154.94656,19.61552],[-154.94626,19.61613],[-154.94615,19.61662],[-154.94594,19.61693],[-154.94588,19.61744],[-154.9457,19.61771],[-154.94557,19.61802],[-154.94536,19.61809],[-154.94525,19.6183],[-154.94502,19.61841],[-154.94492,19.61872],[-154.9451,19.61914],[-154.94499,19.61957],[-154.94499,19.61999],[-154.94509,19.62016],[-154.94519,19.6208],[-154.94513,19.62095],[-154.94521,19.62127],[-154.94548,19.62145],[-154.94554,19.62165],[-154.94573,19.62167],[-154.94612,19.62232],[-154.94641,19.62246],[-154.94653,19.62279],[-154.94684,19.62292],[-154.9469,19.62322],[-154.94708,19.62311],[-154.94739,19.62314],[-154.94743,19.62331],[-154.94768,19.62339],[-154.94788,19.62327],[-154.94841,19.62329],[-154.94871,19.62352],[-154.94908,19.62356],[-154.9491,19.6238],[-154.94925,19.62393],[-154.94928,19.62417],[-154.9497,19.62421],[-154.95014,19.6239],[-154.95109,19.62398],[-154.95149,19.62394],[-154.95219,19.62409],[-154.95239,19.62423],[-154.95244,19.6244],[-154.95265,19.62451],[-154.95346,19.62428],[-154.95375,19.62439],[-154.95431,19.62449],[-154.95456,19.62438],[-154.95468,19.62408],[-154.95482,19.62399],[-154.95521,19.624],[-154.95597,19.62352],[-154.95614,19.62329],[-154.95671,19.62303],[-154.95723,19.62292],[-154.95758,19.623],[-154.95765,19.62291],[-154.95811,19.62281],[-154.95839,19.62285],[-154.95889,19.62303],[-154.95933,19.62326],[-154.9597,19.6233],[-154.95999,19.62364],[-154.96043,19.62378],[-154.96079,19.62418],[-154.96072,19.62436],[-154.96117,19.62454],[-154.96136,19.62489],[-154.9616,19.62509],[-154.96156,19.62526],[-154.96196,19.62565],[-154.96189,19.62585],[-154.96221,19.62594],[-154.96227,19.62624],[-154.96242,19.62656],[-154.96262,19.62663],[-154.96295,19.62686],[-154.96313,19.6271],[-154.96358,19.62724],[-154.96355,19.62735],[-154.96404,19.62754],[-154.96415,19.62766],[-154.96454,19.62781],[-154.96467,19.62805],[-154.96496,19.62816],[-154.96518,19.62816],[-154.96528,19.62836],[-154.96594,19.62836],[-154.96631,19.62843],[-154.96708,19.62881],[-154.96714,19.62917],[-154.9675,19.6291],[-154.96782,19.6288],[-154.96811,19.62889],[-154.9684,19.62885],[-154.96838,19.62932],[-154.96865,19.62952],[-154.96891,19.62959],[-154.969,19.62946],[-154.96939,19.62946],[-154.96997,19.6298],[-154.97005,19.62997],[-154.97048,19.63011],[-154.97067,19.63006],[-154.9709,19.63012],[-154.97131,19.6305],[-154.97176,19.63025],[-154.9719,19.63055],[-154.97206,19.63071],[-154.97182,19.63083],[-154.97204,19.63112],[-154.97216,19.63093],[-154.97242,19.63103],[-154.97266,19.63125],[-154.973,19.63136],[-154.97327,19.63181],[-154.97329,19.63209],[-154.9736,19.63215],[-154.97387,19.63209],[-154.9749,19.63237],[-154.9751,19.63249],[-154.97524,19.63276],[-154.97579,19.633],[-154.97634,19.63344],[-154.97652,19.63369],[-154.97687,19.63449],[-154.97721,19.63454],[-154.97732,19.63473],[-154.97772,19.63503],[-154.97791,19.6351],[-154.97817,19.63539],[-154.97843,19.63546],[-154.97847,19.63566],[-154.97864,19.63578],[-154.97888,19.63573],[-154.979,19.63606],[-154.97946,19.63628],[-154.9793,19.63636],[-154.97933,19.63664],[-154.97988,19.63711],[-154.97997,19.6373],[-154.98027,19.63745],[-154.98068,19.63816],[-154.98094,19.63831],[-154.98093,19.63847],[-154.98118,19.63882],[-154.98106,19.63936],[-154.98108,19.63973],[-154.98097,19.64002],[-154.9811,19.64053],[-154.98099,19.6407],[-154.98099,19.64113],[-154.98124,19.64128],[-154.98116,19.64194],[-154.98142,19.64206],[-154.98168,19.64277],[-154.98186,19.64288],[-154.98186,19.64308],[-154.98212,19.64326],[-154.98239,19.64326],[-154.98255,19.64334],[-154.9828,19.64374],[-154.98277,19.64433],[-154.9826,19.64441],[-154.98208,19.6443],[-154.9816,19.64467],[-154.98139,19.64469],[-154.98141,19.64493],[-154.98159,19.64515],[-154.98164,19.64544],[-154.98159,19.64563],[-154.98165,19.64611],[-154.98145,19.64646],[-154.98161,19.64662],[-154.98167,19.64704],[-154.98167,19.64752],[-154.98175,19.64771],[-154.98166,19.64787],[-154.98172,19.64811],[-154.98167,19.64831],[-154.98184,19.64847],[-154.98165,19.64864],[-154.98152,19.64888],[-154.98101,19.64903],[-154.98098,19.64914],[-154.98031,19.64943],[-154.97997,19.6497],[-154.97997,19.65],[-154.97982,19.65032],[-154.97984,19.65058],[-154.97957,19.65087],[-154.97957,19.6513],[-154.97933,19.65157],[-154.97925,19.6518],[-154.97905,19.65185],[-154.97904,19.65217],[-154.97925,19.65273],[-154.97899,19.65297],[-154.97918,19.65318],[-154.97937,19.65319],[-154.97967,19.65362],[-154.97969,19.65379],[-154.97988,19.65411],[-154.98011,19.65435],[-154.98026,19.65438],[-154.98037,19.65469],[-154.98066,19.65493],[-154.98065,19.65532],[-154.98083,19.65566],[-154.98134,19.65633],[-154.98168,19.65645],[-154.98207,19.65686],[-154.98225,19.65691],[-154.9825,19.65713],[-154.98243,19.65735],[-154.98272,19.65754],[-154.98273,19.65793],[-154.98295,19.65822],[-154.98279,19.65832],[-154.98297,19.6585],[-154.98294,19.65915],[-154.98269,19.65968],[-154.98281,19.65993],[-154.98276,19.66027],[-154.98283,19.66056],[-154.98265,19.66101],[-154.98268,19.66123],[-154.98255,19.66133],[-154.98267,19.66151],[-154.98263,19.66186],[-154.98255,19.66198],[-154.98252,19.66241],[-154.98233,19.66251],[-154.98239,19.66307],[-154.98211,19.66332],[-154.98229,19.66378],[-154.98227,19.66432],[-154.98207,19.66447],[-154.98219,19.66518],[-154.98206,19.66535],[-154.98221,19.66564],[-154.98242,19.66578],[-154.98231,19.66596],[-154.98249,19.66609],[-154.98226,19.66627],[-154.98231,19.66659],[-154.98255,19.66691],[-154.98242,19.66747],[-154.98204,19.66791],[-154.98198,19.66889],[-154.98182,19.66901],[-154.98203,19.66917],[-154.9824,19.66994],[-154.98244,19.67022],[-154.98262,19.67058],[-154.98283,19.67074],[-154.98294,19.67099],[-154.98271,19.67119],[-154.9828,19.67132],[-154.98308,19.67136],[-154.98306,19.67187],[-154.98318,19.67232],[-154.98302,19.6726],[-154.98263,19.67314],[-154.9826,19.6733],[-154.98231,19.67344],[-154.9823,19.67369],[-154.9821,19.67395],[-154.9821,19.6742],[-154.98195,19.67425],[-154.98174,19.6745],[-154.98177,19.67467],[-154.9814,19.67486],[-154.98131,19.67519],[-154.98112,19.67523],[-154.9811,19.67552],[-154.98096,19.67562],[-154.98085,19.67596],[-154.98059,19.67616],[-154.9806,19.67664],[-154.98042,19.67667],[-154.98046,19.67696],[-154.98036,19.67709],[-154.98046,19.67729],[-154.98014,19.67752],[-154.98018,19.6778],[-154.97999,19.67814],[-154.97985,19.67852],[-154.97993,19.67887],[-154.97967,19.67916],[-154.97975,19.6796],[-154.97968,19.67974],[-154.97976,19.68008],[-154.97971,19.68027],[-154.97988,19.68041],[-154.9798,19.6807],[-154.97991,19.68095],[-154.97976,19.68105],[-154.97971,19.6813],[-154.97947,19.68135],[-154.97947,19.68149],[-154.97974,19.68167],[-154.97946,19.68177],[-154.97935,19.68197],[-154.97943,19.68211],[-154.97914,19.68235],[-154.97903,19.68252],[-154.97929,19.68288],[-154.97908,19.68308],[-154.97899,19.68335],[-154.97909,19.68376],[-154.97885,19.68386],[-154.97888,19.6841],[-154.9786,19.68448],[-154.9786,19.6847],[-154.97878,19.68487],[-154.97857,19.68498],[-154.97886,19.68513],[-154.9789,19.68525],[-154.97868,19.68548],[-154.97864,19.68564],[-154.97877,19.68605],[-154.97864,19.68613],[-154.97871,19.68649],[-154.97848,19.68665],[-154.97852,19.68697],[-154.97844,19.68706],[-154.97827,19.68759],[-154.97849,19.68781],[-154.97849,19.68802],[-154.97876,19.6882],[-154.97877,19.68846],[-154.97859,19.68868],[-154.97873,19.68888],[-154.97869,19.68902],[-154.97895,19.68929],[-154.97884,19.68943],[-154.97904,19.68963],[-154.97907,19.68981],[-154.97936,19.68979],[-154.97916,19.69006],[-154.97933,19.69032],[-154.97948,19.69037],[-154.97972,19.69021],[-154.97983,19.69052],[-154.97977,19.69082],[-154.97992,19.69098],[-154.97997,19.6912],[-154.98013,19.69128],[-154.98034,19.69167],[-154.98015,19.69177],[-154.98022,19.69196],[-154.9806,19.6923],[-154.9806,19.69249],[-154.98088,19.69262],[-154.98091,19.69233],[-154.98105,19.69222],[-154.98133,19.69235],[-154.98166,19.69218],[-154.982,19.69256],[-154.98212,19.69282],[-154.98212,19.69305],[-154.98152,19.69318],[-154.98148,19.69332],[-154.98182,19.69342],[-154.98178,19.69391],[-154.98218,19.69449],[-154.98223,19.69472],[-154.98183,19.69472],[-154.98187,19.69499],[-154.98178,19.69511],[-154.98192,19.69528],[-154.98178,19.69553],[-154.98203,19.69575],[-154.9824,19.69596],[-154.98226,19.69653],[-154.98212,19.69664],[-154.98225,19.69696],[-154.9821,19.69721],[-154.9823,19.69727],[-154.98219,19.69754],[-154.98243,19.69775],[-154.98233,19.69796],[-154.98238,19.69823],[-154.98265,19.69865],[-154.98259,19.69876],[-154.98273,19.69899],[-154.98267,19.6992],[-154.98239,19.69913],[-154.98246,19.69937],[-154.98233,19.69952],[-154.98247,19.69971],[-154.98285,19.69957],[-154.98298,19.69968],[-154.98265,19.69989],[-154.98266,19.70004],[-154.9829,19.70008],[-154.98292,19.70031],[-154.98307,19.70051],[-154.983,19.7007],[-154.98309,19.70097],[-154.98327,19.70117],[-154.98343,19.70109],[-154.98376,19.70113],[-154.98382,19.70144],[-154.98362,19.70165],[-154.98385,19.70222],[-154.98414,19.70228],[-154.98419,19.70254],[-154.98393,19.7028],[-154.98402,19.70309],[-154.98422,19.70332],[-154.9842,19.70359],[-154.98399,19.70391],[-154.98416,19.70418],[-154.98433,19.70415],[-154.98441,19.70435],[-154.9842,19.70451],[-154.98438,19.70506],[-154.98449,19.70512],[-154.98447,19.70557],[-154.98472,19.70577],[-154.98472,19.70592],[-154.9852,19.70647],[-154.98518,19.70661],[-154.98548,19.7068],[-154.98551,19.70702],[-154.98571,19.70703],[-154.98585,19.70685],[-154.98604,19.70679],[-154.98623,19.70711],[-154.98613,19.7073],[-154.98614,19.70755],[-154.9867,19.7076],[-154.98674,19.70797],[-154.98699,19.70801],[-154.98707,19.70827],[-154.98773,19.70914],[-154.98799,19.70975],[-154.98776,19.70983],[-154.98769,19.71007],[-154.98802,19.71019],[-154.98818,19.71009],[-154.9883,19.71038],[-154.98808,19.71074],[-154.98824,19.71105],[-154.98848,19.71097],[-154.98863,19.71105],[-154.98868,19.7114],[-154.98876,19.71162],[-154.98863,19.71174],[-154.98893,19.71192],[-154.98899,19.71212],[-154.98923,19.71239],[-154.98928,19.71279],[-154.9894,19.71307],[-154.98963,19.71311],[-154.98963,19.71348],[-154.98982,19.71356],[-154.99,19.71415],[-154.98984,19.71435],[-154.98982,19.71456],[-154.99017,19.71466],[-154.99025,19.71491],[-154.99008,19.71521],[-154.99036,19.71515],[-154.99028,19.71542],[-154.99064,19.7157],[-154.99041,19.71587],[-154.9905,19.71604],[-154.99074,19.71608],[-154.99053,19.71629],[-154.99054,19.71664],[-154.99084,19.7167],[-154.99095,19.71685],[-154.9908,19.71696],[-154.99086,19.71724],[-154.99075,19.71749],[-154.99093,19.71788],[-154.99109,19.71784],[-154.9913,19.71795],[-154.99151,19.71826],[-154.99175,19.71847],[-154.99212,19.71891],[-154.99206,19.71925],[-154.9922,19.7195],[-154.99221,19.71971],[-154.99243,19.71977],[-154.99247,19.71997],[-154.99214,19.72028],[-154.99217,19.7204],[-154.99241,19.7206],[-154.99259,19.72057],[-154.99275,19.72071],[-154.99262,19.72129],[-154.99282,19.72137],[-154.99285,19.7216],[-154.99255,19.72163],[-154.9927,19.72192],[-154.99247,19.72201],[-154.99276,19.72235],[-154.99276,19.72257],[-154.99262,19.72277],[-154.99269,19.7229],[-154.99298,19.72302],[-154.99269,19.72329],[-154.99303,19.72347],[-154.9933,19.72353],[-154.99349,19.72368],[-154.9933,19.72384],[-154.99366,19.72398],[-154.99416,19.72427],[-154.99418,19.7245],[-154.99407,19.72481],[-154.99446,19.72488],[-154.99441,19.7252],[-154.99462,19.72537],[-154.99457,19.72578],[-154.99486,19.72551],[-154.99493,19.72556],[-154.99528,19.72617],[-154.99546,19.72606],[-154.99584,19.72608],[-154.9959,19.72631],[-154.9961,19.72668],[-154.99604,19.72699],[-154.99624,19.7271],[-154.9962,19.72747],[-154.99658,19.72783],[-154.99682,19.72778],[-154.99762,19.72815],[-154.9977,19.72839],[-154.99757,19.72877],[-154.9979,19.72898],[-154.99801,19.72945],[-154.9982,19.72958],[-154.99862,19.72967],[-154.99854,19.72982],[-154.9987,19.73006],[-154.99897,19.73019],[-154.99905,19.73033],[-154.9993,19.73047],[-154.99938,19.73071],[-154.99976,19.73093],[-155.00012,19.73099],[-155.00025,19.73117],[-155.00058,19.73147],[-155.00037,19.73241],[-155.00064,19.73273],[-155.00047,19.73289],[-155.00054,19.7332],[-155.00083,19.73325],[-155.00062,19.73349],[-155.00093,19.7336],[-155.00088,19.7338],[-155.00104,19.73388],[-155.00133,19.73427],[-155.00128,19.73461],[-155.00142,19.73474],[-155.00198,19.73476],[-155.00212,19.73509],[-155.00233,19.73513],[-155.00227,19.73531],[-155.00242,19.73544],[-155.00261,19.73542],[-155.00276,19.73554],[-155.00279,19.73575],[-155.00333,19.73587],[-155.00349,19.736],[-155.00352,19.73633],[-155.00384,19.73628],[-155.00404,19.73608],[-155.00499,19.73605],[-155.00528,19.73617],[-155.00568,19.73603],[-155.00607,19.7356],[-155.0067,19.73563],[-155.00714,19.73528],[-155.00787,19.73531],[-155.00833,19.73539],[-155.00878,19.7352],[-155.00919,19.73518],[-155.00946,19.73502],[-155.00998,19.73509],[-155.01032,19.73522],[-155.01047,19.73542],[-155.01041,19.73595],[-155.01071,19.73617],[-155.011,19.73606],[-155.01125,19.7365],[-155.01132,19.73713],[-155.01163,19.73722],[-155.01201,19.737],[-155.01242,19.73719],[-155.01273,19.73698],[-155.01276,19.73735],[-155.01298,19.73748],[-155.01322,19.7374],[-155.0135,19.73746],[-155.01362,19.7376],[-155.01379,19.73751],[-155.01355,19.73715],[-155.01349,19.73672],[-155.01349,19.73633],[-155.01357,19.73591],[-155.01393,19.73567],[-155.01373,19.73531],[-155.01379,19.73492],[-155.01364,19.73474],[-155.01384,19.73453],[-155.01433,19.73467],[-155.01448,19.73446],[-155.0148,19.73447],[-155.01511,19.7347],[-155.01564,19.73481],[-155.01594,19.73461],[-155.01608,19.73443],[-155.0166,19.73432],[-155.01686,19.73435],[-155.01756,19.73395],[-155.01765,19.73379],[-155.01761,19.73342],[-155.0177,19.73329],[-155.01807,19.73304],[-155.01825,19.73304],[-155.01851,19.73328],[-155.01886,19.73326],[-155.01897,19.73314],[-155.01951,19.73308],[-155.01981,19.73258],[-155.01993,19.7325],[-155.02039,19.73243],[-155.02054,19.73231],[-155.02075,19.73248],[-155.02093,19.73228],[-155.02121,19.73239],[-155.02138,19.7322],[-155.02174,19.73226],[-155.0222,19.73216],[-155.02215,19.73234],[-155.02182,19.73235],[-155.0217,19.73245],[-155.0215,19.73231],[-155.02141,19.73247],[-155.02214,19.73321],[-155.02244,19.73314],[-155.02258,19.73349],[-155.02257,19.73369],[-155.02275,19.73377],[-155.02296,19.73406],[-155.02316,19.73398],[-155.02328,19.7337],[-155.02359,19.73367],[-155.02382,19.73387],[-155.02403,19.73417],[-155.02388,19.73443],[-155.02394,19.73467],[-155.02417,19.7348],[-155.02421,19.73511],[-155.02443,19.73509],[-155.02461,19.73521],[-155.02492,19.73521],[-155.02524,19.73529],[-155.02574,19.73532],[-155.02603,19.73562],[-155.02661,19.73551],[-155.0267,19.73538],[-155.02697,19.73551],[-155.02711,19.7352],[-155.02736,19.73506],[-155.02727,19.73474],[-155.02727,19.73442],[-155.02755,19.73421],[-155.02799,19.73411],[-155.02821,19.73379],[-155.02837,19.73369],[-155.02824,19.73335],[-155.02873,19.73331],[-155.02899,19.73341],[-155.02931,19.73368],[-155.02912,19.73392],[-155.02925,19.73409],[-155.02942,19.73395],[-155.02961,19.73399],[-155.02985,19.73425],[-155.03002,19.73465],[-155.03,19.73493],[-155.03015,19.73494],[-155.03032,19.73461],[-155.03063,19.7345],[-155.03073,19.7343],[-155.03137,19.73416],[-155.03166,19.7342],[-155.03159,19.7344],[-155.03191,19.73478],[-155.03181,19.73505],[-155.0312,19.73512],[-155.03142,19.73539],[-155.03132,19.73582],[-155.03084,19.73618],[-155.03103,19.73636],[-155.03102,19.73652],[-155.03159,19.73666],[-155.03154,19.73719],[-155.03161,19.73749],[-155.0318,19.73773],[-155.03195,19.73766],[-155.03193,19.73806],[-155.03209,19.73809],[-155.03232,19.7372],[-155.03224,19.737],[-155.03236,19.7367],[-155.03261,19.73669],[-155.03273,19.73685],[-155.03296,19.73685],[-155.03303,19.73719],[-155.03346,19.73718],[-155.03361,19.73744],[-155.03377,19.73744],[-155.03415,19.73712],[-155.03421,19.7373],[-155.03412,19.73757],[-155.03436,19.73773],[-155.03439,19.73801],[-155.03457,19.73819],[-155.03474,19.738],[-155.03491,19.73805],[-155.03528,19.73846],[-155.03553,19.73786],[-155.03604,19.7378],[-155.0363,19.73787],[-155.03742,19.73775],[-155.03766,19.73785],[-155.03809,19.73814],[-155.03839,19.738],[-155.0386,19.73824],[-155.03871,19.73803],[-155.03888,19.73817],[-155.03908,19.73815],[-155.03899,19.73844],[-155.03909,19.73879],[-155.03937,19.73842],[-155.03955,19.73837],[-155.03967,19.73858],[-155.03985,19.73857],[-155.03992,19.73893],[-155.04017,19.73907],[-155.04028,19.73896],[-155.04015,19.73873],[-155.04021,19.73852],[-155.04044,19.73841],[-155.04036,19.73798],[-155.04013,19.7382],[-155.03993,19.73826],[-155.03985,19.73811],[-155.04004,19.73794],[-155.04012,19.73773],[-155.04051,19.73775],[-155.04059,19.73791],[-155.04124,19.73779],[-155.04143,19.73791],[-155.04144,19.73821],[-155.04175,19.73849],[-155.04199,19.73838],[-155.04185,19.73808],[-155.04217,19.73779],[-155.04239,19.7379],[-155.04244,19.7376],[-155.04274,19.7376],[-155.04297,19.7375],[-155.043,19.73729],[-155.04288,19.73695],[-155.04271,19.73673],[-155.04253,19.73668],[-155.04256,19.73625],[-155.04273,19.73601],[-155.04266,19.73573],[-155.04266,19.73539],[-155.04273,19.73468],[-155.04265,19.7344],[-155.04301,19.73455],[-155.04318,19.73472],[-155.04344,19.73477],[-155.04361,19.73468],[-155.04372,19.7344],[-155.04393,19.73448],[-155.04423,19.73449],[-155.04448,19.73493],[-155.04457,19.7347],[-155.04442,19.73456],[-155.04449,19.73437],[-155.04427,19.73383],[-155.04456,19.7338],[-155.04471,19.73328],[-155.04508,19.73304],[-155.04572,19.73287],[-155.0461,19.73264],[-155.04611,19.73245],[-155.04594,19.73231],[-155.04553,19.73226],[-155.04547,19.73249],[-155.0453,19.73246],[-155.0454,19.7322],[-155.04555,19.73207],[-155.04599,19.73201],[-155.04619,19.73188],[-155.04634,19.73152],[-155.04674,19.73154],[-155.04698,19.73172],[-155.04721,19.73176],[-155.04721,19.73193],[-155.04755,19.73189],[-155.04773,19.732],[-155.04787,19.73225],[-155.04848,19.73211],[-155.04872,19.73234],[-155.04907,19.73229],[-155.04941,19.73212],[-155.0499,19.7322],[-155.05029,19.73212],[-155.05098,19.73253],[-155.05162,19.73281],[-155.05426,19.73461],[-155.06032,19.74092],[-155.06286,19.74295],[-155.0666,19.7438],[-155.07505,19.74296],[-155.07502,19.74276],[-155.06661,19.74361],[-155.06297,19.74278],[-155.06049,19.74085],[-155.05434,19.73448],[-155.0517,19.73271],[-155.05173,19.73259],[-155.05136,19.73233],[-155.05158,19.73178],[-155.05183,19.73139],[-155.05207,19.73127],[-155.05334,19.73128],[-155.05333,19.73299],[-155.05409,19.73334],[-155.05426,19.73356],[-155.05429,19.73005],[-155.05444,19.72998],[-155.05606,19.7305],[-155.05657,19.73047],[-155.05528,19.72923],[-155.05606,19.72869],[-155.05649,19.72864],[-155.05681,19.72868],[-155.05721,19.72835],[-155.05747,19.72822],[-155.05796,19.72809],[-155.05823,19.72788],[-155.05888,19.72772],[-155.05943,19.72748],[-155.05968,19.7275],[-155.05994,19.72695],[-155.05977,19.72661],[-155.06,19.72645],[-155.06032,19.72649],[-155.06065,19.72626],[-155.0607,19.72605],[-155.06058,19.7259],[-155.06093,19.72564],[-155.06129,19.72572],[-155.06165,19.72567],[-155.0619,19.72552],[-155.06198,19.72508],[-155.06226,19.72496],[-155.06249,19.72474],[-155.06248,19.72455],[-155.06216,19.72447],[-155.06186,19.72429],[-155.06197,19.72416],[-155.06201,19.72384],[-155.06222,19.72373],[-155.06238,19.72387],[-155.06271,19.72437],[-155.06273,19.72503],[-155.06267,19.72518],[-155.06279,19.72551],[-155.06276,19.72592],[-155.06255,19.72648],[-155.06238,19.72657],[-155.0621,19.72648],[-155.06221,19.72684],[-155.06214,19.72722],[-155.06221,19.72753],[-155.06233,19.72766],[-155.0627,19.72785],[-155.06297,19.7282],[-155.06302,19.72853],[-155.06317,19.72877],[-155.06332,19.72885],[-155.06343,19.72926],[-155.06373,19.72938],[-155.06375,19.72977],[-155.0641,19.72995],[-155.06429,19.72987],[-155.06444,19.7301],[-155.06465,19.73012],[-155.06503,19.73039],[-155.06535,19.73007],[-155.06558,19.73015],[-155.06561,19.72987],[-155.06586,19.72998],[-155.06621,19.72978],[-155.06622,19.72941],[-155.06688,19.72905],[-155.067,19.72877],[-155.06689,19.72867],[-155.06703,19.72843],[-155.06735,19.72814],[-155.06776,19.72831],[-155.06764,19.72853],[-155.06767,19.72868],[-155.06804,19.72859],[-155.06819,19.72837],[-155.06819,19.72813],[-155.06804,19.72791],[-155.06808,19.72775],[-155.0685,19.72777],[-155.06867,19.72768],[-155.06914,19.7277],[-155.06923,19.72749],[-155.06947,19.72742],[-155.06935,19.72723],[-155.0697,19.72653],[-155.07004,19.72651],[-155.06993,19.72631],[-155.07008,19.72613],[-155.0704,19.72623],[-155.07084,19.72612],[-155.07104,19.72587],[-155.07135,19.7258],[-155.07135,19.72552],[-155.07118,19.72536],[-155.07115,19.72514],[-155.07087,19.72487],[-155.07077,19.72458],[-155.07083,19.72405],[-155.07093,19.72388],[-155.07072,19.7237],[-155.07026,19.72373],[-155.0701,19.7235],[-155.07012,19.72259],[-155.07077,19.72255],[-155.07094,19.72324],[-155.07077,19.72345],[-155.07097,19.72359],[-155.07147,19.7235],[-155.07159,19.72369],[-155.07213,19.72357],[-155.07507,19.72338],[-155.07711,19.72332],[-155.07916,19.72335],[-155.07957,19.72345],[-155.08032,19.72356],[-155.08051,19.7237],[-155.08132,19.72373],[-155.08255,19.72393],[-155.08354,19.72429],[-155.08413,19.72459],[-155.08475,19.72507],[-155.08499,19.72519],[-155.08547,19.72571],[-155.0862,19.72673],[-155.08623,19.72711],[-155.08665,19.72756],[-155.08665,19.72766],[-155.08639,19.72785],[-155.08646,19.72795],[-155.08678,19.72779],[-155.08697,19.72796],[-155.08719,19.72789],[-155.08778,19.72872],[-155.08766,19.72893],[-155.08783,19.72919],[-155.08785,19.72988],[-155.08775,19.73029],[-155.08789,19.731],[-155.08812,19.73133],[-155.08806,19.73147],[-155.08825,19.7321],[-155.08844,19.73241],[-155.08862,19.73283],[-155.08893,19.73285],[-155.08905,19.73318],[-155.08923,19.73339],[-155.09009,19.73385],[-155.09035,19.73403],[-155.0905,19.73434],[-155.09074,19.73467],[-155.09074,19.73484],[-155.09059,19.73529],[-155.09062,19.73561],[-155.0908,19.73611],[-155.09047,19.73709],[-155.09026,19.73738],[-155.08999,19.73751],[-155.08948,19.73806],[-155.08948,19.73821],[-155.08981,19.73823],[-155.08997,19.73833],[-155.09012,19.73891],[-155.09033,19.73929],[-155.09047,19.73988],[-155.09048,19.74042],[-155.09004,19.74104],[-155.09024,19.74149],[-155.09017,19.74165],[-155.0899,19.7419],[-155.08972,19.74241],[-155.08978,19.74281],[-155.08975,19.7433],[-155.0899,19.74359],[-155.09007,19.74463],[-155.09007,19.74517],[-155.09016,19.74553],[-155.08995,19.7459],[-155.09006,19.74616],[-155.08998,19.74647],[-155.09019,19.74667],[-155.09017,19.74696],[-155.0908,19.74808],[-155.09074,19.74828],[-155.09098,19.74836],[-155.09119,19.74873],[-155.09094,19.74925],[-155.09095,19.74962],[-155.09071,19.75006],[-155.09082,19.75079],[-155.09067,19.7512],[-155.09033,19.75173],[-155.08993,19.75207],[-155.08988,19.75225],[-155.08998,19.75251],[-155.0902,19.75278],[-155.09032,19.75338],[-155.0905,19.75371],[-155.09062,19.75419],[-155.09074,19.75444],[-155.09079,19.7552],[-155.09085,19.75537],[-155.09123,19.75583],[-155.09127,19.75643],[-155.09124,19.75683],[-155.09064,19.75675],[-155.09033,19.7568],[-155.09008,19.75696],[-155.09036,19.75762],[-155.09042,19.75814],[-155.09052,19.75837],[-155.09042,19.75856],[-155.09012,19.75868],[-155.09009,19.75879],[-155.0903,19.75897],[-155.09021,19.75924],[-155.0903,19.75966],[-155.09012,19.76026],[-155.0896,19.76051],[-155.08943,19.76083],[-155.08952,19.76106],[-155.08972,19.76123],[-155.08954,19.76192],[-155.08928,19.76246],[-155.08925,19.76269],[-155.08887,19.76257],[-155.08852,19.76272],[-155.08877,19.7629],[-155.08882,19.7631],[-155.08855,19.7633],[-155.08897,19.76351],[-155.0893,19.76358],[-155.08938,19.76384],[-155.08926,19.76433],[-155.08914,19.76454],[-155.08877,19.76466],[-155.08896,19.76513],[-155.08864,19.76545],[-155.08872,19.76558],[-155.08909,19.76572],[-155.08922,19.76584],[-155.0896,19.76643],[-155.08963,19.76666],[-155.09009,19.7672],[-155.09034,19.76734],[-155.09065,19.76771],[-155.09077,19.76872],[-155.09067,19.76885],[-155.09032,19.76906],[-155.0901,19.76911],[-155.08968,19.76944],[-155.0896,19.7697],[-155.0896,19.77035],[-155.08931,19.77084],[-155.08946,19.77113],[-155.08943,19.77161],[-155.08966,19.77187],[-155.0896,19.77253],[-155.08954,19.77275],[-155.0896,19.77296],[-155.08951,19.77324],[-155.08934,19.77318],[-155.08922,19.77334],[-155.08894,19.77329],[-155.08853,19.77336],[-155.08844,19.7737],[-155.08804,19.77385],[-155.08791,19.77412],[-155.08786,19.77439],[-155.08758,19.775],[-155.08731,19.77521],[-155.08748,19.77586],[-155.08728,19.77607],[-155.08741,19.77637],[-155.08741,19.77671],[-155.08754,19.77686],[-155.08734,19.77705],[-155.08733,19.77718],[-155.08798,19.77742],[-155.08824,19.77777],[-155.08818,19.77849],[-155.08785,19.77889],[-155.08765,19.77891],[-155.08743,19.77907],[-155.08719,19.77939],[-155.08722,19.78],[-155.08711,19.78032],[-155.0866,19.78037],[-155.0866,19.78067],[-155.08668,19.78097],[-155.08643,19.78213],[-155.08623,19.78229],[-155.086,19.78268],[-155.08603,19.78318],[-155.08598,19.78331],[-155.08609,19.78354],[-155.08647,19.78385],[-155.08714,19.78418],[-155.08733,19.7844],[-155.08731,19.78458],[-155.08759,19.78479],[-155.08777,19.78526],[-155.08807,19.78557],[-155.08844,19.78568],[-155.08861,19.7859],[-155.08867,19.78628],[-155.08885,19.78648],[-155.08923,19.78668],[-155.08948,19.78716],[-155.08974,19.78796],[-155.08978,19.78818],[-155.08945,19.7886],[-155.08946,19.78875],[-155.08972,19.78909],[-155.0898,19.78929],[-155.08951,19.78963],[-155.0895,19.78978],[-155.08991,19.78981],[-155.09026,19.79001],[-155.0903,19.79029],[-155.09019,19.79056],[-155.08991,19.79081],[-155.08957,19.79128],[-155.08949,19.79163],[-155.08949,19.79214],[-155.08983,19.79257],[-155.08991,19.79282],[-155.09011,19.79395],[-155.08998,19.79429],[-155.09014,19.79476],[-155.08989,19.79496],[-155.08992,19.79513],[-155.08969,19.79523],[-155.08966,19.79551],[-155.0893,19.79593],[-155.0893,19.79628],[-155.08916,19.79647],[-155.0889,19.79662],[-155.08858,19.79667],[-155.08792,19.79658],[-155.08764,19.79668],[-155.08766,19.79702],[-155.0878,19.79715],[-155.08768,19.79741],[-155.08735,19.79763],[-155.08719,19.79763],[-155.08687,19.79781],[-155.0867,19.79808],[-155.08674,19.79831],[-155.08688,19.79854],[-155.08687,19.79903],[-155.08672,19.79933],[-155.08655,19.79945],[-155.08618,19.79956],[-155.08605,19.79989],[-155.08618,19.80015],[-155.08583,19.80029],[-155.08585,19.80069],[-155.08609,19.80082],[-155.08638,19.80072],[-155.08684,19.80084],[-155.08701,19.80098],[-155.08647,19.80136],[-155.08638,19.8016],[-155.08613,19.80185],[-155.08635,19.80204],[-155.08645,19.80237],[-155.08632,19.80266],[-155.08655,19.80354],[-155.08676,19.80369],[-155.08698,19.804],[-155.08714,19.80402],[-155.08777,19.80389],[-155.08851,19.80402],[-155.08876,19.80398],[-155.089,19.80382],[-155.08953,19.80418],[-155.08982,19.80397],[-155.09022,19.80416],[-155.09064,19.80473],[-155.09094,19.80485],[-155.09076,19.80505],[-155.09054,19.80571],[-155.0905,19.80615],[-155.09082,19.80628],[-155.09118,19.80617],[-155.09163,19.80619],[-155.0918,19.80642],[-155.09209,19.8064],[-155.09245,19.80653],[-155.09302,19.80686],[-155.09313,19.80718],[-155.09277,19.80715],[-155.09291,19.80748],[-155.0926,19.80755],[-155.09235,19.80817],[-155.09273,19.80865],[-155.09324,19.8089],[-155.0932,19.80906],[-155.09296,19.80904],[-155.09271,19.80892],[-155.09252,19.80901],[-155.09299,19.80939],[-155.09358,19.80976],[-155.09363,19.81011],[-155.09358,19.81043],[-155.09341,19.81065],[-155.09314,19.81078],[-155.09277,19.81068],[-155.09256,19.81043],[-155.09241,19.81049],[-155.09177,19.81043],[-155.09055,19.81042],[-155.09035,19.81029],[-155.08989,19.81037],[-155.08952,19.8101],[-155.08916,19.81034],[-155.08924,19.81063],[-155.08957,19.81059],[-155.08995,19.81084],[-155.0905,19.81093],[-155.09064,19.81116],[-155.09081,19.8112],[-155.0911,19.81109],[-155.09134,19.81116],[-155.09155,19.81161],[-155.09152,19.81214],[-155.0914,19.81227],[-155.09094,19.81251],[-155.09081,19.8131],[-155.09073,19.81318],[-155.09025,19.81333],[-155.09003,19.81363],[-155.09001,19.81393],[-155.09012,19.81432],[-155.0901,19.81481],[-155.08963,19.81512],[-155.08919,19.81561],[-155.08906,19.81597],[-155.0891,19.81615],[-155.0889,19.81632],[-155.08891,19.81651],[-155.08866,19.81673],[-155.08852,19.81693],[-155.08856,19.81722],[-155.08824,19.81764],[-155.08778,19.81803],[-155.08785,19.81834],[-155.08805,19.81862],[-155.08803,19.819],[-155.08832,19.81947],[-155.08813,19.81972],[-155.0883,19.82001],[-155.08883,19.82013],[-155.08878,19.82039],[-155.08852,19.82057],[-155.08841,19.8208],[-155.08801,19.82119],[-155.08795,19.82141],[-155.08772,19.82155],[-155.08754,19.82188],[-155.08756,19.82213],[-155.08724,19.82252],[-155.08727,19.82275],[-155.08703,19.82284],[-155.08693,19.82307],[-155.08641,19.82361],[-155.08617,19.82376],[-155.08637,19.82421],[-155.08647,19.82457],[-155.08664,19.82487],[-155.08661,19.82523],[-155.08673,19.82532],[-155.08629,19.82573],[-155.08603,19.82581],[-155.08553,19.82616],[-155.08522,19.82612],[-155.0851,19.82635],[-155.08545,19.82668],[-155.08566,19.82674],[-155.08549,19.82754],[-155.08548,19.82776],[-155.08536,19.828],[-155.08527,19.8284],[-155.08524,19.82876],[-155.08508,19.82889],[-155.08498,19.82925],[-155.08482,19.82946],[-155.08484,19.82994],[-155.0845,19.83024],[-155.08464,19.83041],[-155.08448,19.83072],[-155.08412,19.83084],[-155.0842,19.83106],[-155.08409,19.83133],[-155.0837,19.83153],[-155.08383,19.83198],[-155.08366,19.83245],[-155.08363,19.83293],[-155.08375,19.83363],[-155.08368,19.83428],[-155.08331,19.83457],[-155.08295,19.8351],[-155.0828,19.83564],[-155.0826,19.83567],[-155.08229,19.83594],[-155.08265,19.83617],[-155.08319,19.83611],[-155.08334,19.83621],[-155.08341,19.83655],[-155.08329,19.83664],[-155.0828,19.83678],[-155.08287,19.83698],[-155.08313,19.8371],[-155.08298,19.83728],[-155.08272,19.83742],[-155.08275,19.83758],[-155.08299,19.83768],[-155.08336,19.8384],[-155.0831,19.83846],[-155.0831,19.83863],[-155.08358,19.83868],[-155.08377,19.83915],[-155.08347,19.83926],[-155.08377,19.8394],[-155.0842,19.8394],[-155.08426,19.83955],[-155.08424,19.83993],[-155.08388,19.8406],[-155.08383,19.84086],[-155.08427,19.84109],[-155.08441,19.84144],[-155.08438,19.84178],[-155.08403,19.84195],[-155.08427,19.84205],[-155.08434,19.84221],[-155.08469,19.84243],[-155.08472,19.8427],[-155.08442,19.8433],[-155.0843,19.84369],[-155.0843,19.84404],[-155.08393,19.84465],[-155.08373,19.84463],[-155.08357,19.84444],[-155.0833,19.84465],[-155.08288,19.84484],[-155.08217,19.84551],[-155.08185,19.84602],[-155.08156,19.84634],[-155.08154,19.84647],[-155.08163,19.84701],[-155.0818,19.84712],[-155.08166,19.84747],[-155.08191,19.84748],[-155.08209,19.84759],[-155.08208,19.84788],[-155.08198,19.84808],[-155.08234,19.8482],[-155.08258,19.84816],[-155.08283,19.84827],[-155.08312,19.84856],[-155.08379,19.84873],[-155.08404,19.84909],[-155.08408,19.84971],[-155.08397,19.85013],[-155.0838,19.8505],[-155.08345,19.8507],[-155.08328,19.85093],[-155.08328,19.85108],[-155.08353,19.85146],[-155.08384,19.85165],[-155.08351,19.85217],[-155.08316,19.8524],[-155.08335,19.85266],[-155.08354,19.85245],[-155.08382,19.85244],[-155.08412,19.85257],[-155.08487,19.85271],[-155.08526,19.85268],[-155.086,19.85293],[-155.08651,19.85277],[-155.08699,19.85291],[-155.08727,19.85293],[-155.08742,19.8533],[-155.08762,19.85346],[-155.08792,19.85357],[-155.08792,19.85376],[-155.0876,19.8539],[-155.0876,19.85403],[-155.08787,19.85415],[-155.08789,19.85444],[-155.08781,19.85486],[-155.08798,19.85488],[-155.08821,19.85518],[-155.08804,19.85522],[-155.08803,19.85546],[-155.08766,19.85576],[-155.08754,19.85616],[-155.08763,19.85635],[-155.08783,19.8564],[-155.08797,19.8561],[-155.08809,19.85609],[-155.08827,19.85637],[-155.08884,19.85671],[-155.08904,19.85727],[-155.089,19.85747],[-155.08907,19.85792],[-155.08873,19.85851],[-155.0886,19.85885],[-155.08816,19.85909],[-155.08835,19.85922],[-155.08818,19.85936],[-155.08792,19.8594],[-155.08786,19.85955],[-155.08847,19.85996],[-155.08876,19.86034],[-155.08899,19.86051],[-155.08925,19.8608],[-155.08919,19.86101],[-155.08943,19.86114],[-155.08969,19.86103],[-155.08988,19.86107],[-155.08993,19.86124],[-155.08972,19.86157],[-155.08968,19.86177],[-155.09006,19.86195],[-155.09006,19.86258],[-155.09025,19.86266],[-155.09045,19.86287],[-155.09053,19.86315],[-155.09088,19.86324],[-155.09114,19.86346],[-155.09135,19.86345],[-155.09172,19.86374],[-155.0917,19.86402],[-155.0919,19.86417],[-155.09201,19.8644],[-155.09194,19.86474],[-155.09227,19.86474],[-155.09224,19.86498],[-155.09254,19.86503],[-155.09291,19.86527],[-155.09305,19.86503],[-155.09307,19.86483],[-155.09329,19.86467],[-155.09363,19.86483],[-155.09374,19.86507],[-155.09433,19.86524],[-155.09508,19.86504],[-155.09547,19.86509],[-155.09589,19.86497],[-155.09592,19.86525],[-155.0963,19.86523],[-155.09614,19.8656],[-155.09634,19.86579],[-155.09654,19.86567],[-155.09662,19.86593],[-155.09691,19.86597],[-155.09698,19.86612],[-155.09727,19.8661],[-155.09743,19.86637],[-155.09743,19.86668],[-155.09778,19.86668],[-155.09776,19.86722],[-155.09802,19.8674],[-155.0979,19.8676],[-155.09751,19.86777],[-155.09723,19.86798],[-155.09641,19.86806],[-155.09637,19.86845],[-155.09659,19.86868],[-155.09712,19.86901],[-155.09734,19.86891],[-155.09778,19.86887],[-155.09793,19.86871],[-155.09825,19.86853],[-155.09855,19.86846],[-155.09866,19.86805],[-155.09938,19.86759],[-155.09955,19.86766],[-155.09985,19.86759],[-155.10013,19.86763],[-155.10106,19.86789],[-155.10138,19.86807],[-155.10158,19.86845],[-155.1022,19.86856],[-155.1023,19.86873],[-155.10271,19.86888],[-155.10272,19.86904],[-155.10246,19.8692],[-155.10286,19.86931],[-155.10283,19.86945],[-155.1026,19.86974],[-155.10255,19.86995],[-155.1031,19.87007],[-155.10336,19.86996],[-155.10347,19.86971],[-155.10375,19.86976],[-155.10399,19.86963],[-155.10463,19.86965],[-155.10498,19.86977],[-155.10521,19.86999],[-155.10544,19.87041],[-155.10591,19.87115],[-155.1063,19.87159],[-155.10637,19.87205],[-155.10649,19.87215],[-155.10649,19.87239],[-155.10683,19.87303],[-155.10684,19.87325],[-155.10736,19.87364],[-155.10734,19.87387],[-155.10754,19.87415],[-155.10787,19.8742],[-155.10802,19.87446],[-155.10822,19.8746],[-155.10832,19.87479],[-155.1087,19.87489],[-155.10869,19.87517],[-155.10893,19.87516],[-155.10911,19.87537],[-155.10963,19.87531],[-155.10975,19.87537],[-155.10989,19.8757],[-155.11011,19.87591],[-155.11039,19.87636],[-155.11016,19.87682],[-155.11007,19.87719],[-155.10988,19.87739],[-155.10953,19.87805],[-155.10953,19.87837],[-155.10994,19.87911],[-155.11022,19.87936],[-155.11053,19.87926],[-155.1109,19.87942],[-155.11104,19.87977],[-155.11144,19.87981],[-155.11174,19.8801],[-155.11169,19.88023],[-155.11184,19.88058],[-155.11212,19.8806],[-155.11225,19.88034],[-155.11261,19.88034],[-155.11273,19.88067],[-155.11334,19.88048],[-155.11357,19.88047],[-155.11391,19.88065],[-155.11415,19.88062],[-155.11442,19.88086],[-155.11446,19.881],[-155.1147,19.88119],[-155.11495,19.88101],[-155.11591,19.88112],[-155.11661,19.8815],[-155.11676,19.88171],[-155.11714,19.88205],[-155.11731,19.88231],[-155.11756,19.88244],[-155.11793,19.88247],[-155.11815,19.88258],[-155.11857,19.88299],[-155.11885,19.88297],[-155.11899,19.88319],[-155.11898,19.88408],[-155.11921,19.88433],[-155.11913,19.88465],[-155.11926,19.88496],[-155.11938,19.88545],[-155.11969,19.88558],[-155.11972,19.88616],[-155.11926,19.88644],[-155.11914,19.88678],[-155.11893,19.88704],[-155.1192,19.88721],[-155.11901,19.88742],[-155.11891,19.88787],[-155.11899,19.88856],[-155.11916,19.88877],[-155.11955,19.88897],[-155.12021,19.88977],[-155.1207,19.89047],[-155.12115,19.89156],[-155.12113,19.89178],[-155.1213,19.89195],[-155.12138,19.89227],[-155.12174,19.89283],[-155.12174,19.89301],[-155.12195,19.89325],[-155.12218,19.89393],[-155.12205,19.89432],[-155.12175,19.89446],[-155.12161,19.89463],[-155.12212,19.89514],[-155.12224,19.8951],[-155.12248,19.89537],[-155.12233,19.89551],[-155.12239,19.89572],[-155.12276,19.89592],[-155.12273,19.89633],[-155.12293,19.89672],[-155.12357,19.89709],[-155.12354,19.89728],[-155.12364,19.89758],[-155.12393,19.89776],[-155.12404,19.89811],[-155.12402,19.89829],[-155.12331,19.89848],[-155.12329,19.89855],[-155.1236,19.899],[-155.12398,19.89897],[-155.12406,19.89912],[-155.12465,19.89936],[-155.125,19.89933],[-155.125,19.90047],[-155.12481,19.9007],[-155.125,19.90077],[-155.125,19.90099],[-155.12596,19.90073],[-155.12614,19.90063],[-155.12672,19.90054],[-155.12725,19.90036],[-155.12771,19.90015],[-155.12824,19.90001],[-155.12851,19.90018],[-155.1287,19.90039],[-155.12876,19.901],[-155.12836,19.9014],[-155.12827,19.90175],[-155.12802,19.90202],[-155.12818,19.90256],[-155.12818,19.90283],[-155.12842,19.90363],[-155.12838,19.90382],[-155.12889,19.90431],[-155.12921,19.9045],[-155.12939,19.90481],[-155.13029,19.90531],[-155.13039,19.90563],[-155.13087,19.90565],[-155.13113,19.90588],[-155.13183,19.90603],[-155.1323,19.90617],[-155.13251,19.90651],[-155.13273,19.90652],[-155.1329,19.90671],[-155.13308,19.90672],[-155.1333,19.90688],[-155.1333,19.90717],[-155.1334,19.90734],[-155.13366,19.90747],[-155.13367,19.9077],[-155.13391,19.9078],[-155.13414,19.908],[-155.135,19.90773],[-155.13511,19.90786],[-155.135,19.90823],[-155.13441,19.90828],[-155.13429,19.9086],[-155.13448,19.90893],[-155.13452,19.9093],[-155.13451,19.90975],[-155.13438,19.91007],[-155.13452,19.91029],[-155.1349,19.91002],[-155.13532,19.91001],[-155.13574,19.91041],[-155.13588,19.91078],[-155.13593,19.9111],[-155.13624,19.91154],[-155.13651,19.91217],[-155.13674,19.91248],[-155.13714,19.91278],[-155.13729,19.91312],[-155.13754,19.91347],[-155.13776,19.91365],[-155.13806,19.91405],[-155.13816,19.91465],[-155.13798,19.91484],[-155.13821,19.91522],[-155.1385,19.91525],[-155.13878,19.91518],[-155.13926,19.91535],[-155.13938,19.91557],[-155.13965,19.91583],[-155.14023,19.91605],[-155.14026,19.91624],[-155.14042,19.91656],[-155.14082,19.91698],[-155.14084,19.91723],[-155.14123,19.9173],[-155.14171,19.91782],[-155.14208,19.91776],[-155.14227,19.91796],[-155.14271,19.918],[-155.14385,19.91851],[-155.14425,19.91884],[-155.14462,19.91881],[-155.14487,19.91921],[-155.14529,19.91933],[-155.14628,19.91989],[-155.14645,19.92014],[-155.14706,19.92066],[-155.14719,19.92085],[-155.1474,19.92088],[-155.14762,19.92104],[-155.14764,19.92119],[-155.14791,19.92133],[-155.14795,19.92161],[-155.14849,19.92182],[-155.14931,19.92247],[-155.14944,19.92267],[-155.14949,19.92307],[-155.14987,19.92337],[-155.15016,19.92336],[-155.15059,19.92361],[-155.15068,19.92389],[-155.15097,19.92391],[-155.15103,19.9242],[-155.15124,19.92444],[-155.15134,19.92466],[-155.15133,19.92487],[-155.15158,19.9249],[-155.15233,19.92546],[-155.15243,19.92575],[-155.15269,19.92603],[-155.15286,19.92613],[-155.15331,19.92667],[-155.15325,19.92695],[-155.1531,19.92714],[-155.15276,19.9274],[-155.15287,19.92763],[-155.15321,19.92753],[-155.1534,19.92765],[-155.15322,19.92784],[-155.15373,19.928],[-155.15392,19.92818],[-155.15416,19.92802],[-155.15455,19.92808],[-155.15464,19.92832],[-155.15491,19.92847],[-155.15531,19.92847],[-155.15544,19.92839],[-155.15563,19.9287],[-155.15566,19.92904],[-155.15594,19.92906],[-155.15615,19.92933],[-155.15634,19.92941],[-155.15694,19.93018],[-155.15704,19.93045],[-155.15781,19.93111],[-155.15771,19.93166],[-155.1575,19.93226],[-155.15783,19.93246],[-155.1582,19.93252],[-155.15847,19.93242],[-155.15902,19.93253],[-155.1593,19.93266],[-155.15955,19.93301],[-155.15967,19.93299],[-155.15994,19.93316],[-155.15996,19.93337],[-155.16033,19.93374],[-155.16063,19.93388],[-155.16099,19.93383],[-155.16112,19.9339],[-155.16107,19.93423],[-155.1616,19.9346],[-155.16165,19.93473],[-155.16232,19.93518],[-155.16242,19.93551],[-155.16265,19.93582],[-155.16282,19.9359],[-155.16292,19.93615],[-155.16331,19.9365],[-155.1642,19.93683],[-155.16477,19.93716],[-155.16555,19.93746],[-155.1656,19.93764],[-155.16629,19.93807],[-155.167,19.93856],[-155.16717,19.93875],[-155.16729,19.93905],[-155.16768,19.93912],[-155.16789,19.93929],[-155.1679,19.93983],[-155.16763,19.94008],[-155.16786,19.94019],[-155.1682,19.94005],[-155.16858,19.94019],[-155.16885,19.94037],[-155.16926,19.94082],[-155.16987,19.94094],[-155.17031,19.9413],[-155.1706,19.94131],[-155.17079,19.9415],[-155.1708,19.94168],[-155.17109,19.94193],[-155.17145,19.94199],[-155.17161,19.94213],[-155.17197,19.94266],[-155.17255,19.94319],[-155.1725,19.94352],[-155.17277,19.94402],[-155.17311,19.94415],[-155.17385,19.94421],[-155.1744,19.94448],[-155.17464,19.94448],[-155.17494,19.94463],[-155.175,19.94476],[-155.17528,19.94494],[-155.17534,19.94519],[-155.17559,19.94576],[-155.17567,19.94584],[-155.17602,19.94584],[-155.17637,19.94592],[-155.17679,19.94615],[-155.17703,19.9464],[-155.17731,19.9473],[-155.17725,19.94788],[-155.17735,19.94795],[-155.1776,19.94784],[-155.1778,19.94795],[-155.17788,19.94819],[-155.17779,19.94881],[-155.17793,19.94893],[-155.17824,19.94876],[-155.1784,19.94876],[-155.17874,19.94894],[-155.17883,19.94907],[-155.17951,19.94967],[-155.17972,19.94989],[-155.18009,19.9502],[-155.18057,19.95026],[-155.18094,19.9504],[-155.18118,19.95059],[-155.18158,19.95099],[-155.18197,19.95125],[-155.18261,19.95148],[-155.18301,19.95167],[-155.18339,19.95215],[-155.18364,19.9523],[-155.18372,19.95246],[-155.18412,19.95257],[-155.18441,19.95278],[-155.18515,19.95309],[-155.18546,19.95334],[-155.18579,19.95342],[-155.18606,19.95354],[-155.18705,19.95393],[-155.1873,19.95424],[-155.1876,19.95415],[-155.1879,19.95416],[-155.18823,19.95429],[-155.18852,19.95451],[-155.18879,19.95448],[-155.18953,19.95458],[-155.18968,19.95476],[-155.19006,19.95462],[-155.19146,19.95519],[-155.19173,19.95544],[-155.19205,19.95542],[-155.19218,19.95552],[-155.19254,19.9555],[-155.193,19.95555],[-155.19361,19.95541],[-155.19388,19.95519],[-155.19444,19.95503],[-155.19529,19.95515],[-155.19562,19.9553],[-155.19598,19.9557],[-155.19619,19.95608],[-155.19619,19.95627],[-155.19639,19.9569],[-155.19637,19.95751],[-155.19673,19.95808],[-155.19674,19.95826],[-155.19664,19.95882],[-155.19667,19.95896],[-155.19703,19.95918],[-155.19709,19.95938],[-155.19704,19.95965],[-155.19688,19.95986],[-155.19695,19.96011],[-155.19685,19.96042],[-155.19699,19.96066],[-155.19713,19.96069],[-155.19745,19.96052],[-155.19778,19.96053],[-155.19805,19.96089],[-155.19841,19.96128],[-155.19869,19.96151],[-155.19851,19.96189],[-155.19906,19.96211],[-155.19921,19.96237],[-155.19942,19.96229],[-155.19964,19.96251],[-155.19993,19.96293],[-155.20051,19.96314],[-155.20066,19.96332],[-155.20075,19.96357],[-155.20172,19.96461],[-155.20167,19.96488],[-155.20154,19.96513],[-155.20157,19.96556],[-155.20166,19.96573],[-155.20169,19.96631],[-155.20192,19.96674],[-155.20204,19.96681],[-155.20236,19.96679],[-155.20289,19.96707],[-155.20323,19.96756],[-155.20354,19.96783],[-155.20389,19.96786],[-155.20412,19.968],[-155.20402,19.9682],[-155.20402,19.96843],[-155.20416,19.96855],[-155.20451,19.96854],[-155.20517,19.96902],[-155.20545,19.96938],[-155.20541,19.96958],[-155.20565,19.96958],[-155.20587,19.96984],[-155.20617,19.96993],[-155.20617,19.97011],[-155.20649,19.97045],[-155.2068,19.97049],[-155.20689,19.97058],[-155.20729,19.97052],[-155.20735,19.97098],[-155.20768,19.97124],[-155.20797,19.97127],[-155.20825,19.97137],[-155.20835,19.97161],[-155.20911,19.97218],[-155.20922,19.97239],[-155.20962,19.97249],[-155.20968,19.9727],[-155.20989,19.97266],[-155.21011,19.97277],[-155.21071,19.97335],[-155.21102,19.97347],[-155.21174,19.97404],[-155.21182,19.97424],[-155.21214,19.97448],[-155.21221,19.97487],[-155.21286,19.97489],[-155.2131,19.97482],[-155.21334,19.97503],[-155.21335,19.97535],[-155.21371,19.97563],[-155.2138,19.97582],[-155.21415,19.97588],[-155.21517,19.97631],[-155.2154,19.97647],[-155.21586,19.9767],[-155.21669,19.97683],[-155.21711,19.97697],[-155.21794,19.97719],[-155.21875,19.97751],[-155.21871,19.9777],[-155.2185,19.97807],[-155.21881,19.97806],[-155.21886,19.97785],[-155.21909,19.97768],[-155.21924,19.97785],[-155.21953,19.97844],[-155.21988,19.97872],[-155.22012,19.97881],[-155.22061,19.9789],[-155.22105,19.97911],[-155.22131,19.97915],[-155.22158,19.97939],[-155.22231,19.97982],[-155.22242,19.98017],[-155.22269,19.98062],[-155.22289,19.98074],[-155.22348,19.9809],[-155.22389,19.98097],[-155.22454,19.98097],[-155.22517,19.98105],[-155.22623,19.98183],[-155.22753,19.98258],[-155.22796,19.98288],[-155.22885,19.98328],[-155.23037,19.98472],[-155.23059,19.98486],[-155.23136,19.98521],[-155.23182,19.98532],[-155.2327,19.98549],[-155.23333,19.98585],[-155.23396,19.98596],[-155.23444,19.98625],[-155.23453,19.98645],[-155.23485,19.98637],[-155.23516,19.98643],[-155.23548,19.98664],[-155.23571,19.9866],[-155.23591,19.98675],[-155.23638,19.98694],[-155.23684,19.98699],[-155.2372,19.98713],[-155.23747,19.98713],[-155.23792,19.98724],[-155.23858,19.98763],[-155.23892,19.988],[-155.23952,19.98892],[-155.23963,19.9894],[-155.23982,19.98967],[-155.24032,19.99025],[-155.24046,19.99061],[-155.24079,19.99099],[-155.24076,19.9912],[-155.2405,19.99144],[-155.24047,19.99195],[-155.24039,19.99209],[-155.23997,19.99216],[-155.23978,19.99249],[-155.23987,19.99288],[-155.23969,19.99363],[-155.23979,19.99404],[-155.24003,19.99397],[-155.24019,19.99408],[-155.24043,19.9939],[-155.24101,19.9941],[-155.24136,19.99399],[-155.24177,19.99371],[-155.24195,19.99376],[-155.24211,19.99395],[-155.24251,19.99365],[-155.24271,19.9939],[-155.24308,19.99389],[-155.24317,19.99406],[-155.24346,19.99413],[-155.24369,19.99431],[-155.24457,19.99446],[-155.2452,19.99442],[-155.24638,19.99441],[-155.24684,19.99453],[-155.2471,19.9945],[-155.24768,19.99469],[-155.24803,19.99506],[-155.24884,19.99549],[-155.24925,19.99634],[-155.2495,19.99652],[-155.24962,19.99692],[-155.24991,19.99712],[-155.25029,19.99718],[-155.25047,19.99873],[-155.25062,19.99905],[-155.25124,19.99951],[-155.25142,19.99971],[-155.25144,20.00021],[-155.25154,20.00074],[-155.25173,20.0008],[-155.25212,20.00072],[-155.2527,20.00082],[-155.25319,20.00115],[-155.25342,20.00151],[-155.2538,20.00188],[-155.25426,20.00224],[-155.25449,20.00232],[-155.25473,20.00277],[-155.25485,20.00285],[-155.25519,20.00286],[-155.25564,20.00302],[-155.256,20.00347],[-155.2564,20.00362],[-155.25707,20.00374],[-155.25735,20.00385],[-155.25781,20.00387],[-155.25835,20.00402],[-155.25919,20.00444],[-155.2598,20.00491],[-155.26007,20.00525],[-155.26039,20.00574],[-155.26092,20.00577],[-155.26158,20.00557],[-155.26216,20.00598],[-155.26226,20.00622],[-155.26224,20.00687],[-155.26243,20.00719],[-155.26283,20.0076],[-155.26325,20.00787],[-155.26349,20.00823],[-155.2639,20.0085],[-155.26442,20.00869],[-155.26501,20.00914],[-155.26606,20.00979],[-155.26628,20.01017],[-155.26657,20.01045],[-155.26678,20.01054],[-155.26705,20.01087],[-155.26715,20.01115],[-155.26751,20.01137],[-155.26764,20.01162],[-155.26827,20.01194],[-155.26867,20.01238],[-155.26915,20.0125],[-155.26931,20.01258],[-155.26975,20.01306],[-155.26995,20.01298],[-155.27019,20.01301],[-155.27089,20.01332],[-155.27115,20.0135],[-155.27125,20.01386],[-155.2716,20.01386],[-155.27181,20.01414],[-155.27216,20.01429],[-155.27316,20.01486],[-155.27364,20.01507],[-155.27396,20.01545],[-155.27447,20.01577],[-155.27473,20.0158],[-155.27474,20.01622],[-155.27488,20.01633],[-155.27538,20.01632],[-155.2761,20.0167],[-155.27634,20.01677],[-155.27641,20.01705],[-155.27697,20.01695],[-155.27731,20.01698],[-155.2778,20.01743],[-155.27822,20.01763],[-155.27847,20.01767],[-155.2788,20.01795],[-155.27927,20.01817],[-155.27957,20.01864],[-155.27995,20.01896],[-155.28066,20.01911],[-155.28104,20.01898],[-155.28136,20.0192],[-155.28179,20.01927],[-155.2822,20.01917],[-155.28262,20.01884],[-155.28305,20.01874],[-155.28319,20.0188],[-155.28316,20.01924],[-155.28356,20.01927],[-155.28393,20.01921],[-155.2843,20.01925],[-155.28475,20.01951],[-155.28491,20.01978],[-155.28514,20.01989],[-155.286,20.0202],[-155.28644,20.02054],[-155.28734,20.02062],[-155.28784,20.02064],[-155.28832,20.02074],[-155.28868,20.02062],[-155.28891,20.02062],[-155.28964,20.02082],[-155.29028,20.02086],[-155.29096,20.0212],[-155.29123,20.02127],[-155.29189,20.02167],[-155.29224,20.02172],[-155.29254,20.02157],[-155.29319,20.02152],[-155.29354,20.02169],[-155.29411,20.02204],[-155.29454,20.0222],[-155.29478,20.02223],[-155.2951,20.0224],[-155.29588,20.0226],[-155.29627,20.02279],[-155.29666,20.02305],[-155.2973,20.02329],[-155.29734,20.02346],[-155.29774,20.02353],[-155.29828,20.02392],[-155.29851,20.02423],[-155.29889,20.02453],[-155.29889,20.02474],[-155.29918,20.025],[-155.29956,20.02485],[-155.30012,20.02503],[-155.30028,20.02524],[-155.3004,20.02511],[-155.30077,20.02509],[-155.30105,20.0252],[-155.30147,20.02549],[-155.3015,20.02577],[-155.30171,20.02589],[-155.3025,20.02594],[-155.30287,20.02608],[-155.30293,20.02634],[-155.30324,20.02629],[-155.30377,20.02659],[-155.30408,20.02659],[-155.30479,20.02681],[-155.30489,20.02717],[-155.30515,20.02709],[-155.3055,20.02717],[-155.30581,20.02745],[-155.30612,20.02735],[-155.30741,20.028],[-155.30768,20.02797],[-155.30822,20.02812],[-155.30866,20.02851],[-155.30921,20.02884],[-155.30942,20.02926],[-155.30938,20.02976],[-155.30946,20.02979],[-155.30981,20.02948],[-155.31013,20.02928],[-155.31071,20.02931],[-155.31097,20.02939],[-155.31226,20.03021],[-155.31269,20.03041],[-155.31284,20.03063],[-155.31363,20.03144],[-155.31396,20.03156],[-155.31458,20.03164],[-155.31508,20.03174],[-155.31529,20.03186],[-155.3155,20.03217],[-155.31566,20.03227],[-155.31606,20.03231],[-155.31616,20.03256],[-155.31675,20.03256],[-155.31711,20.03266],[-155.31753,20.03256],[-155.31776,20.03261],[-155.31791,20.03251],[-155.31843,20.03258],[-155.31882,20.03259],[-155.31911,20.03276],[-155.31969,20.03296],[-155.32084,20.03315],[-155.32158,20.03322],[-155.3224,20.03341],[-155.32273,20.03357],[-155.32307,20.03385],[-155.3232,20.0343],[-155.3233,20.03439],[-155.32403,20.03458],[-155.32486,20.03489],[-155.32573,20.03518],[-155.32665,20.0354],[-155.32745,20.03568],[-155.32833,20.03605],[-155.32863,20.03625],[-155.32916,20.03679],[-155.32942,20.03692],[-155.32991,20.03729],[-155.3305,20.03756],[-155.33087,20.03777],[-155.33183,20.03863],[-155.33223,20.03905],[-155.33277,20.03994],[-155.33288,20.04018],[-155.33316,20.04057],[-155.33365,20.04094],[-155.3341,20.04116],[-155.33462,20.04135],[-155.33484,20.04139],[-155.33514,20.04133],[-155.33561,20.04138],[-155.33585,20.0416],[-155.33599,20.04189],[-155.33632,20.04193],[-155.33675,20.04179],[-155.33718,20.04172],[-155.33757,20.04174],[-155.33805,20.04193],[-155.33867,20.04235],[-155.33893,20.04239],[-155.33967,20.04277],[-155.34005,20.04286],[-155.34107,20.04344],[-155.34167,20.04396],[-155.34216,20.04417],[-155.34244,20.0445],[-155.34313,20.0449],[-155.34301,20.04531],[-155.34324,20.04527],[-155.34385,20.04573],[-155.34412,20.04604],[-155.34428,20.04647],[-155.34454,20.04663],[-155.34472,20.04709],[-155.34465,20.04734],[-155.34481,20.04758],[-155.34486,20.04801],[-155.34523,20.0486],[-155.34547,20.04886],[-155.34551,20.04916],[-155.34585,20.04917],[-155.34617,20.04876],[-155.3465,20.04871],[-155.34677,20.04851],[-155.34705,20.04843],[-155.34784,20.0485],[-155.34809,20.04861],[-155.34842,20.04894],[-155.34874,20.04899],[-155.34898,20.04878],[-155.34945,20.04867],[-155.35026,20.04869],[-155.35061,20.04862],[-155.35092,20.04871],[-155.35164,20.04908],[-155.35209,20.04917],[-155.35323,20.04947],[-155.35374,20.04956],[-155.35409,20.04951],[-155.35452,20.04967],[-155.3548,20.04969],[-155.35514,20.0498],[-155.35586,20.05017],[-155.3566,20.05048],[-155.35693,20.05081],[-155.35722,20.05129],[-155.35756,20.05144],[-155.35803,20.05149],[-155.35844,20.05178],[-155.35882,20.05197],[-155.35932,20.05229],[-155.36033,20.05259],[-155.36054,20.05268],[-155.36114,20.05309],[-155.36163,20.05324],[-155.36264,20.0535],[-155.36307,20.05377],[-155.3636,20.05418],[-155.36434,20.05451],[-155.36439,20.05461],[-155.36488,20.05494],[-155.36499,20.05515],[-155.36528,20.05536],[-155.36561,20.05571],[-155.36627,20.05612],[-155.36658,20.05645],[-155.36686,20.05692],[-155.36721,20.05708],[-155.36743,20.0574],[-155.36761,20.05721],[-155.36807,20.05711],[-155.36854,20.05713],[-155.36873,20.05725],[-155.36944,20.05711],[-155.36997,20.05723],[-155.37096,20.05736],[-155.37144,20.0576],[-155.3721,20.05784],[-155.37228,20.05798],[-155.37256,20.05839],[-155.37286,20.0587],[-155.37364,20.05907],[-155.37391,20.05943],[-155.37409,20.05994],[-155.37426,20.06025],[-155.37506,20.06093],[-155.37508,20.06141],[-155.37535,20.06119],[-155.37582,20.06125],[-155.37603,20.06135],[-155.37601,20.06159],[-155.37613,20.06195],[-155.37668,20.0619],[-155.37714,20.06237],[-155.37756,20.06253],[-155.37813,20.06249],[-155.37863,20.06253],[-155.37933,20.06249],[-155.37953,20.06255],[-155.37997,20.06294],[-155.38024,20.06305],[-155.38051,20.06324],[-155.38068,20.06347],[-155.38094,20.06351],[-155.38112,20.06368],[-155.3817,20.06374],[-155.3818,20.06381],[-155.3824,20.06395],[-155.38258,20.06409],[-155.383,20.06414],[-155.38321,20.06446],[-155.38361,20.06449],[-155.38403,20.06445],[-155.38437,20.06422],[-155.3846,20.06413],[-155.38519,20.06401],[-155.38594,20.06401],[-155.38638,20.06416],[-155.38705,20.06427],[-155.38737,20.06437],[-155.38769,20.06465],[-155.38796,20.06474],[-155.38833,20.06498],[-155.38845,20.06545],[-155.38875,20.06541],[-155.3893,20.06549],[-155.38988,20.06564],[-155.39005,20.06577],[-155.39049,20.06582],[-155.39128,20.06652],[-155.39258,20.0668],[-155.39335,20.06724],[-155.39363,20.06726],[-155.39399,20.06749],[-155.39424,20.0679],[-155.39444,20.06806],[-155.39473,20.06842],[-155.39502,20.06857],[-155.39559,20.06855],[-155.396,20.06869],[-155.39625,20.06873],[-155.39659,20.06901],[-155.3967,20.06936],[-155.39702,20.06995],[-155.39732,20.07016],[-155.39803,20.0702],[-155.39847,20.07037],[-155.39884,20.07073],[-155.39913,20.07112],[-155.39949,20.07174],[-155.39952,20.07188],[-155.39946,20.07231],[-155.3995,20.07256],[-155.3997,20.07294],[-155.39972,20.07316],[-155.39992,20.07344],[-155.40012,20.07397],[-155.40042,20.07432],[-155.40154,20.07504],[-155.40172,20.07537],[-155.40201,20.07557],[-155.40199,20.07578],[-155.40244,20.07571],[-155.40268,20.07581],[-155.40312,20.07586],[-155.40344,20.07585],[-155.40372,20.07592],[-155.40428,20.0762],[-155.40436,20.07639],[-155.40424,20.07668],[-155.40458,20.0767],[-155.4047,20.07655],[-155.40489,20.07654],[-155.40515,20.07669],[-155.40536,20.07666],[-155.40556,20.07689],[-155.40578,20.07702],[-155.40591,20.07678],[-155.40631,20.07691],[-155.40683,20.07702],[-155.40707,20.07717],[-155.4088,20.07716],[-155.40941,20.07711],[-155.40983,20.07718],[-155.41012,20.07738],[-155.41055,20.07749],[-155.41098,20.07769],[-155.41177,20.07787],[-155.41229,20.0781],[-155.41252,20.07827],[-155.4126,20.07867],[-155.41278,20.07893],[-155.41274,20.07936],[-155.41281,20.07957],[-155.41312,20.07982],[-155.4132,20.08009],[-155.41362,20.08031],[-155.41384,20.08064],[-155.41408,20.08085],[-155.41451,20.08086],[-155.415,20.08125],[-155.41531,20.08098],[-155.4156,20.08086],[-155.41588,20.08094],[-155.41623,20.08137],[-155.41629,20.08175],[-155.41653,20.08192],[-155.41641,20.08226],[-155.41649,20.08245],[-155.41667,20.08238],[-155.41684,20.08246],[-155.41707,20.08236],[-155.41763,20.08228],[-155.41789,20.08257],[-155.41816,20.0827],[-155.41869,20.08273],[-155.41928,20.08267],[-155.41983,20.08266],[-155.42013,20.08282],[-155.42018,20.08297],[-155.42009,20.08318],[-155.42015,20.08337],[-155.42061,20.08313],[-155.42079,20.08316],[-155.42108,20.08333],[-155.42139,20.08363],[-155.42183,20.08379],[-155.42193,20.0841],[-155.42213,20.08422],[-155.42233,20.08411],[-155.42255,20.08414],[-155.42284,20.08402],[-155.42343,20.08415],[-155.42398,20.08421],[-155.42479,20.08458],[-155.42491,20.08458],[-155.42566,20.0849],[-155.42658,20.08542],[-155.42708,20.08577],[-155.4272,20.08609],[-155.42735,20.08605],[-155.42789,20.08619],[-155.42821,20.08633],[-155.42827,20.08655],[-155.42857,20.0866],[-155.4289,20.08685],[-155.42897,20.08718],[-155.42895,20.08745],[-155.42923,20.08747],[-155.42952,20.08762],[-155.42983,20.0874],[-155.43005,20.08756],[-155.43014,20.08789],[-155.43027,20.08797],[-155.43075,20.08771],[-155.43102,20.08777],[-155.4311,20.08767],[-155.43137,20.08772],[-155.43167,20.08789],[-155.43204,20.08799],[-155.4324,20.08821],[-155.4329,20.08824],[-155.43327,20.0886],[-155.43332,20.08907],[-155.43371,20.08906],[-155.43406,20.08912],[-155.43466,20.08907],[-155.43529,20.08922],[-155.43551,20.0892],[-155.43571,20.08907],[-155.43632,20.08917],[-155.43671,20.08949],[-155.43687,20.08989],[-155.43703,20.09009],[-155.4373,20.09075],[-155.43736,20.09115],[-155.43751,20.09129],[-155.43768,20.0916],[-155.43773,20.09186],[-155.43744,20.09205],[-155.43802,20.09222],[-155.43815,20.09186],[-155.43859,20.0919],[-155.43864,20.09162],[-155.43886,20.09155],[-155.43896,20.09135],[-155.43926,20.09139],[-155.43939,20.09154],[-155.43963,20.09152],[-155.43977,20.09163],[-155.43971,20.09185],[-155.43997,20.09201],[-155.43995,20.09174],[-155.44023,20.09164],[-155.44075,20.0918],[-155.44083,20.09195],[-155.44107,20.0921],[-155.44121,20.09234],[-155.44116,20.09264],[-155.4414,20.09251],[-155.44173,20.09253],[-155.44227,20.09272],[-155.44268,20.09295],[-155.44315,20.09293],[-155.44365,20.09315],[-155.44392,20.09335],[-155.44416,20.09332],[-155.44456,20.0934],[-155.44467,20.09331],[-155.44534,20.0933],[-155.44562,20.09343],[-155.44616,20.09358],[-155.44636,20.09355],[-155.44673,20.09378],[-155.4472,20.09388],[-155.4474,20.09377],[-155.44772,20.09387],[-155.44795,20.09379],[-155.44821,20.09382],[-155.44861,20.09356],[-155.44908,20.09347],[-155.44945,20.09347],[-155.45004,20.09359],[-155.45039,20.09378],[-155.45107,20.09444],[-155.45131,20.09457],[-155.45175,20.09506],[-155.45191,20.09542],[-155.45227,20.0953],[-155.45271,20.09544],[-155.45294,20.09562],[-155.45305,20.09582],[-155.45348,20.09611],[-155.4536,20.09633],[-155.45403,20.09678],[-155.45428,20.09713],[-155.45511,20.09803],[-155.45554,20.09839],[-155.45572,20.0986],[-155.45593,20.09858],[-155.45612,20.09869],[-155.45645,20.09869],[-155.45728,20.09907],[-155.45766,20.09929],[-155.45795,20.09929],[-155.4583,20.09946],[-155.45864,20.09948],[-155.45946,20.09965],[-155.45964,20.09974],[-155.45988,20.0997],[-155.46019,20.09955],[-155.4604,20.09979],[-155.46068,20.09988],[-155.46093,20.09965],[-155.46129,20.09987],[-155.4615,20.0996],[-155.46168,20.09953],[-155.46187,20.09972],[-155.46196,20.09999],[-155.46182,20.1004],[-155.46216,20.10055],[-155.46245,20.10012],[-155.46316,20.10047],[-155.46306,20.10068],[-155.4632,20.10081],[-155.46376,20.10103],[-155.46408,20.10071],[-155.46471,20.10051],[-155.46485,20.10055],[-155.46486,20.10092],[-155.46498,20.1011],[-155.46538,20.10127],[-155.46553,20.10124],[-155.46567,20.101],[-155.46611,20.10062],[-155.46638,20.1006],[-155.4667,20.10094],[-155.46692,20.10085],[-155.46707,20.10065],[-155.46785,20.10071],[-155.46813,20.10067],[-155.46861,20.10095],[-155.46892,20.10118],[-155.46936,20.10071],[-155.4695,20.10084],[-155.46974,20.10072],[-155.46993,20.10078],[-155.47017,20.10098],[-155.47035,20.10079],[-155.47049,20.10085],[-155.47098,20.10137],[-155.47115,20.10169],[-155.47149,20.10179],[-155.47163,20.10193],[-155.4718,20.10226],[-155.47208,20.10237],[-155.47226,20.1028],[-155.47233,20.10319],[-155.47247,20.10334],[-155.4729,20.10343],[-155.47309,20.10315],[-155.47339,20.10301],[-155.47401,20.10295],[-155.47424,20.10313],[-155.47453,20.10318],[-155.47472,20.10346],[-155.47536,20.10414],[-155.47575,20.10421],[-155.47601,20.10412],[-155.47638,20.10423],[-155.47665,20.10418],[-155.47694,20.10439],[-155.47731,20.10436],[-155.47766,20.10414],[-155.47809,20.10427],[-155.47852,20.10456],[-155.47908,20.10454],[-155.47945,20.10463],[-155.47951,20.1049],[-155.47972,20.10501],[-155.47968,20.10528],[-155.47985,20.10552],[-155.48036,20.10581],[-155.48076,20.10582],[-155.4816,20.10604],[-155.482,20.10607],[-155.48272,20.10622],[-155.48363,20.10622],[-155.48424,20.10636],[-155.48474,20.10635],[-155.48517,20.10644],[-155.4852,20.10667],[-155.48541,20.10662],[-155.48538,20.1064],[-155.48561,20.10626],[-155.48601,20.10622],[-155.48681,20.10662],[-155.4874,20.10679],[-155.48778,20.10708],[-155.48802,20.10716],[-155.48811,20.10729],[-155.48874,20.10748],[-155.48918,20.10748],[-155.49008,20.10772],[-155.49048,20.10798],[-155.49074,20.10803],[-155.49092,20.10824],[-155.49137,20.10832],[-155.49156,20.1086],[-155.49176,20.10873],[-155.49204,20.10908],[-155.49229,20.10918],[-155.49251,20.109],[-155.49297,20.10952],[-155.49382,20.11003],[-155.49414,20.1103],[-155.49422,20.11045],[-155.49465,20.11081],[-155.49486,20.11106],[-155.49521,20.11118],[-155.49542,20.11143],[-155.49557,20.1115],[-155.49571,20.11184],[-155.49611,20.11223],[-155.49606,20.11261],[-155.49653,20.11261],[-155.49667,20.1123],[-155.49708,20.11201],[-155.49729,20.11206],[-155.49751,20.1119],[-155.49771,20.11188],[-155.4979,20.11166],[-155.49822,20.1116],[-155.49864,20.11163],[-155.49881,20.11156],[-155.49906,20.11129],[-155.49951,20.11126],[-155.49979,20.11105],[-155.50026,20.11123],[-155.50041,20.11157],[-155.50061,20.11171],[-155.50099,20.11163],[-155.50122,20.11136],[-155.50168,20.11134],[-155.50238,20.11158],[-155.50255,20.11153],[-155.50336,20.11186],[-155.5035,20.11207],[-155.50383,20.11196],[-155.50403,20.11202],[-155.5045,20.11235],[-155.5048,20.1128],[-155.50489,20.11313],[-155.50521,20.11321],[-155.50549,20.11281],[-155.50567,20.11293],[-155.50594,20.11337],[-155.50629,20.11363],[-155.5067,20.11369],[-155.50693,20.11363],[-155.50706,20.1135],[-155.50719,20.11287],[-155.50729,20.11261],[-155.50764,20.11237],[-155.50781,20.11196],[-155.50777,20.11168],[-155.50807,20.1115],[-155.50834,20.1115],[-155.50882,20.11162],[-155.50903,20.11177],[-155.50986,20.11169],[-155.51045,20.11175],[-155.51085,20.11173],[-155.51123,20.11188],[-155.51157,20.1119],[-155.51247,20.11178],[-155.51276,20.11182],[-155.51306,20.11197],[-155.51331,20.11184],[-155.51373,20.11187],[-155.51408,20.11208],[-155.5145,20.11218],[-155.5146,20.11235],[-155.51499,20.11258],[-155.5152,20.11277],[-155.51544,20.11287],[-155.51551,20.11307],[-155.51579,20.11315],[-155.51585,20.11364],[-155.51615,20.11386],[-155.51622,20.11421],[-155.51666,20.1143],[-155.51684,20.11423],[-155.51694,20.11455],[-155.51721,20.1145],[-155.51736,20.11486],[-155.51759,20.11497],[-155.51781,20.11476],[-155.518,20.11477],[-155.51816,20.11503],[-155.51837,20.11498],[-155.51859,20.11475],[-155.51908,20.11507],[-155.51926,20.11525],[-155.51953,20.11534],[-155.51996,20.11564],[-155.5202,20.1157],[-155.52037,20.11599],[-155.52072,20.11624],[-155.52083,20.11646],[-155.52077,20.11676],[-155.5214,20.11718],[-155.52182,20.11728],[-155.52232,20.11718],[-155.5229,20.11723],[-155.52333,20.11732],[-155.5236,20.11729],[-155.52377,20.11736],[-155.52451,20.11747],[-155.52501,20.11761],[-155.52524,20.11772],[-155.52544,20.11771],[-155.52621,20.11792],[-155.52681,20.11798],[-155.5273,20.11785],[-155.52776,20.11792],[-155.52786,20.11808],[-155.52804,20.11857],[-155.52841,20.1188],[-155.52829,20.11908],[-155.52849,20.11936],[-155.52863,20.11939],[-155.52915,20.11929],[-155.52919,20.11962],[-155.52956,20.11947],[-155.52976,20.11959],[-155.53024,20.11958],[-155.53041,20.11968],[-155.53065,20.11966],[-155.53088,20.11978],[-155.53097,20.12005],[-155.53131,20.12026],[-155.5313,20.12051],[-155.53145,20.12071],[-155.53164,20.12072],[-155.53216,20.12014],[-155.53212,20.11997],[-155.53191,20.11984],[-155.53206,20.1197],[-155.53212,20.11946],[-155.53257,20.11928],[-155.53296,20.11938],[-155.53359,20.11939],[-155.53401,20.11933],[-155.53468,20.11938],[-155.53586,20.11921],[-155.53627,20.11932],[-155.53664,20.11924],[-155.53717,20.11945],[-155.53801,20.12044],[-155.53812,20.12066],[-155.53808,20.12098],[-155.53848,20.12108],[-155.53894,20.12155],[-155.53905,20.12173],[-155.53932,20.12183],[-155.53988,20.12191],[-155.54027,20.12212],[-155.54071,20.12208],[-155.54096,20.12227],[-155.54115,20.1228],[-155.54163,20.12289],[-155.54202,20.1232],[-155.5426,20.12287],[-155.54305,20.12295],[-155.54321,20.12305],[-155.54358,20.12343],[-155.54378,20.12353],[-155.54441,20.12364],[-155.54521,20.12371],[-155.54541,20.12386],[-155.54562,20.12414],[-155.54584,20.12428],[-155.54607,20.12431],[-155.54675,20.12426],[-155.54697,20.1243],[-155.54752,20.12463],[-155.5477,20.125],[-155.54796,20.12517],[-155.54833,20.1252],[-155.54883,20.12566],[-155.54895,20.12615],[-155.54904,20.12634],[-155.549,20.12664],[-155.54913,20.127],[-155.54943,20.12716],[-155.54964,20.12699],[-155.55015,20.12701],[-155.55047,20.12708],[-155.55061,20.12727],[-155.5506,20.12745],[-155.55073,20.12787],[-155.55112,20.12773],[-155.55183,20.12737],[-155.55207,20.12732],[-155.55232,20.12745],[-155.55236,20.12761],[-155.55288,20.12776],[-155.55301,20.1277],[-155.55381,20.12785],[-155.55393,20.12779],[-155.55448,20.12785],[-155.55493,20.12782],[-155.55552,20.12807],[-155.55603,20.12862],[-155.55627,20.12849],[-155.5567,20.12835],[-155.5571,20.12812],[-155.55736,20.12819],[-155.55745,20.12807],[-155.55766,20.1281],[-155.55791,20.12803],[-155.55837,20.12808],[-155.55875,20.12798],[-155.55978,20.12753],[-155.56032,20.12745],[-155.56058,20.12759],[-155.56103,20.12746],[-155.56157,20.1274],[-155.56215,20.12762],[-155.56294,20.12727],[-155.56348,20.1271],[-155.56395,20.127],[-155.56424,20.12704],[-155.56481,20.12725],[-155.56532,20.12718],[-155.56604,20.12678],[-155.56737,20.12628],[-155.56879,20.12571],[-155.56938,20.12556],[-155.57057,20.12536],[-155.57094,20.12516],[-155.57146,20.12473],[-155.57155,20.12451],[-155.57193,20.12424],[-155.57233,20.12386],[-155.57268,20.12364],[-155.57323,20.12356],[-155.57366,20.12364],[-155.57384,20.1236],[-155.57425,20.12328],[-155.57441,20.12294],[-155.5753,20.12198],[-155.57599,20.12146],[-155.57692,20.12101],[-155.57759,20.12077],[-155.57846,20.12039],[-155.57894,20.12025],[-155.57956,20.12021],[-155.58061,20.12018],[-155.58134,20.12005],[-155.58182,20.12003],[-155.58253,20.11988],[-155.58342,20.12],[-155.58392,20.11992],[-155.58525,20.11939],[-155.58553,20.11936],[-155.58596,20.1192],[-155.58652,20.11905],[-155.58706,20.11898],[-155.5875,20.119],[-155.58877,20.11912],[-155.5897,20.11937],[-155.5898,20.11944],[-155.5909,20.11964],[-155.59094,20.12002],[-155.59138,20.12015],[-155.59273,20.12072],[-155.59429,20.12101],[-155.59476,20.1212],[-155.59536,20.12134],[-155.59569,20.12155],[-155.59638,20.12177],[-155.5969,20.12219],[-155.5971,20.12243],[-155.59746,20.12271],[-155.59821,20.12345],[-155.59826,20.12359],[-155.5986,20.12485],[-155.59921,20.12602],[-155.59963,20.12668],[-155.59955,20.12679],[-155.59982,20.12726],[-155.60001,20.12749],[-155.60001,20.1277],[-155.60019,20.1277],[-155.60057,20.12803],[-155.60071,20.12794],[-155.60126,20.12867],[-155.60152,20.12887],[-155.60164,20.12912],[-155.60196,20.12944],[-155.60194,20.12961],[-155.60246,20.13008],[-155.60252,20.12989],[-155.60291,20.13018],[-155.60292,20.13027],[-155.60332,20.13054],[-155.6033,20.13075],[-155.6034,20.13092],[-155.60374,20.13116],[-155.60397,20.13148],[-155.60425,20.13152],[-155.60433,20.13137],[-155.60454,20.13179],[-155.60459,20.13207],[-155.60455,20.13228],[-155.6046,20.13279],[-155.6047,20.13292],[-155.60467,20.13328],[-155.60471,20.1335],[-155.60489,20.13374],[-155.60489,20.13392],[-155.60512,20.13436],[-155.60553,20.1346],[-155.60544,20.13488],[-155.60559,20.13492],[-155.60585,20.13482],[-155.60635,20.13506],[-155.6069,20.13553],[-155.60709,20.13577],[-155.60762,20.13623],[-155.608,20.13644],[-155.60826,20.13651],[-155.6089,20.13681],[-155.60953,20.13692],[-155.61018,20.13681],[-155.61036,20.1367],[-155.61114,20.13632],[-155.61142,20.13622],[-155.61214,20.13624],[-155.61299,20.1364],[-155.61388,20.13685],[-155.61478,20.13726],[-155.61568,20.13785],[-155.61664,20.13866],[-155.61702,20.1391],[-155.61708,20.13946],[-155.61722,20.13977],[-155.61756,20.13978],[-155.6178,20.13988],[-155.61833,20.1403],[-155.6191,20.14084],[-155.61943,20.14098],[-155.61984,20.14106],[-155.62062,20.14138],[-155.62125,20.14199],[-155.62128,20.14209],[-155.6217,20.14242],[-155.62223,20.14269],[-155.62232,20.1428],[-155.62303,20.14309],[-155.62375,20.14314],[-155.62405,20.143],[-155.62421,20.14303],[-155.625,20.14305],[-155.62657,20.14339],[-155.62713,20.14369],[-155.62766,20.14388],[-155.62807,20.14392],[-155.62901,20.14389],[-155.62971,20.14378],[-155.63028,20.14364],[-155.63088,20.14366],[-155.63137,20.14363],[-155.63174,20.14354],[-155.63231,20.14329],[-155.63242,20.1432],[-155.63284,20.14307],[-155.63326,20.14306],[-155.63389,20.1434],[-155.63409,20.14346],[-155.63485,20.14381],[-155.63607,20.14447],[-155.63626,20.14461],[-155.63701,20.14497],[-155.63762,20.1454],[-155.63813,20.146],[-155.63846,20.14699],[-155.63885,20.14788],[-155.63886,20.1483],[-155.63917,20.14913],[-155.63914,20.14953],[-155.63942,20.15044],[-155.63964,20.15097],[-155.63982,20.15159],[-155.63983,20.15188],[-155.64011,20.15232],[-155.64014,20.15258],[-155.64039,20.15335],[-155.6408,20.15395],[-155.64131,20.15454],[-155.64167,20.15488],[-155.64209,20.15518],[-155.64276,20.15543],[-155.64345,20.15552],[-155.64384,20.15551],[-155.64469,20.15599],[-155.64582,20.15635],[-155.6461,20.15649],[-155.64659,20.15661],[-155.64686,20.15699],[-155.64693,20.15721],[-155.64683,20.15776],[-155.64686,20.1582],[-155.647,20.15875],[-155.64728,20.15929],[-155.64781,20.16011],[-155.64817,20.1608],[-155.64873,20.16148],[-155.6491,20.162],[-155.64985,20.1629],[-155.65012,20.16319],[-155.65073,20.16397],[-155.65125,20.16438],[-155.65163,20.16446],[-155.65224,20.16467],[-155.65339,20.1651],[-155.65377,20.16516],[-155.65485,20.16509],[-155.65514,20.16512],[-155.65566,20.16529],[-155.65712,20.16619],[-155.65791,20.16642],[-155.65834,20.16697],[-155.65876,20.16727],[-155.65898,20.16762],[-155.65942,20.16815],[-155.65973,20.16838],[-155.66012,20.16856],[-155.66057,20.16869],[-155.66099,20.16875],[-155.66145,20.16902],[-155.66185,20.16935],[-155.6635,20.17051],[-155.66401,20.17079],[-155.6645,20.17099],[-155.66515,20.17131],[-155.66531,20.17147],[-155.66574,20.17174],[-155.66625,20.17199],[-155.66783,20.17244],[-155.66927,20.17332],[-155.66961,20.17332],[-155.6698,20.17357],[-155.67021,20.17389],[-155.6706,20.17409],[-155.67112,20.17426],[-155.67149,20.17432],[-155.67213,20.17433],[-155.67282,20.17424],[-155.67306,20.17417],[-155.6739,20.17448],[-155.67408,20.17458],[-155.67546,20.17501],[-155.67642,20.17548],[-155.67737,20.17617],[-155.67799,20.17657],[-155.67888,20.17729],[-155.67927,20.1775],[-155.6803,20.17821],[-155.68097,20.17856],[-155.6813,20.17867],[-155.68157,20.17868],[-155.68249,20.17888],[-155.68334,20.17904],[-155.6844,20.17928],[-155.68484,20.17931],[-155.68525,20.17927],[-155.68558,20.17916],[-155.68588,20.17895],[-155.68623,20.17853],[-155.68682,20.17792],[-155.68733,20.17791],[-155.68803,20.17806],[-155.68867,20.1783],[-155.68891,20.17853],[-155.68907,20.17904],[-155.68946,20.17953],[-155.69056,20.18032],[-155.69107,20.1806],[-155.69142,20.18098],[-155.69243,20.18178],[-155.69331,20.18274],[-155.69417,20.18354],[-155.69433,20.18373],[-155.69515,20.18444],[-155.69551,20.18484],[-155.69595,20.18539],[-155.69608,20.18547],[-155.69667,20.18557],[-155.69707,20.18557],[-155.6978,20.18574],[-155.69797,20.18583],[-155.69845,20.1859],[-155.69863,20.18588],[-155.69948,20.18632],[-155.70003,20.18674],[-155.70014,20.18692],[-155.7009,20.18753],[-155.70103,20.1878],[-155.70139,20.1883],[-155.70186,20.18885],[-155.70233,20.18922],[-155.70277,20.18946],[-155.70349,20.18975],[-155.70437,20.18993],[-155.70498,20.18993],[-155.70537,20.19002],[-155.70592,20.1901],[-155.70698,20.19048],[-155.70738,20.19058],[-155.70757,20.19084],[-155.70781,20.19101],[-155.70858,20.19146],[-155.70878,20.19154],[-155.70918,20.19187],[-155.70946,20.1922],[-155.70988,20.19255],[-155.71012,20.19269],[-155.71044,20.19275],[-155.71125,20.1933],[-155.7119,20.19364],[-155.71253,20.19391],[-155.71284,20.1941],[-155.71315,20.19417],[-155.71362,20.1942],[-155.71398,20.19443],[-155.71437,20.19433],[-155.71513,20.19405],[-155.71538,20.1942],[-155.7154,20.19359],[-155.71546,20.19319],[-155.7156,20.19283],[-155.71586,20.19255],[-155.7161,20.19263],[-155.71645,20.19263],[-155.71661,20.19273],[-155.71663,20.19298],[-155.71648,20.19327],[-155.71637,20.19367],[-155.71635,20.19435],[-155.71648,20.19546],[-155.71645,20.19607],[-155.71648,20.1965],[-155.71665,20.19697],[-155.71698,20.19706],[-155.71736,20.19661],[-155.71784,20.19651],[-155.71824,20.19663],[-155.71884,20.19669],[-155.71927,20.19686],[-155.71947,20.19699],[-155.72009,20.19721],[-155.72067,20.19745],[-155.721,20.19774],[-155.72173,20.19807],[-155.72289,20.19921],[-155.72329,20.19952],[-155.72408,20.19997],[-155.72423,20.20009],[-155.72452,20.20067],[-155.72495,20.20097],[-155.72564,20.20108],[-155.72642,20.20134],[-155.72655,20.20135],[-155.72739,20.20121],[-155.7277,20.2012],[-155.72817,20.20132],[-155.72852,20.20149],[-155.7295,20.20205],[-155.73008,20.20264],[-155.73045,20.20318],[-155.73078,20.20356],[-155.73102,20.20405],[-155.73105,20.20475],[-155.73126,20.20567],[-155.73139,20.20593],[-155.73186,20.20724],[-155.73221,20.208],[-155.73251,20.20875],[-155.73289,20.20941],[-155.73297,20.20985],[-155.73309,20.21013],[-155.73318,20.2106],[-155.73315,20.21092],[-155.73338,20.21157],[-155.73343,20.21195],[-155.73335,20.21228],[-155.7331,20.21256],[-155.73277,20.21272],[-155.73257,20.21292],[-155.73226,20.21302],[-155.73211,20.21319],[-155.73193,20.21363],[-155.7317,20.2139],[-155.73141,20.21441],[-155.73145,20.21466],[-155.73136,20.21488],[-155.73113,20.21509],[-155.73108,20.21534],[-155.73091,20.21558],[-155.73086,20.21591],[-155.73071,20.2163],[-155.73088,20.21676],[-155.73086,20.21696],[-155.73051,20.21699],[-155.73046,20.21711],[-155.73048,20.2177],[-155.73059,20.21791],[-155.73057,20.21814],[-155.73069,20.21847],[-155.73073,20.21876],[-155.73065,20.21918],[-155.73082,20.21975],[-155.731,20.22003],[-155.73125,20.22014],[-155.73164,20.21981],[-155.73196,20.21991],[-155.73236,20.2196],[-155.73266,20.21894],[-155.73333,20.21839],[-155.73359,20.21834],[-155.73377,20.21853],[-155.73381,20.21897],[-155.73346,20.21896],[-155.73321,20.21939],[-155.73338,20.2196],[-155.73391,20.21965],[-155.73471,20.22008],[-155.73489,20.22024],[-155.73535,20.22101],[-155.73564,20.22104],[-155.73617,20.22074],[-155.73646,20.22049],[-155.7367,20.22048],[-155.73682,20.22058],[-155.73687,20.22089],[-155.73707,20.22102],[-155.73717,20.22135],[-155.73764,20.22152],[-155.7379,20.22173],[-155.738,20.22202],[-155.73825,20.22221],[-155.73863,20.22215],[-155.739,20.22258],[-155.73896,20.22291],[-155.73941,20.22326],[-155.73966,20.22363],[-155.73979,20.22418],[-155.73973,20.22451],[-155.73944,20.22484],[-155.73953,20.22506],[-155.73976,20.22515],[-155.74047,20.22576],[-155.74098,20.22627],[-155.74115,20.22649],[-155.74158,20.22689],[-155.74181,20.22702],[-155.74204,20.22725],[-155.74217,20.22754],[-155.74242,20.22779],[-155.74278,20.22785],[-155.74296,20.22795],[-155.74323,20.2285],[-155.74354,20.22863],[-155.74395,20.22911],[-155.74423,20.22936],[-155.74439,20.22929],[-155.74466,20.2288],[-155.74532,20.22852],[-155.74557,20.22818],[-155.74565,20.22784],[-155.74611,20.22743],[-155.74637,20.22746],[-155.74678,20.22737],[-155.74693,20.22721],[-155.74704,20.22689],[-155.74789,20.22686],[-155.74825,20.22693],[-155.74862,20.22717],[-155.74867,20.22745],[-155.74863,20.22801],[-155.74873,20.22822],[-155.74863,20.22842],[-155.74862,20.22884],[-155.74842,20.22936],[-155.74826,20.22951],[-155.74827,20.22982],[-155.74848,20.23014],[-155.74885,20.23014],[-155.74927,20.22996],[-155.74936,20.23015],[-155.74986,20.23056],[-155.75,20.23063],[-155.75179,20.23132],[-155.75207,20.23139],[-155.75215,20.23159],[-155.75238,20.2318],[-155.75247,20.23214],[-155.75276,20.23228],[-155.75286,20.23267],[-155.7531,20.23282],[-155.75325,20.23305],[-155.75296,20.23339],[-155.75293,20.23399],[-155.75302,20.23411],[-155.75299,20.23446],[-155.75316,20.23472],[-155.75316,20.23495],[-155.75305,20.23562],[-155.75314,20.23576],[-155.75342,20.23573],[-155.75366,20.23561],[-155.75372,20.23592],[-155.75383,20.236],[-155.75422,20.23595],[-155.75453,20.23599],[-155.75482,20.23623],[-155.75484,20.2366],[-155.75543,20.2366],[-155.75569,20.23676],[-155.75584,20.23695],[-155.75598,20.2374],[-155.75607,20.23748],[-155.75658,20.2376],[-155.75708,20.23754],[-155.75738,20.23765],[-155.7576,20.23792],[-155.75778,20.23798],[-155.75821,20.23789],[-155.75839,20.2377],[-155.75869,20.23707],[-155.75885,20.23683],[-155.75929,20.23642],[-155.75969,20.2364],[-155.7604,20.23647],[-155.76112,20.23674],[-155.76144,20.23707],[-155.76156,20.23729],[-155.76178,20.23806],[-155.76185,20.23815],[-155.76227,20.2383],[-155.76254,20.23827],[-155.76271,20.23804],[-155.76303,20.23797],[-155.76337,20.23812],[-155.76384,20.23844],[-155.76411,20.23856],[-155.76471,20.23922],[-155.76504,20.23976],[-155.76506,20.24012],[-155.765,20.24106],[-155.76509,20.24125],[-155.76547,20.24133],[-155.76585,20.24151],[-155.76615,20.24128],[-155.76637,20.2412],[-155.76682,20.24125],[-155.7672,20.24147],[-155.76759,20.24145],[-155.76799,20.24137],[-155.76839,20.2414],[-155.76869,20.24158],[-155.76903,20.24186],[-155.76926,20.24194],[-155.76973,20.2419],[-155.77006,20.24203],[-155.7702,20.24221],[-155.77022,20.2426],[-155.76958,20.24311],[-155.76938,20.24332],[-155.76919,20.24375],[-155.76914,20.24452],[-155.76908,20.24491],[-155.76922,20.24522],[-155.77005,20.24575],[-155.77163,20.24662],[-155.77192,20.2464],[-155.77167,20.24609],[-155.77167,20.24588],[-155.77202,20.2455],[-155.77234,20.24489],[-155.77282,20.24427],[-155.77293,20.24401],[-155.77305,20.24335],[-155.77319,20.24314],[-155.77336,20.24272],[-155.77369,20.24248],[-155.77381,20.24208],[-155.77403,20.24194],[-155.77448,20.24197],[-155.7747,20.24214],[-155.77527,20.24245],[-155.77557,20.24265],[-155.77603,20.24265],[-155.77635,20.24249],[-155.77641,20.24231],[-155.77672,20.24224],[-155.77745,20.24246],[-155.77766,20.24238],[-155.77837,20.24231],[-155.77869,20.24261],[-155.77904,20.24273],[-155.77953,20.24319],[-155.77983,20.24338],[-155.78,20.24339],[-155.78052,20.24319],[-155.78097,20.24361],[-155.78107,20.24379],[-155.78111,20.24424],[-155.78122,20.24457],[-155.78148,20.2447],[-155.78154,20.24495],[-155.78194,20.24504],[-155.78205,20.24468],[-155.7825,20.24473],[-155.78285,20.24497],[-155.78326,20.24513],[-155.78378,20.2455],[-155.78441,20.24575],[-155.78476,20.24577],[-155.78526,20.24602],[-155.78522,20.24633],[-155.78564,20.24695],[-155.78609,20.24692],[-155.78641,20.24709],[-155.7867,20.24712],[-155.78696,20.24703],[-155.7874,20.24718],[-155.78766,20.24718],[-155.78793,20.24732],[-155.78826,20.24732],[-155.78848,20.2476],[-155.78883,20.24766],[-155.78922,20.24734],[-155.78934,20.2474],[-155.78967,20.24774],[-155.78974,20.24792],[-155.78998,20.24795],[-155.79013,20.24822],[-155.79021,20.24861],[-155.79031,20.24872],[-155.79111,20.24876],[-155.7915,20.24901],[-155.79204,20.24918],[-155.79251,20.24913],[-155.79298,20.24915],[-155.79341,20.24893],[-155.79409,20.24897],[-155.79454,20.24891],[-155.79489,20.24914],[-155.7959,20.24888],[-155.79632,20.24864],[-155.79672,20.24832],[-155.79698,20.24817],[-155.79746,20.24826],[-155.79787,20.24852],[-155.79807,20.24888],[-155.79813,20.24929],[-155.79804,20.25006],[-155.79817,20.25025],[-155.79842,20.25011],[-155.79883,20.25001],[-155.79903,20.25011],[-155.79924,20.25049],[-155.79954,20.25089],[-155.79979,20.25104],[-155.80024,20.25116],[-155.80029,20.25131],[-155.80014,20.25158],[-155.80023,20.25184],[-155.80002,20.25224],[-155.80011,20.25238],[-155.80037,20.2525],[-155.80047,20.25218],[-155.80075,20.25209],[-155.80121,20.25223],[-155.80138,20.25237],[-155.80148,20.25266],[-155.80179,20.25254],[-155.80249,20.25257],[-155.80295,20.25272],[-155.80328,20.25306],[-155.80316,20.25338],[-155.80357,20.25382],[-155.80371,20.25407],[-155.80371,20.25424],[-155.80398,20.25436],[-155.80428,20.25468],[-155.80467,20.25455],[-155.80524,20.25462],[-155.80576,20.25475],[-155.80611,20.25479],[-155.80638,20.25501],[-155.80643,20.25524],[-155.80667,20.25577],[-155.80685,20.25661],[-155.80713,20.25652],[-155.80752,20.25676],[-155.80783,20.2569],[-155.80817,20.25694],[-155.80846,20.25719],[-155.80871,20.25698],[-155.80913,20.25709],[-155.80933,20.25723],[-155.81044,20.25675],[-155.81067,20.25675],[-155.811,20.25689],[-155.81121,20.25714],[-155.81125,20.25741],[-155.81158,20.25758],[-155.8118,20.25786],[-155.81187,20.25845],[-155.81205,20.25835],[-155.81218,20.25849],[-155.81215,20.25873],[-155.81236,20.25874],[-155.81264,20.25855],[-155.81277,20.25866],[-155.81294,20.25844],[-155.81322,20.2583],[-155.81354,20.25793],[-155.8139,20.25825],[-155.81425,20.25803],[-155.81454,20.25793],[-155.8147,20.25812],[-155.81454,20.2587],[-155.81486,20.25888],[-155.81514,20.25884],[-155.81538,20.25888],[-155.81568,20.25871],[-155.81587,20.25842],[-155.8161,20.25825],[-155.81638,20.25823],[-155.81726,20.25849],[-155.81741,20.25867],[-155.81738,20.25904],[-155.81731,20.25918],[-155.8178,20.25965],[-155.81793,20.2599],[-155.81825,20.26016],[-155.8187,20.26017],[-155.819,20.2599],[-155.81944,20.25966],[-155.81984,20.25954],[-155.82001,20.25977],[-155.82013,20.25958],[-155.82063,20.25959],[-155.8207,20.25949],[-155.82099,20.25946],[-155.82115,20.25966],[-155.82129,20.2595],[-155.82161,20.25957],[-155.82188,20.25946],[-155.82229,20.25951],[-155.82289,20.25933],[-155.82344,20.25941],[-155.82397,20.25954],[-155.82425,20.25967],[-155.82469,20.25979],[-155.82513,20.25986],[-155.82541,20.25982],[-155.8261,20.26012],[-155.82657,20.26057],[-155.82681,20.26087],[-155.82706,20.26093],[-155.82729,20.2611],[-155.82751,20.26096],[-155.82783,20.26103],[-155.82869,20.26193],[-155.82899,20.26233],[-155.82927,20.26248],[-155.82948,20.26297],[-155.82945,20.26396],[-155.82959,20.26463],[-155.82974,20.26482],[-155.83003,20.26492],[-155.83006,20.2653],[-155.83032,20.26525],[-155.8307,20.26462],[-155.8309,20.26445],[-155.83113,20.26415],[-155.83145,20.26392],[-155.83167,20.26401],[-155.83182,20.26438],[-155.83194,20.26447],[-155.83237,20.26444],[-155.83304,20.26462],[-155.83345,20.26461],[-155.8338,20.26495],[-155.83414,20.26538],[-155.83415,20.26552],[-155.83444,20.26571],[-155.83473,20.26616],[-155.83504,20.26637],[-155.83545,20.26645],[-155.83543,20.26677],[-155.83555,20.267],[-155.83572,20.26758],[-155.8362,20.26752],[-155.83634,20.26731],[-155.83684,20.26737],[-155.83705,20.26713],[-155.83728,20.26727],[-155.83807,20.26725],[-155.83849,20.267],[-155.83937,20.26688],[-155.83972,20.2667],[-155.84012,20.26679],[-155.84042,20.26667],[-155.84068,20.26668],[-155.8411,20.26652],[-155.84149,20.26673],[-155.84164,20.26675],[-155.8425,20.2664],[-155.84308,20.26621],[-155.84358,20.26624],[-155.84382,20.26614],[-155.84416,20.2662],[-155.84443,20.26606],[-155.84463,20.26587],[-155.84483,20.26558],[-155.84508,20.26551],[-155.84557,20.26558],[-155.84579,20.26551],[-155.84614,20.2659],[-155.84637,20.26575],[-155.84679,20.26579],[-155.84718,20.26551],[-155.84743,20.26552],[-155.84796,20.26573],[-155.84825,20.26605],[-155.84854,20.26611],[-155.84918,20.26664],[-155.84935,20.26692],[-155.84961,20.26756],[-155.84968,20.26817],[-155.85034,20.2682]]]},"properties":{"objectid":4,"geoid20":"15001","name20":"Hawaii","namelsad20":"Hawaii County","aland20":10433635373,"awater20":2739472560,"pop20":200629,"st_areashape":10462613058.398155,"st_perimetershape":632148.656293868}},{"type":"Feature","geometry":{"type":"MultiPolygon","coordinates":[[[[-157.9832,21.71204],[-157.98351,21.71259],[-157.98411,21.71267],[-157.98448,21.71278],[-157.98453,21.71252],[-157.98436,21.71225],[-157.98432,21.71169],[-157.98417,21.71141],[-157.98435,21.71121],[-157.98462,21.71106],[-157.98461,21.71093],[-157.98437,21.71076],[-157.98423,21.71041],[-157.98421,21.70979],[-157.98428,21.70952],[-157.98486,21.70911],[-157.98512,21.709],[-157.98533,21.70881],[-157.98547,21.70856],[-157.986,21.70822],[-157.98654,21.70773],[-157.98692,21.70731],[-157.98723,21.70705],[-157.9877,21.70682],[-157.98796,21.70659],[-157.98858,21.7059],[-157.98889,21.70568],[-157.98901,21.70535],[-157.98941,21.70507],[-157.98985,21.70488],[-157.99084,21.70469],[-157.99146,21.70466],[-157.99191,21.70474],[-157.99239,21.70493],[-157.99328,21.70552],[-157.99353,21.70552],[-157.99385,21.70537],[-157.99442,21.70539],[-157.99486,21.70549],[-157.9953,21.70566],[-157.99581,21.70573],[-157.99625,21.70592],[-157.99645,21.70615],[-157.99648,21.70653],[-157.99644,21.70683],[-157.99652,21.70701],[-157.99676,21.70713],[-157.99671,21.70658],[-157.99671,21.70593],[-157.99694,21.70555],[-157.99717,21.7054],[-157.99752,21.7053],[-157.99784,21.7053],[-157.99801,21.70544],[-157.99812,21.70588],[-157.99825,21.70604],[-157.9983,21.70645],[-157.99892,21.7071],[-157.99937,21.70717],[-157.99962,21.70728],[-157.99972,21.70709],[-157.99968,21.7068],[-157.99954,21.70633],[-157.99962,21.70573],[-157.9998,21.70533],[-157.99983,21.70507],[-157.99975,21.7049],[-157.99932,21.70455],[-157.99879,21.70438],[-157.99861,21.70423],[-157.99856,21.70389],[-157.99863,21.70331],[-157.99895,21.70238],[-157.99929,21.70186],[-157.9996,21.70149],[-157.99998,21.70131],[-158.00035,21.70098],[-158.00074,21.70035],[-158.00096,21.70009],[-158.00183,21.6998],[-158.00252,21.69948],[-158.00282,21.69942],[-158.00363,21.69941],[-158.00371,21.69956],[-158.00377,21.69995],[-158.00394,21.70019],[-158.00416,21.70026],[-158.00509,21.70011],[-158.00546,21.70013],[-158.00591,21.70025],[-158.00619,21.70039],[-158.0067,21.70047],[-158.00711,21.70035],[-158.00786,21.70022],[-158.00853,21.70014],[-158.00884,21.7002],[-158.00899,21.70043],[-158.00909,21.70082],[-158.0093,21.70096],[-158.0094,21.70075],[-158.00946,21.70028],[-158.00941,21.69969],[-158.00926,21.69952],[-158.00904,21.69944],[-158.00888,21.69921],[-158.00829,21.69919],[-158.00814,21.69911],[-158.00805,21.69851],[-158.00811,21.69819],[-158.00828,21.69787],[-158.00859,21.69751],[-158.00952,21.6966],[-158.01018,21.69619],[-158.01096,21.69595],[-158.01147,21.6959],[-158.01225,21.69591],[-158.0127,21.6961],[-158.01317,21.69656],[-158.01315,21.6968],[-158.01277,21.69692],[-158.01268,21.69722],[-158.01303,21.6977],[-158.013,21.69813],[-158.01318,21.69826],[-158.01367,21.69834],[-158.01393,21.69812],[-158.01448,21.69774],[-158.01491,21.6975],[-158.01544,21.69698],[-158.01659,21.69546],[-158.01694,21.69508],[-158.01768,21.6945],[-158.0183,21.69414],[-158.01917,21.69375],[-158.01996,21.69302],[-158.0204,21.69278],[-158.02112,21.69268],[-158.02135,21.69251],[-158.02152,21.69218],[-158.02159,21.69186],[-158.02184,21.6916],[-158.02224,21.69137],[-158.02303,21.69069],[-158.02365,21.69003],[-158.02465,21.68922],[-158.025,21.68905],[-158.026,21.68873],[-158.02702,21.68834],[-158.02762,21.68819],[-158.02858,21.68764],[-158.03004,21.68716],[-158.03015,21.68708],[-158.03066,21.68637],[-158.03097,21.6858],[-158.03111,21.68545],[-158.03128,21.6847],[-158.03146,21.6841],[-158.03177,21.68364],[-158.03196,21.68346],[-158.03256,21.68235],[-158.033,21.6819],[-158.03339,21.68164],[-158.03394,21.68145],[-158.0347,21.6813],[-158.03556,21.68125],[-158.0371,21.68125],[-158.03781,21.68112],[-158.03793,21.68101],[-158.03817,21.68038],[-158.03833,21.68016],[-158.03878,21.67966],[-158.03889,21.67924],[-158.0391,21.67902],[-158.03923,21.67842],[-158.03905,21.67729],[-158.03912,21.67673],[-158.03928,21.67612],[-158.03961,21.67556],[-158.04006,21.67525],[-158.04033,21.67461],[-158.04059,21.67428],[-158.04084,21.67405],[-158.04217,21.67333],[-158.04328,21.67269],[-158.04423,21.67201],[-158.04476,21.67183],[-158.04516,21.67141],[-158.04567,21.67103],[-158.04628,21.67067],[-158.04669,21.67048],[-158.04697,21.67006],[-158.04727,21.66908],[-158.04799,21.66829],[-158.04875,21.66766],[-158.04898,21.66739],[-158.04984,21.66695],[-158.05037,21.66648],[-158.05097,21.66613],[-158.0513,21.66597],[-158.05186,21.66548],[-158.05271,21.66461],[-158.05314,21.66384],[-158.05361,21.66287],[-158.0539,21.66248],[-158.05481,21.66176],[-158.0554,21.66133],[-158.05609,21.66093],[-158.05688,21.66036],[-158.05739,21.66006],[-158.0577,21.65962],[-158.05806,21.6593],[-158.05848,21.65901],[-158.05892,21.65835],[-158.05936,21.65751],[-158.05966,21.65714],[-158.06013,21.6567],[-158.06027,21.65647],[-158.06071,21.65611],[-158.061,21.65567],[-158.06127,21.6554],[-158.06152,21.65534],[-158.06255,21.65541],[-158.06279,21.65534],[-158.06304,21.65512],[-158.06316,21.65482],[-158.06311,21.65434],[-158.06315,21.654],[-158.06272,21.6537],[-158.06255,21.65366],[-158.0622,21.65312],[-158.06197,21.6529],[-158.06201,21.65272],[-158.06226,21.65269],[-158.06246,21.65249],[-158.06233,21.65214],[-158.06238,21.65187],[-158.06187,21.65174],[-158.06178,21.65153],[-158.06209,21.65081],[-158.06236,21.65073],[-158.06269,21.65031],[-158.06282,21.65005],[-158.06283,21.6498],[-158.06296,21.64963],[-158.06328,21.64948],[-158.06336,21.64916],[-158.06364,21.6494],[-158.06358,21.64964],[-158.06363,21.65],[-158.06348,21.65057],[-158.06364,21.65054],[-158.06378,21.6502],[-158.06392,21.64945],[-158.06385,21.64925],[-158.0636,21.64912],[-158.06381,21.64881],[-158.06377,21.64859],[-158.06334,21.64861],[-158.06315,21.64797],[-158.06318,21.6476],[-158.06327,21.64741],[-158.06326,21.64716],[-158.06332,21.64674],[-158.06364,21.64627],[-158.06384,21.64616],[-158.06404,21.64572],[-158.06423,21.64557],[-158.0646,21.64564],[-158.06483,21.64546],[-158.06461,21.64525],[-158.06453,21.64503],[-158.0648,21.64437],[-158.06496,21.64342],[-158.06493,21.64327],[-158.06423,21.64299],[-158.06336,21.6427],[-158.06307,21.64248],[-158.06289,21.64216],[-158.0629,21.64191],[-158.06328,21.64101],[-158.06401,21.63982],[-158.06481,21.63879],[-158.06501,21.63861],[-158.06538,21.6384],[-158.06571,21.63828],[-158.06612,21.63829],[-158.06664,21.63817],[-158.06726,21.63808],[-158.06804,21.63817],[-158.06871,21.63785],[-158.06894,21.63756],[-158.06889,21.63701],[-158.06897,21.63661],[-158.06889,21.63612],[-158.06938,21.63529],[-158.0696,21.63511],[-158.06959,21.63486],[-158.06981,21.63461],[-158.06971,21.63427],[-158.06991,21.63387],[-158.07012,21.63367],[-158.07043,21.63351],[-158.07078,21.6336],[-158.07067,21.63328],[-158.07075,21.63317],[-158.07108,21.63309],[-158.07152,21.63321],[-158.07173,21.63351],[-158.0718,21.63317],[-158.07142,21.63298],[-158.07125,21.63271],[-158.0714,21.63197],[-158.07155,21.63141],[-158.07175,21.63124],[-158.07249,21.63033],[-158.07267,21.63017],[-158.07292,21.63012],[-158.07302,21.62977],[-158.07335,21.62942],[-158.07364,21.62884],[-158.07392,21.62867],[-158.07394,21.62811],[-158.07407,21.62792],[-158.07498,21.62738],[-158.07564,21.62721],[-158.07572,21.62713],[-158.07567,21.6268],[-158.07584,21.62635],[-158.07612,21.62598],[-158.07655,21.62564],[-158.07708,21.62531],[-158.07737,21.62517],[-158.07755,21.625],[-158.07794,21.62494],[-158.07814,21.62466],[-158.07879,21.62438],[-158.07979,21.62404],[-158.08018,21.62399],[-158.08064,21.624],[-158.08111,21.62381],[-158.0813,21.6236],[-158.08153,21.62311],[-158.08159,21.62283],[-158.08182,21.6222],[-158.08207,21.62176],[-158.08237,21.62147],[-158.08275,21.62137],[-158.0831,21.62141],[-158.08397,21.62107],[-158.08434,21.621],[-158.08464,21.62117],[-158.08476,21.62115],[-158.0847,21.62085],[-158.08531,21.62041],[-158.08536,21.61993],[-158.08547,21.6198],[-158.0857,21.61974],[-158.08538,21.61915],[-158.08544,21.61888],[-158.08597,21.61819],[-158.08628,21.61795],[-158.08718,21.61738],[-158.08769,21.61721],[-158.08826,21.61693],[-158.08884,21.61649],[-158.0893,21.61603],[-158.08964,21.61559],[-158.08996,21.61533],[-158.09038,21.61507],[-158.09105,21.61483],[-158.09192,21.61435],[-158.0922,21.61431],[-158.09293,21.61392],[-158.09347,21.61378],[-158.09428,21.61373],[-158.0945,21.61363],[-158.09509,21.61304],[-158.09535,21.61251],[-158.09537,21.61217],[-158.09547,21.61177],[-158.09588,21.61106],[-158.09619,21.61063],[-158.09677,21.61012],[-158.09775,21.60943],[-158.09842,21.60907],[-158.09932,21.60879],[-158.0998,21.60871],[-158.10007,21.60872],[-158.10043,21.60826],[-158.1006,21.60817],[-158.1007,21.60796],[-158.1009,21.60775],[-158.1015,21.60739],[-158.10184,21.60728],[-158.10228,21.60707],[-158.10244,21.60691],[-158.10245,21.60671],[-158.10268,21.60623],[-158.10317,21.6056],[-158.10354,21.60519],[-158.10381,21.60498],[-158.10426,21.6047],[-158.10461,21.60463],[-158.10508,21.60438],[-158.10539,21.60417],[-158.10564,21.60412],[-158.10614,21.60392],[-158.1066,21.60383],[-158.10687,21.6037],[-158.107,21.60347],[-158.1076,21.60305],[-158.10762,21.60287],[-158.1073,21.60253],[-158.10664,21.60244],[-158.10651,21.60233],[-158.10646,21.60184],[-158.10627,21.60171],[-158.10587,21.6017],[-158.10523,21.60185],[-158.10505,21.60181],[-158.10479,21.60143],[-158.10476,21.60119],[-158.10489,21.60045],[-158.10473,21.60031],[-158.10423,21.60031],[-158.10402,21.60005],[-158.10396,21.59986],[-158.10405,21.59941],[-158.10382,21.59885],[-158.10373,21.59836],[-158.10359,21.59794],[-158.10357,21.59729],[-158.10378,21.59639],[-158.10394,21.59613],[-158.10339,21.59581],[-158.1033,21.59553],[-158.10337,21.59506],[-158.10359,21.59481],[-158.10403,21.59461],[-158.10358,21.59342],[-158.10371,21.59354],[-158.10436,21.59441],[-158.10472,21.59525],[-158.10566,21.59496],[-158.10561,21.59473],[-158.10517,21.59483],[-158.10485,21.59498],[-158.10446,21.59396],[-158.10584,21.59341],[-158.10583,21.59318],[-158.10556,21.59303],[-158.1041,21.59364],[-158.10387,21.59339],[-158.10395,21.59331],[-158.10555,21.59256],[-158.10637,21.59298],[-158.10654,21.59337],[-158.10652,21.59365],[-158.10618,21.59403],[-158.1063,21.59436],[-158.10653,21.59468],[-158.1064,21.59489],[-158.10683,21.59503],[-158.10701,21.59519],[-158.10752,21.59468],[-158.108,21.59435],[-158.10843,21.59413],[-158.10955,21.59369],[-158.10973,21.5935],[-158.10976,21.5933],[-158.10948,21.59309],[-158.10957,21.59287],[-158.11002,21.59223],[-158.11058,21.59111],[-158.11092,21.59048],[-158.11114,21.59026],[-158.1118,21.58985],[-158.11241,21.58928],[-158.11286,21.58902],[-158.11333,21.58889],[-158.11368,21.58888],[-158.11419,21.58902],[-158.11473,21.58931],[-158.1152,21.58924],[-158.11545,21.58927],[-158.1165,21.58918],[-158.11755,21.58923],[-158.11876,21.58936],[-158.11888,21.5893],[-158.11911,21.58867],[-158.11943,21.58821],[-158.11972,21.58788],[-158.1198,21.58758],[-158.11913,21.58719],[-158.11881,21.58682],[-158.11818,21.58645],[-158.11793,21.58624],[-158.11774,21.58583],[-158.11716,21.58529],[-158.11693,21.58498],[-158.11668,21.58476],[-158.11638,21.58416],[-158.11647,21.5839],[-158.11673,21.58361],[-158.11732,21.58305],[-158.11786,21.58267],[-158.1184,21.58235],[-158.119,21.58211],[-158.11915,21.582],[-158.11905,21.5818],[-158.1187,21.58133],[-158.11981,21.58063],[-158.12002,21.58087],[-158.12048,21.58161],[-158.12083,21.5823],[-158.12094,21.5827],[-158.12108,21.58368],[-158.12122,21.58443],[-158.12149,21.58474],[-158.12173,21.58485],[-158.12232,21.58476],[-158.12276,21.58453],[-158.12285,21.58436],[-158.12254,21.58396],[-158.12282,21.58351],[-158.12336,21.58316],[-158.12358,21.58308],[-158.12388,21.58309],[-158.12487,21.58292],[-158.12552,21.58273],[-158.1265,21.5827],[-158.12692,21.58258],[-158.12752,21.58231],[-158.12837,21.5821],[-158.12872,21.58208],[-158.12961,21.58211],[-158.12996,21.58216],[-158.13048,21.58234],[-158.13144,21.58232],[-158.1322,21.58242],[-158.13288,21.58261],[-158.13397,21.58302],[-158.13441,21.58331],[-158.13538,21.58386],[-158.13598,21.58402],[-158.13655,21.58408],[-158.13758,21.58413],[-158.13846,21.58405],[-158.13927,21.58384],[-158.14148,21.58311],[-158.14203,21.58303],[-158.14308,21.58305],[-158.14347,21.58302],[-158.14462,21.58257],[-158.14529,21.58234],[-158.14639,21.58205],[-158.14694,21.58198],[-158.14801,21.58164],[-158.14924,21.58118],[-158.15,21.58108],[-158.15109,21.58081],[-158.15168,21.58061],[-158.15232,21.58051],[-158.15298,21.58053],[-158.15358,21.58075],[-158.15434,21.58085],[-158.15478,21.58081],[-158.15545,21.58084],[-158.15601,21.58069],[-158.15651,21.58034],[-158.15671,21.58025],[-158.15821,21.57978],[-158.15851,21.57977],[-158.15971,21.57987],[-158.16087,21.58016],[-158.16256,21.5807],[-158.16303,21.58072],[-158.16361,21.58065],[-158.16399,21.58052],[-158.16453,21.58024],[-158.1648,21.58004],[-158.16542,21.57969],[-158.166,21.57952],[-158.16652,21.57949],[-158.1669,21.57926],[-158.16747,21.57902],[-158.168,21.57894],[-158.16865,21.57909],[-158.16938,21.57955],[-158.17044,21.57992],[-158.17097,21.58017],[-158.17171,21.58076],[-158.17235,21.58099],[-158.17284,21.58137],[-158.17333,21.58163],[-158.17384,21.58175],[-158.17438,21.58168],[-158.17495,21.58151],[-158.17557,21.58114],[-158.17636,21.58087],[-158.1765,21.58065],[-158.17687,21.58066],[-158.17798,21.58044],[-158.17836,21.58034],[-158.1803,21.58041],[-158.181,21.58054],[-158.18142,21.58068],[-158.18183,21.58087],[-158.182,21.58106],[-158.18204,21.58134],[-158.18256,21.58138],[-158.18298,21.5815],[-158.18331,21.58166],[-158.18395,21.58171],[-158.1846,21.58166],[-158.18508,21.58159],[-158.18605,21.58175],[-158.18669,21.58215],[-158.18749,21.58249],[-158.18819,21.58259],[-158.19034,21.58267],[-158.19077,21.58289],[-158.1914,21.58267],[-158.19227,21.5825],[-158.19331,21.58197],[-158.19359,21.58188],[-158.19423,21.58177],[-158.19443,21.58163],[-158.19521,21.58148],[-158.19548,21.58152],[-158.19585,21.5817],[-158.19644,21.5821],[-158.19757,21.58209],[-158.19789,21.58212],[-158.19833,21.58224],[-158.19887,21.58256],[-158.19917,21.58267],[-158.20032,21.58284],[-158.20096,21.58279],[-158.20117,21.58272],[-158.20218,21.58201],[-158.20285,21.58179],[-158.20321,21.58173],[-158.2036,21.58174],[-158.20468,21.58195],[-158.20604,21.58196],[-158.20651,21.58215],[-158.20714,21.58212],[-158.2077,21.58202],[-158.20962,21.58143],[-158.20994,21.58145],[-158.2105,21.58155],[-158.21109,21.58116],[-158.21152,21.58098],[-158.21196,21.58093],[-158.21294,21.5809],[-158.2137,21.58055],[-158.21401,21.58055],[-158.21509,21.57964],[-158.21557,21.5794],[-158.21654,21.57937],[-158.21708,21.57918],[-158.21754,21.57907],[-158.21845,21.57897],[-158.21927,21.57881],[-158.21981,21.57886],[-158.22095,21.5791],[-158.22165,21.57912],[-158.22243,21.5792],[-158.22306,21.57934],[-158.22407,21.57966],[-158.22429,21.57948],[-158.22475,21.57931],[-158.22547,21.5792],[-158.22591,21.57926],[-158.2263,21.57939],[-158.22686,21.57945],[-158.22756,21.57932],[-158.22813,21.57905],[-158.22852,21.57893],[-158.2294,21.57898],[-158.22996,21.57909],[-158.23061,21.57916],[-158.23183,21.57941],[-158.23224,21.57945],[-158.23284,21.57967],[-158.23414,21.57995],[-158.23531,21.5799],[-158.23668,21.58001],[-158.23706,21.58022],[-158.23787,21.58003],[-158.23847,21.57992],[-158.23911,21.57987],[-158.23982,21.5799],[-158.24033,21.57986],[-158.24132,21.57985],[-158.24176,21.57978],[-158.24247,21.57995],[-158.24285,21.57964],[-158.24332,21.57946],[-158.24394,21.57946],[-158.24445,21.57934],[-158.24503,21.57899],[-158.24536,21.57911],[-158.24585,21.5791],[-158.24604,21.57915],[-158.24646,21.57939],[-158.24682,21.57966],[-158.24722,21.57963],[-158.24752,21.57954],[-158.24805,21.57964],[-158.24846,21.5795],[-158.24968,21.57956],[-158.25017,21.57949],[-158.25057,21.57956],[-158.25118,21.57934],[-158.25179,21.5795],[-158.25209,21.57984],[-158.25238,21.57947],[-158.25261,21.57947],[-158.25281,21.57932],[-158.25295,21.57943],[-158.25349,21.57934],[-158.25392,21.57921],[-158.25473,21.57883],[-158.25509,21.57852],[-158.25538,21.57853],[-158.25556,21.57873],[-158.25627,21.57844],[-158.2567,21.57817],[-158.25673,21.57798],[-158.25696,21.57794],[-158.2574,21.57813],[-158.25784,21.5779],[-158.25804,21.57803],[-158.25829,21.57806],[-158.25906,21.57794],[-158.2596,21.57804],[-158.25992,21.57817],[-158.26027,21.5782],[-158.26038,21.57795],[-158.26066,21.57789],[-158.26083,21.57736],[-158.26109,21.57723],[-158.26131,21.57749],[-158.26155,21.57759],[-158.26192,21.57759],[-158.26275,21.57776],[-158.26297,21.57793],[-158.26335,21.57765],[-158.26332,21.5773],[-158.26357,21.57719],[-158.26401,21.57712],[-158.26409,21.57729],[-158.26434,21.57741],[-158.26442,21.5773],[-158.26468,21.57737],[-158.26475,21.57757],[-158.26512,21.57763],[-158.26535,21.57774],[-158.26568,21.57758],[-158.2659,21.57723],[-158.26611,21.57709],[-158.26632,21.57708],[-158.26653,21.5769],[-158.26675,21.57693],[-158.26693,21.5771],[-158.26714,21.57715],[-158.26755,21.57706],[-158.26824,21.57711],[-158.26845,21.57683],[-158.26979,21.57636],[-158.27014,21.57609],[-158.27043,21.576],[-158.27131,21.57599],[-158.2716,21.5758],[-158.27199,21.57574],[-158.2729,21.57582],[-158.2731,21.57599],[-158.27335,21.57581],[-158.27341,21.57546],[-158.27379,21.57538],[-158.27405,21.57563],[-158.27415,21.5754],[-158.27438,21.57534],[-158.27463,21.57545],[-158.27472,21.5756],[-158.27554,21.576],[-158.27585,21.57604],[-158.27612,21.57588],[-158.27641,21.5761],[-158.27668,21.57615],[-158.27693,21.57608],[-158.27705,21.57588],[-158.2773,21.57608],[-158.2774,21.57639],[-158.27766,21.57628],[-158.27802,21.57635],[-158.27818,21.57647],[-158.27831,21.57633],[-158.27855,21.57633],[-158.27877,21.57602],[-158.27968,21.57556],[-158.28064,21.57518],[-158.2809,21.57523],[-158.28117,21.57507],[-158.2817,21.5752],[-158.2816,21.575],[-158.28133,21.57486],[-158.28116,21.57465],[-158.28084,21.57469],[-158.28052,21.5746],[-158.28032,21.57448],[-158.28019,21.57408],[-158.28029,21.57374],[-158.28007,21.57366],[-158.27991,21.57385],[-158.27974,21.5737],[-158.27971,21.57328],[-158.27932,21.57315],[-158.27904,21.57343],[-158.27888,21.57341],[-158.27883,21.57315],[-158.27847,21.57309],[-158.27813,21.57288],[-158.27772,21.57283],[-158.2774,21.57305],[-158.27731,21.57268],[-158.27665,21.57263],[-158.27634,21.57273],[-158.27621,21.5723],[-158.27601,21.57248],[-158.27585,21.57243],[-158.2758,21.57219],[-158.27562,21.57217],[-158.27552,21.57237],[-158.27535,21.57235],[-158.27492,21.57186],[-158.27485,21.57209],[-158.27463,21.57206],[-158.27453,21.57172],[-158.27436,21.57173],[-158.27407,21.57189],[-158.27401,21.57173],[-158.2738,21.57158],[-158.2737,21.57172],[-158.27339,21.5716],[-158.27331,21.57132],[-158.27294,21.5713],[-158.27286,21.5712],[-158.27294,21.57089],[-158.27285,21.57083],[-158.2726,21.571],[-158.27213,21.57084],[-158.27174,21.57057],[-158.27134,21.57047],[-158.27101,21.57026],[-158.27065,21.57011],[-158.2705,21.56987],[-158.2702,21.56979],[-158.26984,21.56954],[-158.26952,21.56947],[-158.26937,21.56916],[-158.26907,21.56899],[-158.26874,21.56889],[-158.26842,21.56853],[-158.2682,21.56846],[-158.26778,21.5681],[-158.26704,21.56759],[-158.26637,21.56721],[-158.26601,21.56686],[-158.2658,21.56682],[-158.2655,21.56646],[-158.26529,21.5663],[-158.26474,21.566],[-158.26475,21.56579],[-158.26442,21.56589],[-158.26443,21.56568],[-158.26417,21.56569],[-158.2641,21.56545],[-158.26387,21.56526],[-158.26351,21.56523],[-158.26354,21.56503],[-158.26341,21.56487],[-158.26326,21.56505],[-158.26309,21.56499],[-158.2629,21.56464],[-158.26263,21.56462],[-158.26234,21.56428],[-158.26211,21.56416],[-158.26187,21.56374],[-158.26147,21.56349],[-158.26118,21.56324],[-158.2609,21.5632],[-158.26091,21.56293],[-158.26112,21.56285],[-158.26108,21.56265],[-158.26044,21.56279],[-158.26013,21.56268],[-158.25979,21.56237],[-158.25973,21.562],[-158.25963,21.56179],[-158.25928,21.56174],[-158.2591,21.56161],[-158.25903,21.5614],[-158.25925,21.56124],[-158.25917,21.5611],[-158.25873,21.561],[-158.25852,21.56076],[-158.25821,21.56081],[-158.25803,21.56053],[-158.25735,21.56042],[-158.25708,21.5603],[-158.25714,21.56001],[-158.25638,21.55933],[-158.25648,21.55902],[-158.2564,21.55893],[-158.25554,21.5587],[-158.25521,21.55883],[-158.25502,21.5585],[-158.25464,21.55845],[-158.25445,21.55834],[-158.25428,21.55805],[-158.25385,21.55806],[-158.25363,21.55796],[-158.25361,21.55781],[-158.253,21.55732],[-158.25269,21.55721],[-158.25246,21.55698],[-158.252,21.55691],[-158.25196,21.55665],[-158.25174,21.5565],[-158.25141,21.55658],[-158.25112,21.55643],[-158.25083,21.55648],[-158.25045,21.55628],[-158.2499,21.5563],[-158.24976,21.55608],[-158.24957,21.55595],[-158.24941,21.55538],[-158.24921,21.55529],[-158.24898,21.55543],[-158.24881,21.55572],[-158.24865,21.55559],[-158.24864,21.55498],[-158.24843,21.55459],[-158.24796,21.55413],[-158.24731,21.55357],[-158.24674,21.55321],[-158.24652,21.55289],[-158.24626,21.5523],[-158.24547,21.5514],[-158.2448,21.55073],[-158.24425,21.55035],[-158.24381,21.55015],[-158.24332,21.54973],[-158.242,21.5487],[-158.2418,21.54848],[-158.2418,21.54811],[-158.24165,21.54786],[-158.24135,21.54749],[-158.24094,21.54714],[-158.24072,21.54674],[-158.24036,21.54595],[-158.24034,21.54562],[-158.24043,21.54534],[-158.24063,21.54513],[-158.24026,21.54486],[-158.23972,21.54475],[-158.23928,21.54458],[-158.23909,21.54443],[-158.23897,21.54405],[-158.23878,21.54366],[-158.23845,21.54339],[-158.23818,21.54348],[-158.23759,21.54277],[-158.23744,21.54242],[-158.23684,21.54189],[-158.23676,21.54129],[-158.23635,21.54117],[-158.23618,21.54095],[-158.23549,21.5407],[-158.23524,21.54029],[-158.23503,21.54019],[-158.23472,21.54021],[-158.23461,21.54],[-158.23422,21.53986],[-158.23379,21.53948],[-158.23355,21.53919],[-158.23316,21.53903],[-158.23274,21.5385],[-158.2319,21.53761],[-158.23153,21.53718],[-158.23117,21.53639],[-158.23062,21.53538],[-158.23037,21.53446],[-158.23003,21.53372],[-158.22984,21.53322],[-158.22943,21.53073],[-158.22937,21.52991],[-158.22934,21.52894],[-158.22935,21.52683],[-158.22966,21.52641],[-158.22968,21.52617],[-158.22984,21.52589],[-158.22997,21.52546],[-158.2301,21.52532],[-158.22975,21.52522],[-158.22966,21.52501],[-158.22945,21.52408],[-158.229,21.5239],[-158.22877,21.52366],[-158.22874,21.52293],[-158.22852,21.52273],[-158.2286,21.52232],[-158.22859,21.52195],[-158.22845,21.5217],[-158.22855,21.52093],[-158.22837,21.5207],[-158.22858,21.52037],[-158.22893,21.51931],[-158.22906,21.51869],[-158.22912,21.51816],[-158.2292,21.51779],[-158.22943,21.51753],[-158.2295,21.51704],[-158.22962,21.51689],[-158.22954,21.51664],[-158.22983,21.51638],[-158.23013,21.51628],[-158.22998,21.51536],[-158.22987,21.51514],[-158.22924,21.5148],[-158.22876,21.5141],[-158.22873,21.51381],[-158.22879,21.51319],[-158.22872,21.5127],[-158.22897,21.51203],[-158.22894,21.51183],[-158.22903,21.51149],[-158.22952,21.51079],[-158.2296,21.51048],[-158.22956,21.51021],[-158.22935,21.50988],[-158.2294,21.50961],[-158.22934,21.50888],[-158.22943,21.50858],[-158.22963,21.5083],[-158.22968,21.50808],[-158.22961,21.50783],[-158.22968,21.50737],[-158.22968,21.50689],[-158.22963,21.50651],[-158.22937,21.50618],[-158.22935,21.50596],[-158.22947,21.50528],[-158.22924,21.50517],[-158.22926,21.50481],[-158.22937,21.50479],[-158.22946,21.50444],[-158.22987,21.50367],[-158.23004,21.50284],[-158.2301,21.50196],[-158.23001,21.50115],[-158.23015,21.5006],[-158.22981,21.49671],[-158.23,21.49627],[-158.23004,21.49564],[-158.22997,21.49415],[-158.23008,21.49297],[-158.23025,21.49228],[-158.23026,21.49202],[-158.23011,21.49152],[-158.22993,21.4912],[-158.22979,21.49084],[-158.22985,21.49051],[-158.2299,21.48967],[-158.22996,21.48915],[-158.23014,21.48899],[-158.23032,21.48871],[-158.23046,21.48814],[-158.23043,21.48789],[-158.2302,21.48721],[-158.23031,21.48696],[-158.23043,21.48591],[-158.23061,21.48575],[-158.23082,21.4859],[-158.23075,21.48492],[-158.23063,21.48449],[-158.23095,21.48433],[-158.23109,21.48398],[-158.23124,21.48284],[-158.23082,21.48211],[-158.23062,21.4818],[-158.23035,21.48159],[-158.23007,21.4812],[-158.22959,21.48102],[-158.22914,21.48072],[-158.22838,21.48001],[-158.22834,21.47975],[-158.22846,21.47948],[-158.22841,21.4793],[-158.22803,21.47908],[-158.22778,21.47875],[-158.22709,21.47856],[-158.22644,21.47804],[-158.22605,21.47784],[-158.22578,21.47784],[-158.22556,21.47821],[-158.22533,21.47826],[-158.22488,21.47824],[-158.22443,21.47838],[-158.22388,21.47839],[-158.22351,21.47813],[-158.22243,21.47805],[-158.22185,21.47776],[-158.22118,21.47704],[-158.22063,21.47634],[-158.22038,21.4761],[-158.21995,21.47528],[-158.21968,21.47493],[-158.2197,21.47461],[-158.21954,21.47426],[-158.21973,21.47392],[-158.21969,21.47367],[-158.21931,21.47332],[-158.21915,21.47303],[-158.21923,21.47285],[-158.2196,21.47261],[-158.21965,21.47231],[-158.21947,21.47211],[-158.21887,21.47159],[-158.21867,21.47121],[-158.21864,21.47069],[-158.21846,21.47012],[-158.21812,21.46938],[-158.21766,21.46858],[-158.21771,21.46847],[-158.21816,21.46836],[-158.21823,21.46787],[-158.21801,21.46727],[-158.21769,21.46692],[-158.21741,21.46668],[-158.21719,21.46641],[-158.21696,21.46602],[-158.21642,21.4658],[-158.2163,21.46561],[-158.21586,21.46545],[-158.21553,21.46505],[-158.21491,21.46478],[-158.21461,21.46445],[-158.21392,21.46386],[-158.21339,21.46328],[-158.21294,21.46211],[-158.21288,21.46164],[-158.21289,21.46121],[-158.21296,21.46104],[-158.21339,21.46098],[-158.21396,21.46103],[-158.21446,21.46086],[-158.21446,21.46022],[-158.21478,21.45968],[-158.21389,21.45982],[-158.21264,21.45987],[-158.21206,21.45982],[-158.21175,21.45991],[-158.21146,21.46012],[-158.21099,21.46019],[-158.21086,21.46054],[-158.21035,21.46084],[-158.20985,21.46084],[-158.20919,21.46073],[-158.2082,21.46043],[-158.20719,21.46007],[-158.20636,21.45961],[-158.20618,21.45925],[-158.20565,21.45901],[-158.20534,21.45875],[-158.20497,21.45856],[-158.20453,21.4584],[-158.20442,21.4582],[-158.20415,21.45812],[-158.2041,21.45794],[-158.2037,21.45794],[-158.20323,21.45752],[-158.20326,21.45696],[-158.20298,21.45658],[-158.2029,21.45627],[-158.2029,21.45559],[-158.20302,21.45485],[-158.20302,21.45405],[-158.2029,21.45378],[-158.20241,21.45353],[-158.20197,21.45349],[-158.20099,21.45332],[-158.20065,21.45322],[-158.20027,21.45286],[-158.20036,21.4523],[-158.20023,21.45184],[-158.19998,21.45168],[-158.19968,21.45159],[-158.19946,21.45162],[-158.19907,21.45147],[-158.19879,21.45155],[-158.19841,21.45143],[-158.19849,21.45109],[-158.19896,21.44969],[-158.19899,21.44919],[-158.19882,21.44887],[-158.19859,21.44867],[-158.19687,21.44733],[-158.19679,21.44746],[-158.19858,21.44886],[-158.19884,21.44926],[-158.19878,21.44962],[-158.19832,21.45103],[-158.19792,21.45087],[-158.19722,21.45065],[-158.19712,21.45041],[-158.19716,21.45027],[-158.19695,21.44986],[-158.19666,21.44968],[-158.19691,21.44923],[-158.19626,21.44871],[-158.19612,21.4488],[-158.19586,21.44875],[-158.19554,21.44878],[-158.19523,21.44873],[-158.19481,21.44854],[-158.19455,21.44857],[-158.19412,21.44888],[-158.1937,21.44881],[-158.19329,21.44851],[-158.19284,21.44881],[-158.19235,21.44903],[-158.19215,21.44905],[-158.19013,21.44894],[-158.18991,21.4487],[-158.19061,21.44874],[-158.19213,21.44878],[-158.19257,21.44865],[-158.19307,21.44827],[-158.19264,21.44773],[-158.19238,21.44756],[-158.19159,21.44719],[-158.19092,21.44678],[-158.19065,21.44644],[-158.19009,21.44584],[-158.18969,21.44516],[-158.18943,21.4445],[-158.1893,21.4434],[-158.18937,21.44308],[-158.18955,21.4426],[-158.18986,21.44203],[-158.19076,21.44115],[-158.19117,21.44094],[-158.19162,21.44078],[-158.19185,21.44062],[-158.19181,21.4402],[-158.19148,21.44013],[-158.19099,21.44016],[-158.19013,21.44055],[-158.18979,21.44057],[-158.18936,21.44048],[-158.18904,21.44015],[-158.18855,21.43948],[-158.18804,21.43887],[-158.18771,21.43826],[-158.18711,21.43726],[-158.18686,21.4365],[-158.18636,21.43595],[-158.18589,21.43534],[-158.18584,21.43505],[-158.18545,21.4348],[-158.18528,21.43446],[-158.18498,21.43405],[-158.18486,21.43341],[-158.18464,21.43323],[-158.18448,21.4327],[-158.18418,21.4321],[-158.18396,21.43207],[-158.18372,21.43138],[-158.18344,21.43122],[-158.18308,21.43048],[-158.18314,21.43033],[-158.18297,21.43016],[-158.18317,21.42995],[-158.18272,21.42986],[-158.18221,21.42947],[-158.18218,21.42928],[-158.18196,21.42914],[-158.18132,21.42931],[-158.181,21.42923],[-158.17992,21.42886],[-158.17952,21.42848],[-158.17993,21.4285],[-158.18066,21.42869],[-158.18011,21.42807],[-158.17976,21.42763],[-158.17952,21.42723],[-158.17954,21.42642],[-158.17938,21.42605],[-158.17946,21.42547],[-158.17923,21.42492],[-158.17923,21.42454],[-158.17939,21.42428],[-158.17945,21.42329],[-158.17936,21.42282],[-158.17892,21.42178],[-158.17885,21.42148],[-158.17885,21.42111],[-158.17878,21.42075],[-158.1786,21.4203],[-158.1785,21.4199],[-158.17849,21.41946],[-158.17838,21.41894],[-158.17848,21.41808],[-158.17875,21.41706],[-158.17876,21.41645],[-158.1787,21.41615],[-158.17816,21.41487],[-158.17732,21.41223],[-158.17716,21.4112],[-158.17723,21.41089],[-158.17758,21.41057],[-158.17779,21.41022],[-158.17783,21.40975],[-158.17773,21.40958],[-158.17755,21.40955],[-158.17726,21.40922],[-158.17708,21.40917],[-158.17723,21.40892],[-158.1778,21.4088],[-158.17789,21.40856],[-158.17788,21.40826],[-158.17852,21.40684],[-158.17835,21.40599],[-158.17818,21.40531],[-158.178,21.4049],[-158.1775,21.40445],[-158.17687,21.40367],[-158.17678,21.40347],[-158.17677,21.40251],[-158.17691,21.40225],[-158.17694,21.40196],[-158.17686,21.40163],[-158.17663,21.40146],[-158.17526,21.40011],[-158.17509,21.39991],[-158.17445,21.39973],[-158.17382,21.39941],[-158.17346,21.39907],[-158.17317,21.39868],[-158.17268,21.39847],[-158.17254,21.39812],[-158.17242,21.39804],[-158.17208,21.39816],[-158.17165,21.39803],[-158.17125,21.39797],[-158.17089,21.39781],[-158.17049,21.39783],[-158.17022,21.39772],[-158.16972,21.39773],[-158.16942,21.39759],[-158.16922,21.39759],[-158.16861,21.39709],[-158.16848,21.39706],[-158.1679,21.39722],[-158.16765,21.39753],[-158.16717,21.39753],[-158.16694,21.39722],[-158.16673,21.39718],[-158.16663,21.39735],[-158.16642,21.3972],[-158.16651,21.3969],[-158.16632,21.39679],[-158.16568,21.39677],[-158.16527,21.39661],[-158.16444,21.39644],[-158.16405,21.39625],[-158.16394,21.39602],[-158.1636,21.3957],[-158.16312,21.39557],[-158.16272,21.3956],[-158.16229,21.39514],[-158.16162,21.39468],[-158.16042,21.39391],[-158.15982,21.39355],[-158.15896,21.39316],[-158.15821,21.39227],[-158.15767,21.39178],[-158.15729,21.39136],[-158.15699,21.39114],[-158.15653,21.39087],[-158.1561,21.39047],[-158.15553,21.39001],[-158.15498,21.38948],[-158.15397,21.38862],[-158.15318,21.38784],[-158.15263,21.38743],[-158.1522,21.38704],[-158.15133,21.38615],[-158.15,21.38496],[-158.14943,21.38453],[-158.14879,21.3839],[-158.14768,21.38269],[-158.14697,21.38201],[-158.14688,21.38178],[-158.14684,21.38109],[-158.14669,21.3807],[-158.14634,21.38011],[-158.14622,21.37939],[-158.14525,21.379],[-158.14445,21.37844],[-158.14395,21.37784],[-158.14363,21.37758],[-158.14283,21.37724],[-158.14223,21.37676],[-158.14215,21.37654],[-158.14158,21.37584],[-158.14105,21.375],[-158.14098,21.37472],[-158.14107,21.3743],[-158.14137,21.37395],[-158.14151,21.373],[-158.14143,21.37257],[-158.14134,21.37241],[-158.14113,21.3723],[-158.14112,21.37207],[-158.14097,21.37194],[-158.14035,21.37189],[-158.13959,21.37219],[-158.13916,21.37217],[-158.13904,21.37184],[-158.13803,21.37094],[-158.13791,21.37075],[-158.13806,21.37045],[-158.1382,21.37002],[-158.13814,21.36985],[-158.13779,21.36983],[-158.13789,21.36933],[-158.13785,21.36916],[-158.1376,21.36905],[-158.13732,21.36918],[-158.13709,21.36941],[-158.1369,21.36917],[-158.13647,21.36925],[-158.13632,21.3692],[-158.13599,21.36882],[-158.13588,21.36848],[-158.13584,21.36792],[-158.13552,21.36708],[-158.13528,21.36665],[-158.13497,21.36621],[-158.13495,21.3656],[-158.13461,21.36526],[-158.13422,21.36442],[-158.13385,21.36391],[-158.13365,21.36329],[-158.1333,21.36284],[-158.13288,21.36179],[-158.13271,21.36146],[-158.13258,21.361],[-158.1322,21.36046],[-158.13198,21.35944],[-158.1316,21.35884],[-158.13144,21.35849],[-158.1314,21.35816],[-158.1312,21.35758],[-158.13083,21.35696],[-158.1308,21.35644],[-158.13071,21.35634],[-158.13039,21.35635],[-158.13026,21.35622],[-158.13011,21.35567],[-158.13039,21.3556],[-158.13057,21.35539],[-158.13044,21.35504],[-158.13039,21.35471],[-158.13022,21.35461],[-158.1301,21.35436],[-158.13043,21.35422],[-158.13043,21.35384],[-158.13066,21.35369],[-158.13063,21.35347],[-158.13081,21.35304],[-158.1306,21.35274],[-158.13054,21.35246],[-158.13037,21.35207],[-158.1305,21.35197],[-158.13049,21.35177],[-158.13022,21.35139],[-158.13026,21.35111],[-158.13014,21.35098],[-158.13,21.35035],[-158.12986,21.34984],[-158.12943,21.34927],[-158.12921,21.34866],[-158.1291,21.34817],[-158.12892,21.34784],[-158.129,21.34741],[-158.12876,21.34714],[-158.12874,21.34693],[-158.12896,21.34662],[-158.12914,21.3461],[-158.129,21.34574],[-158.12871,21.34564],[-158.12889,21.34525],[-158.12888,21.34501],[-158.12898,21.34484],[-158.1288,21.34411],[-158.12857,21.34376],[-158.12851,21.34354],[-158.12854,21.34293],[-158.1285,21.34273],[-158.12788,21.34268],[-158.12772,21.34247],[-158.12773,21.34198],[-158.12784,21.34172],[-158.12775,21.34143],[-158.12747,21.34088],[-158.12758,21.34037],[-158.12745,21.34003],[-158.12727,21.33976],[-158.12701,21.33968],[-158.12691,21.33936],[-158.12714,21.33909],[-158.127,21.3389],[-158.12682,21.33839],[-158.12665,21.33826],[-158.12648,21.33794],[-158.12644,21.33769],[-158.12614,21.33778],[-158.12589,21.3377],[-158.12584,21.33791],[-158.12603,21.33803],[-158.12573,21.33825],[-158.12546,21.33828],[-158.12501,21.33812],[-158.12461,21.3377],[-158.12456,21.33746],[-158.1246,21.33703],[-158.12473,21.33681],[-158.12516,21.33669],[-158.12516,21.33694],[-158.12536,21.337],[-158.12541,21.33678],[-158.12562,21.33651],[-158.12525,21.33604],[-158.12507,21.33554],[-158.12471,21.33506],[-158.12466,21.33529],[-158.12448,21.33549],[-158.12402,21.33542],[-158.12376,21.33524],[-158.12357,21.33501],[-158.1235,21.33458],[-158.12371,21.33414],[-158.12408,21.33397],[-158.12417,21.33345],[-158.12414,21.33323],[-158.12385,21.33269],[-158.12375,21.33231],[-158.12321,21.33222],[-158.12328,21.33252],[-158.12293,21.33253],[-158.12269,21.3324],[-158.12244,21.33204],[-158.12243,21.33149],[-158.12256,21.33121],[-158.12276,21.33105],[-158.12304,21.33096],[-158.12306,21.33133],[-158.12319,21.33138],[-158.12332,21.33113],[-158.12363,21.33108],[-158.12353,21.33059],[-158.12327,21.3295],[-158.12317,21.32884],[-158.12291,21.32873],[-158.12277,21.3289],[-158.12238,21.32884],[-158.12208,21.32848],[-158.12204,21.32806],[-158.12212,21.32776],[-158.12233,21.32751],[-158.12264,21.32743],[-158.12271,21.32769],[-158.12304,21.32739],[-158.12325,21.3267],[-158.12326,21.3264],[-158.12312,21.32592],[-158.12288,21.32465],[-158.12295,21.32434],[-158.1229,21.32415],[-158.12262,21.32366],[-158.12244,21.32323],[-158.12227,21.32319],[-158.12185,21.32381],[-158.12227,21.3242],[-158.12235,21.32481],[-158.1223,21.3253],[-158.12206,21.32581],[-158.12167,21.32616],[-158.1212,21.32584],[-158.12106,21.32591],[-158.12106,21.32611],[-158.12084,21.32614],[-158.12036,21.32677],[-158.12096,21.32922],[-158.12088,21.32932],[-158.11867,21.32976],[-158.11853,21.32992],[-158.11808,21.33003],[-158.11796,21.33015],[-158.11692,21.33035],[-158.11685,21.33015],[-158.11676,21.3295],[-158.11731,21.32943],[-158.11891,21.32753],[-158.11896,21.32741],[-158.12057,21.32542],[-158.1209,21.32519],[-158.12084,21.32494],[-158.1205,21.32496],[-158.12017,21.32526],[-158.11996,21.32559],[-158.11956,21.3261],[-158.11891,21.32682],[-158.11794,21.32804],[-158.11728,21.32845],[-158.11684,21.32857],[-158.11614,21.32861],[-158.11553,21.32844],[-158.11511,21.32822],[-158.11455,21.32784],[-158.11407,21.3273],[-158.11365,21.32689],[-158.11337,21.32654],[-158.11177,21.32462],[-158.11183,21.32441],[-158.11212,21.32417],[-158.11475,21.3217],[-158.11519,21.32126],[-158.11508,21.32116],[-158.11587,21.3204],[-158.11602,21.32043],[-158.11623,21.32077],[-158.11646,21.32079],[-158.11879,21.32295],[-158.11912,21.32337],[-158.11954,21.32339],[-158.11872,21.3221],[-158.11901,21.32184],[-158.11924,21.32184],[-158.12047,21.32151],[-158.12087,21.32205],[-158.12122,21.32188],[-158.12145,21.32168],[-158.12134,21.32133],[-158.12118,21.32121],[-158.12044,21.32016],[-158.12036,21.31996],[-158.11991,21.31917],[-158.11892,21.31436],[-158.11884,21.31387],[-158.11827,21.31275],[-158.11801,21.31209],[-158.11746,21.31109],[-158.11717,21.31074],[-158.11695,21.31025],[-158.11657,21.3097],[-158.11632,21.30923],[-158.11603,21.30859],[-158.11546,21.30773],[-158.1153,21.30723],[-158.1151,21.30681],[-158.11487,21.30648],[-158.11476,21.3062],[-158.11449,21.30569],[-158.11424,21.30538],[-158.11401,21.30497],[-158.11377,21.30421],[-158.11365,21.30395],[-158.11339,21.30321],[-158.1131,21.3027],[-158.11246,21.30206],[-158.11234,21.30179],[-158.11205,21.30137],[-158.11159,21.30048],[-158.11116,21.29995],[-158.11085,21.29945],[-158.10984,21.29865],[-158.10942,21.29843],[-158.10889,21.29809],[-158.1085,21.29789],[-158.1083,21.29761],[-158.10779,21.29717],[-158.10724,21.29677],[-158.10641,21.2963],[-158.10588,21.29603],[-158.10433,21.29586],[-158.10397,21.29571],[-158.10335,21.29575],[-158.10248,21.2956],[-158.10192,21.29539],[-158.10158,21.2952],[-158.10122,21.2951],[-158.1006,21.29517],[-158.09962,21.29523],[-158.09931,21.29511],[-158.09843,21.29464],[-158.09835,21.29514],[-158.09814,21.29531],[-158.09674,21.29525],[-158.095,21.29525],[-158.09451,21.29528],[-158.09213,21.29556],[-158.0912,21.2957],[-158.09087,21.29571],[-158.08997,21.29566],[-158.08812,21.29573],[-158.08796,21.29578],[-158.08735,21.29579],[-158.08675,21.29572],[-158.08618,21.29561],[-158.08581,21.29568],[-158.08552,21.29582],[-158.08511,21.29593],[-158.08464,21.29618],[-158.0845,21.29633],[-158.08367,21.2968],[-158.08308,21.2972],[-158.08213,21.29758],[-158.08024,21.29799],[-158.07914,21.29818],[-158.07823,21.29836],[-158.07771,21.2985],[-158.07639,21.29836],[-158.0762,21.29839],[-158.07582,21.29831],[-158.07551,21.29844],[-158.07494,21.29847],[-158.07464,21.29819],[-158.07444,21.29836],[-158.07373,21.29826],[-158.07368,21.29814],[-158.07367,21.29764],[-158.07348,21.29759],[-158.07351,21.29795],[-158.07341,21.2983],[-158.07296,21.29836],[-158.07252,21.29831],[-158.07207,21.29837],[-158.07172,21.29853],[-158.07132,21.29862],[-158.07031,21.29889],[-158.06942,21.29903],[-158.06902,21.29913],[-158.06855,21.29934],[-158.06773,21.29961],[-158.0672,21.29966],[-158.06604,21.29967],[-158.06518,21.29959],[-158.06468,21.29958],[-158.06389,21.29973],[-158.06219,21.29993],[-158.06175,21.30001],[-158.06144,21.29995],[-158.0602,21.30013],[-158.0589,21.30023],[-158.05832,21.30034],[-158.05697,21.30047],[-158.05541,21.30055],[-158.05514,21.30055],[-158.05362,21.30074],[-158.05314,21.30085],[-158.05216,21.3008],[-158.05126,21.30083],[-158.05091,21.30091],[-158.05042,21.30108],[-158.04976,21.30124],[-158.0491,21.30144],[-158.04848,21.30175],[-158.04782,21.30212],[-158.04698,21.30253],[-158.04659,21.30275],[-158.04558,21.30318],[-158.04523,21.30326],[-158.04459,21.30352],[-158.04385,21.30369],[-158.04272,21.30365],[-158.04194,21.30384],[-158.04092,21.30402],[-158.04023,21.30405],[-158.03875,21.30425],[-158.03852,21.30434],[-158.03731,21.30447],[-158.03695,21.30446],[-158.03658,21.30452],[-158.03587,21.30471],[-158.03565,21.30469],[-158.03522,21.3045],[-158.03457,21.3041],[-158.03443,21.30408],[-158.03348,21.30419],[-158.03256,21.30419],[-158.03087,21.30478],[-158.03032,21.30492],[-158.02969,21.30517],[-158.029,21.3055],[-158.02808,21.30585],[-158.02727,21.30605],[-158.02623,21.30612],[-158.02551,21.30603],[-158.02394,21.3062],[-158.02278,21.30605],[-158.02226,21.30606],[-158.02099,21.30628],[-158.02014,21.30646],[-158.01999,21.30655],[-158.01956,21.3066],[-158.01888,21.30696],[-158.01843,21.30707],[-158.0179,21.30728],[-158.01721,21.30728],[-158.01653,21.30749],[-158.01602,21.30755],[-158.01566,21.30769],[-158.01505,21.308],[-158.01468,21.30802],[-158.01381,21.30824],[-158.01346,21.30839],[-158.01308,21.30862],[-158.0129,21.30884],[-158.01248,21.30899],[-158.0117,21.30917],[-158.0106,21.30937],[-158.00885,21.30975],[-158.00771,21.3099],[-158.00742,21.30998],[-158.00618,21.31021],[-158.00555,21.31036],[-158.00467,21.31052],[-158.00199,21.31119],[-158.00134,21.31131],[-157.99829,21.31194],[-157.99797,21.31203],[-157.99566,21.31257],[-157.99407,21.31304],[-157.99307,21.31328],[-157.99245,21.3134],[-157.99223,21.31349],[-157.99141,21.31369],[-157.99071,21.3139],[-157.99045,21.31393],[-157.98924,21.31421],[-157.98885,21.31426],[-157.98841,21.3144],[-157.98732,21.31455],[-157.98651,21.31476],[-157.98405,21.31532],[-157.98192,21.31586],[-157.98115,21.31596],[-157.98059,21.31599],[-157.98003,21.31598],[-157.97916,21.31592],[-157.97862,21.31597],[-157.9783,21.31607],[-157.97779,21.31639],[-157.97749,21.31675],[-157.9769,21.3171],[-157.97641,21.31753],[-157.97619,21.3178],[-157.97518,21.31875],[-157.97478,21.319],[-157.97453,21.31927],[-157.97416,21.31943],[-157.97385,21.31981],[-157.97213,21.32134],[-157.97156,21.32187],[-157.97093,21.32251],[-157.97078,21.32303],[-157.97072,21.32369],[-157.97062,21.32434],[-157.97055,21.32506],[-157.97056,21.32706],[-157.97059,21.32739],[-157.97072,21.32759],[-157.97135,21.32798],[-157.97147,21.32816],[-157.9718,21.32818],[-157.9723,21.32833],[-157.97245,21.32817],[-157.97249,21.32786],[-157.97277,21.3282],[-157.9725,21.32849],[-157.97228,21.32904],[-157.97204,21.32921],[-157.97209,21.32942],[-157.97237,21.32986],[-157.97242,21.3309],[-157.9726,21.33149],[-157.97313,21.33154],[-157.97319,21.3317],[-157.97322,21.33431],[-157.97282,21.33432],[-157.97261,21.33453],[-157.9726,21.3352],[-157.97273,21.33562],[-157.97312,21.33597],[-157.97337,21.33651],[-157.97384,21.33675],[-157.97407,21.33697],[-157.97434,21.33752],[-157.9745,21.33772],[-157.97436,21.33809],[-157.9744,21.33841],[-157.97465,21.33858],[-157.97464,21.33875],[-157.97492,21.33931],[-157.97525,21.33951],[-157.97593,21.33973],[-157.9761,21.33993],[-157.97618,21.34022],[-157.97642,21.34029],[-157.97664,21.34021],[-157.9765,21.34067],[-157.97689,21.34141],[-157.97725,21.34188],[-157.97736,21.34249],[-157.97799,21.34327],[-157.97823,21.34346],[-157.97873,21.34351],[-157.97915,21.34383],[-157.97903,21.34408],[-157.9793,21.34474],[-157.97973,21.34473],[-157.97997,21.34511],[-157.98005,21.34534],[-157.98044,21.34581],[-157.98055,21.34636],[-157.98139,21.34749],[-157.98155,21.34777],[-157.98164,21.34826],[-157.98185,21.34847],[-157.98271,21.3488],[-157.983,21.34881],[-157.98474,21.34873],[-157.9856,21.34881],[-157.98615,21.34897],[-157.98683,21.34898],[-157.98746,21.34889],[-157.98788,21.34866],[-157.98788,21.34883],[-157.99128,21.34881],[-157.99086,21.34874],[-157.99098,21.34852],[-157.99117,21.34843],[-157.99184,21.34849],[-157.9922,21.34844],[-157.99257,21.34915],[-157.99273,21.34925],[-157.99282,21.3496],[-157.99321,21.34981],[-157.99313,21.35018],[-157.99303,21.35035],[-157.99304,21.35072],[-157.99315,21.3512],[-157.99322,21.35241],[-157.99304,21.3527],[-157.99357,21.35321],[-157.99414,21.35342],[-157.9948,21.35354],[-157.99534,21.35355],[-157.99631,21.35362],[-157.99647,21.35388],[-157.99956,21.35253],[-158.0007,21.35208],[-158.0008,21.35181],[-158.00115,21.35174],[-158.00179,21.35192],[-158.0021,21.35196],[-158.0024,21.35208],[-158.00265,21.35229],[-158.00324,21.35305],[-158.00349,21.35323],[-158.00373,21.3533],[-158.00417,21.35332],[-158.00446,21.35349],[-158.0045,21.35389],[-158.00492,21.35415],[-158.00506,21.35452],[-158.00549,21.35461],[-158.00572,21.35475],[-158.00626,21.35478],[-158.00658,21.35473],[-158.00705,21.35533],[-158.00684,21.35548],[-158.00706,21.35576],[-158.00694,21.35604],[-158.00698,21.35631],[-158.0074,21.35682],[-158.00754,21.3569],[-158.00825,21.35698],[-158.00858,21.35684],[-158.00861,21.35658],[-158.00888,21.35646],[-158.00899,21.35603],[-158.00923,21.35584],[-158.00938,21.35562],[-158.00958,21.35551],[-158.01032,21.35554],[-158.01069,21.35562],[-158.01163,21.35585],[-158.01209,21.3559],[-158.01242,21.35601],[-158.01277,21.35619],[-158.01333,21.35681],[-158.01362,21.35707],[-158.01417,21.35774],[-158.0145,21.35794],[-158.01496,21.35788],[-158.0154,21.35772],[-158.01563,21.35758],[-158.01593,21.35728],[-158.0166,21.35682],[-158.01686,21.35681],[-158.01743,21.35689],[-158.01796,21.35708],[-158.01824,21.35732],[-158.01861,21.35737],[-158.01892,21.35723],[-158.01899,21.35754],[-158.02045,21.35806],[-158.02109,21.35817],[-158.02128,21.35827],[-158.02155,21.35858],[-158.02165,21.35754],[-158.0221,21.35879],[-158.02266,21.36015],[-158.02326,21.36156],[-158.02306,21.36326],[-158.02261,21.36334],[-158.02206,21.36379],[-158.02165,21.3639],[-158.02125,21.36394],[-158.02141,21.36425],[-158.02168,21.3644],[-158.02178,21.3646],[-158.02146,21.36513],[-158.02116,21.3655],[-158.02085,21.3657],[-158.02041,21.3659],[-158.02019,21.36592],[-158.01909,21.36552],[-158.01811,21.3652],[-158.01712,21.3652],[-158.0169,21.36524],[-158.01668,21.36543],[-158.01618,21.36561],[-158.01663,21.3662],[-158.01703,21.36647],[-158.01736,21.36651],[-158.01772,21.36676],[-158.01793,21.36682],[-158.0183,21.36678],[-158.0186,21.3669],[-158.01869,21.36709],[-158.01927,21.36781],[-158.01993,21.36881],[-158.02016,21.36934],[-158.02071,21.37095],[-158.02074,21.37115],[-158.02101,21.37166],[-158.02112,21.37216],[-158.02107,21.37255],[-158.02085,21.37272],[-158.02072,21.37307],[-158.02057,21.37328],[-158.02073,21.37343],[-158.02071,21.37362],[-158.02035,21.37375],[-158.02026,21.37386],[-158.01988,21.37383],[-158.01959,21.37395],[-158.01906,21.37388],[-158.01882,21.37395],[-158.0186,21.37386],[-158.01842,21.37353],[-158.0176,21.37339],[-158.01741,21.37341],[-158.0172,21.37377],[-158.01714,21.3742],[-158.01701,21.37459],[-158.0168,21.3747],[-158.01679,21.37487],[-158.01699,21.37541],[-158.01727,21.37571],[-158.01692,21.37636],[-158.01673,21.37654],[-158.01668,21.37689],[-158.01608,21.37765],[-158.01588,21.37769],[-158.0156,21.37737],[-158.01542,21.37696],[-158.01546,21.37653],[-158.01555,21.37635],[-158.01558,21.37587],[-158.0158,21.37565],[-158.01638,21.37544],[-158.0165,21.37534],[-158.01654,21.375],[-158.01646,21.37476],[-158.0165,21.37449],[-158.01685,21.37399],[-158.01713,21.37327],[-158.01731,21.37304],[-158.01762,21.37301],[-158.01768,21.37282],[-158.01728,21.37279],[-158.01691,21.37299],[-158.01668,21.37356],[-158.01637,21.3741],[-158.01612,21.37439],[-158.01602,21.3747],[-158.0161,21.37516],[-158.01601,21.37525],[-158.0155,21.3754],[-158.01526,21.37552],[-158.01513,21.3757],[-158.01494,21.3765],[-158.0149,21.37696],[-158.01497,21.37725],[-158.01531,21.37789],[-158.01471,21.37781],[-158.01407,21.37793],[-158.01373,21.37774],[-158.01355,21.37745],[-158.01332,21.37728],[-158.01324,21.37699],[-158.0129,21.37665],[-158.01274,21.37641],[-158.01265,21.37607],[-158.01245,21.37592],[-158.01261,21.37557],[-158.01291,21.37556],[-158.0129,21.3754],[-158.0127,21.37527],[-158.01275,21.37509],[-158.01261,21.37473],[-158.01288,21.37462],[-158.013,21.37431],[-158.01314,21.37418],[-158.0136,21.37419],[-158.01377,21.37396],[-158.01398,21.37397],[-158.01406,21.3737],[-158.0138,21.37361],[-158.0131,21.37356],[-158.01266,21.37377],[-158.01257,21.3739],[-158.01222,21.37364],[-158.01232,21.37342],[-158.0122,21.37334],[-158.01198,21.37345],[-158.01193,21.37367],[-158.01166,21.37375],[-158.01133,21.37375],[-158.01106,21.37386],[-158.01095,21.37359],[-158.01072,21.37353],[-158.01072,21.37334],[-158.01042,21.37289],[-158.01013,21.37267],[-158.00987,21.37264],[-158.00965,21.37291],[-158.00952,21.37286],[-158.00943,21.37256],[-158.00928,21.37256],[-158.00917,21.37278],[-158.00939,21.37288],[-158.00933,21.37317],[-158.00902,21.37356],[-158.00879,21.37359],[-158.00852,21.37348],[-158.00848,21.37324],[-158.00852,21.37264],[-158.00843,21.37239],[-158.00853,21.37208],[-158.00875,21.37184],[-158.00878,21.37171],[-158.00858,21.37137],[-158.00837,21.37119],[-158.00819,21.37089],[-158.00799,21.37094],[-158.00763,21.37083],[-158.00744,21.37111],[-158.00718,21.37119],[-158.00726,21.37145],[-158.00718,21.37158],[-158.00718,21.37191],[-158.00742,21.37203],[-158.00745,21.37231],[-158.00723,21.37247],[-158.00698,21.37256],[-158.00675,21.37204],[-158.00672,21.37184],[-158.00652,21.37178],[-158.00574,21.37191],[-158.0058,21.37157],[-158.00573,21.3711],[-158.00554,21.37068],[-158.00505,21.3705],[-158.00481,21.37007],[-158.00444,21.36998],[-158.00418,21.37001],[-158.00409,21.37021],[-158.0039,21.37027],[-158.0032,21.3701],[-158.00329,21.36946],[-158.00316,21.36917],[-158.00323,21.36895],[-158.00351,21.36881],[-158.00352,21.36818],[-158.00428,21.36761],[-158.00454,21.3678],[-158.00472,21.36756],[-158.00461,21.36743],[-158.00469,21.36719],[-158.00488,21.36708],[-158.00484,21.36694],[-158.00446,21.36663],[-158.00435,21.3663],[-158.00436,21.36545],[-158.00443,21.36503],[-158.00429,21.36461],[-158.00385,21.36439],[-158.0033,21.36431],[-158.00293,21.36416],[-158.00273,21.36402],[-158.0023,21.36387],[-158.00183,21.36356],[-158.00118,21.36295],[-158.00094,21.36257],[-158.00094,21.36239],[-158.00079,21.36216],[-158.00057,21.36201],[-158.00019,21.36108],[-158.00015,21.36068],[-158.0002,21.3603],[-158.00045,21.35969],[-158.00071,21.3595],[-158.00098,21.35912],[-158.00108,21.35888],[-158.00095,21.35861],[-158.00107,21.35833],[-158.00083,21.35792],[-158.0005,21.35782],[-158.00031,21.35745],[-158.00035,21.35736],[-158.00005,21.35702],[-157.99921,21.3564],[-157.99859,21.3566],[-157.99801,21.35668],[-157.9977,21.35695],[-157.99751,21.35723],[-157.99701,21.3574],[-157.99683,21.35769],[-157.99654,21.35826],[-157.99614,21.35875],[-157.99587,21.35873],[-157.99571,21.35881],[-157.99553,21.35925],[-157.9954,21.35936],[-157.99497,21.35951],[-157.99463,21.35947],[-157.99445,21.35931],[-157.99412,21.35947],[-157.99374,21.35947],[-157.99339,21.35934],[-157.99315,21.35933],[-157.99241,21.35963],[-157.99227,21.35978],[-157.99165,21.36004],[-157.99123,21.36043],[-157.99076,21.36044],[-157.99025,21.36031],[-157.9894,21.36104],[-157.98907,21.3612],[-157.98895,21.36112],[-157.98868,21.36115],[-157.9884,21.36142],[-157.98837,21.36179],[-157.98825,21.36195],[-157.98794,21.3621],[-157.98768,21.36206],[-157.98761,21.36151],[-157.98778,21.36146],[-157.98787,21.36128],[-157.98772,21.36117],[-157.98811,21.36089],[-157.98818,21.36066],[-157.98796,21.35972],[-157.98777,21.35902],[-157.98791,21.35867],[-157.98817,21.35833],[-157.98833,21.35784],[-157.9885,21.35774],[-157.98881,21.35771],[-157.98925,21.35811],[-157.98943,21.35812],[-157.98962,21.3578],[-157.99084,21.35758],[-157.99122,21.35773],[-157.99133,21.35766],[-157.99166,21.35775],[-157.99185,21.35733],[-157.99249,21.35722],[-157.99304,21.35691],[-157.99302,21.3568],[-157.99263,21.35651],[-157.99213,21.35636],[-157.99201,21.35619],[-157.99153,21.35591],[-157.99132,21.35583],[-157.99115,21.35561],[-157.99101,21.35558],[-157.99088,21.35531],[-157.99028,21.3551],[-157.99015,21.3548],[-157.98972,21.35434],[-157.98949,21.35367],[-157.9894,21.35353],[-157.98931,21.35305],[-157.98931,21.35279],[-157.98917,21.35222],[-157.98921,21.35195],[-157.98903,21.35165],[-157.98862,21.35135],[-157.988,21.35135],[-157.98744,21.35128],[-157.98703,21.35142],[-157.98677,21.3513],[-157.98637,21.35124],[-157.9858,21.35102],[-157.98549,21.35096],[-157.98514,21.35096],[-157.98463,21.3511],[-157.98395,21.35155],[-157.98334,21.35183],[-157.98275,21.35206],[-157.98196,21.3521],[-157.98148,21.35203],[-157.98126,21.35194],[-157.98048,21.35147],[-157.98024,21.35129],[-157.97986,21.3507],[-157.97971,21.34985],[-157.97951,21.3494],[-157.97879,21.34853],[-157.97854,21.34812],[-157.97807,21.34772],[-157.97774,21.34764],[-157.97735,21.34711],[-157.97715,21.34642],[-157.97694,21.34619],[-157.97678,21.34636],[-157.97651,21.3464],[-157.97575,21.34579],[-157.97568,21.34528],[-157.97558,21.34501],[-157.97529,21.34456],[-157.97478,21.34422],[-157.97473,21.34411],[-157.97461,21.34332],[-157.9734,21.34205],[-157.97322,21.34195],[-157.97146,21.3417],[-157.97139,21.34339],[-157.97133,21.34339],[-157.97128,21.3448],[-157.97186,21.34483],[-157.97203,21.34488],[-157.97211,21.34537],[-157.97156,21.34548],[-157.9715,21.34559],[-157.97178,21.34597],[-157.97169,21.3465],[-157.9715,21.34661],[-157.97154,21.34686],[-157.97182,21.34729],[-157.97207,21.34751],[-157.97226,21.3478],[-157.97263,21.34821],[-157.97275,21.34856],[-157.97273,21.3493],[-157.97269,21.34968],[-157.97238,21.35009],[-157.9721,21.3506],[-157.97178,21.35097],[-157.97164,21.35144],[-157.97142,21.35165],[-157.97134,21.35189],[-157.97082,21.35266],[-157.9708,21.35291],[-157.97095,21.3533],[-157.97107,21.35333],[-157.97115,21.35362],[-157.97104,21.35394],[-157.97115,21.35406],[-157.97153,21.355],[-157.97217,21.35552],[-157.973,21.35573],[-157.97333,21.35593],[-157.97386,21.35651],[-157.97403,21.35689],[-157.974,21.35758],[-157.97417,21.35859],[-157.97457,21.35891],[-157.97504,21.35891],[-157.97517,21.35918],[-157.97513,21.35955],[-157.97542,21.35976],[-157.97561,21.36041],[-157.97585,21.36084],[-157.97588,21.36118],[-157.97563,21.36144],[-157.97523,21.36176],[-157.97505,21.36227],[-157.975,21.36266],[-157.97523,21.36345],[-157.97523,21.36382],[-157.97497,21.36441],[-157.97496,21.36459],[-157.97516,21.3648],[-157.97531,21.36528],[-157.97512,21.36558],[-157.97722,21.36591],[-157.97743,21.36596],[-157.97772,21.36625],[-157.97781,21.36657],[-157.97815,21.36666],[-157.97824,21.36639],[-157.97851,21.36634],[-157.97871,21.36639],[-157.97936,21.36606],[-157.9794,21.36567],[-157.98012,21.36544],[-157.98076,21.36536],[-157.98105,21.36536],[-157.98154,21.36523],[-157.98182,21.36523],[-157.98236,21.36544],[-157.98291,21.36591],[-157.9832,21.3661],[-157.98346,21.36645],[-157.9838,21.36711],[-157.98403,21.36735],[-157.98484,21.36787],[-157.98534,21.36831],[-157.98551,21.36855],[-157.98563,21.36887],[-157.98582,21.369],[-157.98622,21.36916],[-157.98661,21.36961],[-157.98682,21.36994],[-157.98729,21.37056],[-157.98748,21.37085],[-157.98786,21.37183],[-157.98787,21.37224],[-157.98796,21.37253],[-157.98816,21.37296],[-157.9883,21.37366],[-157.98828,21.37395],[-157.98799,21.37437],[-157.98797,21.37452],[-157.98856,21.37459],[-157.98875,21.37469],[-157.98916,21.37525],[-157.9893,21.37552],[-157.98976,21.37611],[-157.9902,21.37623],[-157.99092,21.37706],[-157.99112,21.37738],[-157.9913,21.37791],[-157.99141,21.37852],[-157.99148,21.37914],[-157.99138,21.37988],[-157.99137,21.38085],[-157.99147,21.38178],[-157.99162,21.3827],[-157.99195,21.3836],[-157.99225,21.38347],[-157.99245,21.38377],[-157.992,21.38409],[-157.99226,21.38451],[-157.99235,21.38521],[-157.99234,21.38594],[-157.99244,21.38622],[-157.99229,21.38669],[-157.99192,21.38716],[-157.99119,21.38763],[-157.99037,21.38799],[-157.98993,21.38812],[-157.98947,21.38821],[-157.98878,21.38829],[-157.98783,21.38825],[-157.98755,21.38805],[-157.98705,21.38793],[-157.9863,21.38797],[-157.98518,21.38768],[-157.98495,21.38787],[-157.98458,21.38789],[-157.98519,21.38727],[-157.98507,21.38707],[-157.98501,21.38673],[-157.98504,21.38631],[-157.98493,21.38602],[-157.98497,21.38562],[-157.98492,21.38529],[-157.98436,21.38451],[-157.98426,21.38457],[-157.98389,21.38435],[-157.98375,21.38401],[-157.98335,21.38363],[-157.98339,21.38348],[-157.98297,21.38257],[-157.98246,21.38215],[-157.98235,21.38197],[-157.98176,21.38141],[-157.98171,21.38104],[-157.98132,21.38068],[-157.98099,21.38024],[-157.98039,21.37966],[-157.9802,21.37977],[-157.97999,21.37975],[-157.97963,21.37935],[-157.97885,21.37976],[-157.97796,21.37887],[-157.97779,21.37847],[-157.97762,21.37826],[-157.97688,21.37814],[-157.9766,21.37781],[-157.97636,21.37771],[-157.97615,21.37798],[-157.97595,21.37797],[-157.97578,21.37758],[-157.97579,21.37727],[-157.97565,21.37639],[-157.97567,21.37609],[-157.97579,21.37581],[-157.97613,21.37551],[-157.97616,21.37525],[-157.97601,21.37491],[-157.97576,21.37492],[-157.97561,21.37473],[-157.97516,21.37449],[-157.97507,21.37433],[-157.97479,21.37308],[-157.97467,21.37288],[-157.9742,21.37256],[-157.97376,21.37241],[-157.97337,21.37221],[-157.97329,21.372],[-157.97363,21.37192],[-157.97324,21.37169],[-157.97343,21.37149],[-157.97246,21.37097],[-157.97238,21.37122],[-157.97068,21.37034],[-157.97087,21.37015],[-157.9699,21.36963],[-157.96977,21.36987],[-157.96956,21.37],[-157.96918,21.36999],[-157.96883,21.36982],[-157.96875,21.36969],[-157.96812,21.37083],[-157.96835,21.37085],[-157.96752,21.37231],[-157.96736,21.37215],[-157.96671,21.37327],[-157.96692,21.37337],[-157.96703,21.37493],[-157.96671,21.375],[-157.96672,21.37856],[-157.96634,21.37849],[-157.96634,21.37775],[-157.96621,21.37775],[-157.9662,21.37849],[-157.96592,21.37855],[-157.96591,21.37872],[-157.9662,21.37877],[-157.96621,21.37952],[-157.96634,21.37952],[-157.96634,21.37877],[-157.96672,21.37871],[-157.96672,21.37984],[-157.96681,21.38023],[-157.96713,21.38043],[-157.96745,21.38052],[-157.9677,21.38068],[-157.96766,21.38112],[-157.96772,21.38144],[-157.96786,21.38173],[-157.96833,21.38222],[-157.96879,21.38287],[-157.96912,21.38318],[-157.96939,21.38372],[-157.96964,21.38457],[-157.96953,21.38545],[-157.96938,21.38585],[-157.96917,21.38617],[-157.96887,21.38648],[-157.96863,21.38662],[-157.96803,21.38661],[-157.96762,21.38648],[-157.96679,21.38602],[-157.96652,21.38609],[-157.96653,21.38654],[-157.96623,21.38647],[-157.96563,21.38696],[-157.96546,21.38701],[-157.9649,21.38702],[-157.96441,21.38718],[-157.96369,21.38727],[-157.96318,21.38769],[-157.96288,21.3879],[-157.96275,21.38769],[-157.96241,21.38748],[-157.96219,21.38754],[-157.96148,21.3874],[-157.96142,21.38745],[-157.96151,21.38804],[-157.9614,21.38807],[-157.96095,21.38794],[-157.96098,21.38775],[-157.96084,21.38742],[-157.9607,21.38766],[-157.96035,21.38751],[-157.9597,21.38736],[-157.95898,21.38715],[-157.95847,21.38679],[-157.95797,21.38623],[-157.95791,21.38589],[-157.9578,21.38576],[-157.9569,21.38526],[-157.95662,21.38506],[-157.95598,21.38476],[-157.95506,21.38445],[-157.95413,21.38386],[-157.95325,21.38336],[-157.95259,21.38315],[-157.95241,21.38297],[-157.95196,21.38288],[-157.95152,21.38286],[-157.95078,21.38235],[-157.95055,21.38225],[-157.95001,21.38226],[-157.94988,21.38272],[-157.94948,21.38262],[-157.94901,21.38268],[-157.94814,21.38263],[-157.94755,21.38217],[-157.94742,21.38198],[-157.94737,21.3817],[-157.9471,21.38171],[-157.94696,21.38189],[-157.9467,21.38178],[-157.9456,21.38089],[-157.94435,21.38007],[-157.9441,21.37999],[-157.94361,21.37949],[-157.94315,21.37939],[-157.94277,21.37903],[-157.94252,21.37869],[-157.94237,21.37823],[-157.94236,21.37802],[-157.94272,21.37719],[-157.94283,21.37667],[-157.94282,21.37647],[-157.94262,21.37627],[-157.94156,21.37562],[-157.94138,21.37545],[-157.94133,21.37522],[-157.9411,21.37519],[-157.94095,21.37504],[-157.94063,21.37513],[-157.9404,21.37553],[-157.94025,21.37593],[-157.93948,21.37652],[-157.93919,21.37661],[-157.93833,21.37665],[-157.93798,21.37681],[-157.93748,21.37722],[-157.93708,21.37749],[-157.93684,21.37753],[-157.93634,21.37739],[-157.93576,21.37685],[-157.93548,21.37669],[-157.93527,21.37636],[-157.93527,21.37602],[-157.93497,21.37587],[-157.93456,21.37607],[-157.93442,21.3758],[-157.93399,21.37581],[-157.93379,21.37554],[-157.93382,21.375],[-157.93404,21.37471],[-157.93396,21.37451],[-157.93436,21.37395],[-157.93483,21.37378],[-157.93508,21.37382],[-157.93591,21.37378],[-157.93609,21.37372],[-157.93614,21.37345],[-157.93606,21.37324],[-157.93612,21.37295],[-157.93555,21.3721],[-157.93598,21.37128],[-157.93618,21.37125],[-157.93635,21.37095],[-157.93654,21.37081],[-157.93702,21.36989],[-157.93738,21.36954],[-157.93768,21.36947],[-157.93819,21.36917],[-157.93882,21.36916],[-157.93894,21.36856],[-157.93911,21.36843],[-157.93945,21.36727],[-157.93982,21.36727],[-157.94008,21.36672],[-157.94006,21.36658],[-157.9396,21.36643],[-157.93965,21.36635],[-157.93912,21.36617],[-157.93909,21.36624],[-157.93796,21.36583],[-157.93811,21.36521],[-157.93827,21.36512],[-157.94048,21.36587],[-157.94062,21.3655],[-157.94423,21.36405],[-157.94417,21.36389],[-157.94063,21.3653],[-157.94068,21.36512],[-157.94112,21.364],[-157.94111,21.36388],[-157.94174,21.36323],[-157.94253,21.36317],[-157.94264,21.36337],[-157.94537,21.36228],[-157.94538,21.36126],[-157.94721,21.36051],[-157.94704,21.3601],[-157.94537,21.36079],[-157.94538,21.35971],[-157.94826,21.35856],[-157.94873,21.35775],[-157.94873,21.35766],[-157.94673,21.35527],[-157.94372,21.35811],[-157.94362,21.35803],[-157.94329,21.35842],[-157.94338,21.35852],[-157.94301,21.35893],[-157.94275,21.35874],[-157.94183,21.35981],[-157.94102,21.35921],[-157.94056,21.35882],[-157.94331,21.35582],[-157.94342,21.35565],[-157.94411,21.35493],[-157.94401,21.35485],[-157.94346,21.35545],[-157.94356,21.35469],[-157.94339,21.35426],[-157.9443,21.35398],[-157.94427,21.35386],[-157.94335,21.35414],[-157.94319,21.35379],[-157.94005,21.35335],[-157.9399,21.35257],[-157.94348,21.3524],[-157.94369,21.35221],[-157.94272,21.35027],[-157.94302,21.35],[-157.95044,21.3542],[-157.9517,21.35226],[-157.95202,21.35217],[-157.95245,21.35241],[-157.95248,21.35276],[-157.95087,21.35522],[-157.95113,21.35538],[-157.9528,21.35285],[-157.95308,21.35277],[-157.9535,21.35306],[-157.95349,21.35327],[-157.95173,21.35602],[-157.95198,21.35615],[-157.95301,21.35461],[-157.95375,21.355],[-157.95271,21.35661],[-157.95283,21.35668],[-157.9537,21.35532],[-157.95387,21.35542],[-157.95326,21.35638],[-157.95339,21.35646],[-157.95417,21.35524],[-157.95485,21.35564],[-157.95407,21.35685],[-157.95432,21.357],[-157.9575,21.35211],[-157.95774,21.35226],[-157.95793,21.35204],[-157.95928,21.34999],[-157.95959,21.35003],[-157.9596,21.35022],[-157.95809,21.35251],[-157.95837,21.35269],[-157.95804,21.35323],[-157.95818,21.35332],[-157.95893,21.35218],[-157.95911,21.35228],[-157.96052,21.35009],[-157.96071,21.34997],[-157.96091,21.34999],[-157.96099,21.35013],[-157.96093,21.35035],[-157.95951,21.35248],[-157.95974,21.35259],[-157.95995,21.35258],[-157.96018,21.35223],[-157.96004,21.35216],[-157.96017,21.35192],[-157.96032,21.352],[-157.96107,21.35089],[-157.96128,21.35106],[-157.96056,21.35214],[-157.96107,21.35228],[-157.96155,21.35167],[-157.96186,21.35145],[-157.96212,21.35148],[-157.96214,21.35177],[-157.96226,21.35183],[-157.96208,21.35215],[-157.96221,21.35222],[-157.96297,21.35102],[-157.96316,21.35112],[-157.96249,21.35238],[-157.96265,21.35248],[-157.96376,21.35231],[-157.96431,21.3519],[-157.96442,21.35168],[-157.96487,21.35145],[-157.96516,21.3511],[-157.96534,21.35097],[-157.96596,21.3507],[-157.96609,21.35056],[-157.96666,21.35031],[-157.96692,21.34996],[-157.96734,21.3499],[-157.96776,21.3495],[-157.96791,21.34897],[-157.968,21.34803],[-157.96794,21.34759],[-157.96776,21.34729],[-157.96714,21.3465],[-157.96689,21.34636],[-157.9668,21.34618],[-157.96652,21.34593],[-157.96425,21.34801],[-157.96395,21.34802],[-157.96383,21.34783],[-157.96391,21.34769],[-157.9662,21.34553],[-157.96598,21.34536],[-157.96629,21.3451],[-157.96541,21.34375],[-157.96527,21.34367],[-157.96492,21.3436],[-157.96492,21.34323],[-157.96474,21.34309],[-157.96459,21.34159],[-157.9646,21.34138],[-157.96492,21.34109],[-157.96527,21.34067],[-157.96666,21.3394],[-157.96775,21.33845],[-157.96788,21.3383],[-157.96808,21.33773],[-157.96809,21.33721],[-157.96823,21.33645],[-157.96841,21.33613],[-157.96866,21.3318],[-157.96852,21.33125],[-157.96817,21.33092],[-157.96791,21.3308],[-157.96774,21.33111],[-157.96761,21.33107],[-157.96777,21.33075],[-157.96665,21.33028],[-157.96597,21.32991],[-157.96532,21.32921],[-157.96587,21.32868],[-157.96621,21.32859],[-157.96605,21.32794],[-157.96598,21.32788],[-157.96486,21.32896],[-157.96446,21.32856],[-157.96426,21.3283],[-157.96417,21.32766],[-157.96446,21.3272],[-157.96451,21.32703],[-157.96436,21.32657],[-157.9641,21.32597],[-157.96574,21.32539],[-157.96572,21.32523],[-157.96529,21.32521],[-157.96476,21.32542],[-157.96432,21.32548],[-157.96423,21.32564],[-157.96387,21.32564],[-157.96344,21.32508],[-157.96306,21.32447],[-157.96289,21.32426],[-157.96241,21.32308],[-157.96212,21.32245],[-157.96191,21.32181],[-157.96181,21.32067],[-157.96165,21.32037],[-157.96134,21.32001],[-157.96003,21.31912],[-157.96012,21.31894],[-157.95988,21.31862],[-157.96017,21.3186],[-157.96005,21.31841],[-157.96003,21.31811],[-157.95983,21.31804],[-157.95978,21.31772],[-157.95945,21.31766],[-157.95946,21.31729],[-157.95896,21.3173],[-157.95816,21.31691],[-157.95739,21.31674],[-157.95712,21.31701],[-157.9568,21.31705],[-157.95646,21.31695],[-157.95658,21.31655],[-157.95602,21.31648],[-157.95515,21.31642],[-157.95449,21.31633],[-157.95439,21.31697],[-157.95405,21.31696],[-157.95414,21.31646],[-157.95442,21.31607],[-157.95439,21.31599],[-157.95359,21.31594],[-157.95355,21.31607],[-157.9538,21.31633],[-157.95373,21.31677],[-157.95364,21.31701],[-157.95307,21.31687],[-157.95257,21.31689],[-157.95241,21.31726],[-157.95166,21.31717],[-157.95049,21.31686],[-157.95027,21.31675],[-157.95022,21.31704],[-157.94994,21.31705],[-157.94971,21.31687],[-157.94884,21.31669],[-157.94826,21.31661],[-157.94791,21.31647],[-157.94694,21.30862],[-157.95114,21.30865],[-157.95127,21.30444],[-157.90675,21.30263],[-157.90671,21.30426],[-157.90635,21.30464],[-157.90619,21.30514],[-157.90617,21.30671],[-157.90621,21.30891],[-157.90636,21.3093],[-157.90686,21.30989],[-157.9073,21.31019],[-157.90761,21.31032],[-157.9081,21.31045],[-157.91798,21.31048],[-157.91841,21.31057],[-157.919,21.31083],[-157.91925,21.31103],[-157.91955,21.31146],[-157.91967,21.31188],[-157.91968,21.31228],[-157.91961,21.31266],[-157.91945,21.31295],[-157.91918,21.31323],[-157.91472,21.31625],[-157.91387,21.31678],[-157.91356,21.31709],[-157.91275,21.3177],[-157.91255,21.31777],[-157.91192,21.31841],[-157.9111,21.31892],[-157.91079,21.31907],[-157.9095,21.32012],[-157.90905,21.32033],[-157.90797,21.32104],[-157.90631,21.32225],[-157.90494,21.32318],[-157.90338,21.32429],[-157.90305,21.32457],[-157.9022,21.325],[-157.89999,21.32664],[-157.89955,21.32708],[-157.89933,21.32736],[-157.89892,21.32756],[-157.89896,21.32794],[-157.8989,21.32817],[-157.89921,21.32879],[-157.89961,21.32917],[-157.89964,21.32944],[-157.89956,21.32967],[-157.89929,21.32989],[-157.89901,21.32998],[-157.89871,21.32984],[-157.89856,21.32941],[-157.89827,21.32914],[-157.89777,21.32906],[-157.89753,21.3292],[-157.89733,21.32969],[-157.89685,21.33008],[-157.89623,21.33049],[-157.89569,21.33066],[-157.89528,21.33065],[-157.89476,21.33058],[-157.89435,21.33062],[-157.89393,21.33087],[-157.89355,21.3313],[-157.8935,21.33171],[-157.89358,21.3322],[-157.8939,21.33293],[-157.89398,21.33322],[-157.89395,21.33346],[-157.8932,21.33329],[-157.89323,21.33287],[-157.89297,21.33217],[-157.893,21.33178],[-157.89294,21.3314],[-157.8926,21.33092],[-157.89214,21.33085],[-157.89185,21.33067],[-157.89131,21.33068],[-157.89109,21.33044],[-157.89138,21.3301],[-157.89146,21.32937],[-157.89175,21.32905],[-157.89278,21.32818],[-157.89283,21.32795],[-157.89311,21.32791],[-157.89339,21.32737],[-157.89336,21.32679],[-157.89309,21.32678],[-157.89326,21.32651],[-157.89383,21.32634],[-157.89438,21.32608],[-157.89499,21.32554],[-157.89505,21.32541],[-157.89451,21.32442],[-157.89451,21.32425],[-157.89388,21.32316],[-157.89379,21.32319],[-157.89342,21.32248],[-157.89353,21.32244],[-157.89304,21.32149],[-157.89305,21.32141],[-157.89249,21.32033],[-157.89194,21.32051],[-157.89152,21.32048],[-157.89129,21.32033],[-157.89142,21.32002],[-157.89238,21.31959],[-157.89144,21.31772],[-157.89153,21.31766],[-157.8911,21.31679],[-157.89134,21.31666],[-157.89102,21.31611],[-157.89112,21.31606],[-157.89082,21.3155],[-157.89108,21.3154],[-157.89114,21.31518],[-157.8908,21.31448],[-157.89028,21.31463],[-157.89003,21.31483],[-157.88924,21.31496],[-157.88854,21.31497],[-157.88834,21.31507],[-157.888,21.31441],[-157.88793,21.31442],[-157.88828,21.3151],[-157.88663,21.31575],[-157.88656,21.31562],[-157.88626,21.31576],[-157.88614,21.3172],[-157.8857,21.31713],[-157.8856,21.31611],[-157.88491,21.3162],[-157.88332,21.31681],[-157.88326,21.31713],[-157.8829,21.31699],[-157.88269,21.31995],[-157.88199,21.31987],[-157.88225,21.31714],[-157.88155,21.3171],[-157.88123,21.31984],[-157.88046,21.31975],[-157.88073,21.31691],[-157.88051,21.31679],[-157.87918,21.31909],[-157.87895,21.31916],[-157.87877,21.31951],[-157.87798,21.31999],[-157.87766,21.32003],[-157.87754,21.32013],[-157.87723,21.31991],[-157.87793,21.31927],[-157.87814,21.31902],[-157.87818,21.31883],[-157.87837,21.31871],[-157.87957,21.31665],[-157.87865,21.3162],[-157.87796,21.31739],[-157.87728,21.31706],[-157.87784,21.31599],[-157.87768,21.31592],[-157.87692,21.31736],[-157.87626,21.31699],[-157.87704,21.31553],[-157.87806,21.31387],[-157.87727,21.31333],[-157.87376,21.31108],[-157.87367,21.31119],[-157.87335,21.311],[-157.8734,21.31087],[-157.87267,21.31035],[-157.87018,21.30876],[-157.87009,21.30886],[-157.86966,21.30855],[-157.86954,21.30897],[-157.87127,21.31011],[-157.87162,21.31063],[-157.87143,21.31091],[-157.87012,21.31],[-157.86972,21.30975],[-157.86963,21.30982],[-157.87014,21.31071],[-157.87065,21.31225],[-157.86999,21.31246],[-157.8697,21.31161],[-157.8691,21.31008],[-157.86879,21.31004],[-157.8676,21.31042],[-157.86703,21.31403],[-157.86642,21.314],[-157.86607,21.31393],[-157.86581,21.31376],[-157.86563,21.31354],[-157.86539,21.31296],[-157.86533,21.31219],[-157.86544,21.31219],[-157.86547,21.31182],[-157.86562,21.31098],[-157.86544,21.3109],[-157.86503,21.31103],[-157.8649,21.31065],[-157.86562,21.3104],[-157.86554,21.30997],[-157.86468,21.31025],[-157.86448,21.3097],[-157.86483,21.30954],[-157.86461,21.30938],[-157.86442,21.30904],[-157.86481,21.30867],[-157.86653,21.30725],[-157.86629,21.30559],[-157.8648,21.30641],[-157.86446,21.30588],[-157.86553,21.30538],[-157.86541,21.30514],[-157.86435,21.30568],[-157.86406,21.30523],[-157.8648,21.30478],[-157.8647,21.30466],[-157.86501,21.30439],[-157.86504,21.30413],[-157.86488,21.30385],[-157.86368,21.3039],[-157.86364,21.30345],[-157.86454,21.30336],[-157.86424,21.30325],[-157.86417,21.30312],[-157.86772,21.29899],[-157.8683,21.29783],[-157.8692,21.29627],[-157.86907,21.29621],[-157.8693,21.29571],[-157.86967,21.29566],[-157.86964,21.29544],[-157.86901,21.29559],[-157.86836,21.29557],[-157.868,21.29547],[-157.86753,21.29517],[-157.8673,21.29511],[-157.86643,21.29436],[-157.86465,21.29297],[-157.86127,21.29039],[-157.86109,21.29041],[-157.8603,21.29145],[-157.86001,21.29155],[-157.85993,21.29184],[-157.86023,21.29197],[-157.86005,21.29236],[-157.85966,21.29225],[-157.85955,21.29255],[-157.85942,21.29253],[-157.8592,21.29318],[-157.8588,21.29316],[-157.85831,21.29357],[-157.85738,21.29443],[-157.85502,21.2932],[-157.85506,21.293],[-157.8558,21.29174],[-157.85565,21.29165],[-157.85603,21.29113],[-157.85807,21.2922],[-157.85853,21.29193],[-157.85941,21.29088],[-157.85921,21.29099],[-157.85592,21.29081],[-157.85562,21.29101],[-157.85546,21.29124],[-157.85512,21.2912],[-157.85465,21.291],[-157.85415,21.29063],[-157.85377,21.29043],[-157.8534,21.29034],[-157.85255,21.28987],[-157.85136,21.28971],[-157.85042,21.28949],[-157.84933,21.28919],[-157.84777,21.28853],[-157.84744,21.28841],[-157.84698,21.28815],[-157.84634,21.28738],[-157.84627,21.2871],[-157.8465,21.28634],[-157.8467,21.2861],[-157.84722,21.28603],[-157.84827,21.28474],[-157.84835,21.28416],[-157.84818,21.2836],[-157.84796,21.28381],[-157.84772,21.28389],[-157.8472,21.28378],[-157.84676,21.28346],[-157.84622,21.28302],[-157.84603,21.28263],[-157.84612,21.28196],[-157.846,21.28168],[-157.84581,21.28225],[-157.84566,21.28308],[-157.84426,21.28786],[-157.84319,21.28754],[-157.84274,21.28758],[-157.84186,21.28797],[-157.84133,21.28824],[-157.84101,21.28783],[-157.84035,21.28795],[-157.84027,21.28757],[-157.84086,21.28742],[-157.84121,21.28727],[-157.84098,21.28694],[-157.84119,21.28682],[-157.83983,21.28506],[-157.83988,21.28488],[-157.83937,21.2842],[-157.8393,21.28374],[-157.83952,21.2835],[-157.84019,21.28436],[-157.84094,21.28385],[-157.84282,21.28637],[-157.8431,21.28618],[-157.84047,21.28274],[-157.84117,21.28238],[-157.84352,21.2855],[-157.84384,21.28529],[-157.84363,21.28502],[-157.84351,21.2851],[-157.84103,21.28184],[-157.84082,21.28151],[-157.84058,21.28136],[-157.84029,21.28095],[-157.83974,21.28131],[-157.8388,21.28155],[-157.8383,21.2814],[-157.83793,21.28116],[-157.83768,21.28075],[-157.83749,21.28058],[-157.83704,21.28041],[-157.83646,21.28009],[-157.83587,21.27935],[-157.8352,21.27865],[-157.83483,21.27848],[-157.83421,21.27815],[-157.83348,21.27762],[-157.83301,21.27744],[-157.83233,21.2774],[-157.83047,21.27677],[-157.82972,21.27662],[-157.82973,21.27629],[-157.82915,21.27645],[-157.82845,21.27648],[-157.82795,21.27644],[-157.82744,21.27624],[-157.82648,21.27574],[-157.82532,21.27489],[-157.82525,21.27459],[-157.82495,21.27458],[-157.8246,21.27441],[-157.82446,21.27412],[-157.82412,21.27301],[-157.82378,21.27244],[-157.82327,21.27199],[-157.82315,21.27138],[-157.82328,21.27125],[-157.82303,21.26984],[-157.82289,21.26918],[-157.82293,21.26866],[-157.82304,21.26834],[-157.82229,21.26599],[-157.82222,21.26553],[-157.82204,21.2651],[-157.82276,21.26497],[-157.82251,21.2639],[-157.82216,21.26396],[-157.82198,21.26346],[-157.82167,21.26271],[-157.82171,21.26211],[-157.82156,21.26179],[-157.82142,21.26113],[-157.82116,21.26095],[-157.82041,21.26065],[-157.82006,21.26025],[-157.81976,21.25969],[-157.81965,21.25941],[-157.81913,21.25869],[-157.819,21.25837],[-157.81865,21.25773],[-157.8185,21.25763],[-157.81778,21.25761],[-157.81729,21.25751],[-157.81678,21.25719],[-157.81626,21.25675],[-157.81577,21.25658],[-157.8149,21.25611],[-157.8145,21.25601],[-157.8137,21.25595],[-157.81286,21.25584],[-157.81215,21.25587],[-157.81124,21.25596],[-157.81056,21.25575],[-157.81002,21.25539],[-157.80974,21.2553],[-157.80911,21.25527],[-157.80819,21.25494],[-157.80722,21.25491],[-157.80616,21.25505],[-157.80546,21.25522],[-157.80451,21.25566],[-157.80395,21.25581],[-157.8032,21.25598],[-157.8017,21.25596],[-157.80101,21.25609],[-157.79995,21.25641],[-157.79876,21.2568],[-157.79816,21.25703],[-157.79788,21.25697],[-157.79718,21.25695],[-157.79683,21.25708],[-157.79633,21.25733],[-157.79611,21.25735],[-157.79588,21.25716],[-157.79585,21.25675],[-157.79535,21.25669],[-157.79483,21.25639],[-157.79482,21.25624],[-157.79426,21.25578],[-157.79393,21.25572],[-157.79351,21.25544],[-157.79295,21.25527],[-157.79253,21.25537],[-157.79188,21.25538],[-157.79168,21.25521],[-157.79151,21.25521],[-157.79144,21.25544],[-157.79121,21.25553],[-157.79099,21.25576],[-157.79086,21.25599],[-157.79073,21.25676],[-157.79077,21.25712],[-157.79072,21.2575],[-157.79104,21.25772],[-157.79114,21.25791],[-157.7911,21.25811],[-157.79115,21.25861],[-157.79104,21.25884],[-157.79047,21.25912],[-157.79037,21.25931],[-157.78992,21.25981],[-157.78926,21.26002],[-157.7888,21.26023],[-157.78824,21.26058],[-157.78728,21.26104],[-157.78586,21.26161],[-157.78398,21.26257],[-157.78315,21.26311],[-157.78224,21.26359],[-157.78181,21.26391],[-157.78105,21.26435],[-157.78043,21.26482],[-157.77994,21.26525],[-157.77949,21.26582],[-157.77876,21.26697],[-157.77779,21.26834],[-157.77715,21.26907],[-157.77688,21.26928],[-157.77659,21.2696],[-157.77595,21.27015],[-157.77545,21.2705],[-157.775,21.27076],[-157.77466,21.27086],[-157.77427,21.27058],[-157.77415,21.27103],[-157.77381,21.2712],[-157.7726,21.27154],[-157.7721,21.2716],[-157.77206,21.27191],[-157.77194,21.272],[-157.77095,21.27228],[-157.77052,21.27243],[-157.77004,21.27245],[-157.76894,21.27257],[-157.76875,21.27263],[-157.76827,21.27293],[-157.76776,21.27329],[-157.76636,21.27417],[-157.76518,21.27473],[-157.76471,21.27502],[-157.76387,21.27536],[-157.76342,21.27558],[-157.76289,21.27574],[-157.76227,21.27597],[-157.76131,21.27614],[-157.76085,21.27618],[-157.76021,21.27602],[-157.75964,21.27605],[-157.75928,21.27536],[-157.75908,21.27464],[-157.7587,21.27396],[-157.75827,21.27366],[-157.7579,21.27352],[-157.75759,21.27346],[-157.75714,21.27347],[-157.75589,21.27377],[-157.75534,21.27393],[-157.75488,21.27419],[-157.75468,21.27444],[-157.75449,21.27482],[-157.75441,21.27514],[-157.75444,21.27556],[-157.75455,21.27585],[-157.75453,21.2761],[-157.75441,21.27618],[-157.75266,21.27667],[-157.75186,21.27699],[-157.75128,21.27705],[-157.75021,21.2769],[-157.74977,21.27698],[-157.74812,21.27745],[-157.74762,21.27764],[-157.74643,21.27829],[-157.74561,21.27855],[-157.74467,21.27878],[-157.74425,21.27897],[-157.74399,21.27944],[-157.74368,21.27969],[-157.74283,21.27996],[-157.74243,21.28],[-157.74193,21.27994],[-157.74049,21.27994],[-157.73996,21.2799],[-157.73918,21.27996],[-157.73866,21.27995],[-157.73825,21.2801],[-157.73718,21.28022],[-157.73686,21.28031],[-157.73652,21.28052],[-157.73632,21.28054],[-157.736,21.28006],[-157.73556,21.27976],[-157.73497,21.27965],[-157.73406,21.27974],[-157.73362,21.27995],[-157.7333,21.28088],[-157.73329,21.28124],[-157.7334,21.28165],[-157.73305,21.28193],[-157.73267,21.282],[-157.73215,21.28201],[-157.73132,21.28188],[-157.73049,21.28184],[-157.72941,21.28166],[-157.7283,21.2813],[-157.72779,21.28116],[-157.72736,21.28114],[-157.7263,21.28117],[-157.7259,21.28111],[-157.72502,21.28116],[-157.72384,21.2812],[-157.72277,21.28143],[-157.72251,21.28167],[-157.72248,21.28196],[-157.7227,21.28219],[-157.72309,21.28223],[-157.72325,21.28203],[-157.72369,21.28188],[-157.72397,21.28199],[-157.72424,21.2823],[-157.72446,21.28224],[-157.72458,21.28175],[-157.72467,21.28164],[-157.72496,21.28164],[-157.72517,21.28187],[-157.72526,21.28141],[-157.72546,21.28129],[-157.72588,21.28127],[-157.727,21.28164],[-157.72738,21.2817],[-157.72785,21.28208],[-157.72808,21.28257],[-157.72789,21.28273],[-157.72747,21.28283],[-157.72737,21.28296],[-157.72701,21.28295],[-157.72674,21.28311],[-157.726,21.28319],[-157.72546,21.28372],[-157.72497,21.28388],[-157.72417,21.28404],[-157.72391,21.28405],[-157.72343,21.28421],[-157.72315,21.2844],[-157.72284,21.28447],[-157.72263,21.28425],[-157.72269,21.28409],[-157.7231,21.28404],[-157.72315,21.28378],[-157.72262,21.28379],[-157.72174,21.2839],[-157.72165,21.28407],[-157.72124,21.28399],[-157.72076,21.28396],[-157.72052,21.28399],[-157.7197,21.28438],[-157.71932,21.28447],[-157.71889,21.28472],[-157.71882,21.28519],[-157.71857,21.28521],[-157.71863,21.28443],[-157.7187,21.2841],[-157.71855,21.284],[-157.71832,21.28369],[-157.7179,21.28342],[-157.71738,21.28316],[-157.7168,21.28303],[-157.71645,21.28301],[-157.7159,21.2829],[-157.71582,21.2828],[-157.71521,21.28269],[-157.71501,21.28259],[-157.71489,21.28236],[-157.71446,21.28208],[-157.71435,21.28237],[-157.7142,21.28241],[-157.71364,21.28215],[-157.71361,21.28203],[-157.71391,21.28189],[-157.71382,21.28176],[-157.71341,21.2815],[-157.713,21.2813],[-157.71248,21.28117],[-157.7122,21.28117],[-157.71188,21.28147],[-157.71167,21.28199],[-157.71165,21.28225],[-157.71144,21.28258],[-157.71104,21.28275],[-157.71038,21.28294],[-157.71019,21.28296],[-157.70983,21.2828],[-157.70959,21.28284],[-157.70902,21.28311],[-157.70888,21.28325],[-157.70875,21.2837],[-157.70877,21.28389],[-157.70936,21.2849],[-157.70949,21.28524],[-157.70962,21.28525],[-157.70982,21.28548],[-157.71126,21.28486],[-157.71179,21.28466],[-157.71251,21.28451],[-157.71447,21.28448],[-157.71486,21.28449],[-157.71511,21.28457],[-157.71607,21.28524],[-157.71648,21.28575],[-157.71632,21.28589],[-157.71616,21.28574],[-157.7158,21.28604],[-157.71533,21.28586],[-157.71506,21.28624],[-157.71499,21.28624],[-157.71427,21.28703],[-157.71408,21.28731],[-157.71345,21.28805],[-157.71301,21.28851],[-157.71262,21.28873],[-157.71243,21.28899],[-157.7122,21.28914],[-157.71222,21.28876],[-157.71316,21.28771],[-157.71349,21.28721],[-157.71382,21.28649],[-157.71402,21.28598],[-157.71402,21.28583],[-157.71376,21.28546],[-157.71352,21.28535],[-157.71335,21.28537],[-157.71304,21.28564],[-157.71247,21.287],[-157.71215,21.28748],[-157.7123,21.28781],[-157.71214,21.28797],[-157.71182,21.28771],[-157.71184,21.28736],[-157.71216,21.28665],[-157.71242,21.286],[-157.7124,21.28572],[-157.71211,21.28548],[-157.71185,21.28544],[-157.7116,21.28553],[-157.71114,21.28642],[-157.71089,21.28702],[-157.7108,21.28768],[-157.71089,21.28817],[-157.71112,21.28872],[-157.71115,21.28949],[-157.7114,21.28998],[-157.71141,21.29024],[-157.71057,21.29243],[-157.7104,21.29281],[-157.70999,21.2931],[-157.70956,21.29322],[-157.7093,21.29337],[-157.70871,21.29319],[-157.70849,21.29308],[-157.70827,21.29286],[-157.70816,21.29258],[-157.70804,21.29164],[-157.70799,21.29099],[-157.70802,21.29026],[-157.70815,21.28982],[-157.70766,21.28943],[-157.70751,21.28896],[-157.70859,21.28803],[-157.70905,21.2882],[-157.71005,21.28728],[-157.71009,21.28707],[-157.70995,21.28679],[-157.70916,21.28541],[-157.70899,21.28514],[-157.70885,21.28507],[-157.70844,21.2845],[-157.70791,21.284],[-157.70764,21.28388],[-157.70706,21.28395],[-157.70609,21.2845],[-157.70512,21.28507],[-157.7048,21.28536],[-157.70453,21.28578],[-157.70421,21.28607],[-157.70271,21.28655],[-157.70238,21.28681],[-157.70191,21.2875],[-157.70158,21.28766],[-157.70077,21.28777],[-157.70043,21.28791],[-157.70012,21.28825],[-157.70006,21.28845],[-157.70017,21.28927],[-157.70018,21.28972],[-157.70012,21.28994],[-157.69949,21.29068],[-157.69905,21.29112],[-157.69786,21.29226],[-157.69728,21.29304],[-157.6974,21.29351],[-157.69737,21.29402],[-157.69731,21.29428],[-157.69687,21.2951],[-157.69679,21.29533],[-157.69652,21.29574],[-157.69627,21.29628],[-157.69636,21.29706],[-157.69635,21.29727],[-157.69646,21.29777],[-157.69648,21.29825],[-157.69644,21.29854],[-157.69626,21.29912],[-157.69599,21.29968],[-157.6955,21.30027],[-157.69537,21.30092],[-157.69528,21.30116],[-157.69505,21.30132],[-157.69506,21.30091],[-157.69522,21.30023],[-157.69515,21.30013],[-157.6945,21.30026],[-157.69447,21.29985],[-157.69454,21.29968],[-157.69488,21.29926],[-157.69551,21.2988],[-157.69584,21.29836],[-157.69583,21.29778],[-157.69563,21.29726],[-157.69544,21.29662],[-157.69495,21.29576],[-157.6946,21.29541],[-157.69411,21.29514],[-157.69386,21.29507],[-157.69314,21.29504],[-157.69241,21.2952],[-157.69165,21.29548],[-157.69112,21.29573],[-157.69055,21.29609],[-157.68999,21.29656],[-157.68971,21.29652],[-157.6896,21.29634],[-157.69007,21.29592],[-157.69051,21.29562],[-157.69129,21.29522],[-157.69195,21.29503],[-157.69239,21.29485],[-157.69279,21.2945],[-157.69316,21.294],[-157.69366,21.29341],[-157.69472,21.29242],[-157.69543,21.29179],[-157.69567,21.29155],[-157.69623,21.29084],[-157.69721,21.28942],[-157.69786,21.28946],[-157.69817,21.28939],[-157.6987,21.28939],[-157.69911,21.28933],[-157.69945,21.28936],[-157.69954,21.28928],[-157.69946,21.28899],[-157.69953,21.28869],[-157.6995,21.28837],[-157.69963,21.28795],[-157.70049,21.28726],[-157.70133,21.28649],[-157.70317,21.28496],[-157.70334,21.28462],[-157.70335,21.28423],[-157.7032,21.28388],[-157.70288,21.28366],[-157.70253,21.28357],[-157.70199,21.28363],[-157.70149,21.28395],[-157.70088,21.28449],[-157.70026,21.28518],[-157.70001,21.2855],[-157.69987,21.28594],[-157.69951,21.28633],[-157.69924,21.28635],[-157.69908,21.28624],[-157.69901,21.28603],[-157.70009,21.28444],[-157.7005,21.28391],[-157.70085,21.28363],[-157.70178,21.28339],[-157.70207,21.28316],[-157.70247,21.28265],[-157.70293,21.28196],[-157.70373,21.2809],[-157.70422,21.28121],[-157.70434,21.28261],[-157.70514,21.2831],[-157.70615,21.28319],[-157.70663,21.28158],[-157.70462,21.2807],[-157.70422,21.28081],[-157.70411,21.28031],[-157.7046,21.2792],[-157.70519,21.2781],[-157.70579,21.27779],[-157.71053,21.28144],[-157.71132,21.28148],[-157.71151,21.28142],[-157.71165,21.28106],[-157.71106,21.28059],[-157.71067,21.28009],[-157.71056,21.27971],[-157.71035,21.2793],[-157.70943,21.278],[-157.7093,21.27769],[-157.70928,21.27739],[-157.70952,21.27736],[-157.70885,21.27564],[-157.70876,21.27527],[-157.70886,21.2744],[-157.70911,21.27334],[-157.70903,21.27296],[-157.70906,21.27225],[-157.70886,21.27124],[-157.70871,21.27076],[-157.70861,21.27026],[-157.70859,21.26982],[-157.70873,21.26912],[-157.70893,21.26851],[-157.70916,21.26805],[-157.70938,21.2679],[-157.70959,21.26764],[-157.70979,21.26719],[-157.71013,21.26682],[-157.71034,21.26612],[-157.71051,21.26579],[-157.71076,21.26552],[-157.71103,21.26472],[-157.71106,21.26443],[-157.71124,21.26408],[-157.71155,21.26363],[-157.7116,21.26329],[-157.71147,21.2627],[-157.7113,21.26257],[-157.71132,21.26227],[-157.71153,21.26213],[-157.71144,21.2617],[-157.71113,21.26107],[-157.71073,21.26094],[-157.71077,21.26075],[-157.71052,21.2606],[-157.71041,21.26034],[-157.7101,21.26016],[-157.70963,21.26021],[-157.70967,21.25994],[-157.70917,21.25968],[-157.70883,21.25978],[-157.70862,21.25956],[-157.7082,21.25959],[-157.70806,21.25938],[-157.70782,21.25953],[-157.70758,21.25955],[-157.70731,21.25942],[-157.70723,21.2592],[-157.70707,21.25918],[-157.70682,21.25938],[-157.70619,21.25952],[-157.70583,21.25934],[-157.7054,21.25941],[-157.70492,21.25963],[-157.70338,21.25947],[-157.70311,21.2595],[-157.70216,21.25976],[-157.70131,21.25983],[-157.70065,21.25994],[-157.69977,21.26018],[-157.69925,21.26048],[-157.69872,21.26068],[-157.6982,21.26108],[-157.69788,21.2611],[-157.69777,21.26147],[-157.69757,21.26152],[-157.69726,21.26149],[-157.69685,21.26152],[-157.69599,21.26169],[-157.69532,21.26199],[-157.69521,21.26217],[-157.69482,21.26229],[-157.69458,21.26244],[-157.69436,21.26267],[-157.69387,21.26286],[-157.6936,21.26275],[-157.6934,21.26278],[-157.69321,21.26305],[-157.69256,21.26337],[-157.69212,21.26343],[-157.69181,21.26368],[-157.69187,21.26391],[-157.69202,21.26398],[-157.69186,21.26448],[-157.69191,21.26501],[-157.69203,21.26525],[-157.69232,21.26549],[-157.69324,21.26595],[-157.69335,21.26608],[-157.69388,21.26612],[-157.69475,21.26691],[-157.69487,21.26711],[-157.69513,21.26733],[-157.69516,21.26765],[-157.69475,21.26805],[-157.69495,21.26812],[-157.69561,21.26806],[-157.6958,21.268],[-157.6963,21.26806],[-157.69661,21.26801],[-157.69693,21.2681],[-157.69727,21.2681],[-157.69741,21.26869],[-157.69744,21.26916],[-157.69738,21.2696],[-157.69724,21.27005],[-157.69692,21.27088],[-157.69635,21.27174],[-157.69584,21.27224],[-157.69563,21.2726],[-157.69545,21.27271],[-157.69474,21.27282],[-157.69431,21.27278],[-157.69398,21.27254],[-157.69362,21.27248],[-157.69344,21.27233],[-157.69316,21.27194],[-157.69242,21.27136],[-157.69228,21.27131],[-157.692,21.27098],[-157.69187,21.27067],[-157.6917,21.26998],[-157.6915,21.26957],[-157.69115,21.26925],[-157.69075,21.26921],[-157.6905,21.26954],[-157.69034,21.26886],[-157.69016,21.26876],[-157.68988,21.26878],[-157.68959,21.26863],[-157.68935,21.26869],[-157.68932,21.26911],[-157.68911,21.26955],[-157.68857,21.27025],[-157.68848,21.27042],[-157.68803,21.27092],[-157.68796,21.27136],[-157.68774,21.27141],[-157.68756,21.2717],[-157.68751,21.27225],[-157.68689,21.27306],[-157.68684,21.27339],[-157.68711,21.27403],[-157.68711,21.27429],[-157.68678,21.2744],[-157.68657,21.27456],[-157.68637,21.27457],[-157.68626,21.27479],[-157.68621,21.27576],[-157.68555,21.27576],[-157.68536,21.27563],[-157.68479,21.27554],[-157.68444,21.27564],[-157.68456,21.27586],[-157.68454,21.27624],[-157.6847,21.27645],[-157.68455,21.27686],[-157.68438,21.27665],[-157.68395,21.27654],[-157.68399,21.2768],[-157.68376,21.2768],[-157.68339,21.27694],[-157.68346,21.2772],[-157.68297,21.27745],[-157.68273,21.27745],[-157.68267,21.27763],[-157.68186,21.27785],[-157.68175,21.27803],[-157.68181,21.27824],[-157.68163,21.27848],[-157.68177,21.27856],[-157.68177,21.27877],[-157.68152,21.27868],[-157.6814,21.27843],[-157.68119,21.27855],[-157.68128,21.2788],[-157.68113,21.27905],[-157.68096,21.27883],[-157.68043,21.27889],[-157.68029,21.27911],[-157.67988,21.27927],[-157.67983,21.27945],[-157.67928,21.27976],[-157.67883,21.2798],[-157.67844,21.28008],[-157.67819,21.28043],[-157.67805,21.28048],[-157.67755,21.28024],[-157.67749,21.28071],[-157.67732,21.28108],[-157.67702,21.28134],[-157.67688,21.28157],[-157.6772,21.28161],[-157.67758,21.28149],[-157.67758,21.28179],[-157.67729,21.28176],[-157.67701,21.28182],[-157.67677,21.28198],[-157.67656,21.282],[-157.67644,21.28214],[-157.67614,21.28225],[-157.67634,21.2828],[-157.67567,21.28351],[-157.6754,21.28397],[-157.6751,21.28427],[-157.67484,21.2844],[-157.67459,21.28485],[-157.67444,21.28499],[-157.67376,21.28529],[-157.67234,21.28546],[-157.67197,21.28535],[-157.67131,21.28564],[-157.67083,21.28571],[-157.67027,21.28586],[-157.66988,21.28614],[-157.66932,21.28639],[-157.66906,21.2866],[-157.66879,21.28706],[-157.66875,21.28743],[-157.66851,21.28763],[-157.66838,21.2879],[-157.66808,21.28823],[-157.66736,21.28839],[-157.66646,21.28884],[-157.6662,21.28894],[-157.66567,21.28941],[-157.66558,21.28964],[-157.66531,21.28998],[-157.6651,21.29003],[-157.6646,21.29034],[-157.66416,21.29053],[-157.66351,21.29075],[-157.66284,21.29111],[-157.66228,21.29132],[-157.66208,21.29154],[-157.66139,21.2916],[-157.66109,21.29181],[-157.66055,21.2925],[-157.66008,21.29277],[-157.65985,21.29282],[-157.65938,21.29279],[-157.6588,21.29268],[-157.65866,21.29273],[-157.65813,21.29324],[-157.65807,21.29345],[-157.6585,21.2936],[-157.65894,21.29391],[-157.65969,21.29403],[-157.66014,21.29403],[-157.66037,21.29411],[-157.66076,21.29408],[-157.66095,21.29393],[-157.66135,21.29372],[-157.66144,21.29382],[-157.66132,21.2941],[-157.66107,21.29435],[-157.66092,21.29461],[-157.66026,21.29461],[-157.65943,21.29442],[-157.65897,21.29464],[-157.65856,21.29469],[-157.65818,21.29465],[-157.65804,21.29441],[-157.65844,21.29424],[-157.65827,21.29411],[-157.65799,21.29416],[-157.65786,21.29381],[-157.65759,21.29379],[-157.65752,21.29395],[-157.65767,21.29425],[-157.65762,21.29458],[-157.65747,21.29473],[-157.65755,21.2949],[-157.6579,21.29498],[-157.6582,21.29521],[-157.65856,21.29532],[-157.65867,21.29542],[-157.65871,21.29571],[-157.65912,21.29577],[-157.65912,21.29593],[-157.65877,21.29602],[-157.6586,21.29631],[-157.65864,21.2965],[-157.65855,21.29669],[-157.65825,21.29658],[-157.65811,21.29645],[-157.65796,21.29608],[-157.65756,21.29571],[-157.65733,21.29566],[-157.657,21.29595],[-157.65659,21.29584],[-157.65622,21.29604],[-157.65575,21.29596],[-157.65563,21.29613],[-157.65579,21.2964],[-157.65534,21.29662],[-157.65534,21.29696],[-157.65526,21.29706],[-157.65472,21.29713],[-157.65484,21.29752],[-157.6549,21.29806],[-157.65466,21.29796],[-157.65455,21.29757],[-157.65419,21.29723],[-157.654,21.29711],[-157.65399,21.29756],[-157.65412,21.2978],[-157.65351,21.29778],[-157.65321,21.2977],[-157.65298,21.29798],[-157.65198,21.29841],[-157.65172,21.29842],[-157.65123,21.29876],[-157.65085,21.29894],[-157.65073,21.29927],[-157.6506,21.29988],[-157.65037,21.3003],[-157.65041,21.30058],[-157.65033,21.30089],[-157.65009,21.30138],[-157.65007,21.30158],[-157.64981,21.30236],[-157.64978,21.30264],[-157.64963,21.30318],[-157.64943,21.30332],[-157.64866,21.30408],[-157.64869,21.30446],[-157.64904,21.30491],[-157.64909,21.30528],[-157.64911,21.30587],[-157.64883,21.30629],[-157.64891,21.30644],[-157.64884,21.30686],[-157.64885,21.3078],[-157.64908,21.30793],[-157.64901,21.30838],[-157.64907,21.30884],[-157.64899,21.30902],[-157.64864,21.30931],[-157.64863,21.30994],[-157.64889,21.31025],[-157.64905,21.31057],[-157.64897,21.311],[-157.64934,21.31117],[-157.65,21.31085],[-157.65017,21.31058],[-157.65073,21.31006],[-157.65104,21.3101],[-157.6514,21.31063],[-157.65161,21.31067],[-157.65195,21.31059],[-157.65303,21.31086],[-157.65341,21.31092],[-157.65426,21.31077],[-157.65492,21.31046],[-157.65684,21.31015],[-157.65721,21.31015],[-157.65746,21.31025],[-157.65781,21.31011],[-157.658,21.31019],[-157.6583,21.31008],[-157.65877,21.31014],[-157.65887,21.3103],[-157.65906,21.31016],[-157.65924,21.3103],[-157.66049,21.31171],[-157.66057,21.31202],[-157.66031,21.31233],[-157.66032,21.31261],[-157.66057,21.31282],[-157.66032,21.31315],[-157.6604,21.31393],[-157.66047,21.31424],[-157.66083,21.31446],[-157.66103,21.31473],[-157.66143,21.315],[-157.66158,21.31521],[-157.66151,21.31559],[-157.66156,21.31572],[-157.66201,21.31566],[-157.66232,21.31588],[-157.66253,21.31622],[-157.66284,21.31626],[-157.66309,21.31656],[-157.66326,21.31666],[-157.66377,21.31658],[-157.66428,21.31669],[-157.66448,21.31657],[-157.66469,21.31668],[-157.66485,21.31653],[-157.66518,21.31653],[-157.66526,21.31639],[-157.66568,21.31614],[-157.66619,21.31607],[-157.6666,21.3161],[-157.66683,21.31618],[-157.6676,21.31654],[-157.66831,21.31703],[-157.66861,21.31735],[-157.66914,21.31805],[-157.66965,21.31853],[-157.66995,21.31893],[-157.67039,21.31914],[-157.67064,21.31906],[-157.67146,21.31982],[-157.67214,21.32068],[-157.67244,21.32123],[-157.67324,21.32176],[-157.67368,21.32208],[-157.67399,21.3221],[-157.67508,21.32263],[-157.67585,21.32286],[-157.67652,21.32317],[-157.67744,21.32416],[-157.67797,21.32446],[-157.6783,21.32456],[-157.67898,21.32494],[-157.67937,21.32521],[-157.67963,21.32529],[-157.68053,21.32546],[-157.68166,21.32584],[-157.68339,21.32656],[-157.68386,21.32665],[-157.68479,21.32689],[-157.68617,21.32742],[-157.68777,21.32819],[-157.68837,21.3285],[-157.68894,21.32883],[-157.68947,21.32923],[-157.69014,21.32964],[-157.69126,21.33054],[-157.69147,21.33079],[-157.69201,21.33125],[-157.69271,21.33181],[-157.69327,21.33236],[-157.69385,21.3332],[-157.69418,21.33362],[-157.69457,21.33431],[-157.69509,21.33503],[-157.69574,21.3358],[-157.69625,21.33644],[-157.69698,21.33771],[-157.69737,21.33833],[-157.69789,21.33936],[-157.69838,21.34004],[-157.69911,21.34099],[-157.69943,21.34152],[-157.70002,21.34228],[-157.70026,21.34265],[-157.70061,21.34294],[-157.701,21.34335],[-157.70136,21.34383],[-157.70189,21.34488],[-157.70268,21.34604],[-157.70315,21.34656],[-157.70348,21.34718],[-157.70417,21.34821],[-157.70471,21.34917],[-157.7052,21.3502],[-157.70512,21.35045],[-157.70532,21.35082],[-157.70549,21.35089],[-157.70571,21.3512],[-157.70591,21.35168],[-157.7063,21.35238],[-157.70671,21.35329],[-157.70695,21.35392],[-157.70716,21.3549],[-157.70768,21.35633],[-157.70798,21.35726],[-157.7086,21.35882],[-157.70866,21.35913],[-157.70894,21.35991],[-157.70903,21.36033],[-157.70936,21.36246],[-157.70939,21.36314],[-157.70945,21.36381],[-157.70963,21.36439],[-157.70919,21.36482],[-157.70929,21.36491],[-157.70962,21.3649],[-157.70977,21.36529],[-157.70975,21.36577],[-157.70959,21.3669],[-157.70939,21.36734],[-157.70929,21.36779],[-157.70896,21.3684],[-157.70876,21.36892],[-157.70855,21.36959],[-157.70853,21.36983],[-157.70823,21.37106],[-157.70811,21.37142],[-157.70776,21.37223],[-157.70742,21.37284],[-157.70679,21.37408],[-157.70665,21.37442],[-157.70665,21.375],[-157.70645,21.37546],[-157.70623,21.37569],[-157.70604,21.37616],[-157.70604,21.37668],[-157.70591,21.37752],[-157.70586,21.37806],[-157.70585,21.37923],[-157.70566,21.37991],[-157.70589,21.3803],[-157.70673,21.38069],[-157.70726,21.38066],[-157.70744,21.38071],[-157.70777,21.38095],[-157.70808,21.38097],[-157.70828,21.38108],[-157.70863,21.38189],[-157.70873,21.38249],[-157.70932,21.38379],[-157.70983,21.38472],[-157.71064,21.38559],[-157.71102,21.38649],[-157.71127,21.38733],[-157.71186,21.38877],[-157.71198,21.38898],[-157.71311,21.38994],[-157.71368,21.39034],[-157.71463,21.3915],[-157.71508,21.39241],[-157.71556,21.39307],[-157.71586,21.39333],[-157.71652,21.3937],[-157.71688,21.39383],[-157.71825,21.39468],[-157.71934,21.3954],[-157.71964,21.39555],[-157.72033,21.39605],[-157.72055,21.39611],[-157.721,21.39594],[-157.72126,21.3957],[-157.72148,21.39563],[-157.72228,21.39575],[-157.72289,21.39604],[-157.72334,21.3963],[-157.72407,21.39658],[-157.72455,21.39681],[-157.72498,21.39706],[-157.7255,21.3975],[-157.72644,21.39665],[-157.72669,21.39635],[-157.72711,21.39658],[-157.72672,21.39681],[-157.72577,21.39773],[-157.72644,21.39814],[-157.72824,21.39878],[-157.72943,21.39904],[-157.73109,21.39949],[-157.73249,21.39993],[-157.73393,21.40055],[-157.73429,21.40073],[-157.73482,21.40117],[-157.73535,21.40151],[-157.73616,21.40228],[-157.73659,21.40258],[-157.73684,21.4028],[-157.7371,21.40317],[-157.73871,21.40506],[-157.73934,21.40599],[-157.74016,21.40702],[-157.74046,21.40747],[-157.74145,21.40943],[-157.74186,21.41044],[-157.74226,21.41152],[-157.7428,21.41291],[-157.7433,21.41487],[-157.7439,21.41696],[-157.74419,21.41805],[-157.74437,21.41884],[-157.74446,21.42059],[-157.74444,21.42169],[-157.7443,21.42245],[-157.74378,21.42244],[-157.74358,21.42281],[-157.74358,21.42313],[-157.74347,21.4236],[-157.74336,21.4238],[-157.74242,21.42478],[-157.74191,21.42513],[-157.74182,21.42529],[-157.74134,21.42539],[-157.74098,21.42538],[-157.74042,21.42544],[-157.74001,21.42519],[-157.74001,21.42475],[-157.73988,21.42456],[-157.7396,21.42446],[-157.73921,21.42417],[-157.739,21.42424],[-157.73875,21.42495],[-157.73831,21.4252],[-157.73798,21.42551],[-157.73788,21.42572],[-157.73787,21.42602],[-157.73797,21.42678],[-157.73803,21.42752],[-157.73795,21.42821],[-157.73783,21.42852],[-157.73741,21.42861],[-157.73732,21.42879],[-157.73731,21.42911],[-157.73715,21.42974],[-157.73696,21.43011],[-157.73651,21.43062],[-157.73621,21.43116],[-157.73606,21.43154],[-157.73599,21.43201],[-157.73599,21.43259],[-157.73604,21.43295],[-157.73569,21.43331],[-157.73567,21.43394],[-157.73594,21.43588],[-157.73606,21.4375],[-157.73617,21.43776],[-157.73654,21.43838],[-157.73666,21.43881],[-157.73667,21.43975],[-157.73657,21.44001],[-157.73669,21.4404],[-157.73673,21.44083],[-157.73663,21.44148],[-157.73641,21.44183],[-157.73668,21.44214],[-157.73673,21.44246],[-157.73666,21.44304],[-157.73644,21.44409],[-157.73599,21.44489],[-157.73557,21.44516],[-157.7353,21.44497],[-157.73513,21.44503],[-157.73478,21.44547],[-157.73454,21.44588],[-157.73433,21.44597],[-157.734,21.4459],[-157.73342,21.4461],[-157.73316,21.4459],[-157.73258,21.44578],[-157.7324,21.44589],[-157.73206,21.44596],[-157.73211,21.44624],[-157.73194,21.44629],[-157.73169,21.44622],[-157.73142,21.44642],[-157.73061,21.4465],[-157.73019,21.44651],[-157.7295,21.44672],[-157.72918,21.44694],[-157.72875,21.44749],[-157.72847,21.44776],[-157.72742,21.44865],[-157.72709,21.44877],[-157.72684,21.449],[-157.72676,21.44917],[-157.72608,21.44969],[-157.72581,21.44985],[-157.72576,21.44997],[-157.72604,21.45033],[-157.72613,21.45056],[-157.726,21.45071],[-157.72561,21.45097],[-157.72554,21.4512],[-157.72529,21.4515],[-157.7251,21.45159],[-157.72564,21.45186],[-157.72573,21.45196],[-157.72544,21.45218],[-157.72531,21.4534],[-157.72525,21.45352],[-157.72514,21.45417],[-157.725,21.4544],[-157.72469,21.45475],[-157.72428,21.45498],[-157.72361,21.45509],[-157.72362,21.45489],[-157.72346,21.45447],[-157.72333,21.45459],[-157.72338,21.45493],[-157.72332,21.4553],[-157.72289,21.45547],[-157.72267,21.45562],[-157.72253,21.45582],[-157.72214,21.45743],[-157.72213,21.45763],[-157.72199,21.45798],[-157.72196,21.45823],[-157.72231,21.45897],[-157.72251,21.45922],[-157.72281,21.45941],[-157.72353,21.45936],[-157.72459,21.45914],[-157.72528,21.45903],[-157.72611,21.45911],[-157.72654,21.45923],[-157.72698,21.45927],[-157.72874,21.45956],[-157.72899,21.45963],[-157.72935,21.46013],[-157.72958,21.46031],[-157.7302,21.46023],[-157.73074,21.45998],[-157.73129,21.45979],[-157.73335,21.45895],[-157.73373,21.45861],[-157.73518,21.45753],[-157.73551,21.45715],[-157.73608,21.45637],[-157.73684,21.45587],[-157.73757,21.45585],[-157.73791,21.45601],[-157.73832,21.45607],[-157.73882,21.45607],[-157.73901,21.45601],[-157.73949,21.45549],[-157.73982,21.45473],[-157.73989,21.45432],[-157.74,21.45417],[-157.74065,21.45391],[-157.74118,21.45379],[-157.74165,21.45361],[-157.74209,21.45352],[-157.7435,21.45353],[-157.74426,21.45348],[-157.745,21.45353],[-157.74595,21.45366],[-157.74779,21.45412],[-157.74876,21.45442],[-157.74949,21.45471],[-157.75021,21.45508],[-157.75104,21.45542],[-157.75224,21.45584],[-157.75314,21.45626],[-157.75346,21.45631],[-157.75401,21.45618],[-157.75442,21.45622],[-157.75509,21.45641],[-157.75577,21.45656],[-157.75647,21.45683],[-157.7577,21.45755],[-157.75819,21.45775],[-157.75868,21.45811],[-157.7592,21.45821],[-157.75984,21.45799],[-157.7604,21.45833],[-157.76088,21.45855],[-157.762,21.45923],[-157.76242,21.45942],[-157.76317,21.45987],[-157.76361,21.46025],[-157.76382,21.46086],[-157.7638,21.46153],[-157.76365,21.46181],[-157.76318,21.46193],[-157.76305,21.46212],[-157.76301,21.46248],[-157.76316,21.46273],[-157.76358,21.4627],[-157.76378,21.46255],[-157.76405,21.46225],[-157.76446,21.46215],[-157.76473,21.46193],[-157.76507,21.46187],[-157.76523,21.46177],[-157.7654,21.46146],[-157.76561,21.46121],[-157.76568,21.46063],[-157.76594,21.45973],[-157.76598,21.45951],[-157.76646,21.45918],[-157.76649,21.45907],[-157.76637,21.45867],[-157.76674,21.45836],[-157.76718,21.4582],[-157.7675,21.45801],[-157.76766,21.45782],[-157.76774,21.45729],[-157.76796,21.45698],[-157.7681,21.45657],[-157.76825,21.45644],[-157.76889,21.4563],[-157.77041,21.45661],[-157.77292,21.45727],[-157.77299,21.45722],[-157.77398,21.45385],[-157.77532,21.45323],[-157.77597,21.45298],[-157.77673,21.45246],[-157.77718,21.45201],[-157.77734,21.45172],[-157.77753,21.45125],[-157.77765,21.45079],[-157.77768,21.45037],[-157.77759,21.44988],[-157.77706,21.44955],[-157.77645,21.44953],[-157.77672,21.44873],[-157.77673,21.44844],[-157.77696,21.44815],[-157.77785,21.44739],[-157.77858,21.44645],[-157.7786,21.44609],[-157.77796,21.44516],[-157.77783,21.44483],[-157.77727,21.44396],[-157.77717,21.44375],[-157.7769,21.44342],[-157.77666,21.44335],[-157.77609,21.44335],[-157.7735,21.44307],[-157.77298,21.44292],[-157.77231,21.44268],[-157.77194,21.44266],[-157.76512,21.43945],[-157.76471,21.43907],[-157.76454,21.43869],[-157.76415,21.43818],[-157.76385,21.43836],[-157.76364,21.43826],[-157.76312,21.43915],[-157.76273,21.43974],[-157.7625,21.4402],[-157.7621,21.44021],[-157.76197,21.44006],[-157.76201,21.43975],[-157.76215,21.43935],[-157.76256,21.43885],[-157.76257,21.43866],[-157.76243,21.43849],[-157.76117,21.43791],[-157.76038,21.43736],[-157.76009,21.43711],[-157.75942,21.43707],[-157.75907,21.43693],[-157.75835,21.43686],[-157.75825,21.43649],[-157.75789,21.43599],[-157.75763,21.43585],[-157.75739,21.43583],[-157.75725,21.43568],[-157.7573,21.4355],[-157.75767,21.43475],[-157.75795,21.43446],[-157.75838,21.43422],[-157.759,21.43401],[-157.75934,21.43384],[-157.75976,21.43349],[-157.76035,21.43305],[-157.76055,21.43279],[-157.76076,21.4324],[-157.76086,21.43166],[-157.7609,21.43033],[-157.76109,21.42935],[-157.76102,21.42863],[-157.76119,21.42844],[-157.7617,21.42842],[-157.76248,21.42856],[-157.763,21.42857],[-157.76367,21.4283],[-157.76396,21.42807],[-157.76398,21.42787],[-157.76425,21.42764],[-157.76414,21.4274],[-157.76445,21.42656],[-157.76448,21.42628],[-157.76436,21.42595],[-157.76501,21.42555],[-157.76532,21.42523],[-157.76549,21.4249],[-157.76552,21.42441],[-157.76549,21.42405],[-157.76539,21.4237],[-157.76521,21.42347],[-157.76498,21.42351],[-157.76472,21.42329],[-157.76491,21.42319],[-157.76471,21.42299],[-157.76465,21.42253],[-157.76444,21.42226],[-157.76425,21.4218],[-157.76424,21.4215],[-157.76433,21.42123],[-157.76489,21.42076],[-157.76498,21.42005],[-157.76511,21.41956],[-157.76523,21.41935],[-157.76561,21.41908],[-157.76633,21.41912],[-157.7666,21.41897],[-157.76665,21.41885],[-157.76653,21.41827],[-157.76639,21.418],[-157.76631,21.41693],[-157.76636,21.41664],[-157.76646,21.4165],[-157.76646,21.41614],[-157.767,21.41631],[-157.767,21.41617],[-157.76667,21.4158],[-157.7669,21.41561],[-157.76743,21.41616],[-157.76791,21.41619],[-157.76843,21.41605],[-157.76878,21.41562],[-157.769,21.41513],[-157.76903,21.41453],[-157.76935,21.41425],[-157.76993,21.4142],[-157.77054,21.4144],[-157.7708,21.41453],[-157.7713,21.41469],[-157.77148,21.41468],[-157.77167,21.41448],[-157.77179,21.41409],[-157.77184,21.41354],[-157.77177,21.41304],[-157.77214,21.41273],[-157.7719,21.41185],[-157.77197,21.41168],[-157.77232,21.41263],[-157.77267,21.41259],[-157.77268,21.4123],[-157.77304,21.41228],[-157.77311,21.4119],[-157.77286,21.4115],[-157.77298,21.41139],[-157.77321,21.41175],[-157.77321,21.41222],[-157.77303,21.41251],[-157.77386,21.41301],[-157.77437,21.41303],[-157.77508,21.41287],[-157.77596,21.41252],[-157.77627,21.41233],[-157.77643,21.41198],[-157.77684,21.41183],[-157.77745,21.4118],[-157.77792,21.41173],[-157.77856,21.41178],[-157.77931,21.41176],[-157.77979,21.41169],[-157.77998,21.41179],[-157.7802,21.41203],[-157.78038,21.41191],[-157.78063,21.41188],[-157.78131,21.41118],[-157.78236,21.41159],[-157.78279,21.41166],[-157.78325,21.41192],[-157.78336,21.41219],[-157.78432,21.41244],[-157.78467,21.41263],[-157.78531,21.41283],[-157.78631,21.41333],[-157.78722,21.41415],[-157.78736,21.41455],[-157.78715,21.4151],[-157.78716,21.41525],[-157.78741,21.41583],[-157.78743,21.41655],[-157.78754,21.41714],[-157.78769,21.41756],[-157.78789,21.41781],[-157.78829,21.41797],[-157.7886,21.418],[-157.78896,21.41788],[-157.78938,21.41763],[-157.78984,21.41766],[-157.79016,21.41787],[-157.79046,21.41799],[-157.79115,21.41794],[-157.79119,21.41816],[-157.79146,21.4188],[-157.79075,21.41905],[-157.79036,21.41822],[-157.79026,21.41826],[-157.79067,21.41913],[-157.79018,21.41933],[-157.79058,21.41946],[-157.79069,21.41969],[-157.79065,21.42001],[-157.79027,21.42027],[-157.78957,21.42046],[-157.78944,21.42101],[-157.78899,21.4213],[-157.78877,21.4215],[-157.78873,21.42185],[-157.78885,21.42202],[-157.78885,21.42236],[-157.7887,21.42266],[-157.78853,21.42269],[-157.78826,21.42246],[-157.78828,21.42294],[-157.7884,21.42316],[-157.78842,21.42363],[-157.78851,21.42417],[-157.7887,21.42446],[-157.78907,21.4247],[-157.78964,21.42473],[-157.79014,21.42461],[-157.79154,21.42412],[-157.7917,21.42443],[-157.79148,21.42469],[-157.79176,21.42507],[-157.79181,21.4253],[-157.7916,21.42625],[-157.79165,21.4268],[-157.79137,21.42737],[-157.79134,21.42769],[-157.79146,21.42809],[-157.79166,21.42841],[-157.792,21.42863],[-157.79234,21.42875],[-157.79358,21.4288],[-157.79381,21.42884],[-157.79449,21.42878],[-157.79491,21.4288],[-157.79514,21.42873],[-157.79483,21.42727],[-157.79451,21.42601],[-157.7946,21.42578],[-157.79504,21.42532],[-157.79551,21.42502],[-157.79611,21.42475],[-157.79663,21.42469],[-157.79715,21.42482],[-157.79784,21.4252],[-157.79806,21.42519],[-157.79838,21.42491],[-157.79861,21.42486],[-157.79863,21.42433],[-157.7989,21.42434],[-157.79888,21.42489],[-157.79927,21.425],[-157.79963,21.42493],[-157.7999,21.42482],[-157.79995,21.42463],[-157.79985,21.42432],[-157.80003,21.42427],[-157.80022,21.42464],[-157.80052,21.42503],[-157.8008,21.42528],[-157.8008,21.42541],[-157.80118,21.42569],[-157.80159,21.42606],[-157.80176,21.42683],[-157.80192,21.4269],[-157.80258,21.42694],[-157.80289,21.42674],[-157.80318,21.42685],[-157.80331,21.42745],[-157.80352,21.42779],[-157.80394,21.42802],[-157.80414,21.42834],[-157.80462,21.42961],[-157.80472,21.43026],[-157.80518,21.43026],[-157.80541,21.43035],[-157.80576,21.43064],[-157.80605,21.43104],[-157.80633,21.43155],[-157.80518,21.43408],[-157.80506,21.43457],[-157.80517,21.43465],[-157.80538,21.43409],[-157.80584,21.43308],[-157.8064,21.43195],[-157.80655,21.43182],[-157.80683,21.43174],[-157.80736,21.43205],[-157.80771,21.43238],[-157.80802,21.43274],[-157.80821,21.43314],[-157.8085,21.43362],[-157.80891,21.43417],[-157.80936,21.435],[-157.80971,21.43534],[-157.80984,21.43574],[-157.81028,21.43618],[-157.81049,21.4369],[-157.81067,21.43706],[-157.81105,21.43722],[-157.81105,21.43751],[-157.81077,21.43832],[-157.81048,21.43885],[-157.8099,21.43945],[-157.80964,21.43957],[-157.80893,21.43955],[-157.80807,21.43939],[-157.8077,21.43926],[-157.80783,21.43951],[-157.80849,21.43991],[-157.80879,21.44005],[-157.80884,21.44038],[-157.80879,21.44094],[-157.80868,21.44126],[-157.80853,21.44146],[-157.8082,21.44156],[-157.80757,21.44161],[-157.80728,21.44207],[-157.80728,21.44224],[-157.8075,21.44289],[-157.80776,21.44295],[-157.80854,21.44289],[-157.8097,21.44213],[-157.81018,21.44201],[-157.81046,21.44213],[-157.81062,21.44234],[-157.81017,21.44266],[-157.81035,21.44299],[-157.8107,21.44287],[-157.81089,21.44314],[-157.81007,21.4437],[-157.81013,21.44378],[-157.8097,21.44406],[-157.80978,21.44421],[-157.80986,21.44465],[-157.81007,21.44465],[-157.80998,21.44409],[-157.81154,21.44297],[-157.81187,21.44321],[-157.8123,21.44379],[-157.81272,21.4445],[-157.81351,21.4463],[-157.81421,21.44803],[-157.81449,21.44887],[-157.81452,21.44962],[-157.81448,21.45027],[-157.81453,21.45068],[-157.815,21.45247],[-157.81502,21.45259],[-157.81535,21.45318],[-157.81538,21.45336],[-157.81564,21.45398],[-157.81604,21.45455],[-157.81643,21.4547],[-157.8172,21.45439],[-157.81848,21.45364],[-157.81936,21.45297],[-157.81999,21.45269],[-157.82075,21.4525],[-157.82146,21.45248],[-157.82196,21.45253],[-157.8223,21.45252],[-157.82263,21.45257],[-157.82297,21.45277],[-157.82337,21.45339],[-157.82366,21.45354],[-157.82394,21.45359],[-157.82426,21.45356],[-157.82459,21.45343],[-157.825,21.45312],[-157.82587,21.454],[-157.82632,21.45465],[-157.82678,21.45561],[-157.82653,21.45622],[-157.82666,21.45627],[-157.82756,21.45633],[-157.82808,21.45652],[-157.82874,21.4566],[-157.82903,21.45669],[-157.82951,21.45725],[-157.82983,21.45781],[-157.83008,21.45798],[-157.83029,21.458],[-157.83052,21.45789],[-157.83076,21.45755],[-157.83115,21.45768],[-157.8314,21.45791],[-157.83186,21.4587],[-157.83215,21.45952],[-157.83263,21.46141],[-157.83252,21.4617],[-157.83249,21.46199],[-157.83284,21.4623],[-157.83309,21.46227],[-157.83365,21.46204],[-157.83382,21.4618],[-157.83384,21.46149],[-157.83371,21.46125],[-157.83373,21.461],[-157.83402,21.46077],[-157.83402,21.46061],[-157.83378,21.46034],[-157.83364,21.45987],[-157.83362,21.45967],[-157.8338,21.45945],[-157.834,21.45949],[-157.83382,21.45982],[-157.8342,21.46077],[-157.83425,21.46094],[-157.83453,21.46106],[-157.83482,21.46109],[-157.8348,21.46086],[-157.83437,21.46057],[-157.83412,21.46021],[-157.83404,21.45997],[-157.83409,21.4597],[-157.83429,21.45935],[-157.83429,21.45827],[-157.83441,21.45794],[-157.83476,21.45764],[-157.83505,21.45757],[-157.83616,21.45771],[-157.83649,21.45768],[-157.83682,21.45776],[-157.83713,21.45807],[-157.8374,21.45819],[-157.83796,21.45866],[-157.83821,21.45903],[-157.83823,21.4593],[-157.83806,21.45972],[-157.83855,21.45994],[-157.83875,21.45981],[-157.83934,21.45839],[-157.83937,21.45834],[-157.84008,21.4589],[-157.84001,21.45902],[-157.83957,21.46011],[-157.84004,21.46019],[-157.84036,21.46035],[-157.84048,21.46055],[-157.84068,21.4606],[-157.84128,21.46128],[-157.84169,21.46211],[-157.84186,21.4626],[-157.84201,21.46279],[-157.84239,21.46305],[-157.84258,21.46324],[-157.84283,21.46369],[-157.84309,21.4645],[-157.84312,21.46486],[-157.84308,21.46514],[-157.84274,21.46557],[-157.84246,21.466],[-157.84239,21.46635],[-157.84248,21.46709],[-157.84255,21.46727],[-157.84238,21.46749],[-157.84238,21.46771],[-157.84255,21.46796],[-157.84302,21.46784],[-157.84332,21.46799],[-157.84342,21.46822],[-157.84371,21.46857],[-157.8439,21.46896],[-157.84416,21.46966],[-157.84446,21.47022],[-157.84458,21.47162],[-157.84449,21.47203],[-157.84352,21.4726],[-157.84329,21.47287],[-157.84336,21.47399],[-157.84331,21.47445],[-157.84306,21.47469],[-157.84253,21.47506],[-157.84231,21.47553],[-157.84215,21.47613],[-157.84209,21.47671],[-157.84208,21.47733],[-157.84178,21.47839],[-157.84178,21.4789],[-157.84174,21.47959],[-157.84165,21.47985],[-157.84166,21.48045],[-157.84181,21.48113],[-157.84192,21.48198],[-157.8419,21.48279],[-157.84195,21.48317],[-157.84227,21.48381],[-157.84271,21.48457],[-157.84287,21.48456],[-157.84307,21.48493],[-157.84327,21.48485],[-157.84379,21.48404],[-157.84457,21.48397],[-157.84498,21.48396],[-157.84585,21.48438],[-157.84632,21.48446],[-157.84734,21.48506],[-157.84811,21.48558],[-157.84866,21.48622],[-157.84909,21.48695],[-157.84931,21.48754],[-157.84937,21.48797],[-157.84892,21.48815],[-157.84892,21.48826],[-157.84926,21.48829],[-157.84921,21.48891],[-157.84907,21.48924],[-157.8486,21.48995],[-157.84837,21.49014],[-157.84773,21.49085],[-157.84737,21.49154],[-157.84728,21.49207],[-157.84732,21.49278],[-157.84748,21.49314],[-157.848,21.4938],[-157.84837,21.49398],[-157.849,21.49393],[-157.84914,21.49408],[-157.84998,21.49526],[-157.85061,21.49629],[-157.85114,21.49756],[-157.85145,21.49884],[-157.85156,21.49916],[-157.85172,21.5],[-157.85202,21.50104],[-157.85219,21.50188],[-157.85225,21.50242],[-157.85245,21.50278],[-157.85241,21.50295],[-157.85242,21.50362],[-157.85236,21.50409],[-157.85244,21.50449],[-157.85239,21.50474],[-157.85215,21.50497],[-157.85164,21.50527],[-157.85129,21.50564],[-157.85118,21.50596],[-157.85122,21.50638],[-157.85151,21.50701],[-157.85144,21.50733],[-157.8513,21.5075],[-157.85069,21.50734],[-157.85012,21.50726],[-157.84888,21.50718],[-157.84872,21.50709],[-157.84873,21.5067],[-157.8491,21.50648],[-157.8486,21.50641],[-157.84809,21.50627],[-157.84776,21.50628],[-157.84731,21.50638],[-157.84703,21.5065],[-157.84601,21.50711],[-157.84476,21.50744],[-157.84448,21.50754],[-157.84377,21.50765],[-157.84321,21.50781],[-157.8429,21.50781],[-157.84228,21.50804],[-157.84101,21.5084],[-157.84064,21.50848],[-157.84007,21.5087],[-157.83988,21.50869],[-157.83898,21.50839],[-157.83848,21.5084],[-157.83803,21.50833],[-157.83721,21.50834],[-157.83618,21.50852],[-157.83568,21.50871],[-157.83525,21.50876],[-157.83501,21.50884],[-157.83476,21.50903],[-157.83456,21.50944],[-157.83456,21.5097],[-157.83476,21.51046],[-157.83492,21.51086],[-157.8353,21.51267],[-157.83542,21.51294],[-157.83555,21.51376],[-157.83555,21.51462],[-157.83568,21.51624],[-157.83568,21.51693],[-157.83574,21.51744],[-157.83569,21.51772],[-157.83542,21.51792],[-157.83532,21.51896],[-157.83531,21.52012],[-157.83535,21.52104],[-157.83518,21.52174],[-157.83513,21.52235],[-157.8349,21.52248],[-157.83475,21.5228],[-157.83473,21.5238],[-157.83478,21.52453],[-157.83466,21.52531],[-157.83463,21.52612],[-157.83439,21.52623],[-157.83435,21.52635],[-157.8345,21.52692],[-157.83455,21.52735],[-157.8348,21.5282],[-157.83528,21.52911],[-157.83562,21.52962],[-157.83629,21.53078],[-157.83641,21.53123],[-157.8368,21.53193],[-157.83715,21.53224],[-157.83755,21.53279],[-157.83788,21.53367],[-157.8379,21.53425],[-157.83795,21.53439],[-157.83824,21.53471],[-157.83926,21.53545],[-157.8398,21.53604],[-157.84023,21.53695],[-157.8405,21.53781],[-157.84086,21.53866],[-157.84104,21.53947],[-157.84122,21.5404],[-157.84158,21.5413],[-157.84189,21.54195],[-157.84246,21.5425],[-157.84304,21.54278],[-157.84408,21.54342],[-157.84447,21.54377],[-157.84487,21.54418],[-157.84504,21.54451],[-157.84537,21.54482],[-157.84581,21.54537],[-157.84618,21.5457],[-157.84635,21.54604],[-157.84637,21.54644],[-157.84647,21.54681],[-157.84645,21.54712],[-157.84635,21.54751],[-157.84624,21.54852],[-157.84635,21.5489],[-157.84635,21.54914],[-157.84646,21.54946],[-157.84664,21.54972],[-157.84674,21.55001],[-157.84705,21.55036],[-157.84754,21.55068],[-157.84785,21.55118],[-157.84824,21.55175],[-157.8486,21.55207],[-157.84964,21.55346],[-157.85037,21.55447],[-157.85033,21.55459],[-157.85054,21.55492],[-157.85107,21.55557],[-157.85163,21.55606],[-157.85219,21.55662],[-157.85259,21.55694],[-157.85313,21.55721],[-157.85336,21.55726],[-157.85474,21.55795],[-157.85496,21.55791],[-157.85559,21.55759],[-157.85618,21.55764],[-157.85663,21.55785],[-157.85676,21.5578],[-157.8573,21.558],[-157.85809,21.55824],[-157.85845,21.55827],[-157.85908,21.55844],[-157.86006,21.55874],[-157.86054,21.55897],[-157.86084,21.55917],[-157.86219,21.55981],[-157.86376,21.56047],[-157.8643,21.56049],[-157.86468,21.56029],[-157.8649,21.5601],[-157.86509,21.55948],[-157.86546,21.55918],[-157.8658,21.55877],[-157.86617,21.55851],[-157.8672,21.55852],[-157.86776,21.55845],[-157.86865,21.55815],[-157.86893,21.55802],[-157.86924,21.55777],[-157.86925,21.5576],[-157.86904,21.55743],[-157.86872,21.55775],[-157.86806,21.55788],[-157.86766,21.55807],[-157.86742,21.55808],[-157.86731,21.55787],[-157.86713,21.55774],[-157.86762,21.55719],[-157.86785,21.55706],[-157.86828,21.55704],[-157.86848,21.55697],[-157.86877,21.55663],[-157.86893,21.55705],[-157.86918,21.55715],[-157.86918,21.55688],[-157.86891,21.55621],[-157.86892,21.55556],[-157.86931,21.55494],[-157.86958,21.55475],[-157.87017,21.55466],[-157.87022,21.55454],[-157.86999,21.5544],[-157.87051,21.55426],[-157.87085,21.55451],[-157.87051,21.55486],[-157.86989,21.55522],[-157.86925,21.55582],[-157.86935,21.55611],[-157.86952,21.55612],[-157.87008,21.55596],[-157.87088,21.55563],[-157.87135,21.5555],[-157.87224,21.55536],[-157.87351,21.55544],[-157.87415,21.55561],[-157.87429,21.55554],[-157.87465,21.55572],[-157.87458,21.55603],[-157.87535,21.55643],[-157.87595,21.55692],[-157.87618,21.55715],[-157.87648,21.55781],[-157.87656,21.5583],[-157.87641,21.5584],[-157.87602,21.55845],[-157.87579,21.55894],[-157.87592,21.55945],[-157.87579,21.55976],[-157.8754,21.56015],[-157.87532,21.56074],[-157.87546,21.56124],[-157.87541,21.5618],[-157.8753,21.56211],[-157.87468,21.5627],[-157.87464,21.56306],[-157.87471,21.56332],[-157.87474,21.56405],[-157.87481,21.56445],[-157.87504,21.56499],[-157.87501,21.56619],[-157.87491,21.567],[-157.87479,21.56778],[-157.87484,21.56877],[-157.87485,21.56951],[-157.87498,21.57048],[-157.87485,21.57117],[-157.87483,21.57183],[-157.87489,21.5721],[-157.87497,21.57293],[-157.87564,21.57352],[-157.87629,21.57422],[-157.87655,21.57459],[-157.87682,21.57487],[-157.87724,21.57514],[-157.87736,21.57516],[-157.87821,21.57558],[-157.87909,21.57587],[-157.87984,21.576],[-157.88015,21.57609],[-157.88058,21.57631],[-157.88107,21.57667],[-157.88152,21.57692],[-157.8822,21.57721],[-157.88306,21.57761],[-157.88368,21.57796],[-157.88406,21.57828],[-157.88475,21.57902],[-157.88512,21.57947],[-157.88533,21.57964],[-157.88582,21.5802],[-157.88615,21.5807],[-157.88647,21.58138],[-157.8866,21.58181],[-157.8867,21.58239],[-157.88678,21.58249],[-157.88718,21.58491],[-157.88715,21.5853],[-157.88737,21.5858],[-157.88761,21.58659],[-157.888,21.58732],[-157.88834,21.58806],[-157.88844,21.58865],[-157.88861,21.58898],[-157.88901,21.58959],[-157.88944,21.59012],[-157.89004,21.59075],[-157.89091,21.59141],[-157.89147,21.5919],[-157.89198,21.59239],[-157.89242,21.59263],[-157.89319,21.59275],[-157.89355,21.59284],[-157.89401,21.59317],[-157.89464,21.59373],[-157.89503,21.59424],[-157.89513,21.59444],[-157.89558,21.59508],[-157.89573,21.59535],[-157.89603,21.59702],[-157.89628,21.59756],[-157.89679,21.59803],[-157.89695,21.59892],[-157.89704,21.59974],[-157.89757,21.60131],[-157.89785,21.60219],[-157.89826,21.60273],[-157.89866,21.60315],[-157.90005,21.60448],[-157.90133,21.60543],[-157.90309,21.60662],[-157.9048,21.6074],[-157.90532,21.60698],[-157.90564,21.60738],[-157.90617,21.60816],[-157.90644,21.60841],[-157.90664,21.60877],[-157.90678,21.60948],[-157.90695,21.60988],[-157.90734,21.61025],[-157.90768,21.61037],[-157.90805,21.61038],[-157.90831,21.61021],[-157.90832,21.60958],[-157.90857,21.60971],[-157.90859,21.61033],[-157.90876,21.61036],[-157.90942,21.61031],[-157.90965,21.61057],[-157.90917,21.61051],[-157.90887,21.6106],[-157.90898,21.61082],[-157.90941,21.61107],[-157.90997,21.61154],[-157.9106,21.6123],[-157.91084,21.61265],[-157.91143,21.61301],[-157.91248,21.61394],[-157.91282,21.61444],[-157.91298,21.61486],[-157.91279,21.61532],[-157.91281,21.61634],[-157.91273,21.61677],[-157.91255,21.61687],[-157.91232,21.61718],[-157.91232,21.61738],[-157.91262,21.61753],[-157.9128,21.61808],[-157.91256,21.61859],[-157.91235,21.61928],[-157.91256,21.61985],[-157.91292,21.62021],[-157.91344,21.62055],[-157.91435,21.62121],[-157.9149,21.62179],[-157.91541,21.62211],[-157.91575,21.62227],[-157.91587,21.6224],[-157.9159,21.62267],[-157.91622,21.62285],[-157.91682,21.6231],[-157.91707,21.62327],[-157.91764,21.6238],[-157.91817,21.62445],[-157.91878,21.62471],[-157.9193,21.62488],[-157.91943,21.62517],[-157.92021,21.62565],[-157.92066,21.62623],[-157.92109,21.62727],[-157.92115,21.62837],[-157.92107,21.62877],[-157.92094,21.62888],[-157.92043,21.6289],[-157.92042,21.62956],[-157.92087,21.62988],[-157.92099,21.63017],[-157.92097,21.63089],[-157.92077,21.63154],[-157.92056,21.63213],[-157.92018,21.63272],[-157.92064,21.63306],[-157.92024,21.63341],[-157.92032,21.6331],[-157.92009,21.63287],[-157.91979,21.6332],[-157.91922,21.63355],[-157.91867,21.63402],[-157.91846,21.63467],[-157.91844,21.63512],[-157.91847,21.63572],[-157.9187,21.63707],[-157.91852,21.63788],[-157.91826,21.63887],[-157.91816,21.63949],[-157.91819,21.64014],[-157.91844,21.64124],[-157.91859,21.64167],[-157.91881,21.64268],[-157.91896,21.64369],[-157.91894,21.64412],[-157.91859,21.64492],[-157.91852,21.64519],[-157.91847,21.64576],[-157.91829,21.64627],[-157.91794,21.6468],[-157.91786,21.64706],[-157.91764,21.64741],[-157.91678,21.64744],[-157.91609,21.64761],[-157.91552,21.64782],[-157.91495,21.64779],[-157.91475,21.64794],[-157.91429,21.64796],[-157.91324,21.64808],[-157.91287,21.64809],[-157.91258,21.6482],[-157.91254,21.64842],[-157.91271,21.64848],[-157.91358,21.64837],[-157.9137,21.64848],[-157.91425,21.64847],[-157.91429,21.6486],[-157.91406,21.64876],[-157.91426,21.64893],[-157.91531,21.64901],[-157.91605,21.64892],[-157.91736,21.64896],[-157.9179,21.64903],[-157.91895,21.64896],[-157.92039,21.64881],[-157.921,21.6487],[-157.92141,21.64851],[-157.92203,21.64844],[-157.92254,21.6489],[-157.92318,21.65014],[-157.92351,21.65045],[-157.92425,21.65098],[-157.92532,21.65148],[-157.92595,21.65174],[-157.92643,21.65191],[-157.92695,21.65225],[-157.92751,21.65273],[-157.92777,21.65303],[-157.92828,21.65393],[-157.92847,21.65456],[-157.92856,21.65518],[-157.92856,21.65562],[-157.92847,21.65618],[-157.92793,21.65721],[-157.92759,21.65769],[-157.9275,21.65789],[-157.92745,21.65843],[-157.92724,21.65947],[-157.92702,21.66105],[-157.92711,21.66144],[-157.92732,21.66151],[-157.9277,21.66153],[-157.92829,21.66147],[-157.9287,21.66155],[-157.92914,21.66174],[-157.92963,21.662],[-157.92978,21.66203],[-157.93078,21.66211],[-157.93133,21.66235],[-157.93181,21.6624],[-157.93269,21.66291],[-157.93366,21.66371],[-157.93405,21.66388],[-157.93448,21.66422],[-157.93498,21.66469],[-157.9357,21.66556],[-157.93595,21.66598],[-157.93615,21.66641],[-157.93641,21.66715],[-157.93673,21.66832],[-157.9369,21.66915],[-157.93679,21.6698],[-157.93689,21.67038],[-157.93682,21.671],[-157.93665,21.67168],[-157.93624,21.67226],[-157.93573,21.6727],[-157.93556,21.67294],[-157.93505,21.67326],[-157.93451,21.6735],[-157.93385,21.67325],[-157.9335,21.67305],[-157.93312,21.6733],[-157.93298,21.67367],[-157.93285,21.67378],[-157.93291,21.67401],[-157.93329,21.67413],[-157.93348,21.67431],[-157.93381,21.67451],[-157.93417,21.67458],[-157.93477,21.67498],[-157.93498,21.67538],[-157.93615,21.67514],[-157.93636,21.6749],[-157.93666,21.675],[-157.93756,21.67558],[-157.93793,21.67592],[-157.9384,21.67613],[-157.9386,21.67631],[-157.93896,21.67694],[-157.93913,21.67708],[-157.93968,21.6773],[-157.94001,21.67756],[-157.9404,21.67802],[-157.94074,21.67852],[-157.94134,21.67956],[-157.94146,21.68008],[-157.94156,21.68024],[-157.94181,21.68098],[-157.94201,21.68127],[-157.94237,21.68165],[-157.94306,21.68217],[-157.9434,21.68261],[-157.94355,21.68299],[-157.94396,21.68347],[-157.94459,21.68384],[-157.94478,21.68409],[-157.9452,21.68477],[-157.94529,21.68526],[-157.94525,21.68572],[-157.94511,21.68618],[-157.94495,21.68653],[-157.94469,21.68669],[-157.94463,21.68694],[-157.94465,21.68735],[-157.94502,21.68781],[-157.94568,21.6882],[-157.94665,21.68864],[-157.94755,21.68911],[-157.94849,21.68982],[-157.94865,21.69],[-157.94886,21.69042],[-157.9491,21.69124],[-157.94965,21.69227],[-157.94995,21.6924],[-157.95048,21.69326],[-157.95065,21.69312],[-157.95102,21.69352],[-157.95122,21.69382],[-157.95231,21.69453],[-157.95332,21.69539],[-157.95435,21.69615],[-157.95519,21.69693],[-157.95552,21.69747],[-157.95576,21.69766],[-157.95578,21.69786],[-157.95598,21.69811],[-157.95634,21.69839],[-157.95671,21.69913],[-157.9571,21.69936],[-157.95743,21.70001],[-157.95784,21.7006],[-157.95784,21.70089],[-157.95796,21.70119],[-157.95838,21.70158],[-157.95846,21.70175],[-157.95892,21.70217],[-157.95924,21.70237],[-157.95958,21.70236],[-157.95982,21.70253],[-157.96007,21.70252],[-157.96083,21.70285],[-157.96135,21.70304],[-157.96222,21.70365],[-157.96256,21.70371],[-157.96307,21.70389],[-157.96337,21.70409],[-157.9636,21.70438],[-157.9638,21.7048],[-157.96384,21.70506],[-157.96391,21.70612],[-157.9642,21.7066],[-157.96436,21.70671],[-157.96506,21.70706],[-157.96528,21.70724],[-157.96544,21.7076],[-157.96573,21.70777],[-157.96602,21.70814],[-157.96566,21.70854],[-157.96572,21.70883],[-157.96591,21.70898],[-157.96614,21.70952],[-157.96677,21.70948],[-157.96757,21.70969],[-157.9678,21.70963],[-157.96787,21.70929],[-157.96856,21.70918],[-157.96899,21.70916],[-157.96943,21.70921],[-157.96987,21.70935],[-157.97022,21.70951],[-157.97062,21.70963],[-157.97174,21.70989],[-157.97255,21.7098],[-157.97335,21.70983],[-157.97377,21.71002],[-157.9746,21.71016],[-157.97479,21.71005],[-157.97533,21.70991],[-157.97632,21.70942],[-157.97707,21.70922],[-157.97783,21.70921],[-157.97909,21.70933],[-157.97942,21.7094],[-157.98015,21.70983],[-157.98071,21.7104],[-157.98108,21.71046],[-157.98143,21.71059],[-157.98218,21.71037],[-157.98254,21.71036],[-157.98295,21.71045],[-157.98334,21.71059],[-157.98366,21.71099],[-157.98363,21.71141],[-157.98373,21.71174],[-157.98367,21.71193],[-157.98331,21.71187],[-157.9832,21.71204]],[[-157.94556,21.3131],[-157.94594,21.31618],[-157.94495,21.31615],[-157.94432,21.31608],[-157.94306,21.31598],[-157.94265,21.31591],[-157.94168,21.31568],[-157.94066,21.31562],[-157.94018,21.31553],[-157.93977,21.31517],[-157.93943,21.31569],[-157.93828,21.31567],[-157.93741,21.31555],[-157.93685,21.31515],[-157.93655,21.31486],[-157.93593,21.31444],[-157.93477,21.31401],[-157.93418,21.31388],[-157.93343,21.31377],[-157.93296,21.31365],[-157.93264,21.31367],[-157.93189,21.31337],[-157.93105,21.31316],[-157.93027,21.31274],[-157.92974,21.31229],[-157.92958,21.31203],[-157.92948,21.31133],[-157.92947,21.31109],[-157.92919,21.31082],[-157.92914,21.31056],[-157.92898,21.31028],[-157.92907,21.31019],[-157.94519,21.31018],[-157.94556,21.3131]]],[[[-157.70848,21.29238],[-157.70859,21.29259],[-157.70885,21.29284],[-157.70958,21.29283],[-157.70993,21.2927],[-157.71007,21.29252],[-157.71032,21.292],[-157.71039,21.29175],[-157.71088,21.29053],[-157.71091,21.29035],[-157.71083,21.29004],[-157.71053,21.28987],[-157.7101,21.28986],[-157.70982,21.29009],[-157.7097,21.29036],[-157.70981,21.29084],[-157.70975,21.29106],[-157.70933,21.29211],[-157.70914,21.29197],[-157.70924,21.29158],[-157.70922,21.29096],[-157.70924,21.29052],[-157.70933,21.29026],[-157.7105,21.28899],[-157.71057,21.28858],[-157.71043,21.28834],[-157.7102,21.28819],[-157.70981,21.2883],[-157.70952,21.28869],[-157.70866,21.28975],[-157.70846,21.29007],[-157.70838,21.29035],[-157.70842,21.2916],[-157.70848,21.29238]]],[[[-157.89123,21.30698],[-157.89109,21.30725],[-157.89112,21.30775],[-157.89141,21.30845],[-157.89194,21.30929],[-157.89224,21.30929],[-157.89293,21.30822],[-157.89298,21.30798],[-157.8927,21.30757],[-157.89144,21.30697],[-157.89123,21.30698]]],[[[-157.87316,21.3085],[-157.87397,21.30902],[-157.87398,21.30911],[-157.87506,21.30983],[-157.87535,21.31009],[-157.87612,21.31059],[-157.88016,21.31321],[-157.88604,21.31415],[-157.88609,21.31394],[-157.88714,21.31377],[-157.88781,21.31354],[-157.88884,21.31295],[-157.88917,21.31287],[-157.88936,21.31273],[-157.88948,21.31247],[-157.88948,21.31189],[-157.88932,21.31163],[-157.88859,21.30984],[-157.88828,21.30941],[-157.88792,21.30913],[-157.8878,21.30847],[-157.88716,21.30769],[-157.88669,21.30665],[-157.8862,21.3061],[-157.88626,21.30594],[-157.88604,21.30531],[-157.88603,21.305],[-157.88571,21.30464],[-157.88552,21.30426],[-157.88505,21.30363],[-157.88468,21.30285],[-157.88442,21.30201],[-157.8842,21.30166],[-157.88398,21.30148],[-157.88394,21.30113],[-157.88415,21.30095],[-157.88418,21.30076],[-157.88407,21.30045],[-157.88405,21.3],[-157.88377,21.30001],[-157.88367,21.30025],[-157.88335,21.30021],[-157.88249,21.30027],[-157.88231,21.30045],[-157.882,21.30061],[-157.88123,21.30078],[-157.88097,21.30079],[-157.8808,21.30092],[-157.8801,21.30115],[-157.8793,21.30097],[-157.87772,21.30098],[-157.87685,21.30092],[-157.87601,21.30091],[-157.87578,21.30086],[-157.8732,21.2997],[-157.873,21.29977],[-157.87252,21.29962],[-157.87229,21.2993],[-157.8709,21.29869],[-157.87001,21.29965],[-157.86963,21.30029],[-157.8694,21.30081],[-157.86929,21.30138],[-157.86929,21.30164],[-157.86948,21.30219],[-157.87037,21.30367],[-157.87117,21.30504],[-157.87104,21.30511],[-157.87192,21.30656],[-157.87314,21.30737],[-157.87321,21.30733],[-157.87379,21.30765],[-157.87392,21.30789],[-157.87373,21.30816],[-157.87349,21.30802],[-157.87316,21.3085]]],[[[-157.95864,21.3709],[-157.95904,21.37121],[-157.95842,21.3717],[-157.95852,21.37182],[-157.96167,21.36943],[-157.96157,21.3693],[-157.96102,21.36975],[-157.96092,21.36974],[-157.96066,21.36943],[-157.9607,21.3691],[-157.96083,21.36903],[-157.96134,21.36896],[-157.96172,21.36883],[-157.96213,21.3686],[-157.96217,21.36836],[-157.96239,21.36808],[-157.96279,21.36784],[-157.96308,21.36738],[-157.96366,21.36699],[-157.96374,21.36681],[-157.96415,21.36727],[-157.96413,21.36737],[-157.96385,21.36756],[-157.96395,21.36767],[-157.96466,21.36714],[-157.96456,21.36702],[-157.96425,21.36727],[-157.96385,21.36681],[-157.96467,21.36623],[-157.96584,21.3657],[-157.96601,21.36564],[-157.96613,21.36584],[-157.96586,21.36603],[-157.96595,21.36615],[-157.96669,21.36562],[-157.96658,21.3655],[-157.96627,21.36573],[-157.96608,21.36561],[-157.96654,21.36524],[-157.96661,21.36507],[-157.96656,21.36483],[-157.96669,21.36463],[-157.96704,21.36438],[-157.96724,21.36414],[-157.96726,21.364],[-157.96771,21.36335],[-157.96793,21.36298],[-157.9684,21.36236],[-157.96893,21.36139],[-157.96899,21.36112],[-157.9689,21.36088],[-157.96895,21.36013],[-157.96884,21.35967],[-157.96867,21.35933],[-157.96866,21.35907],[-157.96843,21.35899],[-157.96787,21.35863],[-157.96741,21.35843],[-157.96698,21.35799],[-157.9664,21.35764],[-157.9662,21.35731],[-157.9662,21.35664],[-157.96642,21.35558],[-157.96638,21.35552],[-157.96555,21.35507],[-157.96501,21.35548],[-157.9646,21.35515],[-157.96117,21.35642],[-157.96076,21.35619],[-157.95998,21.35744],[-157.95971,21.35735],[-157.95952,21.35771],[-157.95928,21.35883],[-157.95877,21.36048],[-157.95838,21.3606],[-157.95819,21.36126],[-157.95789,21.36173],[-157.95757,21.36177],[-157.95757,21.3619],[-157.95716,21.36191],[-157.95684,21.36175],[-157.95678,21.36157],[-157.95628,21.36152],[-157.95592,21.36157],[-157.95592,21.36181],[-157.95539,21.3619],[-157.95429,21.36267],[-157.95408,21.36273],[-157.95385,21.3625],[-157.95419,21.36221],[-157.95408,21.36208],[-157.95443,21.36182],[-157.95471,21.3617],[-157.95452,21.36149],[-157.95222,21.3632],[-157.9524,21.36342],[-157.95295,21.36295],[-157.95306,21.36305],[-157.95364,21.36262],[-157.95375,21.36284],[-157.95359,21.3631],[-157.95285,21.36324],[-157.95262,21.36349],[-157.95232,21.36372],[-157.95198,21.36407],[-157.95175,21.36419],[-157.95134,21.36474],[-157.95122,21.36496],[-157.95113,21.36555],[-157.95082,21.36584],[-157.95068,21.36627],[-157.95091,21.36689],[-157.95082,21.36732],[-157.95047,21.36796],[-157.95045,21.36812],[-157.95058,21.3684],[-157.95081,21.36861],[-157.94941,21.36868],[-157.9494,21.36897],[-157.95107,21.36889],[-157.95163,21.36878],[-157.95212,21.36861],[-157.95257,21.36865],[-157.95326,21.36863],[-157.95364,21.36866],[-157.95413,21.36882],[-157.95465,21.36917],[-157.95479,21.36934],[-157.95527,21.3697],[-157.95547,21.36998],[-157.95592,21.37041],[-157.95609,21.37087],[-157.9563,21.37085],[-157.95672,21.37105],[-157.95757,21.37122],[-157.95794,21.37104],[-157.95849,21.37086],[-157.95864,21.3709]]]]},"properties":{"objectid":5,"geoid20":"15003","name20":"Honolulu","namelsad20":"Honolulu County","aland20":1555612626,"awater20":4054877012,"pop20":1016508,"st_areashape":1550290772.1860855,"st_perimetershape":399978.7521277965}}]}
