{"type":"FeatureCollection","name":"Guideway_Alignment","crs":{"type":"name","properties":{"name":"urn:ogc:def:crs:OGC:1.3:CRS84"}},"features":[{"type":"Feature","properties":{"OBJECTID":1,"feature_name":"Airport Section","feature_desc":"Center Alignment","source_scale":"1:480 / 1\"=40'","SHAPE_Length":0.07776041598091536},"geometry":{"type":"MultiLineString","coordinates":[[[-157.88627,21.33208],[-157.88627,21.33208],[-157.88628,21.33209],[-157.88631,21.3321],[-157.88635,21.33212],[-157.88639,21.33214],[-157.88642,21.33215],[-157.88646,21.33217],[-157.8865,21.33218],[-157.88654,21.3322],[-157.88657,21.33221],[-157.88661,21.33223],[-157.88665,21.33224],[-157.88669,21.33225],[-157.88673,21.33227],[-157.88676,21.33228],[-157.8868,21.33229],[-157.88684,21.33231],[-157.88688,21.33232],[-157.88692,21.33233],[-157.88696,21.33234],[-157.887,21.33235],[-157.88704,21.33236],[-157.88707,21.33237],[-157.88711,21.33238],[-157.88712,21.33239],[-157.88713,21.33239],[-157.88714,21.33239],[-157.88714,21.33239],[-157.88715,21.33239],[-157.88716,21.3324],[-157.88717,21.3324],[-157.88717,21.3324],[-157.88718,21.3324],[-157.88719,21.3324],[-157.8872,21.33241],[-157.8872,21.33241],[-157.88721,21.33241],[-157.88722,21.33241],[-157.88723,21.33241],[-157.88723,21.33241],[-157.88724,21.33242],[-157.88725,21.33242],[-157.88726,21.33242],[-157.88727,21.33242],[-157.88727,21.33242],[-157.88728,21.33242],[-157.88729,21.33243],[-157.8873,21.33243],[-157.8873,21.33243],[-157.88731,21.33243],[-157.88732,21.33243],[-157.88733,21.33244],[-157.88733,21.33244],[-157.88734,21.33244],[-157.88735,21.33244],[-157.88736,21.33244],[-157.88736,21.33244],[-157.88737,21.33245],[-157.88738,21.33245],[-157.88739,21.33245],[-157.88739,21.33245],[-157.8874,21.33245],[-157.88741,21.33245],[-157.88742,21.33245],[-157.88743,21.33246],[-157.88743,21.33246],[-157.88744,21.33246],[-157.88745,21.33246],[-157.88746,21.33246],[-157.88746,21.33246],[-157.88747,21.33247],[-157.88748,21.33247],[-157.88749,21.33247],[-157.88749,21.33247],[-157.8875,21.33247],[-157.88751,21.33247],[-157.88752,21.33248],[-157.88752,21.33248],[-157.88753,21.33248],[-157.88754,21.33248],[-157.88755,21.33248],[-157.88755,21.33248],[-157.88756,21.33249],[-157.88757,21.33249],[-157.88758,21.33249],[-157.88759,21.33249],[-157.88886,21.33275],[-157.89013,21.33301],[-157.89014,21.33301],[-157.89015,21.33302],[-157.89015,21.33302],[-157.89016,21.33302],[-157.89017,21.33302],[-157.89018,21.33302],[-157.89019,21.33302],[-157.8902,21.33303],[-157.8902,21.33303],[-157.89021,21.33303],[-157.89022,21.33303],[-157.89023,21.33303],[-157.89024,21.33304],[-157.89025,21.33304],[-157.89026,21.33304],[-157.89026,21.33304],[-157.89027,21.33304],[-157.89028,21.33304],[-157.89029,21.33305],[-157.8903,21.33305],[-157.89031,21.33305],[-157.89031,21.33305],[-157.89032,21.33305],[-157.89033,21.33305],[-157.89034,21.33305],[-157.89035,21.33306],[-157.89036,21.33306],[-157.89036,21.33306],[-157.89037,21.33306],[-157.89038,21.33306],[-157.89039,21.33306],[-157.8904,21.33307],[-157.89041,21.33307],[-157.89041,21.33307],[-157.89042,21.33307],[-157.89043,21.33307],[-157.89044,21.33307],[-157.89045,21.33307],[-157.89046,21.33308],[-157.89046,21.33308],[-157.89047,21.33308],[-157.89048,21.33308],[-157.89049,21.33308],[-157.8905,21.33308],[-157.89051,21.33308],[-157.89051,21.33309],[-157.89052,21.33309],[-157.89053,21.33309],[-157.89054,21.33309],[-157.89055,21.33309],[-157.89056,21.33309],[-157.89057,21.33309],[-157.89057,21.33309],[-157.89058,21.3331],[-157.89059,21.3331],[-157.8906,21.3331],[-157.89061,21.3331],[-157.89062,21.3331],[-157.89062,21.3331],[-157.89063,21.3331],[-157.89064,21.3331],[-157.89065,21.3331],[-157.89066,21.33311],[-157.89067,21.33311],[-157.89069,21.33311],[-157.89072,21.33311],[-157.89074,21.33311],[-157.89077,21.33312],[-157.89079,21.33312],[-157.89082,21.33312],[-157.89084,21.33312],[-157.89087,21.33312],[-157.8909,21.33312],[-157.89092,21.33313],[-157.89095,21.33313],[-157.89097,21.33313],[-157.89098,21.33313],[-157.89099,21.33313],[-157.891,21.33313],[-157.89101,21.33313],[-157.89102,21.33313],[-157.89103,21.33313],[-157.89103,21.33313],[-157.89104,21.33313],[-157.89105,21.33313],[-157.89106,21.33313],[-157.89107,21.33313],[-157.89108,21.33313],[-157.89108,21.33313],[-157.89109,21.33313],[-157.8911,21.33313],[-157.89111,21.33313],[-157.89112,21.33313],[-157.89113,21.33313],[-157.89114,21.33313],[-157.89114,21.33313],[-157.89115,21.33312],[-157.89116,21.33312],[-157.89117,21.33312],[-157.89118,21.33312],[-157.89119,21.33312],[-157.8912,21.33312],[-157.8912,21.33312],[-157.89121,21.33312],[-157.89122,21.33312],[-157.89123,21.33312],[-157.89124,21.33312],[-157.89125,21.33312],[-157.89126,21.33312],[-157.89126,21.33312],[-157.89127,21.33312],[-157.89128,21.33312],[-157.89129,21.33312],[-157.8913,21.33312],[-157.89131,21.33312],[-157.89132,21.33312],[-157.89132,21.33312],[-157.89133,21.33312],[-157.89134,21.33312],[-157.89135,21.33312],[-157.89136,21.33311],[-157.89137,21.33311],[-157.89137,21.33311],[-157.89138,21.33311],[-157.89139,21.33311],[-157.8914,21.33311],[-157.89141,21.33311],[-157.89142,21.33311],[-157.89143,21.33311],[-157.89143,21.33311],[-157.89144,21.33311],[-157.89145,21.33311],[-157.89146,21.33311],[-157.89147,21.33311],[-157.89148,21.33311],[-157.89149,21.33311],[-157.89149,21.33311],[-157.8915,21.33311],[-157.89161,21.3331],[-157.89171,21.33309],[-157.89172,21.33309],[-157.89173,21.33309],[-157.89174,21.33309],[-157.89174,21.33309],[-157.89175,21.33309],[-157.89176,21.33309],[-157.89177,21.33309],[-157.89178,21.33309],[-157.89178,21.33309],[-157.89179,21.33309],[-157.8918,21.33308],[-157.89181,21.33308],[-157.89182,21.33308],[-157.89182,21.33308],[-157.89183,21.33308],[-157.89184,21.33308],[-157.89185,21.33308],[-157.89186,21.33308],[-157.89186,21.33308],[-157.89187,21.33308],[-157.89188,21.33308],[-157.89189,21.33308],[-157.8919,21.33308],[-157.8919,21.33308],[-157.89191,21.33308],[-157.89192,21.33308],[-157.89193,21.33308],[-157.89194,21.33308],[-157.89194,21.33308],[-157.89195,21.33308],[-157.89196,21.33308],[-157.89197,21.33308],[-157.89198,21.33307],[-157.89198,21.33307],[-157.89199,21.33307],[-157.892,21.33307],[-157.89201,21.33307],[-157.89202,21.33307],[-157.89203,21.33307],[-157.89203,21.33307],[-157.89204,21.33307],[-157.89205,21.33307],[-157.89206,21.33307],[-157.89207,21.33307],[-157.89207,21.33307],[-157.89208,21.33307],[-157.89209,21.33307],[-157.8921,21.33307],[-157.89211,21.33307],[-157.89211,21.33307],[-157.89212,21.33307],[-157.89213,21.33307],[-157.89214,21.33307],[-157.89215,21.33307],[-157.89215,21.33307],[-157.89216,21.33307],[-157.89217,21.33307],[-157.89218,21.33307],[-157.89219,21.33307],[-157.89219,21.33307],[-157.8922,21.33307],[-157.89221,21.33307],[-157.89234,21.33307],[-157.89248,21.33308],[-157.89261,21.3331],[-157.89262,21.3331],[-157.89263,21.3331],[-157.89264,21.3331],[-157.89264,21.3331],[-157.89265,21.33311],[-157.89266,21.33311],[-157.89267,21.33311],[-157.89268,21.33311],[-157.89268,21.33311],[-157.89269,21.33311],[-157.8927,21.33311],[-157.89271,21.33311],[-157.89272,21.33312],[-157.89272,21.33312],[-157.89273,21.33312],[-157.89274,21.33312],[-157.89275,21.33312],[-157.89275,21.33312],[-157.89276,21.33312],[-157.89277,21.33313],[-157.89278,21.33313],[-157.89279,21.33313],[-157.89279,21.33313],[-157.8928,21.33313],[-157.89281,21.33313],[-157.89282,21.33313],[-157.89283,21.33314],[-157.89283,21.33314],[-157.89284,21.33314],[-157.89285,21.33314],[-157.89286,21.33314],[-157.89287,21.33314],[-157.89287,21.33315],[-157.89288,21.33315],[-157.89289,21.33315],[-157.8929,21.33315],[-157.8929,21.33315],[-157.89291,21.33315],[-157.89292,21.33316],[-157.89293,21.33316],[-157.89294,21.33316],[-157.89294,21.33316],[-157.89295,21.33316],[-157.89296,21.33316],[-157.89297,21.33317],[-157.89298,21.33317],[-157.89298,21.33317],[-157.89299,21.33317],[-157.893,21.33317],[-157.89301,21.33317],[-157.89301,21.33318],[-157.89302,21.33318],[-157.89303,21.33318],[-157.89304,21.33318],[-157.89305,21.33318],[-157.89305,21.33318],[-157.89306,21.33319],[-157.89307,21.33319],[-157.89308,21.33319],[-157.89309,21.33319],[-157.89309,21.33319],[-157.8931,21.33319],[-157.89367,21.33332],[-157.89424,21.33345],[-157.89424,21.33345],[-157.89425,21.33345],[-157.89426,21.33345],[-157.89427,21.33345],[-157.89428,21.33346],[-157.89429,21.33346],[-157.89429,21.33346],[-157.8943,21.33346],[-157.89431,21.33346],[-157.89432,21.33346],[-157.89433,21.33347],[-157.89433,21.33347],[-157.89434,21.33347],[-157.89435,21.33347],[-157.89436,21.33347],[-157.89437,21.33347],[-157.89437,21.33348],[-157.89438,21.33348],[-157.89439,21.33348],[-157.8944,21.33348],[-157.89441,21.33348],[-157.89441,21.33349],[-157.89442,21.33349],[-157.89443,21.33349],[-157.89444,21.33349],[-157.89445,21.33349],[-157.89446,21.33349],[-157.89446,21.3335],[-157.89447,21.3335],[-157.89448,21.3335],[-157.89449,21.3335],[-157.8945,21.3335],[-157.8945,21.3335],[-157.89451,21.33351],[-157.89452,21.33351],[-157.89453,21.33351],[-157.89454,21.33351],[-157.89454,21.33351],[-157.89455,21.33351],[-157.89456,21.33351],[-157.89457,21.33352],[-157.89458,21.33352],[-157.89458,21.33352],[-157.89459,21.33352],[-157.8946,21.33352],[-157.89461,21.33352],[-157.89462,21.33352],[-157.89463,21.33353],[-157.89463,21.33353],[-157.89464,21.33353],[-157.89465,21.33353],[-157.89466,21.33353],[-157.89467,21.33353],[-157.89467,21.33353],[-157.89468,21.33354],[-157.89469,21.33354],[-157.8947,21.33354],[-157.89471,21.33354],[-157.89472,21.33354],[-157.89472,21.33354],[-157.89473,21.33354],[-157.89474,21.33354],[-157.89474,21.33354],[-157.89477,21.33355],[-157.89479,21.33355],[-157.89482,21.33355],[-157.89484,21.33356],[-157.89487,21.33356],[-157.89489,21.33356],[-157.89492,21.33356],[-157.89495,21.33357],[-157.89497,21.33357],[-157.895,21.33357],[-157.89502,21.33357],[-157.89505,21.33357],[-157.89507,21.33357],[-157.8951,21.33357],[-157.89513,21.33357],[-157.89515,21.33357],[-157.89518,21.33357],[-157.8952,21.33357],[-157.89523,21.33357],[-157.89526,21.33357],[-157.89528,21.33357],[-157.89531,21.33357],[-157.89533,21.33357],[-157.89536,21.33357],[-157.89538,21.33357],[-157.89541,21.33356],[-157.89544,21.33356],[-157.89546,21.33356],[-157.89549,21.33356],[-157.89551,21.33355],[-157.89554,21.33355],[-157.89556,21.33355],[-157.89559,21.33354],[-157.89562,21.33354],[-157.89564,21.33354],[-157.89567,21.33353],[-157.89569,21.33353],[-157.89572,21.33352],[-157.89574,21.33352],[-157.89577,21.33352],[-157.89579,21.33351],[-157.89582,21.33351],[-157.89584,21.3335],[-157.89587,21.33349],[-157.89589,21.33349],[-157.89592,21.33348],[-157.89594,21.33348],[-157.89597,21.33347],[-157.89599,21.33346],[-157.89602,21.33346],[-157.89604,21.33345],[-157.89607,21.33344],[-157.89609,21.33343],[-157.89612,21.33343],[-157.89614,21.33342],[-157.89617,21.33341],[-157.89619,21.3334],[-157.89621,21.33339],[-157.89624,21.33339],[-157.89626,21.33338],[-157.89629,21.33337],[-157.89631,21.33336],[-157.89633,21.33335],[-157.89636,21.33334],[-157.89638,21.33333],[-157.8964,21.33332],[-157.89643,21.33331],[-157.89645,21.3333],[-157.89646,21.3333],[-157.89647,21.33329],[-157.89647,21.33329],[-157.89648,21.33329],[-157.89649,21.33328],[-157.8965,21.33328],[-157.8965,21.33328],[-157.89651,21.33327],[-157.89652,21.33327],[-157.89653,21.33326],[-157.89653,21.33326],[-157.89654,21.33326],[-157.89655,21.33325],[-157.89655,21.33325],[-157.89656,21.33325],[-157.89657,21.33324],[-157.89658,21.33324],[-157.89658,21.33324],[-157.89659,21.33323],[-157.8966,21.33323],[-157.89661,21.33322],[-157.89661,21.33322],[-157.89662,21.33322],[-157.89663,21.33321],[-157.89663,21.33321],[-157.89664,21.33321],[-157.89665,21.3332],[-157.89666,21.3332],[-157.89666,21.33319],[-157.89667,21.33319],[-157.89668,21.33319],[-157.89669,21.33318],[-157.89669,21.33318],[-157.8967,21.33318],[-157.89671,21.33317],[-157.89671,21.33317],[-157.89672,21.33316],[-157.89673,21.33316],[-157.89674,21.33316],[-157.89674,21.33315],[-157.89675,21.33315],[-157.89676,21.33314],[-157.89676,21.33314],[-157.89677,21.33314],[-157.89678,21.33313],[-157.89679,21.33313],[-157.89679,21.33312],[-157.8968,21.33312],[-157.89681,21.33312],[-157.89681,21.33311],[-157.89682,21.33311],[-157.89683,21.33311],[-157.89684,21.3331],[-157.89684,21.3331],[-157.89685,21.33309],[-157.89686,21.33309],[-157.89686,21.33309],[-157.89687,21.33308],[-157.89688,21.33308],[-157.89689,21.33307],[-157.89689,21.33307],[-157.8969,21.33307],[-157.89701,21.33301],[-157.89712,21.33295],[-157.89712,21.33294],[-157.89713,21.33294],[-157.89714,21.33293],[-157.89714,21.33293],[-157.89715,21.33293],[-157.89716,21.33292],[-157.89717,21.33292],[-157.89717,21.33291],[-157.89718,21.33291],[-157.89719,21.33291],[-157.89719,21.3329],[-157.8972,21.3329],[-157.89721,21.33289],[-157.89722,21.33289],[-157.89722,21.33289],[-157.89723,21.33288],[-157.89724,21.33288],[-157.89724,21.33288],[-157.89725,21.33287],[-157.89726,21.33287],[-157.89727,21.33286],[-157.89727,21.33286],[-157.89728,21.33286],[-157.89729,21.33285],[-157.89729,21.33285],[-157.8973,21.33284],[-157.89731,21.33284],[-157.89732,21.33284],[-157.89732,21.33283],[-157.89733,21.33283],[-157.89734,21.33282],[-157.89734,21.33282],[-157.89735,21.33282],[-157.89736,21.33281],[-157.89737,21.33281],[-157.89737,21.33281],[-157.89738,21.3328],[-157.89739,21.3328],[-157.8974,21.33279],[-157.8974,21.33279],[-157.89741,21.33279],[-157.89742,21.33278],[-157.89742,21.33278],[-157.89743,21.33278],[-157.89744,21.33277],[-157.89745,21.33277],[-157.89745,21.33277],[-157.89746,21.33276],[-157.89747,21.33276],[-157.89748,21.33275],[-157.89748,21.33275],[-157.89749,21.33275],[-157.8975,21.33274],[-157.89751,21.33274],[-157.89751,21.33274],[-157.89752,21.33273],[-157.89753,21.33273],[-157.89754,21.33273],[-157.89754,21.33272],[-157.89755,21.33272],[-157.89756,21.33272],[-157.89757,21.33271],[-157.89769,21.33266],[-157.89782,21.33261],[-157.89795,21.33257],[-157.89809,21.33253],[-157.89822,21.3325],[-157.89836,21.33248],[-157.8985,21.33246],[-157.89864,21.33245],[-157.89878,21.33244],[-157.89892,21.33244],[-157.89906,21.33245],[-157.89907,21.33245],[-157.89908,21.33245],[-157.89908,21.33245],[-157.89909,21.33245],[-157.8991,21.33245],[-157.89911,21.33245],[-157.89912,21.33245],[-157.89912,21.33245],[-157.89913,21.33245],[-157.89914,21.33245],[-157.89915,21.33245],[-157.89916,21.33245],[-157.89917,21.33245],[-157.89917,21.33246],[-157.89918,21.33246],[-157.89919,21.33246],[-157.8992,21.33246],[-157.89921,21.33246],[-157.89922,21.33246],[-157.89922,21.33246],[-157.89923,21.33246],[-157.89924,21.33246],[-157.89925,21.33246],[-157.89926,21.33246],[-157.89926,21.33247],[-157.89927,21.33247],[-157.89928,21.33247],[-157.89929,21.33247],[-157.8993,21.33247],[-157.89931,21.33247],[-157.89931,21.33247],[-157.89932,21.33247],[-157.89933,21.33247],[-157.89934,21.33247],[-157.89935,21.33248],[-157.89936,21.33248],[-157.89936,21.33248],[-157.89937,21.33248],[-157.89938,21.33248],[-157.89939,21.33248],[-157.8994,21.33248],[-157.8994,21.33248],[-157.89941,21.33249],[-157.89942,21.33249],[-157.89943,21.33249],[-157.89944,21.33249],[-157.89945,21.33249],[-157.89945,21.33249],[-157.89946,21.33249],[-157.89947,21.33249],[-157.89948,21.33249],[-157.89949,21.3325],[-157.89949,21.3325],[-157.8995,21.3325],[-157.89951,21.3325],[-157.89952,21.3325],[-157.89953,21.3325],[-157.89954,21.3325],[-157.89954,21.3325],[-157.89955,21.33251],[-157.89956,21.33251],[-157.89957,21.33251],[-157.90074,21.33268],[-157.9019,21.33286],[-157.90191,21.33286],[-157.90191,21.33286],[-157.90192,21.33286],[-157.90192,21.33286],[-157.90193,21.33286],[-157.90193,21.33286],[-157.90194,21.33286],[-157.90194,21.33286],[-157.90195,21.33286],[-157.90195,21.33286],[-157.90196,21.33287],[-157.90196,21.33287],[-157.90197,21.33287],[-157.90197,21.33287],[-157.90198,21.33287],[-157.90198,21.33287],[-157.90199,21.33287],[-157.90199,21.33287],[-157.902,21.33287],[-157.902,21.33287],[-157.90201,21.33287],[-157.90201,21.33287],[-157.90202,21.33287],[-157.90202,21.33287],[-157.90203,21.33288],[-157.90203,21.33288],[-157.90204,21.33288],[-157.90204,21.33288],[-157.90205,21.33288],[-157.90205,21.33288],[-157.90206,21.33288],[-157.90206,21.33288],[-157.90207,21.33288],[-157.90207,21.33288],[-157.90208,21.33288],[-157.90208,21.33288],[-157.90209,21.33288],[-157.90209,21.33288],[-157.9021,21.33288],[-157.9021,21.33289],[-157.90211,21.33289],[-157.90211,21.33289],[-157.90212,21.33289],[-157.90212,21.33289],[-157.90213,21.33289],[-157.90213,21.33289],[-157.90214,21.33289],[-157.90214,21.33289],[-157.90215,21.33289],[-157.90215,21.33289],[-157.90216,21.33289],[-157.90216,21.33289],[-157.90217,21.33289],[-157.90217,21.33289],[-157.90218,21.33289],[-157.90218,21.33289],[-157.90219,21.3329],[-157.90219,21.3329],[-157.90219,21.3329],[-157.9022,21.3329],[-157.9022,21.3329],[-157.90221,21.3329],[-157.90222,21.3329],[-157.90223,21.3329],[-157.90225,21.3329],[-157.90228,21.3329],[-157.9023,21.33291],[-157.90233,21.33291],[-157.90235,21.33291],[-157.90237,21.33291],[-157.90238,21.33291],[-157.90238,21.33291],[-157.90239,21.33291],[-157.90239,21.33291],[-157.9024,21.33291],[-157.9024,21.33291],[-157.90241,21.33291],[-157.90241,21.33291],[-157.90242,21.33291],[-157.90242,21.33291],[-157.90243,21.33291],[-157.90243,21.33291],[-157.90244,21.33291],[-157.90244,21.33291],[-157.90245,21.33291],[-157.90245,21.33291],[-157.90246,21.33291],[-157.90246,21.33291],[-157.90247,21.33291],[-157.90247,21.33291],[-157.90248,21.33291],[-157.90248,21.33291],[-157.90249,21.33291],[-157.90249,21.33291],[-157.9025,21.33291],[-157.9025,21.33291],[-157.90251,21.33291],[-157.90251,21.33291],[-157.90252,21.33291],[-157.90252,21.33291],[-157.90253,21.33291],[-157.90253,21.33291],[-157.90254,21.33291],[-157.90254,21.33291],[-157.90255,21.33291],[-157.90255,21.33291],[-157.90256,21.33291],[-157.90256,21.33291],[-157.90257,21.33291],[-157.90257,21.33291],[-157.90258,21.33291],[-157.90258,21.33291],[-157.90259,21.33291],[-157.90259,21.33291],[-157.9026,21.33291],[-157.9026,21.33291],[-157.90261,21.33291],[-157.90261,21.33291],[-157.90262,21.33291],[-157.90262,21.33291],[-157.90263,21.33291],[-157.90263,21.33291],[-157.90264,21.33291],[-157.90264,21.33291],[-157.90265,21.33291],[-157.90265,21.33291],[-157.90266,21.33291],[-157.90266,21.33291],[-157.90267,21.33291],[-157.90267,21.33291],[-157.90268,21.33291],[-157.90268,21.33291],[-157.90303,21.33291],[-157.90338,21.3329],[-157.90339,21.3329],[-157.90339,21.3329],[-157.90339,21.3329],[-157.9034,21.3329],[-157.9034,21.3329],[-157.9034,21.3329],[-157.90341,21.3329],[-157.90341,21.3329],[-157.90341,21.3329],[-157.90342,21.3329],[-157.90342,21.3329],[-157.90342,21.3329],[-157.90343,21.3329],[-157.90343,21.3329],[-157.90343,21.3329],[-157.90344,21.3329],[-157.90344,21.3329],[-157.90344,21.3329],[-157.90345,21.3329],[-157.90345,21.3329],[-157.90345,21.3329],[-157.90346,21.3329],[-157.90346,21.3329],[-157.90346,21.3329],[-157.90347,21.3329],[-157.90347,21.3329],[-157.90347,21.3329],[-157.90348,21.3329],[-157.90348,21.3329],[-157.90348,21.3329],[-157.90349,21.3329],[-157.90349,21.3329],[-157.90349,21.3329],[-157.9035,21.3329],[-157.9035,21.3329],[-157.9035,21.3329],[-157.90351,21.3329],[-157.90351,21.3329],[-157.90351,21.3329],[-157.90352,21.3329],[-157.90352,21.3329],[-157.90352,21.3329],[-157.90353,21.3329],[-157.90353,21.3329],[-157.90353,21.3329],[-157.90354,21.3329],[-157.90354,21.3329],[-157.90354,21.3329],[-157.90355,21.3329],[-157.90355,21.3329],[-157.90355,21.3329],[-157.90356,21.3329],[-157.90356,21.3329],[-157.90356,21.3329],[-157.90357,21.3329],[-157.90357,21.3329],[-157.90357,21.3329],[-157.90358,21.3329],[-157.90358,21.3329],[-157.90358,21.3329],[-157.90359,21.3329],[-157.90359,21.3329],[-157.90379,21.33291],[-157.904,21.33292],[-157.9042,21.33294],[-157.9044,21.33296],[-157.9044,21.33296],[-157.90441,21.33296],[-157.90441,21.33296],[-157.90441,21.33296],[-157.90442,21.33296],[-157.90442,21.33296],[-157.90442,21.33296],[-157.90443,21.33296],[-157.90443,21.33296],[-157.90443,21.33296],[-157.90444,21.33296],[-157.90444,21.33296],[-157.90444,21.33296],[-157.90445,21.33296],[-157.90445,21.33297],[-157.90445,21.33297],[-157.90446,21.33297],[-157.90446,21.33297],[-157.90446,21.33297],[-157.90447,21.33297],[-157.90447,21.33297],[-157.90447,21.33297],[-157.90448,21.33297],[-157.90448,21.33297],[-157.90448,21.33297],[-157.90449,21.33297],[-157.90449,21.33297],[-157.90449,21.33297],[-157.9045,21.33297],[-157.9045,21.33297],[-157.9045,21.33297],[-157.90451,21.33297],[-157.90451,21.33297],[-157.90451,21.33297],[-157.90452,21.33297],[-157.90452,21.33297],[-157.90452,21.33298],[-157.90453,21.33298],[-157.90453,21.33298],[-157.90453,21.33298],[-157.90454,21.33298],[-157.90454,21.33298],[-157.90454,21.33298],[-157.90455,21.33298],[-157.90455,21.33298],[-157.90455,21.33298],[-157.90456,21.33298],[-157.90456,21.33298],[-157.90456,21.33298],[-157.90457,21.33298],[-157.90457,21.33298],[-157.90457,21.33298],[-157.90458,21.33298],[-157.90458,21.33298],[-157.90458,21.33298],[-157.90459,21.33298],[-157.90459,21.33298],[-157.90459,21.33299],[-157.9046,21.33299],[-157.9046,21.33299],[-157.9046,21.33299],[-157.9046,21.33299],[-157.9049,21.33303],[-157.90519,21.33307],[-157.90519,21.33307],[-157.9052,21.33307],[-157.90521,21.33307],[-157.90521,21.33308],[-157.90522,21.33308],[-157.90522,21.33308],[-157.90523,21.33308],[-157.90524,21.33308],[-157.90524,21.33308],[-157.90525,21.33308],[-157.90526,21.33308],[-157.90526,21.33308],[-157.90527,21.33308],[-157.90528,21.33309],[-157.90528,21.33309],[-157.90529,21.33309],[-157.9053,21.33309],[-157.9053,21.33309],[-157.90531,21.33309],[-157.90532,21.33309],[-157.90532,21.33309],[-157.90533,21.33309],[-157.90534,21.33309],[-157.90534,21.33309],[-157.90535,21.3331],[-157.90536,21.3331],[-157.90536,21.3331],[-157.90537,21.3331],[-157.90538,21.3331],[-157.90538,21.3331],[-157.90539,21.3331],[-157.9054,21.3331],[-157.9054,21.3331],[-157.90541,21.3331],[-157.90542,21.3331],[-157.90542,21.3331],[-157.90543,21.33311],[-157.90543,21.33311],[-157.90544,21.33311],[-157.90545,21.33311],[-157.90545,21.33311],[-157.90546,21.33311],[-157.90547,21.33311],[-157.90547,21.33311],[-157.90548,21.33311],[-157.90549,21.33311],[-157.90549,21.33311],[-157.9055,21.33311],[-157.90551,21.33311],[-157.90551,21.33312],[-157.90552,21.33312],[-157.90553,21.33312],[-157.90553,21.33312],[-157.90554,21.33312],[-157.90555,21.33312],[-157.90555,21.33312],[-157.90556,21.33312],[-157.90557,21.33312],[-157.90557,21.33312],[-157.90558,21.33312],[-157.90559,21.33312],[-157.90559,21.33312],[-157.90559,21.33312],[-157.9056,21.33312],[-157.90562,21.33312],[-157.90565,21.33313],[-157.90568,21.33313],[-157.9057,21.33313],[-157.90573,21.33313],[-157.90575,21.33313],[-157.90578,21.33313],[-157.9058,21.33313],[-157.90583,21.33313],[-157.90586,21.33313],[-157.90588,21.33313],[-157.90591,21.33313],[-157.90593,21.33313],[-157.90596,21.33313],[-157.90599,21.33313],[-157.90601,21.33313],[-157.90604,21.33313],[-157.90606,21.33312],[-157.90609,21.33312],[-157.90611,21.33312],[-157.90614,21.33312],[-157.90617,21.33312],[-157.90619,21.33311],[-157.90622,21.33311],[-157.90624,21.33311],[-157.90627,21.3331],[-157.90629,21.3331],[-157.90632,21.3331],[-157.90634,21.33309],[-157.90637,21.33309],[-157.9064,21.33308],[-157.90642,21.33308],[-157.90645,21.33307],[-157.90647,21.33307],[-157.9065,21.33306],[-157.90652,21.33306],[-157.90653,21.33306],[-157.90653,21.33306],[-157.90654,21.33305],[-157.90655,21.33305],[-157.90655,21.33305],[-157.90656,21.33305],[-157.90657,21.33305],[-157.90657,21.33305],[-157.90658,21.33305],[-157.90659,21.33304],[-157.90659,21.33304],[-157.9066,21.33304],[-157.90661,21.33304],[-157.90661,21.33304],[-157.90662,21.33304],[-157.90662,21.33303],[-157.90663,21.33303],[-157.90664,21.33303],[-157.90664,21.33303],[-157.90665,21.33303],[-157.90666,21.33303],[-157.90666,21.33302],[-157.90667,21.33302],[-157.90668,21.33302],[-157.90668,21.33302],[-157.90669,21.33302],[-157.9067,21.33302],[-157.9067,21.33301],[-157.90671,21.33301],[-157.90671,21.33301],[-157.90672,21.33301],[-157.90673,21.33301],[-157.90673,21.33301],[-157.90674,21.333],[-157.90675,21.333],[-157.90675,21.333],[-157.90676,21.333],[-157.90677,21.333],[-157.90677,21.33299],[-157.90678,21.33299],[-157.90678,21.33299],[-157.90679,21.33299],[-157.9068,21.33299],[-157.9068,21.33299],[-157.90681,21.33298],[-157.90682,21.33298],[-157.90682,21.33298],[-157.90683,21.33298],[-157.90683,21.33298],[-157.90684,21.33297],[-157.90685,21.33297],[-157.90685,21.33297],[-157.90686,21.33297],[-157.90687,21.33297],[-157.90687,21.33297],[-157.90688,21.33296],[-157.90689,21.33296],[-157.90689,21.33296],[-157.9069,21.33296],[-157.9069,21.33296],[-157.90691,21.33295],[-157.90692,21.33295],[-157.90704,21.33292],[-157.90716,21.33288],[-157.90717,21.33288],[-157.90717,21.33288],[-157.90718,21.33288],[-157.90719,21.33287],[-157.9072,21.33287],[-157.90721,21.33287],[-157.90722,21.33286],[-157.90723,21.33286],[-157.90724,21.33286],[-157.90725,21.33286],[-157.90726,21.33285],[-157.90727,21.33285],[-157.90727,21.33285],[-157.90728,21.33285],[-157.90729,21.33284],[-157.9073,21.33284],[-157.90731,21.33284],[-157.90732,21.33284],[-157.90733,21.33283],[-157.90734,21.33283],[-157.90735,21.33283],[-157.90736,21.33283],[-157.90737,21.33282],[-157.90737,21.33282],[-157.90738,21.33282],[-157.90739,21.33282],[-157.9074,21.33281],[-157.90741,21.33281],[-157.90742,21.33281],[-157.90743,21.33281],[-157.90744,21.3328],[-157.90745,21.3328],[-157.90746,21.3328],[-157.90747,21.3328],[-157.90747,21.33279],[-157.90748,21.33279],[-157.90749,21.33279],[-157.9075,21.33279],[-157.90751,21.33278],[-157.90752,21.33278],[-157.90753,21.33278],[-157.90754,21.33278],[-157.90755,21.33278],[-157.90756,21.33277],[-157.90757,21.33277],[-157.90758,21.33277],[-157.90758,21.33277],[-157.90759,21.33276],[-157.9076,21.33276],[-157.90761,21.33276],[-157.90762,21.33276],[-157.90763,21.33276],[-157.90764,21.33275],[-157.90765,21.33275],[-157.90766,21.33275],[-157.90767,21.33275],[-157.90768,21.33275],[-157.90769,21.33274],[-157.9077,21.33274],[-157.9077,21.33274],[-157.90771,21.33274],[-157.90772,21.33274],[-157.90787,21.33271],[-157.90802,21.33269],[-157.90816,21.33268],[-157.90831,21.33267],[-157.90846,21.33267],[-157.90847,21.33267],[-157.90848,21.33267],[-157.90849,21.33267],[-157.9085,21.33267],[-157.90851,21.33267],[-157.90852,21.33267],[-157.90853,21.33267],[-157.90854,21.33267],[-157.90855,21.33267],[-157.90855,21.33267],[-157.90856,21.33267],[-157.90857,21.33267],[-157.90858,21.33267],[-157.90859,21.33267],[-157.9086,21.33267],[-157.90861,21.33268],[-157.90862,21.33268],[-157.90863,21.33268],[-157.90864,21.33268],[-157.90865,21.33268],[-157.90866,21.33268],[-157.90867,21.33268],[-157.90868,21.33268],[-157.90869,21.33268],[-157.9087,21.33268],[-157.90871,21.33268],[-157.90872,21.33268],[-157.90872,21.33268],[-157.90873,21.33268],[-157.90874,21.33268],[-157.90875,21.33268],[-157.90876,21.33269],[-157.90877,21.33269],[-157.90878,21.33269],[-157.90879,21.33269],[-157.9088,21.33269],[-157.90881,21.33269],[-157.90882,21.33269],[-157.90883,21.33269],[-157.90884,21.33269],[-157.90885,21.33269],[-157.90886,21.33269],[-157.90887,21.33269],[-157.90888,21.3327],[-157.90889,21.3327],[-157.90889,21.3327],[-157.9089,21.3327],[-157.90891,21.3327],[-157.90892,21.3327],[-157.90893,21.3327],[-157.90894,21.3327],[-157.90895,21.3327],[-157.90896,21.3327],[-157.90897,21.3327],[-157.90898,21.33271],[-157.90899,21.33271],[-157.909,21.33271],[-157.90901,21.33271],[-157.90902,21.33271],[-157.90903,21.33271],[-157.90904,21.33271],[-157.90905,21.33271],[-157.90951,21.33276],[-157.90998,21.33281],[-157.90999,21.33281],[-157.90999,21.33281],[-157.91,21.33281],[-157.91,21.33281],[-157.91001,21.33281],[-157.91001,21.33281],[-157.91002,21.33281],[-157.91002,21.33281],[-157.91003,21.33281],[-157.91003,21.33281],[-157.91003,21.33281],[-157.91004,21.33281],[-157.91004,21.33281],[-157.91005,21.33281],[-157.91005,21.33282],[-157.91006,21.33282],[-157.91006,21.33282],[-157.91007,21.33282],[-157.91007,21.33282],[-157.91008,21.33282],[-157.91008,21.33282],[-157.91009,21.33282],[-157.91009,21.33282],[-157.9101,21.33282],[-157.9101,21.33282],[-157.91011,21.33282],[-157.91011,21.33282],[-157.91011,21.33282],[-157.91012,21.33282],[-157.91012,21.33282],[-157.91013,21.33282],[-157.91013,21.33282],[-157.91014,21.33282],[-157.91014,21.33282],[-157.91015,21.33282],[-157.91015,21.33283],[-157.91016,21.33283],[-157.91016,21.33283],[-157.91017,21.33283],[-157.91017,21.33283],[-157.91018,21.33283],[-157.91018,21.33283],[-157.91019,21.33283],[-157.91019,21.33283],[-157.91019,21.33283],[-157.9102,21.33283],[-157.9102,21.33283],[-157.91021,21.33283],[-157.91021,21.33283],[-157.91022,21.33283],[-157.91022,21.33283],[-157.91023,21.33283],[-157.91023,21.33283],[-157.91024,21.33283],[-157.91024,21.33283],[-157.91025,21.33284],[-157.91025,21.33284],[-157.91026,21.33284],[-157.91026,21.33284],[-157.91027,21.33284],[-157.91027,21.33284],[-157.91027,21.33284],[-157.91042,21.33286],[-157.91057,21.33288],[-157.91057,21.33288],[-157.91058,21.33288],[-157.91058,21.33288],[-157.91059,21.33288],[-157.91059,21.33288],[-157.91059,21.33288],[-157.9106,21.33288],[-157.9106,21.33288],[-157.91061,21.33288],[-157.91061,21.33288],[-157.91062,21.33288],[-157.91062,21.33288],[-157.91063,21.33288],[-157.91063,21.33288],[-157.91064,21.33289],[-157.91064,21.33289],[-157.91065,21.33289],[-157.91065,21.33289],[-157.91066,21.33289],[-157.91066,21.33289],[-157.91066,21.33289],[-157.91067,21.33289],[-157.91067,21.33289],[-157.91068,21.33289],[-157.91068,21.33289],[-157.91069,21.33289],[-157.91069,21.33289],[-157.9107,21.33289],[-157.9107,21.33289],[-157.91071,21.3329],[-157.91071,21.3329],[-157.91072,21.3329],[-157.91072,21.3329],[-157.91073,21.3329],[-157.91073,21.3329],[-157.91073,21.3329],[-157.91074,21.3329],[-157.91074,21.3329],[-157.91075,21.3329],[-157.91075,21.3329],[-157.91076,21.3329],[-157.91076,21.3329],[-157.91077,21.3329],[-157.91077,21.3329],[-157.91078,21.33291],[-157.91078,21.33291],[-157.91079,21.33291],[-157.91079,21.33291],[-157.9108,21.33291],[-157.9108,21.33291],[-157.91081,21.33291],[-157.91081,21.33291],[-157.91081,21.33291],[-157.91082,21.33291],[-157.91082,21.33291],[-157.91083,21.33291],[-157.91083,21.33291],[-157.91084,21.33291],[-157.91084,21.33292],[-157.91085,21.33292],[-157.91085,21.33292],[-157.91086,21.33292],[-157.91189,21.33307],[-157.91293,21.33323],[-157.91293,21.33323],[-157.91294,21.33323],[-157.91294,21.33323],[-157.91294,21.33323],[-157.91295,21.33323],[-157.91295,21.33323],[-157.91296,21.33323],[-157.91296,21.33323],[-157.91297,21.33323],[-157.91297,21.33323],[-157.91298,21.33323],[-157.91298,21.33323],[-157.91298,21.33324],[-157.91299,21.33324],[-157.91299,21.33324],[-157.913,21.33324],[-157.913,21.33324],[-157.91301,21.33324],[-157.91301,21.33324],[-157.91302,21.33324],[-157.91302,21.33324],[-157.91302,21.33324],[-157.91303,21.33324],[-157.91303,21.33324],[-157.91304,21.33324],[-157.91304,21.33324],[-157.91305,21.33324],[-157.91305,21.33325],[-157.91306,21.33325],[-157.91306,21.33325],[-157.91306,21.33325],[-157.91307,21.33325],[-157.91307,21.33325],[-157.91308,21.33325],[-157.91308,21.33325],[-157.91309,21.33325],[-157.91309,21.33325],[-157.9131,21.33325],[-157.9131,21.33325],[-157.9131,21.33325],[-157.91311,21.33325],[-157.91311,21.33325],[-157.91312,21.33325],[-157.91312,21.33326],[-157.91313,21.33326],[-157.91313,21.33326],[-157.91314,21.33326],[-157.91314,21.33326],[-157.91314,21.33326],[-157.91315,21.33326],[-157.91315,21.33326],[-157.91316,21.33326],[-157.91316,21.33326],[-157.91317,21.33326],[-157.91317,21.33326],[-157.91318,21.33326],[-157.91318,21.33326],[-157.91318,21.33326],[-157.91319,21.33327],[-157.91319,21.33327],[-157.9132,21.33327],[-157.9132,21.33327],[-157.91329,21.33328],[-157.91338,21.33329],[-157.91339,21.33329],[-157.91339,21.33329],[-157.9134,21.33329],[-157.9134,21.33329],[-157.9134,21.33329],[-157.91341,21.33329],[-157.91341,21.33329],[-157.91342,21.3333],[-157.91342,21.3333],[-157.91343,21.3333],[-157.91343,21.3333],[-157.91344,21.3333],[-157.91344,21.3333],[-157.91344,21.3333],[-157.91345,21.3333],[-157.91345,21.3333],[-157.91346,21.3333],[-157.91346,21.3333],[-157.91347,21.3333],[-157.91347,21.3333],[-157.91348,21.3333],[-157.91348,21.3333],[-157.91348,21.3333],[-157.91349,21.3333],[-157.91349,21.3333],[-157.9135,21.33331],[-157.9135,21.33331],[-157.91351,21.33331],[-157.91351,21.33331],[-157.91352,21.33331],[-157.91352,21.33331],[-157.91352,21.33331],[-157.91353,21.33331],[-157.91353,21.33331],[-157.91354,21.33331],[-157.91354,21.33331],[-157.91355,21.33331],[-157.91355,21.33331],[-157.91356,21.33331],[-157.91356,21.33331],[-157.91356,21.33331],[-157.91357,21.33331],[-157.91357,21.33331],[-157.91358,21.33332],[-157.91358,21.33332],[-157.91359,21.33332],[-157.91359,21.33332],[-157.9136,21.33332],[-157.9136,21.33332],[-157.9136,21.33332],[-157.91361,21.33332],[-157.91361,21.33332],[-157.91362,21.33332],[-157.91362,21.33332],[-157.91363,21.33332],[-157.91363,21.33332],[-157.91364,21.33332],[-157.91364,21.33332],[-157.91365,21.33332],[-157.91365,21.33332],[-157.91365,21.33332],[-157.91366,21.33332],[-157.91377,21.33334],[-157.91388,21.33335],[-157.91388,21.33335],[-157.91388,21.33335],[-157.91389,21.33335],[-157.91389,21.33335],[-157.9139,21.33335],[-157.9139,21.33335],[-157.91391,21.33335],[-157.91391,21.33336],[-157.91392,21.33336],[-157.91392,21.33336],[-157.91393,21.33336],[-157.91393,21.33336],[-157.91393,21.33336],[-157.91394,21.33336],[-157.91394,21.33336],[-157.91395,21.33336],[-157.91395,21.33336],[-157.91396,21.33336],[-157.91396,21.33336],[-157.91397,21.33336],[-157.91397,21.33336],[-157.91397,21.33336],[-157.91398,21.33336],[-157.91398,21.33336],[-157.91399,21.33336],[-157.91399,21.33336],[-157.914,21.33337],[-157.914,21.33337],[-157.91401,21.33337],[-157.91401,21.33337],[-157.91401,21.33337],[-157.91402,21.33337],[-157.91402,21.33337],[-157.91403,21.33337],[-157.91403,21.33337],[-157.91404,21.33337],[-157.91404,21.33337],[-157.91405,21.33337],[-157.91405,21.33337],[-157.91405,21.33337],[-157.91406,21.33337],[-157.91406,21.33337],[-157.91407,21.33337],[-157.91407,21.33337],[-157.91408,21.33338],[-157.91408,21.33338],[-157.91409,21.33338],[-157.91409,21.33338],[-157.91409,21.33338],[-157.9141,21.33338],[-157.9141,21.33338],[-157.91411,21.33338],[-157.91411,21.33338],[-157.91412,21.33338],[-157.91412,21.33338],[-157.91413,21.33338],[-157.91413,21.33338],[-157.91413,21.33338],[-157.91414,21.33338],[-157.91414,21.33338],[-157.91415,21.33338],[-157.91415,21.33338],[-157.91426,21.3334],[-157.91437,21.33341],[-157.91437,21.33341],[-157.91438,21.33342],[-157.91438,21.33342],[-157.91439,21.33342],[-157.91439,21.33342],[-157.9144,21.33342],[-157.9144,21.33342],[-157.9144,21.33342],[-157.91441,21.33342],[-157.91441,21.33342],[-157.91442,21.33342],[-157.91442,21.33342],[-157.91443,21.33342],[-157.91443,21.33342],[-157.91444,21.33342],[-157.91444,21.33342],[-157.91445,21.33343],[-157.91445,21.33343],[-157.91445,21.33343],[-157.91446,21.33343],[-157.91446,21.33343],[-157.91447,21.33343],[-157.91447,21.33343],[-157.91448,21.33343],[-157.91448,21.33343],[-157.91449,21.33343],[-157.91449,21.33343],[-157.91449,21.33343],[-157.9145,21.33343],[-157.9145,21.33343],[-157.91451,21.33343],[-157.91451,21.33343],[-157.91452,21.33344],[-157.91452,21.33344],[-157.91453,21.33344],[-157.91453,21.33344],[-157.91453,21.33344],[-157.91454,21.33344],[-157.91454,21.33344],[-157.91455,21.33344],[-157.91455,21.33344],[-157.91456,21.33344],[-157.91456,21.33344],[-157.91457,21.33344],[-157.91457,21.33344],[-157.91457,21.33344],[-157.91458,21.33345],[-157.91458,21.33345],[-157.91459,21.33345],[-157.91459,21.33345],[-157.9146,21.33345],[-157.9146,21.33345],[-157.91461,21.33345],[-157.91461,21.33345],[-157.91461,21.33345],[-157.91462,21.33345],[-157.91462,21.33345],[-157.91463,21.33345],[-157.91463,21.33345],[-157.91464,21.33345],[-157.91464,21.33345],[-157.91465,21.33346],[-157.91544,21.33358],[-157.91623,21.3337],[-157.91623,21.3337],[-157.91624,21.3337],[-157.91624,21.3337],[-157.91625,21.3337],[-157.91625,21.3337],[-157.91626,21.3337],[-157.91626,21.3337],[-157.91627,21.3337],[-157.91627,21.3337],[-157.91627,21.3337],[-157.91628,21.3337],[-157.91628,21.3337],[-157.91629,21.3337],[-157.91629,21.33371],[-157.9163,21.33371],[-157.9163,21.33371],[-157.91631,21.33371],[-157.91631,21.33371],[-157.91631,21.33371],[-157.91632,21.33371],[-157.91632,21.33371],[-157.91633,21.33371],[-157.91633,21.33371],[-157.91634,21.33371],[-157.91634,21.33371],[-157.91635,21.33371],[-157.91635,21.33371],[-157.91635,21.33371],[-157.91636,21.33372],[-157.91636,21.33372],[-157.91637,21.33372],[-157.91637,21.33372],[-157.91638,21.33372],[-157.91638,21.33372],[-157.91639,21.33372],[-157.91639,21.33372],[-157.91639,21.33372],[-157.9164,21.33372],[-157.9164,21.33372],[-157.91641,21.33372],[-157.91641,21.33372],[-157.91642,21.33372],[-157.91642,21.33372],[-157.91643,21.33373],[-157.91643,21.33373],[-157.91643,21.33373],[-157.91644,21.33373],[-157.91644,21.33373],[-157.91645,21.33373],[-157.91645,21.33373],[-157.91646,21.33373],[-157.91646,21.33373],[-157.91647,21.33373],[-157.91647,21.33373],[-157.91647,21.33373],[-157.91648,21.33373],[-157.91648,21.33373],[-157.91649,21.33373],[-157.91649,21.33373],[-157.9165,21.33373],[-157.9165,21.33374],[-157.91651,21.33374],[-157.91654,21.33374],[-157.91657,21.33374],[-157.91663,21.33375],[-157.9167,21.33376],[-157.91676,21.33377],[-157.91682,21.33377],[-157.91689,21.33378],[-157.91695,21.33378],[-157.91696,21.33378],[-157.91696,21.33378],[-157.91696,21.33378],[-157.91697,21.33378],[-157.91697,21.33378],[-157.91698,21.33378],[-157.91698,21.33379],[-157.91699,21.33379],[-157.91699,21.33379],[-157.917,21.33379],[-157.917,21.33379],[-157.917,21.33379],[-157.91701,21.33379],[-157.91701,21.33379],[-157.91702,21.33379],[-157.91702,21.33379],[-157.91703,21.33379],[-157.91703,21.33379],[-157.91704,21.33379],[-157.91704,21.33379],[-157.91705,21.33379],[-157.91705,21.33379],[-157.91705,21.33379],[-157.91706,21.33379],[-157.91706,21.33379],[-157.91707,21.33379],[-157.91707,21.33379],[-157.91708,21.33379],[-157.91708,21.33379],[-157.91709,21.33379],[-157.91709,21.33379],[-157.91709,21.33379],[-157.9171,21.33379],[-157.9171,21.33379],[-157.91711,21.33379],[-157.91711,21.33379],[-157.91712,21.33379],[-157.91712,21.33379],[-157.91713,21.33379],[-157.91713,21.33379],[-157.91714,21.3338],[-157.91714,21.3338],[-157.91714,21.3338],[-157.91715,21.3338],[-157.91715,21.3338],[-157.91716,21.3338],[-157.91716,21.3338],[-157.91717,21.3338],[-157.91717,21.3338],[-157.91718,21.3338],[-157.91718,21.3338],[-157.91718,21.3338],[-157.91719,21.3338],[-157.91719,21.3338],[-157.9172,21.3338],[-157.9172,21.3338],[-157.91721,21.3338],[-157.91721,21.3338],[-157.91722,21.3338],[-157.91722,21.3338],[-157.91722,21.3338],[-157.91723,21.3338],[-157.91766,21.33383],[-157.91809,21.33385],[-157.9181,21.33385],[-157.9181,21.33385],[-157.9181,21.33385],[-157.91811,21.33385],[-157.91811,21.33385],[-157.91812,21.33385],[-157.91812,21.33385],[-157.91812,21.33385],[-157.91813,21.33385],[-157.91813,21.33385],[-157.91814,21.33385],[-157.91814,21.33385],[-157.91814,21.33385],[-157.91815,21.33385],[-157.91815,21.33385],[-157.91815,21.33385],[-157.91816,21.33385],[-157.91816,21.33385],[-157.91817,21.33385],[-157.91817,21.33386],[-157.91817,21.33386],[-157.91818,21.33386],[-157.91818,21.33386],[-157.91818,21.33386],[-157.91819,21.33386],[-157.91819,21.33386],[-157.9182,21.33386],[-157.9182,21.33386],[-157.9182,21.33386],[-157.91821,21.33386],[-157.91821,21.33386],[-157.91822,21.33386],[-157.91822,21.33386],[-157.91822,21.33386],[-157.91823,21.33386],[-157.91823,21.33386],[-157.91823,21.33386],[-157.91824,21.33386],[-157.91824,21.33386],[-157.91825,21.33386],[-157.91825,21.33386],[-157.91825,21.33386],[-157.91826,21.33386],[-157.91826,21.33386],[-157.91827,21.33386],[-157.91827,21.33386],[-157.91827,21.33386],[-157.91828,21.33386],[-157.91828,21.33386],[-157.91828,21.33386],[-157.91829,21.33386],[-157.91829,21.33386],[-157.9183,21.33386],[-157.9183,21.33386],[-157.9183,21.33386],[-157.91831,21.33386],[-157.91831,21.33386],[-157.91832,21.33386],[-157.91832,21.33386],[-157.91832,21.33386],[-157.91833,21.33386],[-157.91833,21.33386],[-157.91834,21.33386],[-157.91835,21.33386],[-157.91837,21.33386],[-157.9184,21.33386],[-157.91842,21.33386],[-157.91844,21.33386],[-157.91847,21.33386],[-157.91849,21.33386],[-157.91851,21.33386],[-157.91854,21.33386],[-157.91856,21.33386],[-157.91858,21.33385],[-157.9186,21.33385],[-157.91863,21.33385],[-157.91863,21.33385],[-157.91864,21.33385],[-157.91864,21.33385],[-157.91864,21.33385],[-157.91865,21.33385],[-157.91865,21.33385],[-157.91865,21.33385],[-157.91866,21.33385],[-157.91866,21.33385],[-157.91867,21.33385],[-157.91867,21.33385],[-157.91867,21.33385],[-157.91868,21.33385],[-157.91868,21.33385],[-157.91869,21.33385],[-157.91869,21.33384],[-157.91869,21.33384],[-157.9187,21.33384],[-157.9187,21.33384],[-157.9187,21.33384],[-157.91871,21.33384],[-157.91871,21.33384],[-157.91872,21.33384],[-157.91872,21.33384],[-157.91872,21.33384],[-157.91873,21.33384],[-157.91873,21.33384],[-157.91873,21.33384],[-157.91874,21.33384],[-157.91874,21.33384],[-157.91875,21.33384],[-157.91875,21.33384],[-157.91875,21.33384],[-157.91876,21.33384],[-157.91876,21.33384],[-157.91877,21.33384],[-157.91877,21.33384],[-157.91877,21.33383],[-157.91878,21.33383],[-157.91878,21.33383],[-157.91878,21.33383],[-157.91879,21.33383],[-157.91879,21.33383],[-157.9188,21.33383],[-157.9188,21.33383],[-157.9188,21.33383],[-157.91881,21.33383],[-157.91881,21.33383],[-157.91881,21.33383],[-157.91882,21.33383],[-157.91882,21.33383],[-157.91883,21.33383],[-157.91883,21.33383],[-157.91883,21.33383],[-157.91884,21.33383],[-157.91884,21.33383],[-157.91885,21.33383],[-157.91885,21.33383],[-157.91885,21.33382],[-157.91886,21.33382],[-157.91886,21.33382],[-157.91886,21.33382],[-157.91932,21.33376],[-157.91978,21.3337],[-157.91978,21.3337],[-157.91979,21.3337],[-157.91979,21.3337],[-157.91979,21.3337],[-157.9198,21.3337],[-157.9198,21.3337],[-157.9198,21.3337],[-157.9198,21.3337],[-157.91981,21.3337],[-157.91981,21.3337],[-157.91981,21.3337],[-157.91982,21.3337],[-157.91982,21.3337],[-157.91982,21.3337],[-157.91983,21.3337],[-157.91983,21.3337],[-157.91983,21.3337],[-157.91984,21.3337],[-157.91984,21.3337],[-157.91984,21.33369],[-157.91985,21.33369],[-157.91985,21.33369],[-157.91985,21.33369],[-157.91986,21.33369],[-157.91986,21.33369],[-157.91986,21.33369],[-157.91987,21.33369],[-157.91987,21.33369],[-157.91987,21.33369],[-157.91988,21.33369],[-157.91988,21.33369],[-157.91988,21.33369],[-157.91989,21.33369],[-157.91989,21.33369],[-157.91989,21.33369],[-157.9199,21.33369],[-157.9199,21.33369],[-157.9199,21.33369],[-157.91991,21.33369],[-157.91991,21.33369],[-157.91991,21.33369],[-157.91992,21.33369],[-157.91992,21.33369],[-157.91992,21.33369],[-157.91993,21.33369],[-157.91993,21.33368],[-157.91993,21.33368],[-157.91994,21.33368],[-157.91994,21.33368],[-157.91994,21.33368],[-157.91995,21.33368],[-157.91995,21.33368],[-157.91995,21.33368],[-157.91996,21.33368],[-157.91996,21.33368],[-157.91996,21.33368],[-157.91997,21.33368],[-157.91997,21.33368],[-157.91997,21.33368],[-157.91998,21.33368],[-157.91998,21.33368],[-157.91998,21.33368],[-157.92009,21.33367],[-157.92019,21.33368],[-157.9203,21.33368],[-157.9203,21.33368],[-157.9203,21.33368],[-157.92031,21.33368],[-157.92031,21.33368],[-157.92031,21.33368],[-157.92032,21.33369],[-157.92032,21.33369],[-157.92032,21.33369],[-157.92033,21.33369],[-157.92033,21.33369],[-157.92033,21.33369],[-157.92034,21.33369],[-157.92034,21.33369],[-157.92034,21.33369],[-157.92035,21.33369],[-157.92035,21.33369],[-157.92035,21.33369],[-157.92036,21.33369],[-157.92036,21.33369],[-157.92036,21.33369],[-157.92037,21.33369],[-157.92037,21.33369],[-157.92037,21.33369],[-157.92038,21.33369],[-157.92038,21.33369],[-157.92038,21.33369],[-157.92039,21.33369],[-157.92039,21.33369],[-157.92039,21.33369],[-157.9204,21.33369],[-157.9204,21.3337],[-157.9204,21.3337],[-157.92041,21.3337],[-157.92041,21.3337],[-157.92041,21.3337],[-157.92042,21.3337],[-157.92042,21.3337],[-157.92042,21.3337],[-157.92042,21.3337],[-157.92043,21.3337],[-157.92043,21.3337],[-157.92043,21.3337],[-157.92044,21.3337],[-157.92044,21.3337],[-157.92044,21.3337],[-157.92045,21.3337],[-157.92045,21.3337],[-157.92045,21.3337],[-157.92046,21.3337],[-157.92046,21.3337],[-157.92046,21.3337],[-157.92047,21.33371],[-157.92047,21.33371],[-157.92047,21.33371],[-157.92048,21.33371],[-157.92048,21.33371],[-157.92048,21.33371],[-157.92049,21.33371],[-157.92049,21.33371],[-157.92049,21.33371],[-157.9205,21.33371],[-157.9205,21.33371],[-157.92098,21.33378],[-157.92147,21.33386],[-157.92147,21.33386],[-157.92148,21.33386],[-157.92148,21.33386],[-157.92149,21.33386],[-157.92149,21.33386],[-157.9215,21.33386],[-157.9215,21.33386],[-157.92151,21.33386],[-157.92151,21.33386],[-157.92152,21.33386],[-157.92152,21.33386],[-157.92153,21.33386],[-157.92153,21.33387],[-157.92154,21.33387],[-157.92154,21.33387],[-157.92155,21.33387],[-157.92155,21.33387],[-157.92156,21.33387],[-157.92156,21.33387],[-157.92157,21.33387],[-157.92157,21.33387],[-157.92158,21.33387],[-157.92158,21.33387],[-157.92159,21.33387],[-157.92159,21.33388],[-157.9216,21.33388],[-157.9216,21.33388],[-157.92161,21.33388],[-157.92161,21.33388],[-157.92161,21.33388],[-157.92162,21.33388],[-157.92162,21.33388],[-157.92163,21.33388],[-157.92163,21.33388],[-157.92164,21.33388],[-157.92164,21.33388],[-157.92165,21.33389],[-157.92165,21.33389],[-157.92166,21.33389],[-157.92166,21.33389],[-157.92167,21.33389],[-157.92167,21.33389],[-157.92168,21.33389],[-157.92168,21.33389],[-157.92169,21.33389],[-157.92169,21.33389],[-157.9217,21.3339],[-157.9217,21.3339],[-157.92171,21.3339],[-157.92171,21.3339],[-157.92172,21.3339],[-157.92172,21.3339],[-157.92173,21.3339],[-157.92173,21.3339],[-157.92174,21.33391],[-157.92174,21.33391],[-157.92175,21.33391],[-157.92175,21.33391],[-157.92176,21.33391],[-157.92176,21.33391],[-157.92176,21.33391],[-157.92177,21.33391],[-157.92186,21.33394],[-157.92195,21.33398],[-157.92203,21.33402],[-157.92211,21.33407],[-157.92219,21.33412],[-157.92226,21.33418],[-157.92232,21.33424],[-157.92238,21.33431],[-157.92244,21.33438],[-157.92248,21.33446],[-157.92252,21.33454],[-157.92256,21.33462],[-157.92256,21.33462],[-157.92256,21.33463],[-157.92256,21.33463],[-157.92257,21.33464],[-157.92257,21.33464],[-157.92257,21.33465],[-157.92257,21.33465],[-157.92257,21.33465],[-157.92257,21.33466],[-157.92257,21.33466],[-157.92258,21.33467],[-157.92258,21.33467],[-157.92258,21.33468],[-157.92258,21.33468],[-157.92258,21.33469],[-157.92258,21.33469],[-157.92258,21.33469],[-157.92259,21.3347],[-157.92259,21.3347],[-157.92259,21.33471],[-157.92259,21.33471],[-157.92259,21.33472],[-157.92259,21.33472],[-157.92259,21.33473],[-157.92259,21.33473],[-157.9226,21.33474],[-157.9226,21.33474],[-157.9226,21.33474],[-157.9226,21.33475],[-157.9226,21.33475],[-157.9226,21.33476],[-157.9226,21.33476],[-157.9226,21.33477],[-157.92261,21.33477],[-157.92261,21.33478],[-157.92261,21.33478],[-157.92261,21.33479],[-157.92261,21.33479],[-157.92261,21.33479],[-157.92261,21.3348],[-157.92261,21.3348],[-157.92261,21.33481],[-157.92262,21.33481],[-157.92262,21.33482],[-157.92262,21.33482],[-157.92262,21.33483],[-157.92262,21.33483],[-157.92262,21.33484],[-157.92262,21.33484],[-157.92262,21.33484],[-157.92262,21.33485],[-157.92262,21.33485],[-157.92263,21.33486],[-157.92263,21.33486],[-157.92263,21.33487],[-157.92263,21.33487],[-157.92263,21.33488],[-157.92263,21.33488],[-157.92263,21.33489],[-157.92263,21.33489],[-157.92263,21.33489],[-157.92263,21.3349],[-157.92273,21.33534],[-157.92283,21.33579],[-157.92283,21.33579],[-157.92284,21.3358],[-157.92284,21.3358],[-157.92284,21.3358],[-157.92284,21.33581],[-157.92284,21.33581],[-157.92284,21.33582],[-157.92284,21.33582],[-157.92284,21.33583],[-157.92284,21.33583],[-157.92284,21.33584],[-157.92285,21.33584],[-157.92285,21.33585],[-157.92285,21.33585],[-157.92285,21.33586],[-157.92285,21.33586],[-157.92285,21.33587],[-157.92285,21.33587],[-157.92285,21.33588],[-157.92285,21.33588],[-157.92286,21.33589],[-157.92286,21.33589],[-157.92286,21.3359],[-157.92286,21.3359],[-157.92286,21.33591],[-157.92286,21.33591],[-157.92286,21.33591],[-157.92286,21.33592],[-157.92286,21.33592],[-157.92286,21.33593],[-157.92286,21.33593],[-157.92287,21.33594],[-157.92287,21.33594],[-157.92287,21.33595],[-157.92287,21.33595],[-157.92287,21.33596],[-157.92287,21.33596],[-157.92287,21.33597],[-157.92287,21.33597],[-157.92287,21.33598],[-157.92287,21.33598],[-157.92287,21.33599],[-157.92288,21.33599],[-157.92288,21.336],[-157.92288,21.336],[-157.92288,21.33601],[-157.92288,21.33601],[-157.92288,21.33602],[-157.92288,21.33602],[-157.92288,21.33603],[-157.92288,21.33603],[-157.92288,21.33604],[-157.92288,21.33604],[-157.92288,21.33605],[-157.92288,21.33605],[-157.92288,21.33605],[-157.92288,21.33606],[-157.92289,21.33606],[-157.92289,21.33607],[-157.92289,21.33607],[-157.92289,21.33608],[-157.92289,21.33608],[-157.92289,21.33615],[-157.9229,21.33622],[-157.92289,21.3363],[-157.92289,21.3363],[-157.92289,21.3363],[-157.92289,21.33631],[-157.92289,21.33631],[-157.92289,21.33632],[-157.92289,21.33632],[-157.92289,21.33633],[-157.92289,21.33633],[-157.92289,21.33634],[-157.92289,21.33634],[-157.92289,21.33635],[-157.92289,21.33635],[-157.92289,21.33636],[-157.92289,21.33636],[-157.92288,21.33637],[-157.92288,21.33637],[-157.92288,21.33638],[-157.92288,21.33638],[-157.92288,21.33639],[-157.92288,21.33639],[-157.92288,21.3364],[-157.92288,21.3364],[-157.92288,21.33641],[-157.92288,21.33641],[-157.92288,21.33642],[-157.92288,21.33642],[-157.92288,21.33643],[-157.92288,21.33643],[-157.92288,21.33644],[-157.92287,21.33644],[-157.92287,21.33645],[-157.92287,21.33645],[-157.92287,21.33646],[-157.92287,21.33646],[-157.92287,21.33647],[-157.92287,21.33647],[-157.92287,21.33647],[-157.92287,21.33648],[-157.92287,21.33648],[-157.92287,21.33649],[-157.92287,21.33649],[-157.92287,21.3365],[-157.92286,21.3365],[-157.92286,21.33651],[-157.92286,21.33651],[-157.92286,21.33652],[-157.92286,21.33652],[-157.92286,21.33653],[-157.92286,21.33653],[-157.92286,21.33654],[-157.92286,21.33654],[-157.92286,21.33655],[-157.92286,21.33655],[-157.92286,21.33656],[-157.92285,21.33656],[-157.92285,21.33657],[-157.92285,21.33657],[-157.92285,21.33658],[-157.92285,21.33658],[-157.92285,21.33659],[-157.92285,21.33659],[-157.92285,21.3366],[-157.92283,21.33669],[-157.92281,21.33679],[-157.92281,21.33679],[-157.92281,21.3368],[-157.92281,21.3368],[-157.92281,21.33681],[-157.92281,21.33681],[-157.92281,21.33682],[-157.92281,21.33682],[-157.92281,21.33683],[-157.9228,21.33683],[-157.9228,21.33683],[-157.9228,21.33684],[-157.9228,21.33684],[-157.9228,21.33685],[-157.9228,21.33685],[-157.9228,21.33686],[-157.9228,21.33686],[-157.9228,21.33687],[-157.9228,21.33687],[-157.9228,21.33688],[-157.9228,21.33688],[-157.92279,21.33689],[-157.92279,21.33689],[-157.92279,21.33689],[-157.92279,21.3369],[-157.92279,21.3369],[-157.92279,21.33691],[-157.92279,21.33691],[-157.92279,21.33692],[-157.92279,21.33692],[-157.92279,21.33693],[-157.92279,21.33693],[-157.92279,21.33694],[-157.92279,21.33694],[-157.92279,21.33695],[-157.92278,21.33695],[-157.92278,21.33695],[-157.92278,21.33696],[-157.92278,21.33696],[-157.92278,21.33697],[-157.92278,21.33697],[-157.92278,21.33698],[-157.92278,21.33698],[-157.92278,21.33699],[-157.92278,21.33699],[-157.92278,21.337],[-157.92278,21.337],[-157.92278,21.33701],[-157.92278,21.33701],[-157.92278,21.33701],[-157.92278,21.33702],[-157.92278,21.33702],[-157.92278,21.33703],[-157.92277,21.33703],[-157.92277,21.33704],[-157.92277,21.33704],[-157.92277,21.33705],[-157.92277,21.33705],[-157.92277,21.33706],[-157.92277,21.33706],[-157.92277,21.33707],[-157.92277,21.33707],[-157.92277,21.33707],[-157.92277,21.33708],[-157.92277,21.33709],[-157.92277,21.3371],[-157.92277,21.33711],[-157.92277,21.33712],[-157.92277,21.33713],[-157.92277,21.33714],[-157.92277,21.33715],[-157.92277,21.33716],[-157.92277,21.33717],[-157.92277,21.33718],[-157.92277,21.33719],[-157.92277,21.33719],[-157.92277,21.3372],[-157.92278,21.33721],[-157.92278,21.33722],[-157.92278,21.33723],[-157.92278,21.33724],[-157.92278,21.33725],[-157.92278,21.33726],[-157.92278,21.33727],[-157.92278,21.33728],[-157.92278,21.33729],[-157.92279,21.3373],[-157.92279,21.33731],[-157.92279,21.33732],[-157.92279,21.33733],[-157.92279,21.33734],[-157.9228,21.33735],[-157.9228,21.33736],[-157.9228,21.33737],[-157.9228,21.33738],[-157.9228,21.33739],[-157.92281,21.3374],[-157.92281,21.33741],[-157.92281,21.33742],[-157.92282,21.33743],[-157.92282,21.33744],[-157.92282,21.33744],[-157.92282,21.33745],[-157.92283,21.33746],[-157.92283,21.33747],[-157.92283,21.33748],[-157.92284,21.33749],[-157.92284,21.3375],[-157.92284,21.33751],[-157.92285,21.33752],[-157.92285,21.33753],[-157.92286,21.33754],[-157.92286,21.33755],[-157.92286,21.33756],[-157.92287,21.33756],[-157.92287,21.33757],[-157.92288,21.33758],[-157.92288,21.33759],[-157.92288,21.3376],[-157.92289,21.33761],[-157.92289,21.33762],[-157.9229,21.33763],[-157.9229,21.33764],[-157.92291,21.33764],[-157.92291,21.33765],[-157.92292,21.33766],[-157.92292,21.33767],[-157.92293,21.33768],[-157.92293,21.33769],[-157.92294,21.33769],[-157.92294,21.3377],[-157.92295,21.33771],[-157.92295,21.33772],[-157.92296,21.33773],[-157.92297,21.33774],[-157.92297,21.33774],[-157.92298,21.33775],[-157.92298,21.33776],[-157.92299,21.33777],[-157.923,21.33778],[-157.923,21.33778],[-157.92301,21.33779],[-157.92301,21.3378],[-157.92302,21.33781],[-157.92303,21.33782],[-157.92303,21.33782],[-157.92304,21.33783],[-157.92305,21.33784],[-157.92305,21.33785],[-157.92306,21.33785],[-157.92307,21.33786],[-157.92307,21.33787],[-157.92308,21.33788],[-157.92309,21.33788],[-157.92309,21.33789],[-157.9231,21.3379],[-157.92311,21.3379],[-157.92312,21.33791],[-157.92312,21.33792],[-157.92313,21.33792],[-157.92314,21.33793],[-157.92315,21.33794],[-157.92315,21.33795],[-157.92316,21.33795],[-157.92317,21.33796],[-157.92318,21.33796],[-157.92318,21.33797],[-157.92319,21.33798],[-157.9232,21.33798],[-157.92321,21.33799],[-157.92322,21.338],[-157.92323,21.338],[-157.92323,21.33801],[-157.92324,21.33801],[-157.92325,21.33802],[-157.92326,21.33803],[-157.92327,21.33803],[-157.92328,21.33804],[-157.92328,21.33804],[-157.92329,21.33805],[-157.9233,21.33805],[-157.92331,21.33806],[-157.92332,21.33806],[-157.92333,21.33807],[-157.92334,21.33808],[-157.92334,21.33808],[-157.92335,21.33809],[-157.92336,21.33809],[-157.92337,21.3381],[-157.92338,21.3381],[-157.92339,21.33811],[-157.9234,21.33811],[-157.92341,21.33811],[-157.92342,21.33812],[-157.92343,21.33812],[-157.92344,21.33813],[-157.92345,21.33813],[-157.92346,21.33814],[-157.92346,21.33814],[-157.92347,21.33814],[-157.92348,21.33815],[-157.92349,21.33815],[-157.9235,21.33816],[-157.92351,21.33816],[-157.92352,21.33816],[-157.92353,21.33817],[-157.92354,21.33817],[-157.92355,21.33817],[-157.92356,21.33818],[-157.92357,21.33818],[-157.92358,21.33818],[-157.92359,21.33819],[-157.9236,21.33819],[-157.92361,21.33819],[-157.92362,21.3382],[-157.92363,21.3382],[-157.92364,21.3382],[-157.92365,21.3382],[-157.92366,21.33821],[-157.92367,21.33821],[-157.92367,21.33821],[-157.92368,21.33821],[-157.92368,21.33821],[-157.92368,21.33821],[-157.92369,21.33821],[-157.92369,21.33821],[-157.9237,21.33822],[-157.9237,21.33822],[-157.92371,21.33822],[-157.92371,21.33822],[-157.92372,21.33822],[-157.92372,21.33822],[-157.92373,21.33822],[-157.92373,21.33822],[-157.92374,21.33822],[-157.92374,21.33822],[-157.92375,21.33823],[-157.92375,21.33823],[-157.92376,21.33823],[-157.92376,21.33823],[-157.92377,21.33823],[-157.92377,21.33823],[-157.92378,21.33823],[-157.92378,21.33823],[-157.92379,21.33823],[-157.92379,21.33823],[-157.9238,21.33823],[-157.9238,21.33823],[-157.92381,21.33824],[-157.92381,21.33824],[-157.92382,21.33824],[-157.92382,21.33824],[-157.92383,21.33824],[-157.92383,21.33824],[-157.92384,21.33824],[-157.92384,21.33824],[-157.92385,21.33824],[-157.92385,21.33824],[-157.92386,21.33824],[-157.92386,21.33824],[-157.92387,21.33824],[-157.92387,21.33824],[-157.92388,21.33825],[-157.92388,21.33825],[-157.92389,21.33825],[-157.92389,21.33825],[-157.9239,21.33825],[-157.9239,21.33825],[-157.92391,21.33825],[-157.92391,21.33825],[-157.92392,21.33825],[-157.92392,21.33825],[-157.92392,21.33825],[-157.92393,21.33825],[-157.92393,21.33825],[-157.92394,21.33825],[-157.92394,21.33825],[-157.92395,21.33825],[-157.92395,21.33826],[-157.92396,21.33826],[-157.92396,21.33826],[-157.92472,21.33835],[-157.92548,21.33844],[-157.92549,21.33844],[-157.92549,21.33844],[-157.92549,21.33844],[-157.9255,21.33844],[-157.9255,21.33844],[-157.92551,21.33845],[-157.92551,21.33845],[-157.92551,21.33845],[-157.92552,21.33845],[-157.92552,21.33845],[-157.92553,21.33845],[-157.92553,21.33845],[-157.92553,21.33845],[-157.92554,21.33845],[-157.92554,21.33845],[-157.92554,21.33845],[-157.92555,21.33845],[-157.92555,21.33845],[-157.92556,21.33845],[-157.92556,21.33845],[-157.92556,21.33845],[-157.92557,21.33845],[-157.92557,21.33845],[-157.92558,21.33845],[-157.92558,21.33845],[-157.92558,21.33845],[-157.92559,21.33846],[-157.92559,21.33846],[-157.9256,21.33846],[-157.9256,21.33846],[-157.9256,21.33846],[-157.92561,21.33846],[-157.92561,21.33846],[-157.92561,21.33846],[-157.92562,21.33846],[-157.92562,21.33846],[-157.92563,21.33846],[-157.92563,21.33846],[-157.92563,21.33846],[-157.92564,21.33846],[-157.92564,21.33846],[-157.92565,21.33846],[-157.92565,21.33846],[-157.92565,21.33846],[-157.92566,21.33846],[-157.92566,21.33846],[-157.92567,21.33847],[-157.92567,21.33847],[-157.92567,21.33847],[-157.92568,21.33847],[-157.92568,21.33847],[-157.92569,21.33847],[-157.92569,21.33847],[-157.92569,21.33847],[-157.9257,21.33847],[-157.9257,21.33847],[-157.9257,21.33847],[-157.92571,21.33847],[-157.92571,21.33847],[-157.92572,21.33847],[-157.92572,21.33847],[-157.92572,21.33847],[-157.9258,21.33848],[-157.92587,21.33849],[-157.92587,21.3385],[-157.92588,21.3385],[-157.92588,21.3385],[-157.92589,21.3385],[-157.92589,21.3385],[-157.92589,21.3385],[-157.9259,21.3385],[-157.9259,21.3385],[-157.92591,21.3385],[-157.92591,21.3385],[-157.92591,21.3385],[-157.92592,21.3385],[-157.92592,21.3385],[-157.92592,21.3385],[-157.92593,21.3385],[-157.92593,21.3385],[-157.92594,21.33851],[-157.92594,21.33851],[-157.92594,21.33851],[-157.92595,21.33851],[-157.92595,21.33851],[-157.92596,21.33851],[-157.92596,21.33851],[-157.92596,21.33851],[-157.92597,21.33851],[-157.92597,21.33851],[-157.92598,21.33851],[-157.92598,21.33851],[-157.92598,21.33851],[-157.92599,21.33851],[-157.92599,21.33851],[-157.92599,21.33852],[-157.926,21.33852],[-157.926,21.33852],[-157.92601,21.33852],[-157.92601,21.33852],[-157.92601,21.33852],[-157.92602,21.33852],[-157.92602,21.33852],[-157.92603,21.33852],[-157.92603,21.33852],[-157.92603,21.33852],[-157.92604,21.33852],[-157.92604,21.33852],[-157.92604,21.33852],[-157.92605,21.33852],[-157.92605,21.33853],[-157.92606,21.33853],[-157.92606,21.33853],[-157.92606,21.33853],[-157.92607,21.33853],[-157.92607,21.33853],[-157.92608,21.33853],[-157.92608,21.33853],[-157.92608,21.33853],[-157.92609,21.33853],[-157.92609,21.33853],[-157.92609,21.33853],[-157.9261,21.33853],[-157.9261,21.33853],[-157.92611,21.33853],[-157.92611,21.33854],[-157.92626,21.33856],[-157.9264,21.33859],[-157.92641,21.33859],[-157.92641,21.33859],[-157.92642,21.33859],[-157.92642,21.33859],[-157.92643,21.33859],[-157.92644,21.33859],[-157.92644,21.33859],[-157.92645,21.33859],[-157.92645,21.33859],[-157.92646,21.3386],[-157.92646,21.3386],[-157.92647,21.3386],[-157.92648,21.3386],[-157.92648,21.3386],[-157.92649,21.3386],[-157.92649,21.3386],[-157.9265,21.3386],[-157.92651,21.3386],[-157.92651,21.3386],[-157.92652,21.33861],[-157.92652,21.33861],[-157.92653,21.33861],[-157.92653,21.33861],[-157.92654,21.33861],[-157.92655,21.33861],[-157.92655,21.33861],[-157.92656,21.33861],[-157.92656,21.33861],[-157.92657,21.33861],[-157.92658,21.33862],[-157.92658,21.33862],[-157.92659,21.33862],[-157.92659,21.33862],[-157.9266,21.33862],[-157.9266,21.33862],[-157.92661,21.33862],[-157.92662,21.33862],[-157.92662,21.33862],[-157.92663,21.33863],[-157.92663,21.33863],[-157.92664,21.33863],[-157.92664,21.33863],[-157.92665,21.33863],[-157.92666,21.33863],[-157.92666,21.33863],[-157.92667,21.33863],[-157.92667,21.33863],[-157.92668,21.33863],[-157.92669,21.33864],[-157.92669,21.33864],[-157.9267,21.33864],[-157.9267,21.33864],[-157.92671,21.33864],[-157.92671,21.33864],[-157.92672,21.33864],[-157.92673,21.33864],[-157.92673,21.33864],[-157.92674,21.33865],[-157.92674,21.33865],[-157.92675,21.33865],[-157.92676,21.33865],[-157.92676,21.33865],[-157.92701,21.3387],[-157.92727,21.33876],[-157.92751,21.33883],[-157.92776,21.3389],[-157.92801,21.33898],[-157.92825,21.33906],[-157.92849,21.33916],[-157.92873,21.33926],[-157.92896,21.33936],[-157.92919,21.33947],[-157.92942,21.33959],[-157.92964,21.33971],[-157.92986,21.33984],[-157.93007,21.33998],[-157.93029,21.34012],[-157.93049,21.34027],[-157.93069,21.34042],[-157.93089,21.34058],[-157.93108,21.34074],[-157.93127,21.34091],[-157.93145,21.34108],[-157.93163,21.34126],[-157.9318,21.34144],[-157.93196,21.34163],[-157.93212,21.34182],[-157.93228,21.34201],[-157.93243,21.34221],[-157.93257,21.34242],[-157.9327,21.34262],[-157.93283,21.34283],[-157.93295,21.34305],[-157.93307,21.34327],[-157.93318,21.34349],[-157.93328,21.34371],[-157.93337,21.34394],[-157.93346,21.34416],[-157.93354,21.34439],[-157.93362,21.34463],[-157.93368,21.34486],[-157.93368,21.34487],[-157.93368,21.34487],[-157.93369,21.34488],[-157.93369,21.34488],[-157.93369,21.34489],[-157.93369,21.34489],[-157.93369,21.3449],[-157.93369,21.34491],[-157.93369,21.34491],[-157.9337,21.34492],[-157.9337,21.34492],[-157.9337,21.34493],[-157.9337,21.34493],[-157.9337,21.34494],[-157.9337,21.34494],[-157.9337,21.34495],[-157.93371,21.34495],[-157.93371,21.34496],[-157.93371,21.34496],[-157.93371,21.34497],[-157.93371,21.34498],[-157.93371,21.34498],[-157.93371,21.34499],[-157.93372,21.34499],[-157.93372,21.345],[-157.93372,21.345],[-157.93372,21.34501],[-157.93372,21.34501],[-157.93372,21.34502],[-157.93372,21.34502],[-157.93372,21.34503],[-157.93373,21.34503],[-157.93373,21.34504],[-157.93373,21.34505],[-157.93373,21.34505],[-157.93373,21.34506],[-157.93373,21.34506],[-157.93373,21.34507],[-157.93374,21.34507],[-157.93374,21.34508],[-157.93374,21.34508],[-157.93374,21.34509],[-157.93374,21.34509],[-157.93374,21.3451],[-157.93374,21.34511],[-157.93375,21.34511],[-157.93375,21.34512],[-157.93375,21.34512],[-157.93375,21.34513],[-157.93375,21.34513],[-157.93375,21.34514],[-157.93375,21.34514],[-157.93375,21.34515],[-157.93376,21.34515],[-157.93376,21.34516],[-157.93376,21.34516],[-157.93376,21.34517],[-157.93376,21.34518],[-157.93376,21.34518],[-157.93376,21.34519],[-157.93377,21.34519],[-157.93377,21.3452],[-157.9342,21.34696],[-157.93463,21.34873],[-157.93472,21.34912],[-157.93481,21.34951],[-157.93514,21.35102],[-157.93547,21.35253],[-157.93551,21.35271],[-157.93555,21.35289],[-157.93557,21.35302],[-157.9356,21.35315],[-157.9356,21.35315],[-157.9356,21.35316],[-157.9356,21.35316],[-157.9356,21.35317],[-157.9356,21.35317],[-157.9356,21.35318],[-157.93561,21.35318],[-157.93561,21.35318],[-157.93561,21.35319],[-157.93561,21.35319],[-157.93561,21.3532],[-157.93561,21.3532],[-157.93561,21.35321],[-157.93561,21.35321],[-157.93561,21.35322],[-157.93561,21.35322],[-157.93561,21.35322],[-157.93561,21.35323],[-157.93562,21.35323],[-157.93562,21.35324],[-157.93562,21.35324],[-157.93562,21.35325],[-157.93562,21.35325],[-157.93562,21.35325],[-157.93562,21.35326],[-157.93562,21.35326],[-157.93562,21.35327],[-157.93562,21.35327],[-157.93562,21.35328],[-157.93563,21.35328],[-157.93563,21.35329],[-157.93563,21.35329],[-157.93563,21.35329],[-157.93563,21.3533],[-157.93563,21.3533],[-157.93563,21.35331],[-157.93563,21.35331],[-157.93563,21.35332],[-157.93563,21.35332],[-157.93563,21.35332],[-157.93563,21.35333],[-157.93564,21.35333],[-157.93564,21.35334],[-157.93564,21.35334],[-157.93564,21.35335],[-157.93564,21.35335],[-157.93564,21.35336],[-157.93564,21.35336],[-157.93564,21.35336],[-157.93564,21.35337],[-157.93564,21.35337],[-157.93564,21.35338],[-157.93565,21.35338],[-157.93565,21.35339],[-157.93565,21.35339],[-157.93565,21.35339],[-157.93565,21.3534],[-157.93565,21.3534],[-157.93565,21.35341],[-157.93565,21.35341],[-157.93565,21.35342],[-157.93565,21.35342],[-157.93566,21.35344],[-157.93566,21.35345],[-157.93568,21.35355],[-157.9357,21.35364],[-157.93572,21.35373],[-157.93575,21.35383],[-157.93577,21.35392],[-157.9358,21.35401],[-157.9358,21.35402],[-157.9358,21.35402],[-157.9358,21.35403],[-157.9358,21.35403],[-157.9358,21.35404],[-157.9358,21.35404],[-157.9358,21.35404],[-157.93581,21.35405],[-157.93581,21.35405],[-157.93581,21.35406],[-157.93581,21.35406],[-157.93581,21.35407],[-157.93581,21.35407],[-157.93581,21.35407],[-157.93581,21.35408],[-157.93582,21.35408],[-157.93582,21.35409],[-157.93582,21.35409],[-157.93582,21.3541],[-157.93582,21.3541],[-157.93582,21.3541],[-157.93582,21.35411],[-157.93582,21.35411],[-157.93583,21.35412],[-157.93583,21.35412],[-157.93583,21.35413],[-157.93583,21.35413],[-157.93583,21.35413],[-157.93583,21.35414],[-157.93583,21.35414],[-157.93583,21.35415],[-157.93583,21.35415],[-157.93584,21.35416],[-157.93584,21.35416],[-157.93584,21.35416],[-157.93584,21.35417],[-157.93584,21.35417],[-157.93584,21.35418],[-157.93584,21.35418],[-157.93584,21.35419],[-157.93585,21.35419],[-157.93585,21.35419],[-157.93585,21.3542],[-157.93585,21.3542],[-157.93585,21.35421],[-157.93585,21.35421],[-157.93585,21.35422],[-157.93585,21.35422],[-157.93586,21.35422],[-157.93586,21.35423],[-157.93586,21.35423],[-157.93586,21.35424],[-157.93586,21.35424],[-157.93586,21.35425],[-157.93586,21.35425],[-157.93586,21.35425],[-157.93587,21.35426],[-157.93587,21.35426],[-157.93587,21.35427],[-157.93587,21.35427],[-157.93587,21.35428],[-157.93587,21.35428],[-157.9359,21.35439],[-157.93593,21.3545],[-157.93594,21.3545],[-157.93594,21.35451],[-157.93594,21.35451],[-157.93594,21.35452],[-157.93594,21.35452],[-157.93594,21.35453],[-157.93594,21.35453],[-157.93594,21.35453],[-157.93595,21.35454],[-157.93595,21.35454],[-157.93595,21.35455],[-157.93595,21.35455],[-157.93595,21.35456],[-157.93595,21.35456],[-157.93595,21.35456],[-157.93595,21.35457],[-157.93596,21.35457],[-157.93596,21.35458],[-157.93596,21.35458],[-157.93596,21.35459],[-157.93596,21.35459],[-157.93596,21.35459],[-157.93596,21.3546],[-157.93596,21.3546],[-157.93597,21.35461],[-157.93597,21.35461],[-157.93597,21.35462],[-157.93597,21.35462],[-157.93597,21.35462],[-157.93597,21.35463],[-157.93597,21.35463],[-157.93597,21.35464],[-157.93597,21.35464],[-157.93598,21.35465],[-157.93598,21.35465],[-157.93598,21.35465],[-157.93598,21.35466],[-157.93598,21.35466],[-157.93598,21.35467],[-157.93598,21.35467],[-157.93598,21.35468],[-157.93599,21.35468],[-157.93599,21.35468],[-157.93599,21.35469],[-157.93599,21.35469],[-157.93599,21.3547],[-157.93599,21.3547],[-157.93599,21.35471],[-157.93599,21.35471],[-157.936,21.35471],[-157.936,21.35472],[-157.936,21.35472],[-157.936,21.35473],[-157.936,21.35473],[-157.936,21.35474],[-157.936,21.35474],[-157.936,21.35474],[-157.936,21.35475],[-157.93601,21.35475],[-157.93601,21.35476],[-157.93601,21.35476],[-157.93601,21.35477],[-157.93606,21.35496],[-157.93611,21.35515],[-157.93611,21.35515],[-157.93611,21.35515],[-157.93611,21.35516],[-157.93611,21.35516],[-157.93611,21.35517],[-157.93611,21.35517],[-157.93611,21.35518],[-157.93611,21.35518],[-157.93611,21.35518],[-157.93612,21.35519],[-157.93612,21.35519],[-157.93612,21.3552],[-157.93612,21.3552],[-157.93612,21.35521],[-157.93612,21.35521],[-157.93612,21.35521],[-157.93612,21.35522],[-157.93612,21.35522],[-157.93612,21.35523],[-157.93612,21.35523],[-157.93613,21.35524],[-157.93613,21.35524],[-157.93613,21.35525],[-157.93613,21.35525],[-157.93613,21.35525],[-157.93613,21.35526],[-157.93613,21.35526],[-157.93613,21.35527],[-157.93613,21.35527],[-157.93613,21.35528],[-157.93614,21.35528],[-157.93614,21.35528],[-157.93614,21.35529],[-157.93614,21.35529],[-157.93614,21.3553],[-157.93614,21.3553],[-157.93614,21.35531],[-157.93614,21.35531],[-157.93614,21.35531],[-157.93614,21.35532],[-157.93615,21.35532],[-157.93615,21.35533],[-157.93615,21.35533],[-157.93615,21.35534],[-157.93615,21.35534],[-157.93615,21.35535],[-157.93615,21.35535],[-157.93615,21.35535],[-157.93615,21.35536],[-157.93615,21.35536],[-157.93615,21.35537],[-157.93616,21.35537],[-157.93616,21.35538],[-157.93616,21.35538],[-157.93616,21.35538],[-157.93616,21.35539],[-157.93616,21.35539],[-157.93616,21.3554],[-157.93616,21.3554],[-157.93616,21.35541],[-157.93616,21.35541],[-157.93617,21.35541],[-157.93689,21.35873],[-157.93761,21.36205],[-157.93762,21.36206],[-157.93762,21.36208],[-157.93762,21.36209],[-157.93763,21.3621],[-157.93763,21.36211],[-157.93763,21.36213],[-157.93763,21.36214],[-157.93764,21.36215],[-157.93764,21.36216],[-157.93764,21.36217],[-157.93764,21.36219],[-157.93765,21.3622],[-157.93765,21.36221],[-157.93765,21.36222],[-157.93765,21.36223],[-157.93766,21.36225],[-157.93766,21.36226],[-157.93766,21.36227],[-157.93766,21.36228],[-157.93767,21.3623],[-157.93767,21.36231],[-157.93767,21.36232],[-157.93767,21.36233],[-157.93768,21.36234],[-157.93768,21.36236],[-157.93768,21.36237],[-157.93768,21.36238],[-157.93769,21.36239],[-157.93769,21.3624],[-157.93769,21.36242],[-157.93769,21.36243],[-157.9377,21.36244],[-157.9377,21.36245],[-157.9377,21.36247],[-157.9377,21.36248],[-157.9377,21.36249],[-157.93771,21.3625],[-157.93771,21.36251],[-157.93771,21.36253],[-157.93771,21.36254],[-157.93772,21.36255],[-157.93772,21.36256],[-157.93772,21.36258],[-157.93772,21.36259],[-157.93772,21.3626],[-157.93773,21.36261],[-157.93773,21.36262],[-157.93773,21.36264],[-157.93773,21.36265],[-157.93773,21.36266],[-157.93773,21.36267],[-157.93774,21.36269],[-157.93774,21.3627],[-157.93774,21.36271],[-157.93774,21.36272],[-157.93774,21.36274],[-157.93774,21.36275],[-157.93775,21.36276],[-157.93775,21.36277],[-157.93775,21.36278],[-157.93775,21.3628],[-157.93775,21.36281],[-157.93777,21.36296],[-157.93777,21.36312],[-157.93777,21.36327],[-157.93777,21.36343],[-157.93775,21.36358],[-157.93774,21.36374],[-157.93771,21.36389],[-157.93768,21.36404],[-157.93764,21.36419],[-157.93759,21.36434],[-157.93754,21.36449],[-157.93754,21.3645],[-157.93753,21.36451],[-157.93753,21.36452],[-157.93752,21.36454],[-157.93752,21.36455],[-157.93751,21.36456],[-157.93751,21.36457],[-157.9375,21.36458],[-157.9375,21.36459],[-157.93749,21.36461],[-157.93749,21.36462],[-157.93749,21.36463],[-157.93748,21.36464],[-157.93748,21.36465],[-157.93747,21.36466],[-157.93747,21.36467],[-157.93746,21.36469],[-157.93746,21.3647],[-157.93745,21.36471],[-157.93745,21.36472],[-157.93744,21.36473],[-157.93744,21.36474],[-157.93743,21.36475],[-157.93743,21.36477],[-157.93742,21.36478],[-157.93741,21.36479],[-157.93741,21.3648],[-157.9374,21.36481],[-157.9374,21.36482],[-157.93739,21.36483],[-157.93739,21.36485],[-157.93738,21.36486],[-157.93738,21.36487],[-157.93737,21.36488],[-157.93737,21.36489],[-157.93736,21.3649],[-157.93736,21.36491],[-157.93735,21.36493],[-157.93735,21.36494],[-157.93734,21.36495],[-157.93733,21.36496],[-157.93733,21.36497],[-157.93732,21.36498],[-157.93732,21.36499],[-157.93731,21.365],[-157.93731,21.36502],[-157.9373,21.36503],[-157.9373,21.36504],[-157.93729,21.36505],[-157.93729,21.36506],[-157.93728,21.36507],[-157.93727,21.36508],[-157.93727,21.36509],[-157.93726,21.36511],[-157.93726,21.36512],[-157.93725,21.36513],[-157.93725,21.36514],[-157.93724,21.36515],[-157.93724,21.36516],[-157.93723,21.36517],[-157.93722,21.36518],[-157.93722,21.3652],[-157.93694,21.36575],[-157.93667,21.3663],[-157.93667,21.3663],[-157.93667,21.3663],[-157.93666,21.36631],[-157.93666,21.36631],[-157.93666,21.36632],[-157.93666,21.36632],[-157.93666,21.36632],[-157.93665,21.36633],[-157.93665,21.36633],[-157.93665,21.36634],[-157.93665,21.36634],[-157.93665,21.36634],[-157.93664,21.36635],[-157.93664,21.36635],[-157.93664,21.36636],[-157.93664,21.36636],[-157.93664,21.36636],[-157.93663,21.36637],[-157.93663,21.36637],[-157.93663,21.36638],[-157.93663,21.36638],[-157.93663,21.36638],[-157.93662,21.36639],[-157.93662,21.36639],[-157.93662,21.3664],[-157.93662,21.3664],[-157.93662,21.3664],[-157.93661,21.36641],[-157.93661,21.36641],[-157.93661,21.36642],[-157.93661,21.36642],[-157.93661,21.36642],[-157.9366,21.36643],[-157.9366,21.36643],[-157.9366,21.36644],[-157.9366,21.36644],[-157.9366,21.36644],[-157.93659,21.36645],[-157.93659,21.36645],[-157.93659,21.36646],[-157.93659,21.36646],[-157.93659,21.36646],[-157.93658,21.36647],[-157.93658,21.36647],[-157.93658,21.36648],[-157.93658,21.36648],[-157.93657,21.36648],[-157.93657,21.36649],[-157.93657,21.36649],[-157.93657,21.3665],[-157.93657,21.3665],[-157.93656,21.3665],[-157.93656,21.36651],[-157.93656,21.36651],[-157.93656,21.36652],[-157.93656,21.36652],[-157.93655,21.36652],[-157.93655,21.36653],[-157.93655,21.36653],[-157.93655,21.36654],[-157.93655,21.36654],[-157.93654,21.36654],[-157.9364,21.36681],[-157.93626,21.36707],[-157.93625,21.36707],[-157.93625,21.36708],[-157.93625,21.36708],[-157.93625,21.36708],[-157.93624,21.36709],[-157.93624,21.36709],[-157.93624,21.3671],[-157.93624,21.3671],[-157.93623,21.3671],[-157.93623,21.36711],[-157.93623,21.36711],[-157.93623,21.36712],[-157.93623,21.36712],[-157.93622,21.36712],[-157.93622,21.36713],[-157.93622,21.36713],[-157.93622,21.36714],[-157.93621,21.36714],[-157.93621,21.36714],[-157.93621,21.36715],[-157.93621,21.36715],[-157.9362,21.36715],[-157.9362,21.36716],[-157.9362,21.36716],[-157.9362,21.36717],[-157.9362,21.36717],[-157.93619,21.36717],[-157.93619,21.36718],[-157.93619,21.36718],[-157.93619,21.36719],[-157.93618,21.36719],[-157.93618,21.36719],[-157.93618,21.3672],[-157.93618,21.3672],[-157.93617,21.3672],[-157.93617,21.36721],[-157.93617,21.36721],[-157.93617,21.36722],[-157.93617,21.36722],[-157.93616,21.36722],[-157.93616,21.36723],[-157.93616,21.36723],[-157.93616,21.36724],[-157.93615,21.36724],[-157.93615,21.36724],[-157.93615,21.36725],[-157.93615,21.36725],[-157.93614,21.36726],[-157.93614,21.36726],[-157.93614,21.36726],[-157.93614,21.36727],[-157.93613,21.36727],[-157.93613,21.36727],[-157.93613,21.36728],[-157.93613,21.36728],[-157.93613,21.36729],[-157.93612,21.36729],[-157.93612,21.36729],[-157.93612,21.3673],[-157.93612,21.3673],[-157.93611,21.36731],[-157.93611,21.36731],[-157.93604,21.36743],[-157.93597,21.36755]]]}},{"type":"Feature","properties":{"OBJECTID":2,"feature_name":"Kamehameha Highway Section","feature_desc":"Center Alignment","source_scale":"1:480 / 1\"=40'","SHAPE_Length":0.059154627268010636},"geometry":{"type":"MultiLineString","coordinates":[[[-157.93597,21.36755],[-157.93457,21.36987],[-157.93316,21.37218],[-157.93316,21.37219],[-157.93316,21.3722],[-157.93315,21.3722],[-157.93315,21.37221],[-157.93315,21.37221],[-157.93314,21.37222],[-157.93314,21.37222],[-157.93314,21.37223],[-157.93313,21.37223],[-157.93313,21.37224],[-157.93313,21.37224],[-157.93312,21.37225],[-157.93312,21.37226],[-157.93312,21.37226],[-157.93311,21.37227],[-157.93311,21.37227],[-157.93311,21.37228],[-157.9331,21.37228],[-157.9331,21.37229],[-157.9331,21.37229],[-157.93309,21.3723],[-157.93309,21.3723],[-157.93309,21.37231],[-157.93309,21.37231],[-157.93308,21.37232],[-157.93308,21.37233],[-157.93308,21.37233],[-157.93307,21.37234],[-157.93307,21.37234],[-157.93307,21.37235],[-157.93306,21.37235],[-157.93306,21.37236],[-157.93306,21.37236],[-157.93305,21.37237],[-157.93305,21.37237],[-157.93305,21.37238],[-157.93304,21.37239],[-157.93304,21.37239],[-157.93304,21.3724],[-157.93303,21.3724],[-157.93303,21.37241],[-157.93303,21.37241],[-157.93302,21.37242],[-157.93302,21.37242],[-157.93302,21.37243],[-157.93302,21.37243],[-157.93301,21.37244],[-157.93301,21.37245],[-157.93301,21.37245],[-157.933,21.37246],[-157.933,21.37246],[-157.933,21.37247],[-157.93299,21.37247],[-157.93299,21.37248],[-157.93299,21.37248],[-157.93299,21.37249],[-157.93298,21.3725],[-157.93298,21.3725],[-157.93298,21.37251],[-157.93297,21.37251],[-157.93297,21.37252],[-157.93297,21.37252],[-157.9329,21.37266],[-157.93283,21.37281],[-157.93278,21.37295],[-157.93273,21.3731],[-157.93268,21.37325],[-157.93265,21.3734],[-157.93262,21.37356],[-157.9326,21.37371],[-157.93258,21.37387],[-157.93258,21.37402],[-157.93258,21.37418],[-157.93258,21.37433],[-157.9326,21.37449],[-157.93262,21.37464],[-157.93265,21.37479],[-157.93269,21.37494],[-157.93273,21.37509],[-157.93278,21.37524],[-157.93284,21.37539],[-157.9329,21.37553],[-157.93298,21.37567],[-157.93305,21.37581],[-157.93314,21.37594],[-157.93323,21.37607],[-157.93332,21.3762],[-157.93343,21.37632],[-157.93353,21.37644],[-157.93365,21.37655],[-157.93377,21.37666],[-157.93377,21.37667],[-157.93378,21.37667],[-157.93378,21.37668],[-157.93379,21.37668],[-157.93379,21.37668],[-157.9338,21.37669],[-157.9338,21.37669],[-157.93381,21.3767],[-157.93381,21.3767],[-157.93382,21.3767],[-157.93382,21.37671],[-157.93382,21.37671],[-157.93383,21.37672],[-157.93383,21.37672],[-157.93384,21.37673],[-157.93384,21.37673],[-157.93385,21.37673],[-157.93385,21.37674],[-157.93386,21.37674],[-157.93386,21.37675],[-157.93387,21.37675],[-157.93387,21.37675],[-157.93388,21.37676],[-157.93388,21.37676],[-157.93389,21.37677],[-157.93389,21.37677],[-157.9339,21.37677],[-157.9339,21.37678],[-157.93391,21.37678],[-157.93391,21.37679],[-157.93392,21.37679],[-157.93392,21.3768],[-157.93393,21.3768],[-157.93393,21.3768],[-157.93394,21.37681],[-157.93394,21.37681],[-157.93395,21.37682],[-157.93395,21.37682],[-157.93396,21.37682],[-157.93397,21.37683],[-157.93397,21.37683],[-157.93398,21.37684],[-157.93398,21.37684],[-157.93399,21.37684],[-157.93399,21.37685],[-157.934,21.37685],[-157.934,21.37686],[-157.93401,21.37686],[-157.93401,21.37686],[-157.93402,21.37687],[-157.93402,21.37687],[-157.93403,21.37688],[-157.93403,21.37688],[-157.93404,21.37688],[-157.93404,21.37689],[-157.93405,21.37689],[-157.93405,21.3769],[-157.93406,21.3769],[-157.93406,21.3769],[-157.93407,21.37691],[-157.93407,21.37691],[-157.93408,21.37692],[-157.93514,21.37775],[-157.9362,21.37859],[-157.93621,21.37859],[-157.93621,21.37859],[-157.93621,21.37859],[-157.93622,21.37859],[-157.93622,21.3786],[-157.93622,21.3786],[-157.93622,21.3786],[-157.93623,21.3786],[-157.93623,21.37861],[-157.93623,21.37861],[-157.93624,21.37861],[-157.93624,21.37861],[-157.93624,21.37861],[-157.93624,21.37862],[-157.93625,21.37862],[-157.93625,21.37862],[-157.93625,21.37862],[-157.93626,21.37863],[-157.93626,21.37863],[-157.93626,21.37863],[-157.93626,21.37863],[-157.93627,21.37863],[-157.93627,21.37864],[-157.93627,21.37864],[-157.93627,21.37864],[-157.93628,21.37864],[-157.93628,21.37865],[-157.93628,21.37865],[-157.93629,21.37865],[-157.93629,21.37865],[-157.93629,21.37865],[-157.93629,21.37866],[-157.9363,21.37866],[-157.9363,21.37866],[-157.9363,21.37866],[-157.93631,21.37867],[-157.93631,21.37867],[-157.93631,21.37867],[-157.93631,21.37867],[-157.93632,21.37867],[-157.93632,21.37868],[-157.93632,21.37868],[-157.93633,21.37868],[-157.93633,21.37868],[-157.93633,21.37869],[-157.93633,21.37869],[-157.93634,21.37869],[-157.93634,21.37869],[-157.93634,21.37869],[-157.93635,21.3787],[-157.93635,21.3787],[-157.93635,21.3787],[-157.93635,21.3787],[-157.93636,21.37871],[-157.93636,21.37871],[-157.93636,21.37871],[-157.93637,21.37871],[-157.93637,21.37871],[-157.93637,21.37872],[-157.93637,21.37872],[-157.93638,21.37872],[-157.93638,21.37872],[-157.93658,21.37887],[-157.93679,21.37902],[-157.93699,21.37915],[-157.93721,21.37929],[-157.93742,21.37942],[-157.93764,21.37954],[-157.93787,21.37965],[-157.93809,21.37977],[-157.93832,21.37987],[-157.93833,21.37987],[-157.93833,21.37987],[-157.93833,21.37988],[-157.93834,21.37988],[-157.93834,21.37988],[-157.93834,21.37988],[-157.93835,21.37988],[-157.93835,21.37988],[-157.93835,21.37988],[-157.93836,21.37989],[-157.93836,21.37989],[-157.93836,21.37989],[-157.93837,21.37989],[-157.93837,21.37989],[-157.93837,21.37989],[-157.93838,21.37989],[-157.93838,21.3799],[-157.93838,21.3799],[-157.93839,21.3799],[-157.93839,21.3799],[-157.93839,21.3799],[-157.9384,21.3799],[-157.9384,21.37991],[-157.9384,21.37991],[-157.93841,21.37991],[-157.93841,21.37991],[-157.93841,21.37991],[-157.93842,21.37991],[-157.93842,21.37991],[-157.93842,21.37992],[-157.93843,21.37992],[-157.93843,21.37992],[-157.93843,21.37992],[-157.93844,21.37992],[-157.93844,21.37992],[-157.93844,21.37992],[-157.93845,21.37993],[-157.93845,21.37993],[-157.93845,21.37993],[-157.93846,21.37993],[-157.93846,21.37993],[-157.93846,21.37993],[-157.93847,21.37993],[-157.93847,21.37994],[-157.93847,21.37994],[-157.93848,21.37994],[-157.93848,21.37994],[-157.93848,21.37994],[-157.93849,21.37994],[-157.93849,21.37994],[-157.93849,21.37995],[-157.9385,21.37995],[-157.9385,21.37995],[-157.9385,21.37995],[-157.93851,21.37995],[-157.93851,21.37995],[-157.93851,21.37995],[-157.93852,21.37996],[-157.93852,21.37996],[-157.93852,21.37996],[-157.93853,21.37996],[-157.93853,21.37996],[-157.93909,21.3802],[-157.93965,21.38044],[-157.93965,21.38044],[-157.93965,21.38044],[-157.93966,21.38044],[-157.93966,21.38044],[-157.93966,21.38045],[-157.93967,21.38045],[-157.93967,21.38045],[-157.93967,21.38045],[-157.93968,21.38045],[-157.93968,21.38045],[-157.93968,21.38045],[-157.93969,21.38046],[-157.93969,21.38046],[-157.93969,21.38046],[-157.9397,21.38046],[-157.9397,21.38046],[-157.9397,21.38046],[-157.93971,21.38046],[-157.93971,21.38047],[-157.93971,21.38047],[-157.93972,21.38047],[-157.93972,21.38047],[-157.93972,21.38047],[-157.93973,21.38047],[-157.93973,21.38047],[-157.93973,21.38048],[-157.93974,21.38048],[-157.93974,21.38048],[-157.93975,21.38048],[-157.93975,21.38048],[-157.93975,21.38048],[-157.93976,21.38048],[-157.93976,21.38049],[-157.93976,21.38049],[-157.93977,21.38049],[-157.93977,21.38049],[-157.93977,21.38049],[-157.93978,21.38049],[-157.93978,21.38049],[-157.93978,21.3805],[-157.93979,21.3805],[-157.93979,21.3805],[-157.93979,21.3805],[-157.9398,21.3805],[-157.9398,21.3805],[-157.9398,21.3805],[-157.93981,21.38051],[-157.93981,21.38051],[-157.93981,21.38051],[-157.93982,21.38051],[-157.93982,21.38051],[-157.93982,21.38051],[-157.93983,21.38052],[-157.93983,21.38052],[-157.93983,21.38052],[-157.93984,21.38052],[-157.93984,21.38052],[-157.93984,21.38052],[-157.93985,21.38052],[-157.93985,21.38053],[-157.93985,21.38053],[-157.93986,21.38053],[-157.94013,21.38066],[-157.94041,21.38078],[-157.94041,21.38078],[-157.94042,21.38079],[-157.94042,21.38079],[-157.94042,21.38079],[-157.94043,21.38079],[-157.94043,21.38079],[-157.94043,21.38079],[-157.94044,21.3808],[-157.94044,21.3808],[-157.94044,21.3808],[-157.94045,21.3808],[-157.94045,21.3808],[-157.94045,21.3808],[-157.94046,21.38081],[-157.94046,21.38081],[-157.94046,21.38081],[-157.94046,21.38081],[-157.94047,21.38081],[-157.94047,21.38081],[-157.94047,21.38082],[-157.94048,21.38082],[-157.94048,21.38082],[-157.94048,21.38082],[-157.94049,21.38082],[-157.94049,21.38082],[-157.94049,21.38082],[-157.9405,21.38083],[-157.9405,21.38083],[-157.9405,21.38083],[-157.94051,21.38083],[-157.94051,21.38083],[-157.94051,21.38083],[-157.94052,21.38084],[-157.94052,21.38084],[-157.94052,21.38084],[-157.94053,21.38084],[-157.94053,21.38084],[-157.94053,21.38084],[-157.94054,21.38085],[-157.94054,21.38085],[-157.94054,21.38085],[-157.94055,21.38085],[-157.94055,21.38085],[-157.94055,21.38085],[-157.94056,21.38086],[-157.94056,21.38086],[-157.94056,21.38086],[-157.94057,21.38086],[-157.94057,21.38086],[-157.94057,21.38086],[-157.94058,21.38087],[-157.94058,21.38087],[-157.94058,21.38087],[-157.94059,21.38087],[-157.94059,21.38087],[-157.94059,21.38087],[-157.9406,21.38087],[-157.9406,21.38088],[-157.9406,21.38088],[-157.94061,21.38088],[-157.94061,21.38088],[-157.94061,21.38088],[-157.94082,21.38099],[-157.94103,21.38109],[-157.94103,21.38109],[-157.94104,21.38109],[-157.94104,21.38109],[-157.94104,21.38109],[-157.94104,21.3811],[-157.94105,21.3811],[-157.94105,21.3811],[-157.94105,21.3811],[-157.94105,21.3811],[-157.94106,21.3811],[-157.94106,21.3811],[-157.94106,21.3811],[-157.94106,21.38111],[-157.94107,21.38111],[-157.94107,21.38111],[-157.94107,21.38111],[-157.94107,21.38111],[-157.94108,21.38111],[-157.94108,21.38111],[-157.94108,21.38111],[-157.94108,21.38112],[-157.94109,21.38112],[-157.94109,21.38112],[-157.94109,21.38112],[-157.94109,21.38112],[-157.9411,21.38112],[-157.9411,21.38112],[-157.9411,21.38112],[-157.9411,21.38113],[-157.94111,21.38113],[-157.94111,21.38113],[-157.94111,21.38113],[-157.94111,21.38113],[-157.94112,21.38113],[-157.94112,21.38113],[-157.94112,21.38113],[-157.94112,21.38114],[-157.94113,21.38114],[-157.94113,21.38114],[-157.94113,21.38114],[-157.94113,21.38114],[-157.94114,21.38114],[-157.94114,21.38114],[-157.94114,21.38114],[-157.94114,21.38115],[-157.94115,21.38115],[-157.94115,21.38115],[-157.94115,21.38115],[-157.94115,21.38115],[-157.94116,21.38115],[-157.94116,21.38115],[-157.94116,21.38115],[-157.94116,21.38116],[-157.94117,21.38116],[-157.94117,21.38116],[-157.94117,21.38116],[-157.94117,21.38116],[-157.94118,21.38116],[-157.94118,21.38116],[-157.94118,21.38116],[-157.94118,21.38117],[-157.94119,21.38117],[-157.94134,21.38124],[-157.9416,21.38137],[-157.94201,21.38156],[-157.94244,21.38175],[-157.94257,21.3818],[-157.94275,21.38188],[-157.94283,21.38191],[-157.94283,21.38191],[-157.94283,21.38192],[-157.94284,21.38192],[-157.94284,21.38192],[-157.94284,21.38192],[-157.94285,21.38192],[-157.94285,21.38192],[-157.94285,21.38192],[-157.94285,21.38192],[-157.94286,21.38192],[-157.94286,21.38193],[-157.94286,21.38193],[-157.94286,21.38193],[-157.94287,21.38193],[-157.94287,21.38193],[-157.94287,21.38193],[-157.94287,21.38193],[-157.94288,21.38193],[-157.94288,21.38193],[-157.94288,21.38194],[-157.94288,21.38194],[-157.94289,21.38194],[-157.94289,21.38194],[-157.94289,21.38194],[-157.94289,21.38194],[-157.9429,21.38194],[-157.9429,21.38194],[-157.9429,21.38194],[-157.94291,21.38195],[-157.94291,21.38195],[-157.94291,21.38195],[-157.94291,21.38195],[-157.94292,21.38195],[-157.94292,21.38195],[-157.94292,21.38195],[-157.94292,21.38195],[-157.94293,21.38195],[-157.94293,21.38195],[-157.94293,21.38196],[-157.94293,21.38196],[-157.94294,21.38196],[-157.94294,21.38196],[-157.94294,21.38196],[-157.94294,21.38196],[-157.94295,21.38196],[-157.94295,21.38196],[-157.94295,21.38196],[-157.94295,21.38197],[-157.94296,21.38197],[-157.94296,21.38197],[-157.94296,21.38197],[-157.94296,21.38197],[-157.94297,21.38197],[-157.94297,21.38197],[-157.94297,21.38197],[-157.94298,21.38197],[-157.94298,21.38198],[-157.94298,21.38198],[-157.94298,21.38198],[-157.94299,21.38198],[-157.94299,21.38198],[-157.94299,21.38198],[-157.94324,21.38209],[-157.9435,21.38219],[-157.9435,21.38219],[-157.9435,21.38219],[-157.94351,21.38219],[-157.94351,21.3822],[-157.94351,21.3822],[-157.94352,21.3822],[-157.94352,21.3822],[-157.94352,21.3822],[-157.94353,21.3822],[-157.94353,21.3822],[-157.94353,21.38221],[-157.94354,21.38221],[-157.94354,21.38221],[-157.94354,21.38221],[-157.94355,21.38221],[-157.94355,21.38221],[-157.94355,21.38221],[-157.94356,21.38222],[-157.94356,21.38222],[-157.94356,21.38222],[-157.94357,21.38222],[-157.94357,21.38222],[-157.94357,21.38222],[-157.94358,21.38222],[-157.94358,21.38223],[-157.94358,21.38223],[-157.94359,21.38223],[-157.94359,21.38223],[-157.94359,21.38223],[-157.9436,21.38223],[-157.9436,21.38223],[-157.9436,21.38224],[-157.94361,21.38224],[-157.94361,21.38224],[-157.94361,21.38224],[-157.94362,21.38224],[-157.94362,21.38224],[-157.94362,21.38224],[-157.94363,21.38225],[-157.94363,21.38225],[-157.94363,21.38225],[-157.94364,21.38225],[-157.94364,21.38225],[-157.94364,21.38225],[-157.94365,21.38225],[-157.94365,21.38226],[-157.94365,21.38226],[-157.94366,21.38226],[-157.94366,21.38226],[-157.94366,21.38226],[-157.94367,21.38226],[-157.94367,21.38226],[-157.94367,21.38227],[-157.94368,21.38227],[-157.94368,21.38227],[-157.94368,21.38227],[-157.94369,21.38227],[-157.94369,21.38227],[-157.94369,21.38227],[-157.9437,21.38228],[-157.9437,21.38228],[-157.9437,21.38228],[-157.94413,21.38246],[-157.94455,21.38267],[-157.94455,21.38267],[-157.94456,21.38267],[-157.94456,21.38267],[-157.94456,21.38267],[-157.94456,21.38268],[-157.94457,21.38268],[-157.94457,21.38268],[-157.94457,21.38268],[-157.94458,21.38268],[-157.94458,21.38268],[-157.94458,21.38269],[-157.94459,21.38269],[-157.94459,21.38269],[-157.94459,21.38269],[-157.9446,21.38269],[-157.9446,21.38269],[-157.9446,21.3827],[-157.94461,21.3827],[-157.94461,21.3827],[-157.94461,21.3827],[-157.94462,21.3827],[-157.94462,21.3827],[-157.94462,21.3827],[-157.94463,21.38271],[-157.94463,21.38271],[-157.94463,21.38271],[-157.94464,21.38271],[-157.94464,21.38271],[-157.94464,21.38271],[-157.94465,21.38272],[-157.94465,21.38272],[-157.94465,21.38272],[-157.94466,21.38272],[-157.94466,21.38272],[-157.94466,21.38272],[-157.94467,21.38273],[-157.94467,21.38273],[-157.94467,21.38273],[-157.94468,21.38273],[-157.94468,21.38273],[-157.94468,21.38273],[-157.94469,21.38274],[-157.94469,21.38274],[-157.94469,21.38274],[-157.9447,21.38274],[-157.9447,21.38274],[-157.9447,21.38274],[-157.9447,21.38275],[-157.94471,21.38275],[-157.94471,21.38275],[-157.94471,21.38275],[-157.94472,21.38275],[-157.94472,21.38275],[-157.94472,21.38276],[-157.94473,21.38276],[-157.94473,21.38276],[-157.94473,21.38276],[-157.94474,21.38276],[-157.94474,21.38276],[-157.94474,21.38277],[-157.94475,21.38277],[-157.94475,21.38277],[-157.94489,21.38284],[-157.94503,21.38291],[-157.94503,21.38291],[-157.94504,21.38292],[-157.94504,21.38292],[-157.94504,21.38292],[-157.94505,21.38292],[-157.94505,21.38292],[-157.94505,21.38292],[-157.94506,21.38292],[-157.94506,21.38293],[-157.94506,21.38293],[-157.94507,21.38293],[-157.94507,21.38293],[-157.94507,21.38293],[-157.94508,21.38293],[-157.94508,21.38294],[-157.94508,21.38294],[-157.94509,21.38294],[-157.94509,21.38294],[-157.94509,21.38294],[-157.9451,21.38294],[-157.9451,21.38295],[-157.9451,21.38295],[-157.94511,21.38295],[-157.94511,21.38295],[-157.94511,21.38295],[-157.94512,21.38295],[-157.94512,21.38296],[-157.94512,21.38296],[-157.94512,21.38296],[-157.94513,21.38296],[-157.94513,21.38296],[-157.94513,21.38296],[-157.94514,21.38297],[-157.94514,21.38297],[-157.94514,21.38297],[-157.94515,21.38297],[-157.94515,21.38297],[-157.94515,21.38297],[-157.94516,21.38298],[-157.94516,21.38298],[-157.94516,21.38298],[-157.94517,21.38298],[-157.94517,21.38298],[-157.94517,21.38298],[-157.94518,21.38299],[-157.94518,21.38299],[-157.94518,21.38299],[-157.94519,21.38299],[-157.94519,21.38299],[-157.94519,21.38299],[-157.9452,21.383],[-157.9452,21.383],[-157.9452,21.383],[-157.94521,21.383],[-157.94521,21.383],[-157.94521,21.383],[-157.94522,21.38301],[-157.94522,21.38301],[-157.94522,21.38301],[-157.94523,21.38301],[-157.94523,21.38301],[-157.94523,21.38301],[-157.94542,21.3831],[-157.94561,21.38319],[-157.94561,21.3832],[-157.94561,21.3832],[-157.94562,21.3832],[-157.94562,21.3832],[-157.94562,21.3832],[-157.94563,21.3832],[-157.94563,21.3832],[-157.94563,21.38321],[-157.94564,21.38321],[-157.94564,21.38321],[-157.94564,21.38321],[-157.94565,21.38321],[-157.94565,21.38321],[-157.94565,21.38322],[-157.94566,21.38322],[-157.94566,21.38322],[-157.94566,21.38322],[-157.94567,21.38322],[-157.94567,21.38322],[-157.94567,21.38322],[-157.94568,21.38323],[-157.94568,21.38323],[-157.94568,21.38323],[-157.94569,21.38323],[-157.94569,21.38323],[-157.94569,21.38323],[-157.9457,21.38324],[-157.9457,21.38324],[-157.9457,21.38324],[-157.94571,21.38324],[-157.94571,21.38324],[-157.94571,21.38324],[-157.94572,21.38324],[-157.94572,21.38325],[-157.94572,21.38325],[-157.94573,21.38325],[-157.94573,21.38325],[-157.94573,21.38325],[-157.94574,21.38325],[-157.94574,21.38325],[-157.94574,21.38326],[-157.94575,21.38326],[-157.94575,21.38326],[-157.94575,21.38326],[-157.94576,21.38326],[-157.94576,21.38326],[-157.94576,21.38327],[-157.94577,21.38327],[-157.94577,21.38327],[-157.94577,21.38327],[-157.94578,21.38327],[-157.94578,21.38327],[-157.94578,21.38327],[-157.94579,21.38328],[-157.94579,21.38328],[-157.94579,21.38328],[-157.9458,21.38328],[-157.9458,21.38328],[-157.9458,21.38328],[-157.94581,21.38329],[-157.94581,21.38329],[-157.94581,21.38329],[-157.94665,21.38367],[-157.94748,21.38405],[-157.94787,21.38423],[-157.94821,21.38437],[-157.94907,21.38474],[-157.94992,21.38511],[-157.94992,21.38511],[-157.94993,21.38511],[-157.94993,21.38511],[-157.94993,21.38511],[-157.94994,21.38511],[-157.94994,21.38512],[-157.94994,21.38512],[-157.94995,21.38512],[-157.94995,21.38512],[-157.94995,21.38512],[-157.94996,21.38512],[-157.94996,21.38512],[-157.94996,21.38513],[-157.94997,21.38513],[-157.94997,21.38513],[-157.94997,21.38513],[-157.94998,21.38513],[-157.94998,21.38513],[-157.94998,21.38514],[-157.94999,21.38514],[-157.94999,21.38514],[-157.94999,21.38514],[-157.95,21.38514],[-157.95,21.38514],[-157.95,21.38514],[-157.95001,21.38515],[-157.95001,21.38515],[-157.95001,21.38515],[-157.95002,21.38515],[-157.95002,21.38515],[-157.95002,21.38515],[-157.95003,21.38515],[-157.95003,21.38516],[-157.95003,21.38516],[-157.95004,21.38516],[-157.95004,21.38516],[-157.95004,21.38516],[-157.95005,21.38516],[-157.95005,21.38516],[-157.95005,21.38517],[-157.95006,21.38517],[-157.95006,21.38517],[-157.95006,21.38517],[-157.95007,21.38517],[-157.95007,21.38517],[-157.95007,21.38517],[-157.95008,21.38518],[-157.95008,21.38518],[-157.95008,21.38518],[-157.95009,21.38518],[-157.95009,21.38518],[-157.95009,21.38518],[-157.9501,21.38518],[-157.9501,21.38519],[-157.9501,21.38519],[-157.95011,21.38519],[-157.95011,21.38519],[-157.95011,21.38519],[-157.95012,21.38519],[-157.95012,21.38519],[-157.95013,21.3852],[-157.95013,21.3852],[-157.95023,21.38524],[-157.95037,21.3853],[-157.95058,21.3854],[-157.95058,21.3854],[-157.95058,21.38541],[-157.95059,21.38541],[-157.95059,21.38541],[-157.95059,21.38541],[-157.9506,21.38541],[-157.9506,21.38541],[-157.9506,21.38542],[-157.95061,21.38542],[-157.95061,21.38542],[-157.95061,21.38542],[-157.95062,21.38542],[-157.95062,21.38542],[-157.95062,21.38543],[-157.95063,21.38543],[-157.95063,21.38543],[-157.95063,21.38543],[-157.95064,21.38543],[-157.95064,21.38543],[-157.95064,21.38543],[-157.95065,21.38544],[-157.95065,21.38544],[-157.95065,21.38544],[-157.95066,21.38544],[-157.95066,21.38544],[-157.95066,21.38544],[-157.95067,21.38545],[-157.95067,21.38545],[-157.95067,21.38545],[-157.95068,21.38545],[-157.95068,21.38545],[-157.95068,21.38545],[-157.95069,21.38546],[-157.95069,21.38546],[-157.95069,21.38546],[-157.9507,21.38546],[-157.9507,21.38546],[-157.9507,21.38546],[-157.95071,21.38547],[-157.95071,21.38547],[-157.95071,21.38547],[-157.95071,21.38547],[-157.95072,21.38547],[-157.95072,21.38547],[-157.95072,21.38547],[-157.95073,21.38548],[-157.95073,21.38548],[-157.95073,21.38548],[-157.95074,21.38548],[-157.95074,21.38548],[-157.95074,21.38548],[-157.95075,21.38549],[-157.95075,21.38549],[-157.95075,21.38549],[-157.95076,21.38549],[-157.95076,21.38549],[-157.95076,21.38549],[-157.95077,21.3855],[-157.95077,21.3855],[-157.95077,21.3855],[-157.95078,21.3855],[-157.95078,21.3855],[-157.95096,21.38559],[-157.95114,21.38568],[-157.95114,21.38568],[-157.95115,21.38568],[-157.95115,21.38568],[-157.95115,21.38568],[-157.95115,21.38568],[-157.95116,21.38569],[-157.95116,21.38569],[-157.95116,21.38569],[-157.95116,21.38569],[-157.95117,21.38569],[-157.95117,21.38569],[-157.95117,21.38569],[-157.95117,21.38569],[-157.95118,21.3857],[-157.95118,21.3857],[-157.95118,21.3857],[-157.95118,21.3857],[-157.95119,21.3857],[-157.95119,21.3857],[-157.95119,21.3857],[-157.95119,21.3857],[-157.9512,21.38571],[-157.9512,21.38571],[-157.9512,21.38571],[-157.95121,21.38571],[-157.95121,21.38571],[-157.95121,21.38571],[-157.95121,21.38571],[-157.95122,21.38571],[-157.95122,21.38571],[-157.95122,21.38572],[-157.95122,21.38572],[-157.95123,21.38572],[-157.95123,21.38572],[-157.95123,21.38572],[-157.95123,21.38572],[-157.95124,21.38572],[-157.95124,21.38572],[-157.95124,21.38573],[-157.95124,21.38573],[-157.95125,21.38573],[-157.95125,21.38573],[-157.95125,21.38573],[-157.95125,21.38573],[-157.95126,21.38573],[-157.95126,21.38573],[-157.95126,21.38574],[-157.95126,21.38574],[-157.95127,21.38574],[-157.95127,21.38574],[-157.95127,21.38574],[-157.95127,21.38574],[-157.95128,21.38574],[-157.95128,21.38574],[-157.95128,21.38575],[-157.95128,21.38575],[-157.95129,21.38575],[-157.95129,21.38575],[-157.95129,21.38575],[-157.95129,21.38575],[-157.9513,21.38575],[-157.9513,21.38575],[-157.9516,21.3859],[-157.95183,21.386],[-157.95183,21.386],[-157.95183,21.386],[-157.95183,21.386],[-157.95184,21.38601],[-157.95184,21.38601],[-157.95184,21.38601],[-157.95184,21.38601],[-157.95185,21.38601],[-157.95185,21.38601],[-157.95185,21.38601],[-157.95185,21.38601],[-157.95186,21.38601],[-157.95186,21.38602],[-157.95186,21.38602],[-157.95187,21.38602],[-157.95187,21.38602],[-157.95187,21.38602],[-157.95187,21.38602],[-157.95188,21.38602],[-157.95188,21.38602],[-157.95188,21.38602],[-157.95188,21.38603],[-157.95189,21.38603],[-157.95189,21.38603],[-157.95189,21.38603],[-157.95189,21.38603],[-157.9519,21.38603],[-157.9519,21.38603],[-157.9519,21.38603],[-157.9519,21.38604],[-157.95191,21.38604],[-157.95191,21.38604],[-157.95191,21.38604],[-157.95191,21.38604],[-157.95192,21.38604],[-157.95192,21.38604],[-157.95192,21.38604],[-157.95192,21.38604],[-157.95193,21.38605],[-157.95193,21.38605],[-157.95193,21.38605],[-157.95193,21.38605],[-157.95194,21.38605],[-157.95194,21.38605],[-157.95194,21.38605],[-157.95194,21.38605],[-157.95195,21.38605],[-157.95195,21.38606],[-157.95195,21.38606],[-157.95195,21.38606],[-157.95196,21.38606],[-157.95196,21.38606],[-157.95196,21.38606],[-157.95197,21.38606],[-157.95197,21.38606],[-157.95197,21.38607],[-157.95197,21.38607],[-157.95198,21.38607],[-157.95198,21.38607],[-157.95198,21.38607],[-157.95198,21.38607],[-157.95199,21.38607],[-157.95269,21.38639],[-157.9534,21.3867],[-157.9534,21.3867],[-157.9534,21.3867],[-157.95341,21.38671],[-157.95341,21.38671],[-157.95341,21.38671],[-157.95342,21.38671],[-157.95342,21.38671],[-157.95342,21.38671],[-157.95343,21.38672],[-157.95343,21.38672],[-157.95343,21.38672],[-157.95344,21.38672],[-157.95344,21.38672],[-157.95344,21.38672],[-157.95345,21.38672],[-157.95345,21.38673],[-157.95345,21.38673],[-157.95346,21.38673],[-157.95346,21.38673],[-157.95346,21.38673],[-157.95347,21.38673],[-157.95347,21.38673],[-157.95347,21.38674],[-157.95348,21.38674],[-157.95348,21.38674],[-157.95348,21.38674],[-157.95349,21.38674],[-157.95349,21.38674],[-157.95349,21.38675],[-157.9535,21.38675],[-157.9535,21.38675],[-157.9535,21.38675],[-157.95351,21.38675],[-157.95351,21.38675],[-157.95351,21.38675],[-157.95352,21.38676],[-157.95352,21.38676],[-157.95352,21.38676],[-157.95353,21.38676],[-157.95353,21.38676],[-157.95353,21.38676],[-157.95354,21.38676],[-157.95354,21.38677],[-157.95354,21.38677],[-157.95355,21.38677],[-157.95355,21.38677],[-157.95355,21.38677],[-157.95356,21.38677],[-157.95356,21.38678],[-157.95356,21.38678],[-157.95357,21.38678],[-157.95357,21.38678],[-157.95357,21.38678],[-157.95358,21.38678],[-157.95358,21.38678],[-157.95358,21.38679],[-157.95359,21.38679],[-157.95359,21.38679],[-157.95359,21.38679],[-157.9536,21.38679],[-157.9536,21.38679],[-157.9536,21.38679],[-157.95381,21.38689],[-157.95395,21.38696],[-157.95395,21.38696],[-157.95395,21.38696],[-157.95396,21.38696],[-157.95396,21.38696],[-157.95396,21.38696],[-157.95397,21.38697],[-157.95397,21.38697],[-157.95397,21.38697],[-157.95398,21.38697],[-157.95398,21.38697],[-157.95398,21.38697],[-157.95399,21.38698],[-157.95399,21.38698],[-157.95399,21.38698],[-157.954,21.38698],[-157.954,21.38698],[-157.954,21.38698],[-157.95401,21.38699],[-157.95401,21.38699],[-157.95401,21.38699],[-157.95402,21.38699],[-157.95402,21.38699],[-157.95402,21.38699],[-157.95403,21.387],[-157.95403,21.387],[-157.95403,21.387],[-157.95403,21.387],[-157.95404,21.387],[-157.95404,21.387],[-157.95404,21.38701],[-157.95405,21.38701],[-157.95405,21.38701],[-157.95405,21.38701],[-157.95406,21.38701],[-157.95406,21.38701],[-157.95406,21.38701],[-157.95407,21.38702],[-157.95407,21.38702],[-157.95407,21.38702],[-157.95408,21.38702],[-157.95408,21.38702],[-157.95408,21.38702],[-157.95409,21.38703],[-157.95409,21.38703],[-157.95409,21.38703],[-157.9541,21.38703],[-157.9541,21.38703],[-157.9541,21.38703],[-157.95411,21.38704],[-157.95411,21.38704],[-157.95411,21.38704],[-157.95412,21.38704],[-157.95412,21.38704],[-157.95412,21.38704],[-157.95413,21.38705],[-157.95413,21.38705],[-157.95413,21.38705],[-157.95414,21.38705],[-157.95414,21.38705],[-157.95414,21.38705],[-157.95415,21.38706],[-157.95415,21.38706],[-157.95427,21.38712],[-157.95439,21.38717],[-157.95439,21.38718],[-157.95439,21.38718],[-157.9544,21.38718],[-157.9544,21.38718],[-157.9544,21.38718],[-157.95441,21.38718],[-157.95441,21.38719],[-157.95441,21.38719],[-157.95442,21.38719],[-157.95442,21.38719],[-157.95442,21.38719],[-157.95443,21.38719],[-157.95443,21.3872],[-157.95443,21.3872],[-157.95444,21.3872],[-157.95444,21.3872],[-157.95444,21.3872],[-157.95445,21.3872],[-157.95445,21.38721],[-157.95445,21.38721],[-157.95446,21.38721],[-157.95446,21.38721],[-157.95446,21.38721],[-157.95447,21.38721],[-157.95447,21.38722],[-157.95447,21.38722],[-157.95448,21.38722],[-157.95448,21.38722],[-157.95448,21.38722],[-157.95449,21.38722],[-157.95449,21.38723],[-157.95449,21.38723],[-157.9545,21.38723],[-157.9545,21.38723],[-157.9545,21.38723],[-157.9545,21.38723],[-157.95451,21.38723],[-157.95451,21.38724],[-157.95451,21.38724],[-157.95452,21.38724],[-157.95452,21.38724],[-157.95452,21.38724],[-157.95453,21.38724],[-157.95453,21.38725],[-157.95453,21.38725],[-157.95454,21.38725],[-157.95454,21.38725],[-157.95454,21.38725],[-157.95455,21.38725],[-157.95455,21.38726],[-157.95455,21.38726],[-157.95456,21.38726],[-157.95456,21.38726],[-157.95456,21.38726],[-157.95457,21.38726],[-157.95457,21.38727],[-157.95457,21.38727],[-157.95458,21.38727],[-157.95458,21.38727],[-157.95458,21.38727],[-157.95459,21.38727],[-157.95459,21.38727],[-157.9547,21.38733],[-157.95483,21.38739],[-157.95495,21.38744],[-157.95514,21.38753],[-157.95533,21.38761],[-157.95533,21.38761],[-157.95533,21.38761],[-157.95534,21.38761],[-157.95534,21.38762],[-157.95535,21.38762],[-157.95535,21.38762],[-157.95535,21.38762],[-157.95536,21.38762],[-157.95536,21.38762],[-157.95536,21.38762],[-157.95537,21.38763],[-157.95537,21.38763],[-157.95537,21.38763],[-157.95538,21.38763],[-157.95538,21.38763],[-157.95538,21.38763],[-157.95539,21.38763],[-157.95539,21.38764],[-157.95539,21.38764],[-157.9554,21.38764],[-157.9554,21.38764],[-157.9554,21.38764],[-157.95541,21.38764],[-157.95541,21.38764],[-157.95541,21.38765],[-157.95542,21.38765],[-157.95542,21.38765],[-157.95542,21.38765],[-157.95543,21.38765],[-157.95543,21.38765],[-157.95543,21.38765],[-157.95544,21.38766],[-157.95544,21.38766],[-157.95544,21.38766],[-157.95545,21.38766],[-157.95545,21.38766],[-157.95545,21.38766],[-157.95546,21.38766],[-157.95546,21.38766],[-157.95546,21.38767],[-157.95547,21.38767],[-157.95547,21.38767],[-157.95547,21.38767],[-157.95548,21.38767],[-157.95548,21.38767],[-157.95548,21.38767],[-157.95549,21.38768],[-157.95549,21.38768],[-157.95549,21.38768],[-157.9555,21.38768],[-157.9555,21.38768],[-157.9555,21.38768],[-157.95551,21.38768],[-157.95551,21.38769],[-157.95551,21.38769],[-157.95552,21.38769],[-157.95552,21.38769],[-157.95552,21.38769],[-157.95553,21.38769],[-157.95553,21.38769],[-157.95553,21.3877],[-157.95554,21.3877],[-157.95568,21.38776],[-157.95583,21.38782],[-157.95583,21.38782],[-157.95583,21.38782],[-157.95584,21.38782],[-157.95584,21.38782],[-157.95584,21.38782],[-157.95585,21.38782],[-157.95585,21.38783],[-157.95585,21.38783],[-157.95586,21.38783],[-157.95586,21.38783],[-157.95586,21.38783],[-157.95587,21.38783],[-157.95587,21.38783],[-157.95587,21.38784],[-157.95588,21.38784],[-157.95588,21.38784],[-157.95588,21.38784],[-157.95589,21.38784],[-157.95589,21.38784],[-157.95589,21.38784],[-157.9559,21.38785],[-157.9559,21.38785],[-157.9559,21.38785],[-157.95591,21.38785],[-157.95591,21.38785],[-157.95591,21.38785],[-157.95592,21.38785],[-157.95592,21.38786],[-157.95593,21.38786],[-157.95593,21.38786],[-157.95593,21.38786],[-157.95594,21.38786],[-157.95594,21.38786],[-157.95594,21.38786],[-157.95595,21.38787],[-157.95595,21.38787],[-157.95595,21.38787],[-157.95596,21.38787],[-157.95596,21.38787],[-157.95596,21.38787],[-157.95597,21.38787],[-157.95597,21.38788],[-157.95597,21.38788],[-157.95598,21.38788],[-157.95598,21.38788],[-157.95598,21.38788],[-157.95599,21.38788],[-157.95599,21.38788],[-157.95599,21.38789],[-157.956,21.38789],[-157.956,21.38789],[-157.956,21.38789],[-157.95601,21.38789],[-157.95601,21.38789],[-157.95601,21.38789],[-157.95602,21.3879],[-157.95602,21.3879],[-157.95602,21.3879],[-157.95603,21.3879],[-157.95603,21.3879],[-157.95603,21.3879],[-157.95604,21.3879],[-157.95622,21.38798],[-157.95633,21.38803],[-157.95633,21.38803],[-157.95634,21.38803],[-157.95634,21.38804],[-157.95634,21.38804],[-157.95635,21.38804],[-157.95635,21.38804],[-157.95635,21.38804],[-157.95636,21.38804],[-157.95636,21.38804],[-157.95636,21.38805],[-157.95637,21.38805],[-157.95637,21.38805],[-157.95637,21.38805],[-157.95638,21.38805],[-157.95638,21.38805],[-157.95638,21.38805],[-157.95639,21.38806],[-157.95639,21.38806],[-157.95639,21.38806],[-157.9564,21.38806],[-157.9564,21.38806],[-157.9564,21.38806],[-157.95641,21.38807],[-157.95641,21.38807],[-157.95641,21.38807],[-157.95642,21.38807],[-157.95642,21.38807],[-157.95642,21.38807],[-157.95643,21.38807],[-157.95643,21.38808],[-157.95643,21.38808],[-157.95644,21.38808],[-157.95644,21.38808],[-157.95644,21.38808],[-157.95645,21.38808],[-157.95645,21.38808],[-157.95645,21.38809],[-157.95646,21.38809],[-157.95646,21.38809],[-157.95646,21.38809],[-157.95647,21.38809],[-157.95647,21.38809],[-157.95647,21.3881],[-157.95648,21.3881],[-157.95648,21.3881],[-157.95648,21.3881],[-157.95649,21.3881],[-157.95649,21.3881],[-157.95649,21.3881],[-157.9565,21.38811],[-157.9565,21.38811],[-157.9565,21.38811],[-157.95651,21.38811],[-157.95651,21.38811],[-157.95651,21.38811],[-157.95652,21.38812],[-157.95652,21.38812],[-157.95652,21.38812],[-157.95653,21.38812],[-157.95653,21.38812],[-157.95653,21.38812],[-157.95654,21.38812],[-157.95763,21.38862],[-157.95872,21.38912],[-157.95899,21.38924],[-157.95925,21.38937],[-157.95951,21.38949],[-157.95977,21.38962],[-157.96028,21.38985],[-157.96076,21.39007],[-157.96103,21.39019],[-157.9613,21.3903],[-157.96166,21.39046],[-157.96205,21.39065],[-157.96321,21.39118],[-157.96436,21.39172],[-157.96436,21.39172],[-157.96437,21.39173],[-157.96437,21.39173],[-157.96437,21.39173],[-157.96438,21.39173],[-157.96438,21.39173],[-157.96438,21.39173],[-157.96439,21.39173],[-157.96439,21.39174],[-157.96439,21.39174],[-157.9644,21.39174],[-157.9644,21.39174],[-157.9644,21.39174],[-157.96441,21.39174],[-157.96441,21.39175],[-157.96441,21.39175],[-157.96442,21.39175],[-157.96442,21.39175],[-157.96442,21.39175],[-157.96443,21.39175],[-157.96443,21.39175],[-157.96443,21.39176],[-157.96444,21.39176],[-157.96444,21.39176],[-157.96444,21.39176],[-157.96445,21.39176],[-157.96445,21.39176],[-157.96445,21.39177],[-157.96446,21.39177],[-157.96446,21.39177],[-157.96446,21.39177],[-157.96447,21.39177],[-157.96447,21.39177],[-157.96447,21.39177],[-157.96448,21.39178],[-157.96448,21.39178],[-157.96448,21.39178],[-157.96449,21.39178],[-157.96449,21.39178],[-157.96449,21.39178],[-157.9645,21.39179],[-157.9645,21.39179],[-157.9645,21.39179],[-157.96451,21.39179],[-157.96451,21.39179],[-157.96451,21.39179],[-157.96452,21.39179],[-157.96452,21.3918],[-157.96452,21.3918],[-157.96453,21.3918],[-157.96453,21.3918],[-157.96453,21.3918],[-157.96454,21.3918],[-157.96454,21.39181],[-157.96454,21.39181],[-157.96455,21.39181],[-157.96455,21.39181],[-157.96455,21.39181],[-157.96456,21.39181],[-157.96456,21.39181],[-157.96456,21.39182],[-157.96457,21.39182],[-157.96475,21.3919],[-157.96496,21.39199],[-157.96514,21.39207],[-157.96542,21.39218],[-157.96556,21.39223],[-157.96566,21.39227],[-157.96566,21.39227],[-157.96567,21.39227],[-157.96567,21.39227],[-157.96567,21.39227],[-157.96568,21.39227],[-157.96568,21.39227],[-157.96568,21.39228],[-157.96569,21.39228],[-157.96569,21.39228],[-157.96569,21.39228],[-157.9657,21.39228],[-157.9657,21.39228],[-157.96571,21.39228],[-157.96571,21.39228],[-157.96571,21.39229],[-157.96572,21.39229],[-157.96572,21.39229],[-157.96572,21.39229],[-157.96573,21.39229],[-157.96573,21.39229],[-157.96573,21.39229],[-157.96574,21.39229],[-157.96574,21.3923],[-157.96574,21.3923],[-157.96575,21.3923],[-157.96575,21.3923],[-157.96575,21.3923],[-157.96576,21.3923],[-157.96576,21.3923],[-157.96576,21.3923],[-157.96577,21.39231],[-157.96577,21.39231],[-157.96577,21.39231],[-157.96578,21.39231],[-157.96578,21.39231],[-157.96578,21.39231],[-157.96579,21.39231],[-157.96579,21.39231],[-157.96579,21.39232],[-157.9658,21.39232],[-157.9658,21.39232],[-157.96581,21.39232],[-157.96581,21.39232],[-157.96581,21.39232],[-157.96582,21.39232],[-157.96582,21.39232],[-157.96582,21.39233],[-157.96583,21.39233],[-157.96583,21.39233],[-157.96583,21.39233],[-157.96584,21.39233],[-157.96584,21.39233],[-157.96584,21.39233],[-157.96585,21.39233],[-157.96585,21.39234],[-157.96585,21.39234],[-157.96586,21.39234],[-157.96586,21.39234],[-157.96586,21.39234],[-157.96587,21.39234],[-157.96587,21.39234],[-157.96587,21.39234],[-157.96675,21.39266],[-157.96762,21.39297],[-157.96791,21.39307],[-157.9682,21.39317],[-157.97149,21.39432],[-157.97478,21.39546],[-157.97478,21.39546],[-157.97478,21.39546],[-157.97479,21.39546],[-157.97479,21.39546],[-157.97479,21.39546],[-157.97479,21.39546],[-157.9748,21.39546],[-157.9748,21.39546],[-157.9748,21.39547],[-157.9748,21.39547],[-157.97481,21.39547],[-157.97481,21.39547],[-157.97481,21.39547],[-157.97482,21.39547],[-157.97482,21.39547],[-157.97482,21.39547],[-157.97482,21.39547],[-157.97483,21.39547],[-157.97483,21.39547],[-157.97483,21.39548],[-157.97484,21.39548],[-157.97484,21.39548],[-157.97484,21.39548],[-157.97484,21.39548],[-157.97485,21.39548],[-157.97485,21.39548],[-157.97485,21.39548],[-157.97485,21.39548],[-157.97486,21.39548],[-157.97486,21.39549],[-157.97486,21.39549],[-157.97487,21.39549],[-157.97487,21.39549],[-157.97487,21.39549],[-157.97487,21.39549],[-157.97488,21.39549],[-157.97488,21.39549],[-157.97488,21.39549],[-157.97488,21.39549],[-157.97489,21.39549],[-157.97489,21.3955],[-157.97489,21.3955],[-157.9749,21.3955],[-157.9749,21.3955],[-157.9749,21.3955],[-157.9749,21.3955],[-157.97491,21.3955],[-157.97491,21.3955],[-157.97491,21.3955],[-157.97492,21.3955],[-157.97492,21.3955],[-157.97492,21.39551],[-157.97492,21.39551],[-157.97493,21.39551],[-157.97493,21.39551],[-157.97493,21.39551],[-157.97493,21.39551],[-157.97494,21.39551],[-157.97494,21.39551],[-157.97494,21.39551],[-157.97495,21.39551],[-157.97495,21.39552],[-157.97518,21.39559],[-157.97542,21.39566],[-157.97566,21.39572],[-157.9759,21.39577],[-157.97615,21.39582],[-157.97639,21.39586],[-157.97664,21.3959],[-157.97664,21.3959],[-157.97664,21.3959],[-157.97664,21.3959],[-157.97665,21.3959],[-157.97665,21.3959],[-157.97665,21.3959],[-157.97666,21.3959],[-157.97666,21.3959],[-157.97666,21.3959],[-157.97666,21.3959],[-157.97667,21.3959],[-157.97667,21.3959],[-157.97667,21.3959],[-157.97668,21.3959],[-157.97668,21.3959],[-157.97668,21.3959],[-157.97669,21.3959],[-157.97669,21.3959],[-157.97669,21.39591],[-157.97669,21.39591],[-157.9767,21.39591],[-157.9767,21.39591],[-157.9767,21.39591],[-157.97671,21.39591],[-157.97671,21.39591],[-157.97671,21.39591],[-157.97671,21.39591],[-157.97672,21.39591],[-157.97672,21.39591],[-157.97672,21.39591],[-157.97673,21.39591],[-157.97673,21.39591],[-157.97673,21.39591],[-157.97673,21.39591],[-157.97674,21.39591],[-157.97674,21.39591],[-157.97674,21.39591],[-157.97675,21.39591],[-157.97675,21.39591],[-157.97675,21.39591],[-157.97676,21.39591],[-157.97676,21.39591],[-157.97676,21.39591],[-157.97676,21.39591],[-157.97677,21.39591],[-157.97677,21.39591],[-157.97677,21.39591],[-157.97678,21.39592],[-157.97678,21.39592],[-157.97678,21.39592],[-157.97678,21.39592],[-157.97679,21.39592],[-157.97679,21.39592],[-157.97679,21.39592],[-157.9768,21.39592],[-157.9768,21.39592],[-157.9768,21.39592],[-157.9768,21.39592],[-157.97681,21.39592],[-157.97681,21.39592],[-157.97681,21.39592],[-157.97682,21.39592],[-157.977,21.39594],[-157.97719,21.39596],[-157.97719,21.39596],[-157.9772,21.39596],[-157.9772,21.39596],[-157.9772,21.39596],[-157.97721,21.39596],[-157.97721,21.39597],[-157.97722,21.39597],[-157.97722,21.39597],[-157.97723,21.39597],[-157.97723,21.39597],[-157.97724,21.39597],[-157.97724,21.39597],[-157.97724,21.39597],[-157.97725,21.39597],[-157.97725,21.39597],[-157.97726,21.39597],[-157.97726,21.39597],[-157.97727,21.39597],[-157.97727,21.39597],[-157.97727,21.39597],[-157.97728,21.39597],[-157.97728,21.39597],[-157.97729,21.39597],[-157.97729,21.39597],[-157.9773,21.39597],[-157.9773,21.39598],[-157.97731,21.39598],[-157.97731,21.39598],[-157.97731,21.39598],[-157.97732,21.39598],[-157.97732,21.39598],[-157.97733,21.39598],[-157.97733,21.39598],[-157.97734,21.39598],[-157.97734,21.39598],[-157.97734,21.39598],[-157.97735,21.39598],[-157.97735,21.39598],[-157.97736,21.39598],[-157.97736,21.39598],[-157.97737,21.39598],[-157.97737,21.39598],[-157.97738,21.39598],[-157.97738,21.39598],[-157.97738,21.39599],[-157.97739,21.39599],[-157.97739,21.39599],[-157.9774,21.39599],[-157.9774,21.39599],[-157.97741,21.39599],[-157.97741,21.39599],[-157.97741,21.39599],[-157.97742,21.39599],[-157.97742,21.39599],[-157.97743,21.39599],[-157.97743,21.39599],[-157.97744,21.39599],[-157.97744,21.39599],[-157.97745,21.39599],[-157.97745,21.39599],[-157.97745,21.39599],[-157.97746,21.396],[-157.97765,21.39602],[-157.97784,21.39606],[-157.97803,21.3961],[-157.97822,21.39615]]]}},{"type":"Feature","properties":{"OBJECTID":3,"feature_name":"City Center Section","feature_desc":"Center Alignment","source_scale":"1:480 / 1\"=40'","SHAPE_Length":0.0620298115920071},"geometry":{"type":"MultiLineString","coordinates":[[[-157.84389,21.2927],[-157.84424,21.29285],[-157.84522,21.29329],[-157.84522,21.29329],[-157.84522,21.29329],[-157.84523,21.29329],[-157.84523,21.29329],[-157.84523,21.29329],[-157.84524,21.29329],[-157.84524,21.29329],[-157.84524,21.29329],[-157.84524,21.2933],[-157.84525,21.2933],[-157.84525,21.2933],[-157.84525,21.2933],[-157.84525,21.2933],[-157.84526,21.2933],[-157.84526,21.2933],[-157.84526,21.2933],[-157.84526,21.29331],[-157.84527,21.29331],[-157.84527,21.29331],[-157.84527,21.29331],[-157.84527,21.29331],[-157.84528,21.29331],[-157.84528,21.29331],[-157.84528,21.29331],[-157.84528,21.29331],[-157.84529,21.29332],[-157.84529,21.29332],[-157.84529,21.29332],[-157.84529,21.29332],[-157.8453,21.29332],[-157.8453,21.29332],[-157.8453,21.29332],[-157.8453,21.29332],[-157.84531,21.29332],[-157.84531,21.29333],[-157.84531,21.29333],[-157.84531,21.29333],[-157.84532,21.29333],[-157.84532,21.29333],[-157.84532,21.29333],[-157.84533,21.29333],[-157.84533,21.29333],[-157.84533,21.29333],[-157.84533,21.29334],[-157.84534,21.29334],[-157.84534,21.29334],[-157.84534,21.29334],[-157.84534,21.29334],[-157.84535,21.29334],[-157.84535,21.29334],[-157.84535,21.29334],[-157.84535,21.29334],[-157.84536,21.29335],[-157.84536,21.29335],[-157.84536,21.29335],[-157.84536,21.29335],[-157.84546,21.29339],[-157.84546,21.29339],[-157.84546,21.2934],[-157.84547,21.2934],[-157.84547,21.2934],[-157.84547,21.2934],[-157.84547,21.2934],[-157.84549,21.29341],[-157.84549,21.29341],[-157.84574,21.29352],[-157.84599,21.29362],[-157.84624,21.29372],[-157.84624,21.29372],[-157.847,21.29396],[-157.8475,21.29413],[-157.84751,21.29413],[-157.84751,21.29413],[-157.84752,21.29413],[-157.84752,21.29414],[-157.84752,21.29414],[-157.84753,21.29414],[-157.84753,21.29414],[-157.84753,21.29414],[-157.84754,21.29414],[-157.84754,21.29414],[-157.84754,21.29414],[-157.84755,21.29414],[-157.84755,21.29415],[-157.84755,21.29415],[-157.84756,21.29415],[-157.84756,21.29415],[-157.84757,21.29415],[-157.84757,21.29415],[-157.84757,21.29415],[-157.84758,21.29415],[-157.84758,21.29416],[-157.84758,21.29416],[-157.84759,21.29416],[-157.84759,21.29416],[-157.84759,21.29416],[-157.8476,21.29416],[-157.8476,21.29416],[-157.84761,21.29416],[-157.84761,21.29416],[-157.84761,21.29417],[-157.84762,21.29417],[-157.84762,21.29417],[-157.84762,21.29417],[-157.84763,21.29417],[-157.84763,21.29417],[-157.84763,21.29417],[-157.84764,21.29417],[-157.84764,21.29417],[-157.84765,21.29418],[-157.84765,21.29418],[-157.84765,21.29418],[-157.84766,21.29418],[-157.84766,21.29418],[-157.84766,21.29418],[-157.84767,21.29418],[-157.84767,21.29418],[-157.84767,21.29418],[-157.84768,21.29419],[-157.84768,21.29419],[-157.84769,21.29419],[-157.84769,21.29419],[-157.84769,21.29419],[-157.8477,21.29419],[-157.8477,21.29419],[-157.8477,21.29419],[-157.84771,21.29419],[-157.84771,21.2942],[-157.84772,21.2942],[-157.84772,21.2942],[-157.84772,21.2942],[-157.84773,21.2942],[-157.84773,21.2942],[-157.84775,21.29421],[-157.84777,21.29421],[-157.8478,21.29422],[-157.84782,21.29423],[-157.84784,21.29423],[-157.84787,21.29424],[-157.84789,21.29424],[-157.84792,21.29425],[-157.84794,21.29425],[-157.84796,21.29426],[-157.84799,21.29426],[-157.84801,21.29427],[-157.84804,21.29427],[-157.84806,21.29427],[-157.84808,21.29428],[-157.84811,21.29428],[-157.84813,21.29429],[-157.84816,21.29429],[-157.84818,21.29429],[-157.84821,21.29429],[-157.84823,21.2943],[-157.84825,21.2943],[-157.84828,21.2943],[-157.8483,21.2943],[-157.84833,21.29431],[-157.84835,21.29431],[-157.84838,21.29431],[-157.8484,21.29431],[-157.84842,21.29431],[-157.84845,21.29431],[-157.84847,21.29431],[-157.8485,21.29431],[-157.84852,21.29431],[-157.84855,21.29431],[-157.84857,21.29431],[-157.8486,21.29431],[-157.84862,21.29431],[-157.84865,21.29431],[-157.84867,21.29431],[-157.84869,21.29431],[-157.84872,21.29431],[-157.84874,21.29431],[-157.84877,21.29431],[-157.84879,21.2943],[-157.84882,21.2943],[-157.84884,21.2943],[-157.84887,21.2943],[-157.84889,21.29429],[-157.84891,21.29429],[-157.84894,21.29429],[-157.84896,21.29428],[-157.84899,21.29428],[-157.84901,21.29428],[-157.84904,21.29427],[-157.84906,21.29427],[-157.84908,21.29427],[-157.84911,21.29426],[-157.84913,21.29426],[-157.84916,21.29425],[-157.84918,21.29425],[-157.8492,21.29424],[-157.84923,21.29424],[-157.84925,21.29423],[-157.84928,21.29422],[-157.8493,21.29422],[-157.84932,21.29421],[-157.84935,21.2942],[-157.84937,21.2942],[-157.84937,21.2942],[-157.84938,21.2942],[-157.84938,21.2942],[-157.84938,21.29419],[-157.84939,21.29419],[-157.84939,21.29419],[-157.8494,21.29419],[-157.8494,21.29419],[-157.8494,21.29419],[-157.84941,21.29419],[-157.84941,21.29419],[-157.84941,21.29419],[-157.84942,21.29418],[-157.84942,21.29418],[-157.84942,21.29418],[-157.84943,21.29418],[-157.84943,21.29418],[-157.84944,21.29418],[-157.84944,21.29418],[-157.84944,21.29418],[-157.84945,21.29418],[-157.84945,21.29417],[-157.84945,21.29417],[-157.84946,21.29417],[-157.84946,21.29417],[-157.84946,21.29417],[-157.84947,21.29417],[-157.84947,21.29417],[-157.84948,21.29417],[-157.84948,21.29416],[-157.84948,21.29416],[-157.84949,21.29416],[-157.84949,21.29416],[-157.84949,21.29416],[-157.8495,21.29416],[-157.8495,21.29416],[-157.8495,21.29416],[-157.84951,21.29416],[-157.84951,21.29415],[-157.84952,21.29415],[-157.84952,21.29415],[-157.84952,21.29415],[-157.84953,21.29415],[-157.84953,21.29415],[-157.84953,21.29415],[-157.84954,21.29415],[-157.84954,21.29414],[-157.84954,21.29414],[-157.84955,21.29414],[-157.84955,21.29414],[-157.84955,21.29414],[-157.84956,21.29414],[-157.84956,21.29414],[-157.84957,21.29414],[-157.84957,21.29414],[-157.84957,21.29413],[-157.84958,21.29413],[-157.84958,21.29413],[-157.84958,21.29413],[-157.84959,21.29413],[-157.84959,21.29413],[-157.84959,21.29413],[-157.84974,21.29408],[-157.84988,21.29403],[-157.84989,21.29403],[-157.8499,21.29402],[-157.84991,21.29402],[-157.84993,21.29402],[-157.84994,21.29401],[-157.84995,21.29401],[-157.84996,21.29401],[-157.84997,21.294],[-157.84998,21.294],[-157.84999,21.294],[-157.85,21.29399],[-157.85001,21.29399],[-157.85002,21.29399],[-157.85003,21.29398],[-157.85004,21.29398],[-157.85005,21.29398],[-157.85006,21.29397],[-157.85007,21.29397],[-157.85008,21.29397],[-157.85009,21.29396],[-157.8501,21.29396],[-157.85011,21.29396],[-157.85012,21.29395],[-157.85013,21.29395],[-157.85015,21.29395],[-157.85016,21.29395],[-157.85017,21.29394],[-157.85018,21.29394],[-157.85019,21.29394],[-157.8502,21.29393],[-157.85021,21.29393],[-157.85022,21.29393],[-157.85023,21.29393],[-157.85024,21.29392],[-157.85025,21.29392],[-157.85026,21.29392],[-157.85027,21.29392],[-157.85028,21.29391],[-157.85029,21.29391],[-157.85031,21.29391],[-157.85032,21.29391],[-157.85033,21.2939],[-157.85034,21.2939],[-157.85035,21.2939],[-157.85036,21.2939],[-157.85037,21.2939],[-157.85038,21.29389],[-157.85039,21.29389],[-157.8504,21.29389],[-157.85041,21.29389],[-157.85042,21.29389],[-157.85044,21.29388],[-157.85045,21.29388],[-157.85046,21.29388],[-157.85047,21.29388],[-157.85048,21.29388],[-157.85049,21.29388],[-157.8505,21.29388],[-157.85051,21.29388],[-157.85052,21.29388],[-157.85053,21.29387],[-157.85054,21.29387],[-157.85064,21.29387],[-157.85074,21.29388],[-157.85083,21.29389],[-157.85093,21.29391],[-157.85102,21.29393],[-157.85111,21.29396],[-157.8512,21.294],[-157.85128,21.29405],[-157.85136,21.2941],[-157.85137,21.2941],[-157.85138,21.29411],[-157.85139,21.29412],[-157.8514,21.29412],[-157.8514,21.29413],[-157.85141,21.29414],[-157.85142,21.29414],[-157.85143,21.29415],[-157.85144,21.29416],[-157.85145,21.29416],[-157.85146,21.29417],[-157.85146,21.29418],[-157.85147,21.29418],[-157.85148,21.29419],[-157.85149,21.2942],[-157.8515,21.2942],[-157.8515,21.29421],[-157.85151,21.29422],[-157.85152,21.29423],[-157.85153,21.29423],[-157.85154,21.29424],[-157.85154,21.29425],[-157.85155,21.29425],[-157.85156,21.29426],[-157.85157,21.29427],[-157.85157,21.29428],[-157.85158,21.29428],[-157.85159,21.29429],[-157.8516,21.2943],[-157.8516,21.29431],[-157.85161,21.29432],[-157.85162,21.29432],[-157.85163,21.29433],[-157.85163,21.29434],[-157.85164,21.29435],[-157.85165,21.29435],[-157.85165,21.29436],[-157.85166,21.29437],[-157.85167,21.29438],[-157.85168,21.29439],[-157.85168,21.29439],[-157.85169,21.2944],[-157.8517,21.29441],[-157.8517,21.29442],[-157.85171,21.29443],[-157.85172,21.29443],[-157.85172,21.29444],[-157.85173,21.29445],[-157.85174,21.29446],[-157.85175,21.29447],[-157.85175,21.29447],[-157.85176,21.29448],[-157.85177,21.29449],[-157.85177,21.2945],[-157.85178,21.29451],[-157.85179,21.29451],[-157.85179,21.29452],[-157.8518,21.29453],[-157.85181,21.29454],[-157.85181,21.29455],[-157.85182,21.29456],[-157.85183,21.29456],[-157.8521,21.29489],[-157.85236,21.29521],[-157.85237,21.29521],[-157.85237,21.29521],[-157.85237,21.29522],[-157.85238,21.29522],[-157.85238,21.29523],[-157.85238,21.29523],[-157.85239,21.29523],[-157.85239,21.29524],[-157.85239,21.29524],[-157.8524,21.29525],[-157.8524,21.29525],[-157.8524,21.29525],[-157.85241,21.29526],[-157.85241,21.29526],[-157.85241,21.29527],[-157.85242,21.29527],[-157.85242,21.29527],[-157.85242,21.29528],[-157.85243,21.29528],[-157.85243,21.29529],[-157.85243,21.29529],[-157.85244,21.29529],[-157.85244,21.2953],[-157.85244,21.2953],[-157.85245,21.29531],[-157.85245,21.29531],[-157.85245,21.29531],[-157.85246,21.29532],[-157.85246,21.29532],[-157.85246,21.29533],[-157.85247,21.29533],[-157.85247,21.29533],[-157.85247,21.29534],[-157.85248,21.29534],[-157.85248,21.29535],[-157.85248,21.29535],[-157.85249,21.29535],[-157.85249,21.29536],[-157.85249,21.29536],[-157.8525,21.29537],[-157.8525,21.29537],[-157.8525,21.29537],[-157.85251,21.29538],[-157.85251,21.29538],[-157.85251,21.29539],[-157.85252,21.29539],[-157.85252,21.29539],[-157.85252,21.2954],[-157.85253,21.2954],[-157.85253,21.2954],[-157.85253,21.29541],[-157.85254,21.29541],[-157.85254,21.29542],[-157.85254,21.29542],[-157.85255,21.29542],[-157.85255,21.29543],[-157.85256,21.29543],[-157.85256,21.29544],[-157.85256,21.29544],[-157.85257,21.29544],[-157.85257,21.29545],[-157.85257,21.29545],[-157.85257,21.29545],[-157.85258,21.29546],[-157.8526,21.29548],[-157.85261,21.2955],[-157.85263,21.29551],[-157.85265,21.29553],[-157.85267,21.29555],[-157.85269,21.29557],[-157.85271,21.29559],[-157.85273,21.29561],[-157.85275,21.29563],[-157.85277,21.29565],[-157.85279,21.29567],[-157.85281,21.29569],[-157.85283,21.2957],[-157.85286,21.29572],[-157.85288,21.29574],[-157.8529,21.29576],[-157.85292,21.29577],[-157.85294,21.29579],[-157.85296,21.29581],[-157.85298,21.29582],[-157.85301,21.29584],[-157.85303,21.29586],[-157.85305,21.29587],[-157.85307,21.29589],[-157.8531,21.29591],[-157.85312,21.29592],[-157.85314,21.29594],[-157.85317,21.29595],[-157.85319,21.29597],[-157.85321,21.29598],[-157.85324,21.296],[-157.85326,21.29601],[-157.85328,21.29603],[-157.85331,21.29604],[-157.85333,21.29605],[-157.85336,21.29607],[-157.85338,21.29608],[-157.85341,21.2961],[-157.85343,21.29611],[-157.85345,21.29612],[-157.85348,21.29613],[-157.8535,21.29615],[-157.85353,21.29616],[-157.85355,21.29617],[-157.85358,21.29618],[-157.85361,21.2962],[-157.85363,21.29621],[-157.85366,21.29622],[-157.85366,21.29622],[-157.85367,21.29622],[-157.85367,21.29622],[-157.85368,21.29623],[-157.85368,21.29623],[-157.85369,21.29623],[-157.85369,21.29623],[-157.8537,21.29624],[-157.8537,21.29624],[-157.85371,21.29624],[-157.85371,21.29624],[-157.85372,21.29624],[-157.85372,21.29625],[-157.85373,21.29625],[-157.85373,21.29625],[-157.85374,21.29625],[-157.85374,21.29625],[-157.85375,21.29626],[-157.85375,21.29626],[-157.85376,21.29626],[-157.85376,21.29626],[-157.85377,21.29626],[-157.85377,21.29627],[-157.85378,21.29627],[-157.85378,21.29627],[-157.85379,21.29627],[-157.85379,21.29627],[-157.8538,21.29628],[-157.8538,21.29628],[-157.85381,21.29628],[-157.85381,21.29628],[-157.85381,21.29628],[-157.85382,21.29629],[-157.85382,21.29629],[-157.85383,21.29629],[-157.85383,21.29629],[-157.85384,21.29629],[-157.85384,21.2963],[-157.85385,21.2963],[-157.85385,21.2963],[-157.85386,21.2963],[-157.85386,21.2963],[-157.85387,21.2963],[-157.85387,21.29631],[-157.85388,21.29631],[-157.85388,21.29631],[-157.85389,21.29631],[-157.85389,21.29631],[-157.8539,21.29632],[-157.8539,21.29632],[-157.85391,21.29632],[-157.85391,21.29632],[-157.85392,21.29632],[-157.85392,21.29633],[-157.85393,21.29633],[-157.85393,21.29633],[-157.85394,21.29633],[-157.85394,21.29633],[-157.85395,21.29634],[-157.85395,21.29634],[-157.85396,21.29634],[-157.85396,21.29634],[-157.85457,21.29657],[-157.85517,21.2968],[-157.85518,21.2968],[-157.85518,21.2968],[-157.85519,21.2968],[-157.85519,21.29681],[-157.85519,21.29681],[-157.8552,21.29681],[-157.8552,21.29681],[-157.85521,21.29681],[-157.85521,21.29681],[-157.85521,21.29682],[-157.85522,21.29682],[-157.85522,21.29682],[-157.85523,21.29682],[-157.85523,21.29682],[-157.85523,21.29682],[-157.85524,21.29682],[-157.85524,21.29683],[-157.85525,21.29683],[-157.85525,21.29683],[-157.85525,21.29683],[-157.85526,21.29683],[-157.85526,21.29683],[-157.85527,21.29684],[-157.85527,21.29684],[-157.85527,21.29684],[-157.85528,21.29684],[-157.85528,21.29684],[-157.85529,21.29684],[-157.85529,21.29685],[-157.85529,21.29685],[-157.8553,21.29685],[-157.8553,21.29685],[-157.85531,21.29685],[-157.85531,21.29685],[-157.85531,21.29685],[-157.85532,21.29686],[-157.85532,21.29686],[-157.85533,21.29686],[-157.85533,21.29686],[-157.85533,21.29686],[-157.85534,21.29686],[-157.85534,21.29687],[-157.85535,21.29687],[-157.85535,21.29687],[-157.85535,21.29687],[-157.85536,21.29687],[-157.85536,21.29687],[-157.85536,21.29688],[-157.85537,21.29688],[-157.85537,21.29688],[-157.85538,21.29688],[-157.85538,21.29688],[-157.85538,21.29688],[-157.85539,21.29689],[-157.85539,21.29689],[-157.8554,21.29689],[-157.8554,21.29689],[-157.8554,21.29689],[-157.85541,21.29689],[-157.85541,21.2969],[-157.85542,21.2969],[-157.85542,21.2969],[-157.85551,21.29695],[-157.8556,21.297],[-157.85569,21.29706],[-157.85577,21.29712],[-157.85585,21.29719],[-157.85593,21.29726],[-157.85593,21.29726],[-157.85593,21.29726],[-157.85594,21.29727],[-157.85594,21.29727],[-157.85594,21.29727],[-157.85594,21.29728],[-157.85595,21.29728],[-157.85595,21.29728],[-157.85595,21.29729],[-157.85596,21.29729],[-157.85596,21.29729],[-157.85596,21.29729],[-157.85596,21.2973],[-157.85597,21.2973],[-157.85597,21.2973],[-157.85597,21.29731],[-157.85598,21.29731],[-157.85598,21.29731],[-157.85598,21.29732],[-157.85598,21.29732],[-157.85599,21.29732],[-157.85599,21.29733],[-157.85599,21.29733],[-157.85599,21.29733],[-157.856,21.29733],[-157.856,21.29734],[-157.856,21.29734],[-157.85601,21.29734],[-157.85601,21.29735],[-157.85601,21.29735],[-157.85601,21.29735],[-157.85602,21.29736],[-157.85602,21.29736],[-157.85602,21.29736],[-157.85602,21.29737],[-157.85603,21.29737],[-157.85603,21.29737],[-157.85603,21.29738],[-157.85604,21.29738],[-157.85604,21.29738],[-157.85604,21.29738],[-157.85604,21.29739],[-157.85605,21.29739],[-157.85605,21.29739],[-157.85605,21.2974],[-157.85605,21.2974],[-157.85606,21.2974],[-157.85606,21.29741],[-157.85606,21.29741],[-157.85607,21.29741],[-157.85607,21.29742],[-157.85607,21.29742],[-157.85607,21.29742],[-157.85608,21.29743],[-157.85608,21.29743],[-157.85608,21.29743],[-157.85608,21.29744],[-157.85609,21.29744],[-157.85609,21.29744],[-157.85609,21.29744],[-157.85609,21.29745],[-157.8561,21.29745],[-157.85646,21.29789],[-157.85683,21.29832],[-157.85683,21.29833],[-157.85683,21.29833],[-157.85683,21.29833],[-157.85684,21.29833],[-157.85684,21.29833],[-157.85684,21.29834],[-157.85684,21.29834],[-157.85684,21.29834],[-157.85684,21.29834],[-157.85685,21.29835],[-157.85685,21.29835],[-157.85685,21.29835],[-157.85685,21.29835],[-157.85685,21.29835],[-157.85685,21.29836],[-157.85686,21.29836],[-157.85686,21.29836],[-157.85686,21.29836],[-157.85686,21.29836],[-157.85686,21.29837],[-157.85687,21.29837],[-157.85687,21.29837],[-157.85687,21.29837],[-157.85687,21.29837],[-157.85687,21.29838],[-157.85687,21.29838],[-157.85688,21.29838],[-157.85688,21.29838],[-157.85688,21.29839],[-157.85688,21.29839],[-157.85688,21.29839],[-157.85688,21.29839],[-157.85689,21.29839],[-157.85689,21.2984],[-157.85689,21.2984],[-157.85689,21.2984],[-157.85689,21.2984],[-157.8569,21.2984],[-157.8569,21.29841],[-157.8569,21.29841],[-157.8569,21.29841],[-157.8569,21.29841],[-157.8569,21.29841],[-157.85691,21.29842],[-157.85691,21.29842],[-157.85691,21.29842],[-157.85691,21.29842],[-157.85691,21.29843],[-157.85691,21.29843],[-157.85692,21.29843],[-157.85692,21.29843],[-157.85692,21.29843],[-157.85692,21.29844],[-157.85692,21.29844],[-157.85692,21.29844],[-157.85693,21.29844],[-157.85693,21.29844],[-157.85693,21.29845],[-157.85693,21.29845],[-157.85693,21.29845],[-157.85693,21.29845],[-157.85694,21.29845],[-157.85702,21.29856],[-157.8571,21.29867],[-157.85711,21.29868],[-157.85711,21.29868],[-157.85711,21.29868],[-157.85711,21.29868],[-157.85711,21.29869],[-157.85711,21.29869],[-157.85712,21.29869],[-157.85712,21.29869],[-157.85712,21.29869],[-157.85712,21.2987],[-157.85712,21.2987],[-157.85712,21.2987],[-157.85713,21.2987],[-157.85713,21.29871],[-157.85713,21.29871],[-157.85713,21.29871],[-157.85713,21.29871],[-157.85713,21.29871],[-157.85713,21.29872],[-157.85714,21.29872],[-157.85714,21.29872],[-157.85714,21.29872],[-157.85714,21.29873],[-157.85714,21.29873],[-157.85714,21.29873],[-157.85715,21.29873],[-157.85715,21.29873],[-157.85715,21.29874],[-157.85715,21.29874],[-157.85715,21.29874],[-157.85715,21.29874],[-157.85716,21.29875],[-157.85716,21.29875],[-157.85716,21.29875],[-157.85716,21.29875],[-157.85716,21.29875],[-157.85716,21.29876],[-157.85716,21.29876],[-157.85717,21.29876],[-157.85717,21.29876],[-157.85717,21.29877],[-157.85717,21.29877],[-157.85717,21.29877],[-157.85717,21.29877],[-157.85718,21.29877],[-157.85718,21.29878],[-157.85718,21.29878],[-157.85718,21.29878],[-157.85718,21.29878],[-157.85718,21.29879],[-157.85718,21.29879],[-157.85719,21.29879],[-157.85719,21.29879],[-157.85719,21.29879],[-157.85719,21.2988],[-157.85719,21.2988],[-157.85719,21.2988],[-157.8572,21.2988],[-157.8572,21.29881],[-157.8572,21.29881],[-157.8572,21.29881],[-157.8572,21.29881],[-157.85728,21.29893],[-157.85736,21.29904],[-157.85736,21.29904],[-157.85736,21.29905],[-157.85737,21.29905],[-157.85737,21.29905],[-157.85737,21.29905],[-157.85737,21.29906],[-157.85737,21.29906],[-157.85737,21.29906],[-157.85738,21.29906],[-157.85738,21.29906],[-157.85738,21.29907],[-157.85738,21.29907],[-157.85738,21.29907],[-157.85738,21.29907],[-157.85739,21.29908],[-157.85739,21.29908],[-157.85739,21.29908],[-157.85739,21.29908],[-157.85739,21.29909],[-157.85739,21.29909],[-157.85739,21.29909],[-157.8574,21.29909],[-157.8574,21.29909],[-157.8574,21.2991],[-157.8574,21.2991],[-157.8574,21.2991],[-157.8574,21.2991],[-157.85741,21.29911],[-157.85741,21.29911],[-157.85741,21.29911],[-157.85741,21.29911],[-157.85741,21.29912],[-157.85741,21.29912],[-157.85742,21.29912],[-157.85742,21.29912],[-157.85742,21.29912],[-157.85742,21.29913],[-157.85742,21.29913],[-157.85742,21.29913],[-157.85743,21.29913],[-157.85743,21.29914],[-157.85743,21.29914],[-157.85743,21.29914],[-157.85743,21.29914],[-157.85743,21.29915],[-157.85744,21.29915],[-157.85744,21.29915],[-157.85744,21.29915],[-157.85744,21.29915],[-157.85744,21.29916],[-157.85744,21.29916],[-157.85745,21.29916],[-157.85745,21.29916],[-157.85745,21.29917],[-157.85745,21.29917],[-157.85745,21.29917],[-157.85745,21.29917],[-157.85746,21.29917],[-157.85746,21.29918],[-157.85746,21.29918],[-157.85746,21.29918],[-157.85746,21.29918],[-157.85746,21.29918],[-157.85746,21.29919],[-157.85749,21.29922],[-157.85751,21.29925],[-157.85753,21.29927],[-157.85755,21.2993],[-157.85758,21.29933],[-157.8576,21.29936],[-157.85762,21.29939],[-157.85765,21.29942],[-157.85765,21.29942],[-157.85765,21.29942],[-157.85765,21.29942],[-157.85765,21.29943],[-157.85765,21.29943],[-157.85766,21.29943],[-157.85766,21.29943],[-157.85766,21.29944],[-157.85766,21.29944],[-157.85766,21.29944],[-157.85767,21.29944],[-157.85767,21.29944],[-157.85767,21.29945],[-157.85767,21.29945],[-157.85767,21.29945],[-157.85767,21.29945],[-157.85768,21.29946],[-157.85768,21.29946],[-157.85768,21.29946],[-157.85768,21.29946],[-157.85768,21.29946],[-157.85769,21.29947],[-157.85769,21.29947],[-157.85769,21.29947],[-157.85769,21.29947],[-157.85769,21.29947],[-157.8577,21.29948],[-157.8577,21.29948],[-157.8577,21.29948],[-157.8577,21.29948],[-157.8577,21.29948],[-157.8577,21.29949],[-157.85771,21.29949],[-157.85771,21.29949],[-157.85771,21.29949],[-157.85771,21.2995],[-157.85771,21.2995],[-157.85772,21.2995],[-157.85772,21.2995],[-157.85772,21.2995],[-157.85772,21.29951],[-157.85772,21.29951],[-157.85772,21.29951],[-157.85773,21.29951],[-157.85773,21.29951],[-157.85773,21.29952],[-157.85773,21.29952],[-157.85773,21.29952],[-157.85774,21.29952],[-157.85774,21.29953],[-157.85774,21.29953],[-157.85774,21.29953],[-157.85774,21.29953],[-157.85775,21.29953],[-157.85775,21.29954],[-157.85775,21.29954],[-157.85775,21.29954],[-157.85775,21.29954],[-157.85775,21.29954],[-157.85776,21.29955],[-157.85776,21.29955],[-157.85776,21.29955],[-157.85793,21.29974],[-157.85809,21.29993],[-157.8582,21.30005],[-157.85831,21.30018],[-157.85918,21.30114],[-157.86004,21.3021],[-157.86015,21.30222],[-157.86026,21.30234],[-157.86061,21.30275],[-157.86097,21.30316],[-157.86097,21.30316],[-157.86098,21.30316],[-157.86098,21.30317],[-157.86098,21.30317],[-157.86099,21.30317],[-157.86099,21.30318],[-157.86099,21.30318],[-157.86099,21.30318],[-157.861,21.30319],[-157.861,21.30319],[-157.861,21.30319],[-157.86101,21.3032],[-157.86101,21.3032],[-157.86101,21.3032],[-157.86101,21.30321],[-157.86102,21.30321],[-157.86102,21.30321],[-157.86102,21.30322],[-157.86102,21.30322],[-157.86103,21.30322],[-157.86103,21.30322],[-157.86103,21.30323],[-157.86104,21.30323],[-157.86104,21.30323],[-157.86104,21.30324],[-157.86104,21.30324],[-157.86105,21.30324],[-157.86105,21.30325],[-157.86105,21.30325],[-157.86106,21.30325],[-157.86106,21.30326],[-157.86106,21.30326],[-157.86106,21.30326],[-157.86107,21.30327],[-157.86107,21.30327],[-157.86107,21.30327],[-157.86108,21.30328],[-157.86108,21.30328],[-157.86108,21.30328],[-157.86108,21.30329],[-157.86109,21.30329],[-157.86109,21.30329],[-157.86109,21.3033],[-157.8611,21.3033],[-157.8611,21.3033],[-157.8611,21.30331],[-157.8611,21.30331],[-157.86111,21.30331],[-157.86111,21.30332],[-157.86111,21.30332],[-157.86111,21.30332],[-157.86112,21.30333],[-157.86112,21.30333],[-157.86112,21.30333],[-157.86113,21.30334],[-157.86113,21.30334],[-157.86113,21.30334],[-157.86113,21.30334],[-157.86114,21.30335],[-157.86114,21.30335],[-157.86114,21.30335],[-157.86115,21.30336],[-157.86127,21.30351],[-157.86139,21.30366],[-157.8615,21.30382],[-157.8615,21.30382],[-157.86151,21.30382],[-157.86151,21.30383],[-157.86151,21.30383],[-157.86151,21.30383],[-157.86152,21.30384],[-157.86152,21.30384],[-157.86152,21.30384],[-157.86152,21.30385],[-157.86153,21.30385],[-157.86153,21.30385],[-157.86153,21.30386],[-157.86153,21.30386],[-157.86154,21.30387],[-157.86154,21.30387],[-157.86154,21.30387],[-157.86154,21.30388],[-157.86155,21.30388],[-157.86155,21.30388],[-157.86155,21.30389],[-157.86155,21.30389],[-157.86156,21.30389],[-157.86156,21.3039],[-157.86156,21.3039],[-157.86156,21.3039],[-157.86157,21.30391],[-157.86157,21.30391],[-157.86157,21.30391],[-157.86157,21.30392],[-157.86158,21.30392],[-157.86158,21.30392],[-157.86158,21.30393],[-157.86158,21.30393],[-157.86158,21.30394],[-157.86159,21.30394],[-157.86159,21.30394],[-157.86159,21.30395],[-157.86159,21.30395],[-157.8616,21.30395],[-157.8616,21.30396],[-157.8616,21.30396],[-157.8616,21.30396],[-157.86161,21.30397],[-157.86161,21.30397],[-157.86161,21.30397],[-157.86161,21.30398],[-157.86162,21.30398],[-157.86162,21.30398],[-157.86162,21.30399],[-157.86162,21.30399],[-157.86163,21.304],[-157.86163,21.304],[-157.86163,21.304],[-157.86163,21.30401],[-157.86164,21.30401],[-157.86164,21.30401],[-157.86164,21.30402],[-157.86164,21.30402],[-157.86165,21.30402],[-157.86165,21.30403],[-157.86165,21.30403],[-157.86165,21.30403],[-157.86203,21.30459],[-157.86241,21.30515],[-157.86241,21.30515],[-157.86241,21.30515],[-157.86242,21.30515],[-157.86242,21.30515],[-157.86242,21.30516],[-157.86242,21.30516],[-157.86242,21.30516],[-157.86242,21.30516],[-157.86243,21.30517],[-157.86243,21.30517],[-157.86243,21.30517],[-157.86243,21.30517],[-157.86243,21.30517],[-157.86243,21.30518],[-157.86243,21.30518],[-157.86244,21.30518],[-157.86244,21.30518],[-157.86244,21.30519],[-157.86244,21.30519],[-157.86244,21.30519],[-157.86244,21.30519],[-157.86245,21.30519],[-157.86245,21.3052],[-157.86245,21.3052],[-157.86245,21.3052],[-157.86245,21.3052],[-157.86245,21.30521],[-157.86245,21.30521],[-157.86246,21.30521],[-157.86246,21.30521],[-157.86246,21.30521],[-157.86246,21.30522],[-157.86246,21.30522],[-157.86246,21.30522],[-157.86247,21.30522],[-157.86247,21.30523],[-157.86247,21.30523],[-157.86247,21.30523],[-157.86247,21.30523],[-157.86247,21.30524],[-157.86247,21.30524],[-157.86248,21.30524],[-157.86248,21.30524],[-157.86248,21.30524],[-157.86248,21.30525],[-157.86248,21.30525],[-157.86248,21.30525],[-157.86249,21.30525],[-157.86249,21.30526],[-157.86249,21.30526],[-157.86249,21.30526],[-157.86249,21.30526],[-157.86249,21.30526],[-157.86249,21.30527],[-157.8625,21.30527],[-157.8625,21.30527],[-157.8625,21.30527],[-157.8625,21.30528],[-157.8625,21.30528],[-157.8625,21.30528],[-157.8625,21.30528],[-157.86251,21.30528],[-157.86263,21.30546],[-157.86274,21.30564],[-157.86275,21.30565],[-157.86275,21.30565],[-157.86275,21.30565],[-157.86275,21.30565],[-157.86275,21.30565],[-157.86275,21.30566],[-157.86276,21.30566],[-157.86276,21.30566],[-157.86276,21.30566],[-157.86276,21.30567],[-157.86276,21.30567],[-157.86276,21.30567],[-157.86276,21.30567],[-157.86277,21.30567],[-157.86277,21.30568],[-157.86277,21.30568],[-157.86277,21.30568],[-157.86277,21.30568],[-157.86277,21.30569],[-157.86277,21.30569],[-157.86278,21.30569],[-157.86278,21.30569],[-157.86278,21.3057],[-157.86278,21.3057],[-157.86278,21.3057],[-157.86278,21.3057],[-157.86278,21.3057],[-157.86279,21.30571],[-157.86279,21.30571],[-157.86279,21.30571],[-157.86279,21.30571],[-157.86279,21.30572],[-157.86279,21.30572],[-157.8628,21.30572],[-157.8628,21.30572],[-157.8628,21.30572],[-157.8628,21.30573],[-157.8628,21.30573],[-157.8628,21.30573],[-157.8628,21.30573],[-157.86281,21.30574],[-157.86281,21.30574],[-157.86281,21.30574],[-157.86281,21.30574],[-157.86281,21.30575],[-157.86281,21.30575],[-157.86281,21.30575],[-157.86282,21.30575],[-157.86282,21.30575],[-157.86282,21.30576],[-157.86282,21.30576],[-157.86282,21.30576],[-157.86282,21.30576],[-157.86282,21.30577],[-157.86283,21.30577],[-157.86283,21.30577],[-157.86283,21.30577],[-157.86283,21.30577],[-157.86283,21.30578],[-157.86283,21.30578],[-157.86284,21.30578],[-157.86284,21.30578],[-157.86341,21.30667],[-157.86398,21.30755],[-157.86398,21.30755],[-157.86398,21.30756],[-157.86399,21.30756],[-157.86399,21.30756],[-157.86399,21.30757],[-157.86399,21.30757],[-157.864,21.30758],[-157.864,21.30758],[-157.864,21.30758],[-157.86401,21.30759],[-157.86401,21.30759],[-157.86401,21.3076],[-157.86401,21.3076],[-157.86402,21.3076],[-157.86402,21.30761],[-157.86402,21.30761],[-157.86402,21.30762],[-157.86403,21.30762],[-157.86403,21.30762],[-157.86403,21.30763],[-157.86403,21.30763],[-157.86404,21.30764],[-157.86404,21.30764],[-157.86404,21.30764],[-157.86404,21.30765],[-157.86405,21.30765],[-157.86405,21.30766],[-157.86405,21.30766],[-157.86405,21.30766],[-157.86406,21.30767],[-157.86406,21.30767],[-157.86406,21.30768],[-157.86406,21.30768],[-157.86407,21.30768],[-157.86407,21.30769],[-157.86407,21.30769],[-157.86407,21.3077],[-157.86408,21.3077],[-157.86408,21.3077],[-157.86408,21.30771],[-157.86408,21.30771],[-157.86408,21.30772],[-157.86409,21.30772],[-157.86409,21.30772],[-157.86409,21.30773],[-157.86409,21.30773],[-157.8641,21.30774],[-157.8641,21.30774],[-157.8641,21.30775],[-157.8641,21.30775],[-157.86411,21.30775],[-157.86411,21.30776],[-157.86411,21.30776],[-157.86411,21.30777],[-157.86411,21.30777],[-157.86412,21.30777],[-157.86412,21.30778],[-157.86412,21.30778],[-157.86412,21.30779],[-157.86413,21.30779],[-157.86413,21.3078],[-157.86413,21.3078],[-157.86417,21.30788],[-157.8642,21.30796],[-157.86423,21.30805],[-157.86425,21.30813],[-157.86426,21.30822],[-157.86427,21.3083],[-157.86427,21.30839],[-157.86427,21.3084],[-157.86427,21.3084],[-157.86427,21.3084],[-157.86427,21.30841],[-157.86427,21.30841],[-157.86427,21.30842],[-157.86427,21.30842],[-157.86427,21.30843],[-157.86427,21.30843],[-157.86427,21.30844],[-157.86427,21.30844],[-157.86427,21.30845],[-157.86427,21.30845],[-157.86427,21.30846],[-157.86427,21.30846],[-157.86427,21.30847],[-157.86427,21.30847],[-157.86427,21.30847],[-157.86427,21.30848],[-157.86427,21.30848],[-157.86427,21.30849],[-157.86427,21.30849],[-157.86427,21.3085],[-157.86427,21.3085],[-157.86427,21.30851],[-157.86427,21.30851],[-157.86427,21.30852],[-157.86427,21.30852],[-157.86427,21.30853],[-157.86427,21.30853],[-157.86427,21.30854],[-157.86427,21.30854],[-157.86427,21.30854],[-157.86427,21.30855],[-157.86427,21.30855],[-157.86427,21.30856],[-157.86426,21.30856],[-157.86426,21.30857],[-157.86426,21.30857],[-157.86426,21.30858],[-157.86426,21.30858],[-157.86426,21.30859],[-157.86426,21.30859],[-157.86426,21.3086],[-157.86426,21.3086],[-157.86426,21.3086],[-157.86426,21.30861],[-157.86426,21.30861],[-157.86426,21.30862],[-157.86426,21.30862],[-157.86426,21.30863],[-157.86426,21.30863],[-157.86426,21.30864],[-157.86426,21.30864],[-157.86426,21.30865],[-157.86426,21.30865],[-157.86426,21.30866],[-157.86426,21.30866],[-157.86425,21.30867],[-157.86425,21.30867],[-157.86425,21.30867],[-157.86425,21.30868],[-157.86424,21.30878],[-157.86423,21.30887],[-157.86423,21.30888],[-157.86423,21.30888],[-157.86423,21.30889],[-157.86423,21.30889],[-157.86423,21.3089],[-157.86423,21.3089],[-157.86423,21.30891],[-157.86423,21.30891],[-157.86423,21.30892],[-157.86423,21.30892],[-157.86423,21.30893],[-157.86423,21.30893],[-157.86423,21.30894],[-157.86423,21.30894],[-157.86422,21.30895],[-157.86422,21.30895],[-157.86422,21.30896],[-157.86422,21.30897],[-157.86422,21.30897],[-157.86422,21.30898],[-157.86422,21.30898],[-157.86422,21.30899],[-157.86422,21.30899],[-157.86422,21.309],[-157.86422,21.309],[-157.86422,21.30901],[-157.86422,21.30901],[-157.86422,21.30902],[-157.86422,21.30902],[-157.86422,21.30903],[-157.86422,21.30903],[-157.86422,21.30904],[-157.86422,21.30904],[-157.86422,21.30905],[-157.86421,21.30905],[-157.86421,21.30906],[-157.86421,21.30906],[-157.86421,21.30907],[-157.86421,21.30907],[-157.86421,21.30908],[-157.86421,21.30908],[-157.86421,21.30909],[-157.86421,21.30909],[-157.86421,21.3091],[-157.86421,21.3091],[-157.86421,21.30911],[-157.86421,21.30911],[-157.86421,21.30912],[-157.86421,21.30912],[-157.86421,21.30913],[-157.86421,21.30913],[-157.86421,21.30914],[-157.86421,21.30914],[-157.86421,21.30915],[-157.86421,21.30915],[-157.86421,21.30916],[-157.86421,21.30916],[-157.86421,21.30917],[-157.86421,21.30917],[-157.86421,21.30918],[-157.86421,21.30918],[-157.86421,21.30919],[-157.86421,21.30919],[-157.86421,21.3092],[-157.8642,21.30922],[-157.8642,21.30925],[-157.8642,21.30927],[-157.8642,21.3093],[-157.8642,21.30932],[-157.8642,21.30935],[-157.8642,21.30937],[-157.8642,21.30939],[-157.86421,21.30942],[-157.86421,21.30944],[-157.86421,21.30947],[-157.86421,21.30949],[-157.86421,21.30951],[-157.86421,21.30954],[-157.86422,21.30956],[-157.86422,21.30959],[-157.86422,21.30961],[-157.86422,21.30964],[-157.86423,21.30966],[-157.86423,21.30968],[-157.86423,21.30971],[-157.86424,21.30973],[-157.86424,21.30975],[-157.86425,21.30978],[-157.86425,21.3098],[-157.86426,21.30983],[-157.86426,21.30985],[-157.86427,21.30987],[-157.86427,21.3099],[-157.86428,21.30992],[-157.86428,21.30994],[-157.86429,21.30997],[-157.86429,21.30999],[-157.8643,21.31002],[-157.86431,21.31004],[-157.86431,21.31006],[-157.86432,21.31008],[-157.86433,21.31011],[-157.86434,21.31013],[-157.86434,21.31015],[-157.86435,21.31018],[-157.86436,21.3102],[-157.86437,21.31022],[-157.86438,21.31025],[-157.86439,21.31027],[-157.8644,21.31029],[-157.8644,21.3103],[-157.8644,21.3103],[-157.8644,21.31031],[-157.8644,21.31031],[-157.86441,21.31032],[-157.86441,21.31032],[-157.86441,21.31032],[-157.86441,21.31033],[-157.86441,21.31033],[-157.86442,21.31034],[-157.86442,21.31034],[-157.86442,21.31035],[-157.86442,21.31035],[-157.86442,21.31036],[-157.86443,21.31036],[-157.86443,21.31037],[-157.86443,21.31037],[-157.86443,21.31038],[-157.86443,21.31038],[-157.86444,21.31039],[-157.86444,21.31039],[-157.86444,21.3104],[-157.86444,21.3104],[-157.86444,21.3104],[-157.86445,21.31041],[-157.86445,21.31041],[-157.86445,21.31042],[-157.86445,21.31042],[-157.86446,21.31043],[-157.86446,21.31043],[-157.86446,21.31044],[-157.86446,21.31044],[-157.86446,21.31045],[-157.86447,21.31045],[-157.86447,21.31046],[-157.86447,21.31046],[-157.86447,21.31047],[-157.86447,21.31047],[-157.86448,21.31048],[-157.86448,21.31048],[-157.86448,21.31048],[-157.86448,21.31049],[-157.86449,21.31049],[-157.86449,21.3105],[-157.86449,21.3105],[-157.86449,21.31051],[-157.86449,21.31051],[-157.8645,21.31052],[-157.8645,21.31052],[-157.8645,21.31053],[-157.8645,21.31053],[-157.86451,21.31054],[-157.86451,21.31054],[-157.86451,21.31055],[-157.86451,21.31055],[-157.86451,21.31055],[-157.86452,21.31056],[-157.86452,21.31056],[-157.86452,21.31057],[-157.86452,21.31057],[-157.86453,21.31058],[-157.86453,21.31058],[-157.8647,21.31095],[-157.86488,21.31132],[-157.86488,21.31133],[-157.86488,21.31133],[-157.86489,21.31133],[-157.86489,21.31134],[-157.86489,21.31134],[-157.86489,21.31135],[-157.86489,21.31135],[-157.8649,21.31135],[-157.8649,21.31136],[-157.8649,21.31136],[-157.8649,21.31136],[-157.8649,21.31137],[-157.8649,21.31137],[-157.86491,21.31138],[-157.86491,21.31138],[-157.86491,21.31138],[-157.86491,21.31139],[-157.86491,21.31139],[-157.86492,21.31139],[-157.86492,21.3114],[-157.86492,21.3114],[-157.86492,21.31141],[-157.86492,21.31141],[-157.86492,21.31141],[-157.86493,21.31142],[-157.86493,21.31142],[-157.86493,21.31142],[-157.86493,21.31143],[-157.86493,21.31143],[-157.86493,21.31144],[-157.86494,21.31144],[-157.86494,21.31144],[-157.86494,21.31145],[-157.86494,21.31145],[-157.86494,21.31146],[-157.86494,21.31146],[-157.86495,21.31146],[-157.86495,21.31147],[-157.86495,21.31147],[-157.86495,21.31147],[-157.86495,21.31148],[-157.86495,21.31148],[-157.86496,21.31149],[-157.86496,21.31149],[-157.86496,21.31149],[-157.86496,21.3115],[-157.86496,21.3115],[-157.86496,21.31151],[-157.86497,21.31151],[-157.86497,21.31151],[-157.86497,21.31152],[-157.86497,21.31152],[-157.86497,21.31152],[-157.86497,21.31153],[-157.86497,21.31153],[-157.86498,21.31154],[-157.86498,21.31154],[-157.86498,21.31154],[-157.86498,21.31155],[-157.86498,21.31155],[-157.86498,21.31156],[-157.86499,21.31156],[-157.86501,21.31163],[-157.86503,21.31171],[-157.86505,21.31179],[-157.86505,21.31179],[-157.86505,21.31179],[-157.86505,21.3118],[-157.86505,21.3118],[-157.86505,21.31181],[-157.86505,21.31181],[-157.86505,21.31181],[-157.86505,21.31182],[-157.86505,21.31182],[-157.86506,21.31183],[-157.86506,21.31183],[-157.86506,21.31183],[-157.86506,21.31184],[-157.86506,21.31184],[-157.86506,21.31185],[-157.86506,21.31185],[-157.86506,21.31185],[-157.86506,21.31186],[-157.86506,21.31186],[-157.86506,21.31187],[-157.86506,21.31187],[-157.86506,21.31188],[-157.86506,21.31188],[-157.86506,21.31188],[-157.86506,21.31189],[-157.86506,21.31189],[-157.86506,21.3119],[-157.86507,21.3119],[-157.86507,21.3119],[-157.86507,21.31191],[-157.86507,21.31191],[-157.86507,21.31192],[-157.86507,21.31192],[-157.86507,21.31192],[-157.86507,21.31193],[-157.86507,21.31193],[-157.86507,21.31194],[-157.86507,21.31194],[-157.86507,21.31194],[-157.86507,21.31195],[-157.86507,21.31195],[-157.86507,21.31196],[-157.86507,21.31196],[-157.86507,21.31197],[-157.86507,21.31197],[-157.86507,21.31197],[-157.86507,21.31198],[-157.86507,21.31198],[-157.86507,21.31199],[-157.86508,21.31199],[-157.86508,21.31199],[-157.86508,21.312],[-157.86508,21.312],[-157.86508,21.31201],[-157.86508,21.31201],[-157.86508,21.31201],[-157.86508,21.31202],[-157.86508,21.31202],[-157.86508,21.31203],[-157.86508,21.31203],[-157.86508,21.31204],[-157.86508,21.31204],[-157.86513,21.31259],[-157.86518,21.31313],[-157.86519,21.31323],[-157.8652,21.31332],[-157.86522,21.31354],[-157.86525,21.31376],[-157.86525,21.31377],[-157.86525,21.31377],[-157.86525,21.31377],[-157.86525,21.31377],[-157.86525,21.31378],[-157.86525,21.31378],[-157.86525,21.31378],[-157.86525,21.31379],[-157.86525,21.31379],[-157.86525,21.31379],[-157.86525,21.3138],[-157.86525,21.3138],[-157.86525,21.3138],[-157.86525,21.3138],[-157.86525,21.31381],[-157.86525,21.31381],[-157.86525,21.31381],[-157.86525,21.31382],[-157.86525,21.31382],[-157.86525,21.31382],[-157.86525,21.31383],[-157.86525,21.31383],[-157.86525,21.31383],[-157.86525,21.31383],[-157.86525,21.31384],[-157.86525,21.31384],[-157.86525,21.31384],[-157.86525,21.31385],[-157.86525,21.31385],[-157.86525,21.31385],[-157.86525,21.31386],[-157.86526,21.31386],[-157.86526,21.31386],[-157.86526,21.31386],[-157.86526,21.31387],[-157.86526,21.31387],[-157.86526,21.31387],[-157.86526,21.31388],[-157.86526,21.31388],[-157.86526,21.31388],[-157.86526,21.31389],[-157.86526,21.31389],[-157.86526,21.31389],[-157.86526,21.31389],[-157.86526,21.3139],[-157.86526,21.3139],[-157.86526,21.3139],[-157.86526,21.31391],[-157.86526,21.31391],[-157.86526,21.31391],[-157.86526,21.31392],[-157.86526,21.31392],[-157.86526,21.31392],[-157.86526,21.31392],[-157.86526,21.31393],[-157.86526,21.31393],[-157.86526,21.31393],[-157.86526,21.31394],[-157.86526,21.31394],[-157.86526,21.31394],[-157.86526,21.31395],[-157.86526,21.31395],[-157.86527,21.31408],[-157.86527,21.3142],[-157.86527,21.31433],[-157.86527,21.31433],[-157.86527,21.31433],[-157.86527,21.31434],[-157.86527,21.31434],[-157.86527,21.31434],[-157.86527,21.31435],[-157.86527,21.31435],[-157.86527,21.31435],[-157.86527,21.31436],[-157.86527,21.31436],[-157.86527,21.31436],[-157.86527,21.31436],[-157.86527,21.31437],[-157.86527,21.31437],[-157.86527,21.31437],[-157.86526,21.31438],[-157.86526,21.31438],[-157.86526,21.31438],[-157.86526,21.31439],[-157.86526,21.31439],[-157.86526,21.31439],[-157.86526,21.31439],[-157.86526,21.3144],[-157.86526,21.3144],[-157.86526,21.3144],[-157.86526,21.31441],[-157.86526,21.31441],[-157.86526,21.31441],[-157.86526,21.31442],[-157.86526,21.31442],[-157.86526,21.31442],[-157.86526,21.31442],[-157.86526,21.31443],[-157.86526,21.31443],[-157.86526,21.31443],[-157.86526,21.31444],[-157.86526,21.31444],[-157.86526,21.31444],[-157.86526,21.31445],[-157.86526,21.31445],[-157.86526,21.31445],[-157.86526,21.31445],[-157.86526,21.31446],[-157.86526,21.31446],[-157.86526,21.31446],[-157.86526,21.31447],[-157.86526,21.31447],[-157.86526,21.31447],[-157.86526,21.31448],[-157.86526,21.31448],[-157.86526,21.31448],[-157.86526,21.31448],[-157.86526,21.31449],[-157.86526,21.31449],[-157.86526,21.31449],[-157.86526,21.3145],[-157.86526,21.3145],[-157.86526,21.3145],[-157.86526,21.31451],[-157.86526,21.31451],[-157.86526,21.31451],[-157.86526,21.31451],[-157.86522,21.31493],[-157.86519,21.31535],[-157.86519,21.31535],[-157.86519,21.31536],[-157.86519,21.31536],[-157.86519,21.31537],[-157.86519,21.31537],[-157.86519,21.31538],[-157.86519,21.31538],[-157.86519,21.31539],[-157.86519,21.31539],[-157.86519,21.3154],[-157.86519,21.3154],[-157.86519,21.31541],[-157.86519,21.31541],[-157.86519,21.31541],[-157.86519,21.31542],[-157.86519,21.31542],[-157.86519,21.31543],[-157.86519,21.31543],[-157.86519,21.31544],[-157.86519,21.31544],[-157.86519,21.31545],[-157.86519,21.31545],[-157.86519,21.31546],[-157.86519,21.31546],[-157.86519,21.31547],[-157.86519,21.31547],[-157.86519,21.31548],[-157.86518,21.31548],[-157.86518,21.31549],[-157.86518,21.31549],[-157.86518,21.3155],[-157.86518,21.3155],[-157.86518,21.31551],[-157.86518,21.31551],[-157.86518,21.31552],[-157.86518,21.31552],[-157.86518,21.31553],[-157.86518,21.31553],[-157.86518,21.31554],[-157.86518,21.31554],[-157.86518,21.31555],[-157.86518,21.31555],[-157.86518,21.31556],[-157.86518,21.31556],[-157.86518,21.31557],[-157.86518,21.31557],[-157.86518,21.31558],[-157.86518,21.31558],[-157.86518,21.31559],[-157.86518,21.31559],[-157.86518,21.3156],[-157.86518,21.3156],[-157.86518,21.31561],[-157.86518,21.31561],[-157.86518,21.31561],[-157.86518,21.31562],[-157.86518,21.31562],[-157.86518,21.31563],[-157.86518,21.31563],[-157.86518,21.31564],[-157.86518,21.31564],[-157.86518,21.31565],[-157.86518,21.31565],[-157.86518,21.31566],[-157.86518,21.31567],[-157.86518,21.31568],[-157.86519,21.31569],[-157.86519,21.3157],[-157.86519,21.31572],[-157.86519,21.31573],[-157.86519,21.31574],[-157.86519,21.31575],[-157.86519,21.31576],[-157.86519,21.31578],[-157.8652,21.31579],[-157.8652,21.3158],[-157.8652,21.31581],[-157.8652,21.31583],[-157.8652,21.31584],[-157.86521,21.31585],[-157.86521,21.31586],[-157.86521,21.31587],[-157.86521,21.31588],[-157.86522,21.3159],[-157.86522,21.31591],[-157.86522,21.31592],[-157.86523,21.31593],[-157.86523,21.31594],[-157.86523,21.31596],[-157.86524,21.31597],[-157.86524,21.31598],[-157.86524,21.31599],[-157.86525,21.316],[-157.86525,21.31601],[-157.86526,21.31603],[-157.86526,21.31604],[-157.86526,21.31605],[-157.86527,21.31606],[-157.86527,21.31607],[-157.86528,21.31608],[-157.86528,21.31609],[-157.86529,21.31611],[-157.86529,21.31612],[-157.8653,21.31613],[-157.8653,21.31614],[-157.86531,21.31615],[-157.86531,21.31616],[-157.86532,21.31617],[-157.86532,21.31618],[-157.86533,21.3162],[-157.86533,21.31621],[-157.86534,21.31622],[-157.86534,21.31623],[-157.86535,21.31624],[-157.86536,21.31625],[-157.86536,21.31626],[-157.86537,21.31627],[-157.86538,21.31628],[-157.86538,21.31629],[-157.86538,21.31629],[-157.86538,21.31629],[-157.86539,21.3163],[-157.86539,21.3163],[-157.86539,21.31631],[-157.86539,21.31631],[-157.8654,21.31632],[-157.8654,21.31632],[-157.8654,21.31632],[-157.8654,21.31633],[-157.86541,21.31633],[-157.86541,21.31634],[-157.86541,21.31634],[-157.86542,21.31634],[-157.86542,21.31635],[-157.86542,21.31635],[-157.86542,21.31636],[-157.86543,21.31636],[-157.86543,21.31637],[-157.86543,21.31637],[-157.86544,21.31637],[-157.86544,21.31638],[-157.86544,21.31638],[-157.86544,21.31639],[-157.86545,21.31639],[-157.86545,21.31639],[-157.86545,21.3164],[-157.86546,21.3164],[-157.86546,21.31641],[-157.86546,21.31641],[-157.86546,21.31641],[-157.86547,21.31642],[-157.86547,21.31642],[-157.86547,21.31643],[-157.86548,21.31643],[-157.86548,21.31643],[-157.86548,21.31644],[-157.86548,21.31644],[-157.86549,21.31645],[-157.86549,21.31645],[-157.86549,21.31645],[-157.8655,21.31646],[-157.8655,21.31646],[-157.8655,21.31647],[-157.86551,21.31647],[-157.86551,21.31647],[-157.86551,21.31648],[-157.86552,21.31648],[-157.86552,21.31649],[-157.86552,21.31649],[-157.86552,21.31649],[-157.86553,21.3165],[-157.86553,21.3165],[-157.86553,21.31651],[-157.86554,21.31651],[-157.86554,21.31651],[-157.86554,21.31652],[-157.86555,21.31652],[-157.86555,21.31653],[-157.86555,21.31653],[-157.86555,21.31653],[-157.86612,21.31727],[-157.86669,21.31801],[-157.86669,21.31802],[-157.8667,21.31802],[-157.8667,21.31803],[-157.8667,21.31803],[-157.86671,21.31804],[-157.86671,21.31804],[-157.86671,21.31804],[-157.86672,21.31805],[-157.86672,21.31805],[-157.86672,21.31806],[-157.86673,21.31806],[-157.86673,21.31807],[-157.86674,21.31807],[-157.86674,21.31808],[-157.86674,21.31808],[-157.86675,21.31808],[-157.86675,21.31809],[-157.86675,21.31809],[-157.86676,21.3181],[-157.86676,21.3181],[-157.86676,21.31811],[-157.86677,21.31811],[-157.86677,21.31812],[-157.86677,21.31812],[-157.86678,21.31812],[-157.86678,21.31813],[-157.86678,21.31813],[-157.86679,21.31814],[-157.86679,21.31814],[-157.86679,21.31815],[-157.8668,21.31815],[-157.8668,21.31816],[-157.86681,21.31816],[-157.86681,21.31816],[-157.86681,21.31817],[-157.86682,21.31817],[-157.86682,21.31818],[-157.86682,21.31818],[-157.86683,21.31819],[-157.86683,21.31819],[-157.86683,21.31819],[-157.86684,21.3182],[-157.86684,21.3182],[-157.86684,21.31821],[-157.86685,21.31821],[-157.86685,21.31822],[-157.86686,21.31822],[-157.86686,21.31822],[-157.86686,21.31823],[-157.86687,21.31823],[-157.86687,21.31824],[-157.86687,21.31824],[-157.86688,21.31825],[-157.86688,21.31825],[-157.86689,21.31825],[-157.86689,21.31826],[-157.86689,21.31826],[-157.8669,21.31827],[-157.8669,21.31827],[-157.8669,21.31828],[-157.86691,21.31828],[-157.86691,21.31828],[-157.86692,21.31829],[-157.86693,21.3183],[-157.86694,21.31831],[-157.86695,21.31832],[-157.86696,21.31834],[-157.86697,21.31835],[-157.86699,21.31836],[-157.867,21.31837],[-157.86701,21.31838],[-157.86702,21.31839],[-157.86704,21.31841],[-157.86705,21.31842],[-157.86706,21.31843],[-157.86707,21.31844],[-157.86709,21.31845],[-157.8671,21.31846],[-157.86711,21.31847],[-157.86713,21.31848],[-157.86714,21.31849],[-157.86715,21.3185],[-157.86717,21.31851],[-157.86718,21.31852],[-157.86719,21.31853],[-157.86721,21.31854],[-157.86721,21.31855],[-157.86722,21.31855],[-157.86722,21.31855],[-157.86723,21.31856],[-157.86723,21.31856],[-157.86723,21.31856],[-157.86724,21.31857],[-157.86724,21.31857],[-157.86725,21.31857],[-157.86725,21.31858],[-157.86726,21.31858],[-157.86726,21.31858],[-157.86727,21.31858],[-157.86727,21.31859],[-157.86728,21.31859],[-157.86728,21.31859],[-157.86729,21.3186],[-157.86729,21.3186],[-157.8673,21.3186],[-157.8673,21.31861],[-157.86731,21.31861],[-157.86731,21.31861],[-157.86732,21.31862],[-157.86732,21.31862],[-157.86733,21.31862],[-157.86733,21.31863],[-157.86734,21.31863],[-157.86734,21.31863],[-157.86735,21.31863],[-157.86735,21.31864],[-157.86736,21.31864],[-157.86736,21.31864],[-157.86737,21.31865],[-157.86737,21.31865],[-157.86737,21.31865],[-157.86738,21.31866],[-157.86738,21.31866],[-157.86739,21.31866],[-157.86739,21.31866],[-157.8674,21.31867],[-157.8674,21.31867],[-157.86741,21.31867],[-157.86741,21.31868],[-157.86742,21.31868],[-157.86742,21.31868],[-157.86743,21.31869],[-157.86743,21.31869],[-157.86744,21.31869],[-157.86744,21.31869],[-157.86745,21.3187],[-157.86745,21.3187],[-157.86746,21.3187],[-157.86746,21.31871],[-157.86747,21.31871],[-157.86747,21.31871],[-157.86748,21.31871],[-157.86748,21.31872],[-157.86749,21.31872],[-157.86749,21.31872],[-157.8675,21.31873],[-157.8675,21.31873],[-157.86751,21.31873],[-157.87104,21.3208],[-157.87456,21.32287],[-157.87457,21.32288],[-157.87458,21.32288],[-157.87459,21.32289],[-157.8746,21.32289],[-157.87461,21.3229],[-157.87461,21.3229],[-157.87462,21.32291],[-157.87463,21.32291],[-157.87464,21.32292],[-157.87465,21.32292],[-157.87466,21.32293],[-157.87467,21.32293],[-157.87468,21.32294],[-157.87468,21.32294],[-157.87469,21.32295],[-157.8747,21.32295],[-157.87471,21.32296],[-157.87472,21.32297],[-157.87473,21.32297],[-157.87474,21.32298],[-157.87475,21.32298],[-157.87475,21.32299],[-157.87476,21.32299],[-157.87477,21.323],[-157.87478,21.323],[-157.87479,21.32301],[-157.8748,21.32301],[-157.87481,21.32302],[-157.87481,21.32302],[-157.87482,21.32303],[-157.87483,21.32303],[-157.87484,21.32304],[-157.87485,21.32304],[-157.87486,21.32305],[-157.87487,21.32305],[-157.87488,21.32306],[-157.87488,21.32306],[-157.87489,21.32307],[-157.8749,21.32307],[-157.87491,21.32308],[-157.87492,21.32309],[-157.87493,21.32309],[-157.87494,21.3231],[-157.87494,21.3231],[-157.87495,21.32311],[-157.87496,21.32311],[-157.87497,21.32312],[-157.87498,21.32312],[-157.87499,21.32313],[-157.87499,21.32313],[-157.875,21.32314],[-157.87501,21.32314],[-157.87502,21.32315],[-157.87503,21.32316],[-157.87504,21.32316],[-157.87505,21.32317],[-157.87505,21.32317],[-157.87506,21.32318],[-157.87507,21.32318],[-157.87508,21.32319],[-157.87509,21.32319],[-157.8751,21.3232],[-157.87524,21.3233],[-157.87539,21.32341],[-157.87539,21.32341],[-157.8754,21.32342],[-157.87541,21.32342],[-157.87542,21.32343],[-157.87543,21.32344],[-157.87543,21.32344],[-157.87544,21.32345],[-157.87545,21.32345],[-157.87546,21.32346],[-157.87546,21.32347],[-157.87547,21.32347],[-157.87548,21.32348],[-157.87549,21.32349],[-157.8755,21.32349],[-157.8755,21.3235],[-157.87551,21.3235],[-157.87552,21.32351],[-157.87553,21.32352],[-157.87554,21.32352],[-157.87554,21.32353],[-157.87555,21.32354],[-157.87556,21.32354],[-157.87557,21.32355],[-157.87557,21.32355],[-157.87558,21.32356],[-157.87559,21.32357],[-157.8756,21.32357],[-157.8756,21.32358],[-157.87561,21.32359],[-157.87562,21.32359],[-157.87563,21.3236],[-157.87564,21.32361],[-157.87564,21.32361],[-157.87565,21.32362],[-157.87566,21.32362],[-157.87567,21.32363],[-157.87567,21.32364],[-157.87568,21.32364],[-157.87569,21.32365],[-157.8757,21.32366],[-157.8757,21.32366],[-157.87571,21.32367],[-157.87572,21.32368],[-157.87573,21.32368],[-157.87574,21.32369],[-157.87574,21.3237],[-157.87575,21.3237],[-157.87576,21.32371],[-157.87577,21.32371],[-157.87577,21.32372],[-157.87578,21.32373],[-157.87579,21.32373],[-157.8758,21.32374],[-157.8758,21.32375],[-157.87581,21.32375],[-157.87582,21.32376],[-157.87583,21.32377],[-157.87583,21.32377],[-157.87584,21.32378],[-157.87585,21.32379],[-157.87586,21.32379],[-157.87586,21.3238],[-157.87907,21.32654],[-157.88228,21.32928],[-157.88229,21.32928],[-157.88229,21.32928],[-157.88229,21.32929],[-157.8823,21.32929],[-157.8823,21.32929],[-157.88231,21.3293],[-157.88231,21.3293],[-157.88231,21.3293],[-157.88232,21.32931],[-157.88232,21.32931],[-157.88233,21.32931],[-157.88233,21.32932],[-157.88233,21.32932],[-157.88234,21.32932],[-157.88234,21.32933],[-157.88235,21.32933],[-157.88235,21.32933],[-157.88235,21.32934],[-157.88236,21.32934],[-157.88236,21.32934],[-157.88237,21.32935],[-157.88237,21.32935],[-157.88237,21.32935],[-157.88238,21.32936],[-157.88238,21.32936],[-157.88239,21.32936],[-157.88239,21.32937],[-157.88239,21.32937],[-157.8824,21.32937],[-157.8824,21.32938],[-157.88241,21.32938],[-157.88241,21.32938],[-157.88241,21.32939],[-157.88242,21.32939],[-157.88242,21.32939],[-157.88243,21.3294],[-157.88243,21.3294],[-157.88243,21.3294],[-157.88244,21.32941],[-157.88244,21.32941],[-157.88245,21.32941],[-157.88245,21.32942],[-157.88245,21.32942],[-157.88246,21.32942],[-157.88246,21.32943],[-157.88247,21.32943],[-157.88247,21.32943],[-157.88247,21.32944],[-157.88248,21.32944],[-157.88248,21.32944],[-157.88249,21.32945],[-157.88249,21.32945],[-157.88249,21.32945],[-157.8825,21.32946],[-157.8825,21.32946],[-157.88251,21.32946],[-157.88251,21.32947],[-157.88251,21.32947],[-157.88252,21.32947],[-157.88252,21.32948],[-157.88253,21.32948],[-157.88253,21.32948],[-157.88254,21.3295],[-157.88256,21.32951],[-157.88262,21.32956],[-157.88269,21.32962],[-157.88276,21.32967],[-157.88283,21.32972],[-157.8829,21.32978],[-157.88297,21.32983],[-157.88297,21.32983],[-157.88298,21.32983],[-157.88298,21.32984],[-157.88299,21.32984],[-157.88299,21.32984],[-157.883,21.32985],[-157.883,21.32985],[-157.883,21.32985],[-157.88301,21.32986],[-157.88301,21.32986],[-157.88302,21.32986],[-157.88302,21.32987],[-157.88303,21.32987],[-157.88303,21.32987],[-157.88303,21.32988],[-157.88304,21.32988],[-157.88304,21.32988],[-157.88305,21.32988],[-157.88305,21.32989],[-157.88305,21.32989],[-157.88306,21.32989],[-157.88306,21.3299],[-157.88307,21.3299],[-157.88307,21.3299],[-157.88308,21.32991],[-157.88308,21.32991],[-157.88308,21.32991],[-157.88309,21.32991],[-157.88309,21.32992],[-157.8831,21.32992],[-157.8831,21.32992],[-157.88311,21.32993],[-157.88311,21.32993],[-157.88311,21.32993],[-157.88312,21.32994],[-157.88312,21.32994],[-157.88313,21.32994],[-157.88313,21.32995],[-157.88314,21.32995],[-157.88314,21.32995],[-157.88314,21.32995],[-157.88315,21.32996],[-157.88315,21.32996],[-157.88316,21.32996],[-157.88316,21.32997],[-157.88317,21.32997],[-157.88317,21.32997],[-157.88317,21.32998],[-157.88318,21.32998],[-157.88318,21.32998],[-157.88319,21.32999],[-157.88319,21.32999],[-157.8832,21.32999],[-157.8832,21.32999],[-157.8832,21.33],[-157.88321,21.33],[-157.88321,21.33],[-157.88322,21.33001],[-157.88322,21.33001],[-157.88322,21.33001],[-157.88323,21.33002],[-157.88323,21.33002],[-157.88428,21.33076],[-157.88532,21.33151],[-157.88533,21.33151],[-157.88534,21.33152],[-157.88534,21.33152],[-157.88535,21.33153],[-157.88535,21.33153],[-157.88536,21.33154],[-157.88537,21.33154],[-157.88537,21.33154],[-157.88538,21.33155],[-157.88539,21.33155],[-157.88539,21.33156],[-157.8854,21.33156],[-157.8854,21.33157],[-157.88541,21.33157],[-157.88542,21.33158],[-157.88542,21.33158],[-157.88543,21.33158],[-157.88544,21.33159],[-157.88544,21.33159],[-157.88545,21.3316],[-157.88545,21.3316],[-157.88546,21.33161],[-157.88547,21.33161],[-157.88547,21.33162],[-157.88548,21.33162],[-157.88549,21.33162],[-157.88549,21.33163],[-157.8855,21.33163],[-157.8855,21.33164],[-157.88551,21.33164],[-157.88552,21.33165],[-157.88552,21.33165],[-157.88553,21.33165],[-157.88554,21.33166],[-157.88554,21.33166],[-157.88555,21.33167],[-157.88555,21.33167],[-157.88556,21.33168],[-157.88557,21.33168],[-157.88557,21.33168],[-157.88558,21.33169],[-157.88559,21.33169],[-157.88559,21.3317],[-157.8856,21.3317],[-157.88561,21.33171],[-157.88561,21.33171],[-157.88562,21.33172],[-157.88562,21.33172],[-157.88563,21.33172],[-157.88564,21.33173],[-157.88564,21.33173],[-157.88565,21.33174],[-157.88566,21.33174],[-157.88566,21.33174],[-157.88567,21.33175],[-157.88568,21.33175],[-157.88568,21.33176],[-157.88569,21.33176],[-157.88569,21.33177],[-157.8857,21.33177],[-157.88571,21.33177],[-157.88571,21.33178],[-157.88575,21.3318],[-157.88578,21.33182],[-157.88581,21.33184],[-157.88585,21.33186],[-157.88588,21.33188],[-157.88591,21.3319],[-157.88595,21.33192],[-157.88598,21.33194],[-157.88602,21.33196],[-157.88606,21.33198],[-157.88609,21.332],[-157.88613,21.33201],[-157.88616,21.33203],[-157.8862,21.33205],[-157.88624,21.33207],[-157.88627,21.33208]]]}},{"type":"Feature","properties":{"OBJECTID":4,"feature_name":"Airport Section","feature_desc":"Eastbound Alignment","source_scale":"1:480 / 1\"=40'","SHAPE_Length":0.07778948011037762},"geometry":{"type":"MultiLineString","coordinates":[[[-157.93598,21.36756],[-157.93613,21.36732],[-157.93613,21.36731],[-157.93614,21.3673],[-157.93614,21.3673],[-157.93615,21.36729],[-157.93615,21.36728],[-157.93616,21.36727],[-157.93616,21.36726],[-157.93617,21.36726],[-157.93617,21.36725],[-157.93618,21.36724],[-157.93618,21.36723],[-157.93619,21.36723],[-157.93619,21.36722],[-157.93619,21.36721],[-157.9362,21.3672],[-157.9362,21.3672],[-157.93621,21.36719],[-157.93621,21.36718],[-157.93622,21.36717],[-157.93622,21.36716],[-157.93623,21.36716],[-157.93623,21.36715],[-157.93624,21.36714],[-157.93624,21.36713],[-157.93625,21.36713],[-157.93625,21.36712],[-157.93625,21.36711],[-157.93626,21.3671],[-157.93626,21.36709],[-157.93627,21.36709],[-157.93627,21.36708],[-157.93637,21.36691],[-157.93647,21.36673],[-157.93656,21.36655],[-157.93657,21.36654],[-157.93657,21.36654],[-157.93658,21.36653],[-157.93658,21.36652],[-157.93658,21.36651],[-157.93659,21.3665],[-157.93659,21.3665],[-157.9366,21.36649],[-157.9366,21.36648],[-157.9366,21.36647],[-157.93661,21.36646],[-157.93661,21.36646],[-157.93662,21.36645],[-157.93662,21.36644],[-157.93662,21.36643],[-157.93663,21.36642],[-157.93663,21.36642],[-157.93664,21.36641],[-157.93664,21.3664],[-157.93664,21.36639],[-157.93665,21.36638],[-157.93665,21.36638],[-157.93666,21.36637],[-157.93666,21.36636],[-157.93666,21.36635],[-157.93667,21.36634],[-157.93667,21.36634],[-157.93668,21.36633],[-157.93668,21.36632],[-157.93668,21.36631],[-157.93669,21.3663],[-157.93724,21.3652],[-157.93725,21.36518],[-157.93726,21.36516],[-157.93727,21.36514],[-157.93728,21.36511],[-157.93729,21.36509],[-157.9373,21.36507],[-157.93731,21.36505],[-157.93733,21.36502],[-157.93734,21.365],[-157.93735,21.36498],[-157.93736,21.36496],[-157.93737,21.36493],[-157.93738,21.36491],[-157.93739,21.36489],[-157.9374,21.36487],[-157.93741,21.36484],[-157.93742,21.36482],[-157.93743,21.3648],[-157.93744,21.36477],[-157.93745,21.36475],[-157.93746,21.36473],[-157.93747,21.36471],[-157.93748,21.36468],[-157.93749,21.36466],[-157.9375,21.36464],[-157.93751,21.36461],[-157.93752,21.36459],[-157.93753,21.36457],[-157.93754,21.36454],[-157.93755,21.36452],[-157.93756,21.3645],[-157.93761,21.36435],[-157.93766,21.3642],[-157.9377,21.36405],[-157.93773,21.36389],[-157.93776,21.36374],[-157.93777,21.36358],[-157.93779,21.36343],[-157.93779,21.36327],[-157.93779,21.36312],[-157.93779,21.36296],[-157.93777,21.36281],[-157.93777,21.36278],[-157.93777,21.36276],[-157.93776,21.36273],[-157.93776,21.36271],[-157.93776,21.36268],[-157.93775,21.36266],[-157.93775,21.36263],[-157.93775,21.36261],[-157.93774,21.36258],[-157.93774,21.36256],[-157.93773,21.36254],[-157.93773,21.36251],[-157.93772,21.36249],[-157.93772,21.36246],[-157.93772,21.36244],[-157.93771,21.36241],[-157.93771,21.36239],[-157.9377,21.36236],[-157.9377,21.36234],[-157.93769,21.36232],[-157.93769,21.36229],[-157.93768,21.36227],[-157.93768,21.36224],[-157.93767,21.36222],[-157.93767,21.36219],[-157.93766,21.36217],[-157.93766,21.36215],[-157.93765,21.36212],[-157.93765,21.3621],[-157.93764,21.36207],[-157.93763,21.36205],[-157.93619,21.35541],[-157.93618,21.3554],[-157.93618,21.35539],[-157.93618,21.35538],[-157.93618,21.35538],[-157.93618,21.35537],[-157.93617,21.35536],[-157.93617,21.35535],[-157.93617,21.35534],[-157.93617,21.35533],[-157.93617,21.35532],[-157.93616,21.35532],[-157.93616,21.35531],[-157.93616,21.3553],[-157.93616,21.35529],[-157.93616,21.35528],[-157.93615,21.35527],[-157.93615,21.35526],[-157.93615,21.35525],[-157.93615,21.35525],[-157.93615,21.35524],[-157.93615,21.35523],[-157.93614,21.35522],[-157.93614,21.35521],[-157.93614,21.3552],[-157.93614,21.35519],[-157.93614,21.35518],[-157.93613,21.35518],[-157.93613,21.35517],[-157.93613,21.35516],[-157.93613,21.35515],[-157.93613,21.35514],[-157.93608,21.35495],[-157.93603,21.35476],[-157.93603,21.35475],[-157.93602,21.35474],[-157.93602,21.35473],[-157.93602,21.35473],[-157.93602,21.35472],[-157.93602,21.35471],[-157.93601,21.3547],[-157.93601,21.35469],[-157.93601,21.35468],[-157.93601,21.35467],[-157.936,21.35467],[-157.936,21.35466],[-157.936,21.35465],[-157.936,21.35464],[-157.93599,21.35463],[-157.93599,21.35462],[-157.93599,21.35461],[-157.93599,21.35461],[-157.93598,21.3546],[-157.93598,21.35459],[-157.93598,21.35458],[-157.93598,21.35457],[-157.93597,21.35456],[-157.93597,21.35455],[-157.93597,21.35455],[-157.93597,21.35454],[-157.93596,21.35453],[-157.93596,21.35452],[-157.93596,21.35451],[-157.93596,21.3545],[-157.93595,21.35449],[-157.93589,21.35428],[-157.93589,21.35427],[-157.93589,21.35426],[-157.93588,21.35425],[-157.93588,21.35424],[-157.93588,21.35423],[-157.93588,21.35422],[-157.93587,21.35422],[-157.93587,21.35421],[-157.93587,21.3542],[-157.93587,21.35419],[-157.93586,21.35418],[-157.93586,21.35417],[-157.93586,21.35416],[-157.93586,21.35416],[-157.93586,21.35415],[-157.93585,21.35414],[-157.93585,21.35413],[-157.93585,21.35412],[-157.93585,21.35411],[-157.93584,21.3541],[-157.93584,21.3541],[-157.93584,21.35409],[-157.93584,21.35408],[-157.93583,21.35407],[-157.93583,21.35406],[-157.93583,21.35405],[-157.93583,21.35404],[-157.93582,21.35404],[-157.93582,21.35403],[-157.93582,21.35402],[-157.93582,21.35401],[-157.93577,21.35382],[-157.93572,21.35364],[-157.93568,21.35345],[-157.93567,21.35342],[-157.93567,21.35341],[-157.93567,21.3534],[-157.93567,21.35339],[-157.93567,21.35338],[-157.93566,21.35337],[-157.93566,21.35336],[-157.93566,21.35335],[-157.93566,21.35335],[-157.93566,21.35334],[-157.93566,21.35333],[-157.93565,21.35332],[-157.93565,21.35331],[-157.93565,21.3533],[-157.93565,21.35329],[-157.93565,21.35328],[-157.93565,21.35328],[-157.93564,21.35327],[-157.93564,21.35326],[-157.93564,21.35325],[-157.93564,21.35324],[-157.93564,21.35323],[-157.93563,21.35322],[-157.93563,21.35321],[-157.93563,21.35321],[-157.93563,21.3532],[-157.93563,21.35319],[-157.93563,21.35318],[-157.93562,21.35317],[-157.93562,21.35316],[-157.93562,21.35315],[-157.93562,21.35315],[-157.93557,21.35288],[-157.93549,21.35253],[-157.93483,21.34951],[-157.93475,21.34911],[-157.93465,21.34872],[-157.93379,21.34519],[-157.93378,21.34518],[-157.93378,21.34517],[-157.93378,21.34516],[-157.93378,21.34515],[-157.93377,21.34514],[-157.93377,21.34513],[-157.93377,21.34512],[-157.93377,21.34511],[-157.93376,21.3451],[-157.93376,21.34508],[-157.93376,21.34507],[-157.93375,21.34506],[-157.93375,21.34505],[-157.93375,21.34504],[-157.93375,21.34503],[-157.93374,21.34502],[-157.93374,21.34501],[-157.93374,21.345],[-157.93374,21.34499],[-157.93373,21.34498],[-157.93373,21.34497],[-157.93373,21.34495],[-157.93372,21.34494],[-157.93372,21.34493],[-157.93372,21.34492],[-157.93372,21.34491],[-157.93371,21.3449],[-157.93371,21.34489],[-157.93371,21.34488],[-157.9337,21.34487],[-157.9337,21.34486],[-157.93363,21.34462],[-157.93356,21.34439],[-157.93348,21.34416],[-157.93339,21.34393],[-157.9333,21.3437],[-157.93319,21.34348],[-157.93308,21.34326],[-157.93297,21.34304],[-157.93285,21.34283],[-157.93272,21.34262],[-157.93258,21.34241],[-157.93244,21.3422],[-157.93229,21.342],[-157.93214,21.34181],[-157.93198,21.34162],[-157.93181,21.34143],[-157.93164,21.34125],[-157.93147,21.34107],[-157.93128,21.34089],[-157.9311,21.34073],[-157.9309,21.34056],[-157.93071,21.3404],[-157.9305,21.34025],[-157.9303,21.34011],[-157.93008,21.33996],[-157.92987,21.33983],[-157.92965,21.3397],[-157.92943,21.33957],[-157.9292,21.33946],[-157.92897,21.33934],[-157.92873,21.33924],[-157.9285,21.33914],[-157.92826,21.33905],[-157.92801,21.33896],[-157.92777,21.33888],[-157.92752,21.33881],[-157.92727,21.33874],[-157.92702,21.33868],[-157.92676,21.33863],[-157.92675,21.33863],[-157.92674,21.33863],[-157.92673,21.33862],[-157.92672,21.33862],[-157.92671,21.33862],[-157.9267,21.33862],[-157.92668,21.33862],[-157.92667,21.33861],[-157.92666,21.33861],[-157.92665,21.33861],[-157.92664,21.33861],[-157.92663,21.33861],[-157.92661,21.3386],[-157.9266,21.3386],[-157.92659,21.3386],[-157.92658,21.3386],[-157.92657,21.33859],[-157.92656,21.33859],[-157.92654,21.33859],[-157.92653,21.33859],[-157.92652,21.33859],[-157.92651,21.33858],[-157.9265,21.33858],[-157.92649,21.33858],[-157.92647,21.33858],[-157.92646,21.33858],[-157.92645,21.33857],[-157.92644,21.33857],[-157.92643,21.33857],[-157.92642,21.33857],[-157.9264,21.33857],[-157.92611,21.33852],[-157.92611,21.33851],[-157.9261,21.33851],[-157.92609,21.33851],[-157.92608,21.33851],[-157.92607,21.33851],[-157.92607,21.33851],[-157.92606,21.33851],[-157.92605,21.33851],[-157.92604,21.3385],[-157.92604,21.3385],[-157.92603,21.3385],[-157.92602,21.3385],[-157.92601,21.3385],[-157.926,21.3385],[-157.926,21.3385],[-157.92599,21.33849],[-157.92598,21.33849],[-157.92597,21.33849],[-157.92597,21.33849],[-157.92596,21.33849],[-157.92595,21.33849],[-157.92594,21.33849],[-157.92594,21.33849],[-157.92593,21.33848],[-157.92592,21.33848],[-157.92591,21.33848],[-157.9259,21.33848],[-157.9259,21.33848],[-157.92589,21.33848],[-157.92588,21.33848],[-157.92587,21.33848],[-157.92573,21.33845],[-157.92572,21.33845],[-157.92571,21.33845],[-157.9257,21.33845],[-157.9257,21.33845],[-157.92569,21.33845],[-157.92568,21.33845],[-157.92567,21.33845],[-157.92567,21.33845],[-157.92566,21.33844],[-157.92565,21.33844],[-157.92564,21.33844],[-157.92563,21.33844],[-157.92563,21.33844],[-157.92562,21.33844],[-157.92561,21.33844],[-157.9256,21.33844],[-157.9256,21.33844],[-157.92559,21.33844],[-157.92558,21.33843],[-157.92557,21.33843],[-157.92556,21.33843],[-157.92556,21.33843],[-157.92555,21.33843],[-157.92554,21.33843],[-157.92553,21.33843],[-157.92553,21.33843],[-157.92552,21.33843],[-157.92551,21.33843],[-157.9255,21.33843],[-157.92549,21.33842],[-157.92549,21.33842],[-157.92397,21.33824],[-157.92396,21.33824],[-157.92395,21.33823],[-157.92394,21.33823],[-157.92393,21.33823],[-157.92392,21.33823],[-157.92391,21.33823],[-157.9239,21.33823],[-157.92389,21.33823],[-157.92388,21.33823],[-157.92387,21.33822],[-157.92386,21.33822],[-157.92385,21.33822],[-157.92384,21.33822],[-157.92383,21.33822],[-157.92382,21.33822],[-157.92381,21.33822],[-157.9238,21.33821],[-157.92379,21.33821],[-157.92378,21.33821],[-157.92377,21.33821],[-157.92376,21.33821],[-157.92375,21.33821],[-157.92374,21.3382],[-157.92373,21.3382],[-157.92372,21.3382],[-157.92371,21.3382],[-157.9237,21.3382],[-157.92369,21.33819],[-157.92368,21.33819],[-157.92367,21.33819],[-157.92366,21.33819],[-157.92364,21.33818],[-157.92362,21.33818],[-157.9236,21.33817],[-157.92359,21.33816],[-157.92357,21.33816],[-157.92355,21.33815],[-157.92353,21.33814],[-157.92351,21.33814],[-157.92349,21.33813],[-157.92347,21.33812],[-157.92345,21.33811],[-157.92343,21.3381],[-157.92342,21.3381],[-157.9234,21.33809],[-157.92338,21.33808],[-157.92336,21.33807],[-157.92334,21.33806],[-157.92333,21.33805],[-157.92331,21.33804],[-157.92329,21.33803],[-157.92328,21.33801],[-157.92326,21.338],[-157.92324,21.33799],[-157.92323,21.33798],[-157.92321,21.33797],[-157.9232,21.33795],[-157.92318,21.33794],[-157.92317,21.33793],[-157.92315,21.33792],[-157.92314,21.3379],[-157.92312,21.33789],[-157.92311,21.33787],[-157.92309,21.33786],[-157.92308,21.33785],[-157.92307,21.33783],[-157.92305,21.33782],[-157.92304,21.3378],[-157.92303,21.33779],[-157.92302,21.33777],[-157.923,21.33776],[-157.92299,21.33774],[-157.92298,21.33772],[-157.92297,21.33771],[-157.92296,21.33769],[-157.92295,21.33767],[-157.92294,21.33766],[-157.92293,21.33764],[-157.92292,21.33762],[-157.92291,21.33761],[-157.9229,21.33759],[-157.92289,21.33757],[-157.92289,21.33755],[-157.92288,21.33754],[-157.92287,21.33752],[-157.92286,21.3375],[-157.92286,21.33748],[-157.92285,21.33746],[-157.92284,21.33745],[-157.92284,21.33743],[-157.92283,21.33741],[-157.92283,21.33739],[-157.92282,21.33737],[-157.92282,21.33735],[-157.92281,21.33733],[-157.92281,21.33732],[-157.92281,21.3373],[-157.9228,21.33728],[-157.9228,21.33726],[-157.9228,21.33724],[-157.9228,21.33722],[-157.92279,21.3372],[-157.92279,21.33718],[-157.92279,21.33716],[-157.92279,21.33714],[-157.92279,21.33712],[-157.92279,21.3371],[-157.92279,21.33709],[-157.92279,21.33708],[-157.92279,21.33707],[-157.92279,21.33706],[-157.92279,21.33705],[-157.92279,21.33704],[-157.9228,21.33703],[-157.9228,21.33702],[-157.9228,21.33701],[-157.9228,21.337],[-157.9228,21.33699],[-157.9228,21.33699],[-157.9228,21.33698],[-157.9228,21.33697],[-157.9228,21.33696],[-157.92281,21.33695],[-157.92281,21.33694],[-157.92281,21.33693],[-157.92281,21.33692],[-157.92281,21.33691],[-157.92281,21.3369],[-157.92281,21.33689],[-157.92282,21.33688],[-157.92282,21.33687],[-157.92282,21.33687],[-157.92282,21.33686],[-157.92282,21.33685],[-157.92282,21.33684],[-157.92283,21.33683],[-157.92283,21.33682],[-157.92283,21.33681],[-157.92283,21.3368],[-157.92283,21.33679],[-157.92287,21.3366],[-157.92287,21.33659],[-157.92287,21.33658],[-157.92287,21.33657],[-157.92288,21.33656],[-157.92288,21.33655],[-157.92288,21.33654],[-157.92288,21.33653],[-157.92288,21.33652],[-157.92288,21.33651],[-157.92289,21.3365],[-157.92289,21.33649],[-157.92289,21.33648],[-157.92289,21.33647],[-157.92289,21.33646],[-157.92289,21.33645],[-157.9229,21.33644],[-157.9229,21.33643],[-157.9229,21.33642],[-157.9229,21.33642],[-157.9229,21.33641],[-157.9229,21.3364],[-157.9229,21.33639],[-157.9229,21.33638],[-157.92291,21.33637],[-157.92291,21.33636],[-157.92291,21.33635],[-157.92291,21.33634],[-157.92291,21.33633],[-157.92291,21.33632],[-157.92291,21.33631],[-157.92291,21.3363],[-157.92291,21.33623],[-157.92291,21.33615],[-157.92291,21.33608],[-157.92291,21.33607],[-157.92291,21.33606],[-157.9229,21.33605],[-157.9229,21.33604],[-157.9229,21.33603],[-157.9229,21.33602],[-157.9229,21.33601],[-157.9229,21.336],[-157.9229,21.33599],[-157.92289,21.33598],[-157.92289,21.33597],[-157.92289,21.33596],[-157.92289,21.33595],[-157.92289,21.33594],[-157.92289,21.33594],[-157.92288,21.33593],[-157.92288,21.33592],[-157.92288,21.33591],[-157.92288,21.3359],[-157.92288,21.33589],[-157.92287,21.33588],[-157.92287,21.33587],[-157.92287,21.33586],[-157.92287,21.33585],[-157.92287,21.33584],[-157.92286,21.33583],[-157.92286,21.33582],[-157.92286,21.33581],[-157.92286,21.3358],[-157.92286,21.33579],[-157.92285,21.33578],[-157.92266,21.3349],[-157.92265,21.33489],[-157.92265,21.33488],[-157.92265,21.33487],[-157.92265,21.33486],[-157.92264,21.33485],[-157.92264,21.33484],[-157.92264,21.33483],[-157.92264,21.33482],[-157.92264,21.33481],[-157.92263,21.3348],[-157.92263,21.33479],[-157.92263,21.33479],[-157.92263,21.33478],[-157.92263,21.33477],[-157.92262,21.33476],[-157.92262,21.33475],[-157.92262,21.33474],[-157.92262,21.33473],[-157.92261,21.33472],[-157.92261,21.33471],[-157.92261,21.3347],[-157.92261,21.3347],[-157.9226,21.33469],[-157.9226,21.33468],[-157.9226,21.33467],[-157.92259,21.33466],[-157.92259,21.33465],[-157.92259,21.33464],[-157.92259,21.33463],[-157.92258,21.33462],[-157.92258,21.33462],[-157.92254,21.33453],[-157.9225,21.33445],[-157.92245,21.33437],[-157.9224,21.3343],[-157.92234,21.33423],[-157.92227,21.33416],[-157.9222,21.3341],[-157.92212,21.33405],[-157.92204,21.334],[-157.92195,21.33396],[-157.92186,21.33392],[-157.92177,21.33389],[-157.92176,21.33389],[-157.92175,21.33389],[-157.92174,21.33389],[-157.92173,21.33388],[-157.92173,21.33388],[-157.92172,21.33388],[-157.92171,21.33388],[-157.9217,21.33388],[-157.92169,21.33387],[-157.92168,21.33387],[-157.92167,21.33387],[-157.92166,21.33387],[-157.92165,21.33387],[-157.92164,21.33386],[-157.92163,21.33386],[-157.92162,21.33386],[-157.92161,21.33386],[-157.9216,21.33386],[-157.92159,21.33386],[-157.92158,21.33385],[-157.92157,21.33385],[-157.92156,21.33385],[-157.92155,21.33385],[-157.92154,21.33385],[-157.92153,21.33385],[-157.92152,21.33384],[-157.92151,21.33384],[-157.9215,21.33384],[-157.92149,21.33384],[-157.92148,21.33384],[-157.92147,21.33384],[-157.9205,21.33369],[-157.9205,21.33369],[-157.92049,21.33369],[-157.92048,21.33369],[-157.92048,21.33369],[-157.92047,21.33369],[-157.92046,21.33369],[-157.92046,21.33368],[-157.92045,21.33368],[-157.92044,21.33368],[-157.92044,21.33368],[-157.92043,21.33368],[-157.92042,21.33368],[-157.92042,21.33368],[-157.92041,21.33368],[-157.92041,21.33368],[-157.9204,21.33368],[-157.92039,21.33367],[-157.92039,21.33367],[-157.92038,21.33367],[-157.92037,21.33367],[-157.92037,21.33367],[-157.92036,21.33367],[-157.92035,21.33367],[-157.92035,21.33367],[-157.92034,21.33367],[-157.92033,21.33367],[-157.92033,21.33367],[-157.92032,21.33367],[-157.92031,21.33367],[-157.92031,21.33366],[-157.9203,21.33366],[-157.92019,21.33366],[-157.92009,21.33366],[-157.91998,21.33366],[-157.91997,21.33366],[-157.91997,21.33366],[-157.91996,21.33366],[-157.91995,21.33366],[-157.91995,21.33366],[-157.91994,21.33366],[-157.91993,21.33367],[-157.91993,21.33367],[-157.91992,21.33367],[-157.91991,21.33367],[-157.91991,21.33367],[-157.9199,21.33367],[-157.91989,21.33367],[-157.91989,21.33367],[-157.91988,21.33367],[-157.91987,21.33367],[-157.91987,21.33367],[-157.91986,21.33367],[-157.91985,21.33367],[-157.91985,21.33367],[-157.91984,21.33368],[-157.91983,21.33368],[-157.91983,21.33368],[-157.91982,21.33368],[-157.91982,21.33368],[-157.91981,21.33368],[-157.9198,21.33368],[-157.9198,21.33368],[-157.91979,21.33368],[-157.91978,21.33368],[-157.91978,21.33368],[-157.91886,21.3338],[-157.91885,21.3338],[-157.91885,21.33381],[-157.91884,21.33381],[-157.91883,21.33381],[-157.91882,21.33381],[-157.91882,21.33381],[-157.91881,21.33381],[-157.9188,21.33381],[-157.91879,21.33381],[-157.91879,21.33381],[-157.91878,21.33381],[-157.91877,21.33382],[-157.91876,21.33382],[-157.91875,21.33382],[-157.91875,21.33382],[-157.91874,21.33382],[-157.91873,21.33382],[-157.91872,21.33382],[-157.91872,21.33382],[-157.91871,21.33382],[-157.9187,21.33382],[-157.91869,21.33382],[-157.91869,21.33383],[-157.91868,21.33383],[-157.91867,21.33383],[-157.91866,21.33383],[-157.91866,21.33383],[-157.91865,21.33383],[-157.91864,21.33383],[-157.91863,21.33383],[-157.91863,21.33383],[-157.91858,21.33384],[-157.91853,21.33384],[-157.91849,21.33384],[-157.91844,21.33384],[-157.91839,21.33384],[-157.91835,21.33384],[-157.91833,21.33384],[-157.91832,21.33384],[-157.91832,21.33384],[-157.91831,21.33384],[-157.9183,21.33384],[-157.91829,21.33384],[-157.91829,21.33384],[-157.91828,21.33384],[-157.91827,21.33384],[-157.91826,21.33384],[-157.91826,21.33384],[-157.91825,21.33384],[-157.91824,21.33384],[-157.91823,21.33384],[-157.91822,21.33384],[-157.91822,21.33384],[-157.91821,21.33384],[-157.9182,21.33384],[-157.91819,21.33384],[-157.91819,21.33384],[-157.91818,21.33384],[-157.91817,21.33384],[-157.91816,21.33384],[-157.91816,21.33384],[-157.91815,21.33383],[-157.91814,21.33383],[-157.91813,21.33383],[-157.91812,21.33383],[-157.91812,21.33383],[-157.91811,21.33383],[-157.9181,21.33383],[-157.91809,21.33383],[-157.91723,21.33378],[-157.91722,21.33378],[-157.91721,21.33378],[-157.9172,21.33378],[-157.91719,21.33378],[-157.91719,21.33378],[-157.91718,21.33378],[-157.91717,21.33378],[-157.91716,21.33378],[-157.91715,21.33378],[-157.91714,21.33378],[-157.91713,21.33378],[-157.91712,21.33377],[-157.91711,21.33377],[-157.9171,21.33377],[-157.9171,21.33377],[-157.91709,21.33377],[-157.91708,21.33377],[-157.91707,21.33377],[-157.91706,21.33377],[-157.91705,21.33377],[-157.91704,21.33377],[-157.91703,21.33377],[-157.91702,21.33377],[-157.91702,21.33377],[-157.91701,21.33377],[-157.917,21.33377],[-157.91699,21.33377],[-157.91698,21.33377],[-157.91697,21.33376],[-157.91696,21.33376],[-157.91695,21.33376],[-157.91682,21.33375],[-157.9167,21.33374],[-157.91657,21.33372],[-157.91651,21.33372],[-157.9165,21.33372],[-157.91649,21.33371],[-157.91648,21.33371],[-157.91647,21.33371],[-157.91646,21.33371],[-157.91646,21.33371],[-157.91645,21.33371],[-157.91644,21.33371],[-157.91643,21.33371],[-157.91642,21.3337],[-157.91641,21.3337],[-157.9164,21.3337],[-157.91639,21.3337],[-157.91638,21.3337],[-157.91638,21.3337],[-157.91637,21.3337],[-157.91636,21.3337],[-157.91635,21.33369],[-157.91634,21.33369],[-157.91633,21.33369],[-157.91632,21.33369],[-157.91631,21.33369],[-157.9163,21.33369],[-157.9163,21.33369],[-157.91629,21.33368],[-157.91628,21.33368],[-157.91627,21.33368],[-157.91626,21.33368],[-157.91625,21.33368],[-157.91624,21.33368],[-157.91623,21.33368],[-157.91465,21.33344],[-157.91464,21.33343],[-157.91463,21.33343],[-157.91462,21.33343],[-157.91461,21.33343],[-157.9146,21.33343],[-157.91459,21.33343],[-157.91459,21.33343],[-157.91458,21.33343],[-157.91457,21.33342],[-157.91456,21.33342],[-157.91455,21.33342],[-157.91454,21.33342],[-157.91453,21.33342],[-157.91452,21.33342],[-157.91451,21.33342],[-157.91451,21.33341],[-157.9145,21.33341],[-157.91449,21.33341],[-157.91448,21.33341],[-157.91447,21.33341],[-157.91446,21.33341],[-157.91445,21.33341],[-157.91444,21.33341],[-157.91443,21.3334],[-157.91443,21.3334],[-157.91442,21.3334],[-157.91441,21.3334],[-157.9144,21.3334],[-157.91439,21.3334],[-157.91438,21.3334],[-157.91437,21.3334],[-157.91416,21.33337],[-157.91415,21.33336],[-157.91414,21.33336],[-157.91413,21.33336],[-157.91412,21.33336],[-157.91411,21.33336],[-157.9141,21.33336],[-157.91409,21.33336],[-157.91408,21.33336],[-157.91408,21.33336],[-157.91407,21.33335],[-157.91406,21.33335],[-157.91405,21.33335],[-157.91404,21.33335],[-157.91403,21.33335],[-157.91402,21.33335],[-157.91401,21.33335],[-157.914,21.33335],[-157.91399,21.33335],[-157.91399,21.33334],[-157.91398,21.33334],[-157.91397,21.33334],[-157.91396,21.33334],[-157.91395,21.33334],[-157.91394,21.33334],[-157.91393,21.33334],[-157.91392,21.33334],[-157.91391,21.33334],[-157.91391,21.33333],[-157.9139,21.33333],[-157.91389,21.33333],[-157.91388,21.33333],[-157.91366,21.33331],[-157.91365,21.3333],[-157.91364,21.3333],[-157.91363,21.3333],[-157.91363,21.3333],[-157.91362,21.3333],[-157.91361,21.3333],[-157.9136,21.3333],[-157.91359,21.3333],[-157.91358,21.3333],[-157.91357,21.3333],[-157.91356,21.33329],[-157.91355,21.33329],[-157.91354,21.33329],[-157.91354,21.33329],[-157.91353,21.33329],[-157.91352,21.33329],[-157.91351,21.33329],[-157.9135,21.33329],[-157.91349,21.33329],[-157.91348,21.33328],[-157.91347,21.33328],[-157.91346,21.33328],[-157.91346,21.33328],[-157.91345,21.33328],[-157.91344,21.33328],[-157.91343,21.33328],[-157.91342,21.33328],[-157.91341,21.33328],[-157.9134,21.33327],[-157.91339,21.33327],[-157.91338,21.33327],[-157.91321,21.33325],[-157.9132,21.33325],[-157.91319,21.33325],[-157.91318,21.33324],[-157.91317,21.33324],[-157.91316,21.33324],[-157.91315,21.33324],[-157.91314,21.33324],[-157.91313,21.33324],[-157.91313,21.33324],[-157.91312,21.33324],[-157.91311,21.33323],[-157.9131,21.33323],[-157.91309,21.33323],[-157.91308,21.33323],[-157.91307,21.33323],[-157.91306,21.33323],[-157.91305,21.33323],[-157.91305,21.33322],[-157.91304,21.33322],[-157.91303,21.33322],[-157.91302,21.33322],[-157.91301,21.33322],[-157.913,21.33322],[-157.91299,21.33322],[-157.91298,21.33322],[-157.91297,21.33321],[-157.91297,21.33321],[-157.91296,21.33321],[-157.91295,21.33321],[-157.91294,21.33321],[-157.91293,21.33321],[-157.91086,21.3329],[-157.91085,21.3329],[-157.91084,21.3329],[-157.91083,21.33289],[-157.91082,21.33289],[-157.91081,21.33289],[-157.9108,21.33289],[-157.91079,21.33289],[-157.91079,21.33289],[-157.91078,21.33289],[-157.91077,21.33288],[-157.91076,21.33288],[-157.91075,21.33288],[-157.91074,21.33288],[-157.91073,21.33288],[-157.91072,21.33288],[-157.91071,21.33288],[-157.9107,21.33287],[-157.91069,21.33287],[-157.91068,21.33287],[-157.91067,21.33287],[-157.91066,21.33287],[-157.91065,21.33287],[-157.91064,21.33287],[-157.91064,21.33287],[-157.91063,21.33286],[-157.91062,21.33286],[-157.91061,21.33286],[-157.9106,21.33286],[-157.91059,21.33286],[-157.91058,21.33286],[-157.91057,21.33286],[-157.91028,21.33282],[-157.91027,21.33282],[-157.91026,21.33282],[-157.91025,21.33282],[-157.91024,21.33282],[-157.91023,21.33281],[-157.91022,21.33281],[-157.91021,21.33281],[-157.9102,21.33281],[-157.91019,21.33281],[-157.91018,21.33281],[-157.91017,21.33281],[-157.91016,21.33281],[-157.91015,21.33281],[-157.91015,21.33281],[-157.91014,21.3328],[-157.91013,21.3328],[-157.91012,21.3328],[-157.91011,21.3328],[-157.9101,21.3328],[-157.91009,21.3328],[-157.91008,21.3328],[-157.91007,21.3328],[-157.91006,21.3328],[-157.91005,21.3328],[-157.91004,21.33279],[-157.91003,21.33279],[-157.91002,21.33279],[-157.91001,21.33279],[-157.91,21.33279],[-157.90999,21.33279],[-157.90999,21.33279],[-157.90905,21.33269],[-157.90903,21.33269],[-157.90901,21.33269],[-157.90899,21.33269],[-157.90897,21.33269],[-157.90895,21.33268],[-157.90893,21.33268],[-157.90892,21.33268],[-157.9089,21.33268],[-157.90888,21.33268],[-157.90886,21.33267],[-157.90884,21.33267],[-157.90882,21.33267],[-157.9088,21.33267],[-157.90878,21.33267],[-157.90876,21.33267],[-157.90875,21.33266],[-157.90873,21.33266],[-157.90871,21.33266],[-157.90869,21.33266],[-157.90867,21.33266],[-157.90865,21.33266],[-157.90863,21.33266],[-157.90861,21.33266],[-157.90859,21.33265],[-157.90858,21.33265],[-157.90856,21.33265],[-157.90854,21.33265],[-157.90852,21.33265],[-157.9085,21.33265],[-157.90848,21.33265],[-157.90846,21.33265],[-157.90831,21.33265],[-157.90816,21.33266],[-157.90801,21.33267],[-157.90786,21.33269],[-157.90772,21.33272],[-157.9077,21.33272],[-157.90768,21.33273],[-157.90766,21.33273],[-157.90764,21.33273],[-157.90762,21.33274],[-157.90761,21.33274],[-157.90759,21.33275],[-157.90757,21.33275],[-157.90755,21.33275],[-157.90753,21.33276],[-157.90751,21.33276],[-157.9075,21.33277],[-157.90748,21.33277],[-157.90746,21.33278],[-157.90744,21.33278],[-157.90742,21.33279],[-157.9074,21.33279],[-157.90739,21.3328],[-157.90737,21.3328],[-157.90735,21.33281],[-157.90733,21.33281],[-157.90731,21.33282],[-157.9073,21.33282],[-157.90728,21.33283],[-157.90726,21.33283],[-157.90724,21.33284],[-157.90722,21.33284],[-157.90721,21.33285],[-157.90719,21.33285],[-157.90717,21.33286],[-157.90715,21.33286],[-157.90691,21.33293],[-157.9069,21.33294],[-157.90689,21.33294],[-157.90687,21.33295],[-157.90686,21.33295],[-157.90685,21.33295],[-157.90684,21.33296],[-157.90682,21.33296],[-157.90681,21.33296],[-157.9068,21.33297],[-157.90678,21.33297],[-157.90677,21.33297],[-157.90676,21.33298],[-157.90675,21.33298],[-157.90673,21.33299],[-157.90672,21.33299],[-157.90671,21.33299],[-157.9067,21.333],[-157.90668,21.333],[-157.90667,21.333],[-157.90666,21.33301],[-157.90664,21.33301],[-157.90663,21.33301],[-157.90662,21.33302],[-157.90661,21.33302],[-157.90659,21.33302],[-157.90658,21.33303],[-157.90657,21.33303],[-157.90655,21.33303],[-157.90654,21.33303],[-157.90653,21.33304],[-157.90652,21.33304],[-157.90647,21.33305],[-157.90642,21.33306],[-157.90637,21.33307],[-157.90631,21.33308],[-157.90626,21.33308],[-157.90621,21.33309],[-157.90616,21.3331],[-157.90611,21.3331],[-157.90606,21.33311],[-157.90601,21.33311],[-157.90596,21.33311],[-157.90591,21.33311],[-157.90586,21.33311],[-157.9058,21.33311],[-157.90575,21.33311],[-157.9057,21.33311],[-157.90565,21.33311],[-157.9056,21.3331],[-157.9056,21.3331],[-157.90558,21.3331],[-157.90557,21.3331],[-157.90556,21.3331],[-157.90554,21.3331],[-157.90553,21.3331],[-157.90552,21.3331],[-157.9055,21.33309],[-157.90549,21.33309],[-157.90548,21.33309],[-157.90546,21.33309],[-157.90545,21.33309],[-157.90544,21.33309],[-157.90542,21.33309],[-157.90541,21.33308],[-157.9054,21.33308],[-157.90539,21.33308],[-157.90537,21.33308],[-157.90536,21.33308],[-157.90535,21.33308],[-157.90533,21.33307],[-157.90532,21.33307],[-157.90531,21.33307],[-157.90529,21.33307],[-157.90528,21.33307],[-157.90527,21.33306],[-157.90525,21.33306],[-157.90524,21.33306],[-157.90523,21.33306],[-157.90521,21.33306],[-157.9052,21.33305],[-157.90519,21.33305],[-157.90461,21.33297],[-157.9046,21.33297],[-157.90459,21.33297],[-157.90459,21.33297],[-157.90458,21.33296],[-157.90458,21.33296],[-157.90457,21.33296],[-157.90456,21.33296],[-157.90456,21.33296],[-157.90455,21.33296],[-157.90454,21.33296],[-157.90454,21.33296],[-157.90453,21.33296],[-157.90452,21.33296],[-157.90452,21.33295],[-157.90451,21.33295],[-157.9045,21.33295],[-157.9045,21.33295],[-157.90449,21.33295],[-157.90448,21.33295],[-157.90448,21.33295],[-157.90447,21.33295],[-157.90446,21.33295],[-157.90446,21.33295],[-157.90445,21.33295],[-157.90444,21.33294],[-157.90444,21.33294],[-157.90443,21.33294],[-157.90442,21.33294],[-157.90442,21.33294],[-157.90441,21.33294],[-157.9044,21.33294],[-157.9042,21.33292],[-157.904,21.3329],[-157.90379,21.33289],[-157.90359,21.33288],[-157.90358,21.33288],[-157.90358,21.33288],[-157.90357,21.33288],[-157.90356,21.33288],[-157.90356,21.33288],[-157.90355,21.33288],[-157.90354,21.33288],[-157.90354,21.33288],[-157.90353,21.33288],[-157.90352,21.33288],[-157.90352,21.33288],[-157.90351,21.33288],[-157.9035,21.33288],[-157.9035,21.33288],[-157.90349,21.33288],[-157.90348,21.33288],[-157.90348,21.33288],[-157.90347,21.33288],[-157.90346,21.33288],[-157.90346,21.33288],[-157.90345,21.33288],[-157.90344,21.33288],[-157.90344,21.33288],[-157.90343,21.33288],[-157.90342,21.33289],[-157.90342,21.33289],[-157.90341,21.33289],[-157.9034,21.33289],[-157.9034,21.33289],[-157.90339,21.33289],[-157.90338,21.33289],[-157.90268,21.33289],[-157.90267,21.33289],[-157.90266,21.33289],[-157.90265,21.33289],[-157.90264,21.33289],[-157.90263,21.33289],[-157.90262,21.33289],[-157.90261,21.33289],[-157.9026,21.33289],[-157.90259,21.33289],[-157.90258,21.33289],[-157.90257,21.33289],[-157.90256,21.33289],[-157.90255,21.33289],[-157.90254,21.33289],[-157.90253,21.33289],[-157.90252,21.33289],[-157.90251,21.33289],[-157.9025,21.33289],[-157.90249,21.33289],[-157.90248,21.33289],[-157.90247,21.33289],[-157.90246,21.33289],[-157.90245,21.33289],[-157.90244,21.33289],[-157.90243,21.33289],[-157.90242,21.33289],[-157.90241,21.33289],[-157.9024,21.33289],[-157.90239,21.33289],[-157.90238,21.33289],[-157.90237,21.33289],[-157.90233,21.33289],[-157.90228,21.33288],[-157.90223,21.33288],[-157.90221,21.33288],[-157.9022,21.33288],[-157.90219,21.33288],[-157.90218,21.33288],[-157.90217,21.33287],[-157.90216,21.33287],[-157.90215,21.33287],[-157.90214,21.33287],[-157.90213,21.33287],[-157.90212,21.33287],[-157.90211,21.33287],[-157.9021,21.33287],[-157.90209,21.33286],[-157.90208,21.33286],[-157.90207,21.33286],[-157.90206,21.33286],[-157.90206,21.33286],[-157.90205,21.33286],[-157.90204,21.33286],[-157.90203,21.33286],[-157.90202,21.33285],[-157.90201,21.33285],[-157.902,21.33285],[-157.90199,21.33285],[-157.90198,21.33285],[-157.90197,21.33285],[-157.90196,21.33285],[-157.90195,21.33284],[-157.90194,21.33284],[-157.90193,21.33284],[-157.90192,21.33284],[-157.90191,21.33284],[-157.89957,21.33249],[-157.89956,21.33249],[-157.89954,21.33248],[-157.89952,21.33248],[-157.89951,21.33248],[-157.89949,21.33248],[-157.89947,21.33247],[-157.89946,21.33247],[-157.89944,21.33247],[-157.89942,21.33247],[-157.89941,21.33246],[-157.89939,21.33246],[-157.89937,21.33246],[-157.89936,21.33246],[-157.89934,21.33246],[-157.89933,21.33245],[-157.89931,21.33245],[-157.89929,21.33245],[-157.89928,21.33245],[-157.89926,21.33245],[-157.89924,21.33244],[-157.89923,21.33244],[-157.89921,21.33244],[-157.89919,21.33244],[-157.89918,21.33244],[-157.89916,21.33243],[-157.89914,21.33243],[-157.89913,21.33243],[-157.89911,21.33243],[-157.89909,21.33243],[-157.89908,21.33243],[-157.89906,21.33243],[-157.89892,21.33242],[-157.89878,21.33242],[-157.89864,21.33243],[-157.8985,21.33244],[-157.89836,21.33246],[-157.89822,21.33248],[-157.89808,21.33251],[-157.89795,21.33255],[-157.89781,21.33259],[-157.89768,21.33264],[-157.89755,21.3327],[-157.89754,21.3327],[-157.89752,21.33271],[-157.89751,21.33272],[-157.8975,21.33272],[-157.89748,21.33273],[-157.89747,21.33274],[-157.89745,21.33274],[-157.89744,21.33275],[-157.89742,21.33276],[-157.89741,21.33277],[-157.89739,21.33277],[-157.89738,21.33278],[-157.89736,21.33279],[-157.89735,21.3328],[-157.89733,21.3328],[-157.89732,21.33281],[-157.89731,21.33282],[-157.89729,21.33283],[-157.89728,21.33284],[-157.89726,21.33284],[-157.89725,21.33285],[-157.89723,21.33286],[-157.89722,21.33287],[-157.8972,21.33287],[-157.89719,21.33288],[-157.89718,21.33289],[-157.89716,21.3329],[-157.89715,21.33291],[-157.89713,21.33291],[-157.89712,21.33292],[-157.89711,21.33293],[-157.89689,21.33305],[-157.89688,21.33306],[-157.89686,21.33306],[-157.89685,21.33307],[-157.89683,21.33308],[-157.89682,21.33309],[-157.8968,21.3331],[-157.89679,21.3331],[-157.89678,21.33311],[-157.89676,21.33312],[-157.89675,21.33313],[-157.89673,21.33314],[-157.89672,21.33314],[-157.8967,21.33315],[-157.89669,21.33316],[-157.89668,21.33317],[-157.89666,21.33317],[-157.89665,21.33318],[-157.89663,21.33319],[-157.89662,21.3332],[-157.8966,21.3332],[-157.89659,21.33321],[-157.89657,21.33322],[-157.89656,21.33323],[-157.89654,21.33323],[-157.89653,21.33324],[-157.89651,21.33325],[-157.8965,21.33325],[-157.89649,21.33326],[-157.89647,21.33327],[-157.89646,21.33328],[-157.89644,21.33328],[-157.89639,21.3333],[-157.89635,21.33332],[-157.8963,21.33334],[-157.89625,21.33336],[-157.8962,21.33338],[-157.89616,21.33339],[-157.89611,21.33341],[-157.89606,21.33342],[-157.89601,21.33344],[-157.89596,21.33345],[-157.89591,21.33346],[-157.89586,21.33348],[-157.89581,21.33349],[-157.89576,21.3335],[-157.89571,21.33351],[-157.89566,21.33351],[-157.89561,21.33352],[-157.89556,21.33353],[-157.89551,21.33354],[-157.89546,21.33354],[-157.89541,21.33354],[-157.89536,21.33355],[-157.8953,21.33355],[-157.89525,21.33355],[-157.8952,21.33355],[-157.89515,21.33355],[-157.8951,21.33355],[-157.89505,21.33355],[-157.895,21.33355],[-157.89495,21.33355],[-157.89489,21.33354],[-157.89484,21.33354],[-157.89479,21.33353],[-157.89475,21.33352],[-157.89473,21.33352],[-157.89471,21.33352],[-157.8947,21.33352],[-157.89468,21.33352],[-157.89466,21.33351],[-157.89465,21.33351],[-157.89463,21.33351],[-157.89461,21.3335],[-157.8946,21.3335],[-157.89458,21.3335],[-157.89457,21.3335],[-157.89455,21.33349],[-157.89453,21.33349],[-157.89452,21.33349],[-157.8945,21.33348],[-157.89448,21.33348],[-157.89447,21.33348],[-157.89445,21.33347],[-157.89444,21.33347],[-157.89442,21.33347],[-157.8944,21.33346],[-157.89439,21.33346],[-157.89437,21.33346],[-157.89435,21.33345],[-157.89434,21.33345],[-157.89432,21.33345],[-157.89431,21.33344],[-157.89429,21.33344],[-157.89427,21.33343],[-157.89426,21.33343],[-157.89424,21.33343],[-157.89311,21.33318],[-157.89309,21.33317],[-157.89307,21.33317],[-157.89306,21.33317],[-157.89304,21.33316],[-157.89303,21.33316],[-157.89301,21.33316],[-157.893,21.33315],[-157.89298,21.33315],[-157.89296,21.33315],[-157.89295,21.33314],[-157.89293,21.33314],[-157.89292,21.33314],[-157.8929,21.33313],[-157.89289,21.33313],[-157.89287,21.33313],[-157.89285,21.33312],[-157.89284,21.33312],[-157.89282,21.33312],[-157.89281,21.33311],[-157.89279,21.33311],[-157.89278,21.33311],[-157.89276,21.3331],[-157.89274,21.3331],[-157.89273,21.3331],[-157.89271,21.3331],[-157.8927,21.33309],[-157.89268,21.33309],[-157.89266,21.33309],[-157.89265,21.33309],[-157.89263,21.33308],[-157.89262,21.33308],[-157.89248,21.33307],[-157.89235,21.33306],[-157.89221,21.33305],[-157.89219,21.33305],[-157.89218,21.33305],[-157.89216,21.33305],[-157.89214,21.33305],[-157.89213,21.33305],[-157.89211,21.33305],[-157.8921,21.33305],[-157.89208,21.33305],[-157.89206,21.33305],[-157.89205,21.33305],[-157.89203,21.33305],[-157.89202,21.33305],[-157.892,21.33305],[-157.89198,21.33306],[-157.89197,21.33306],[-157.89195,21.33306],[-157.89194,21.33306],[-157.89192,21.33306],[-157.8919,21.33306],[-157.89189,21.33306],[-157.89187,21.33306],[-157.89185,21.33306],[-157.89184,21.33306],[-157.89182,21.33306],[-157.89181,21.33307],[-157.89179,21.33307],[-157.89177,21.33307],[-157.89176,21.33307],[-157.89174,21.33307],[-157.89173,21.33307],[-157.89171,21.33307],[-157.8915,21.33309],[-157.89148,21.33309],[-157.89147,21.33309],[-157.89145,21.33309],[-157.89143,21.33309],[-157.89142,21.33309],[-157.8914,21.33309],[-157.89138,21.33309],[-157.89136,21.3331],[-157.89135,21.3331],[-157.89133,21.3331],[-157.89131,21.3331],[-157.8913,21.3331],[-157.89128,21.3331],[-157.89126,21.3331],[-157.89125,21.3331],[-157.89123,21.3331],[-157.89121,21.3331],[-157.89119,21.3331],[-157.89118,21.3331],[-157.89116,21.33311],[-157.89114,21.33311],[-157.89113,21.33311],[-157.89111,21.33311],[-157.89109,21.33311],[-157.89107,21.33311],[-157.89106,21.33311],[-157.89104,21.33311],[-157.89102,21.33311],[-157.89101,21.33311],[-157.89099,21.33311],[-157.89097,21.33311],[-157.89092,21.33311],[-157.89087,21.3331],[-157.89082,21.3331],[-157.89077,21.3331],[-157.89072,21.33309],[-157.89067,21.33309],[-157.89065,21.33309],[-157.89064,21.33308],[-157.89062,21.33308],[-157.8906,21.33308],[-157.89059,21.33308],[-157.89057,21.33307],[-157.89055,21.33307],[-157.89054,21.33307],[-157.89052,21.33307],[-157.8905,21.33306],[-157.89049,21.33306],[-157.89047,21.33306],[-157.89045,21.33306],[-157.89043,21.33305],[-157.89042,21.33305],[-157.8904,21.33305],[-157.89038,21.33304],[-157.89037,21.33304],[-157.89035,21.33304],[-157.89033,21.33303],[-157.89032,21.33303],[-157.8903,21.33303],[-157.89028,21.33302],[-157.89027,21.33302],[-157.89025,21.33302],[-157.89023,21.33301],[-157.89022,21.33301],[-157.8902,21.33301],[-157.89018,21.333],[-157.89017,21.333],[-157.89015,21.333],[-157.89013,21.33299],[-157.88759,21.33247],[-157.88757,21.33247],[-157.88756,21.33246],[-157.88754,21.33246],[-157.88753,21.33246],[-157.88751,21.33246],[-157.8875,21.33245],[-157.88748,21.33245],[-157.88747,21.33245],[-157.88745,21.33244],[-157.88744,21.33244],[-157.88742,21.33244],[-157.88741,21.33243],[-157.88739,21.33243],[-157.88738,21.33243],[-157.88736,21.33242],[-157.88735,21.33242],[-157.88733,21.33242],[-157.88732,21.33241],[-157.8873,21.33241],[-157.88728,21.33241],[-157.88727,21.3324],[-157.88725,21.3324],[-157.88724,21.3324],[-157.88722,21.33239],[-157.88721,21.33239],[-157.88719,21.33238],[-157.88718,21.33238],[-157.88716,21.33238],[-157.88715,21.33237],[-157.88713,21.33237],[-157.88712,21.33237],[-157.88704,21.33235],[-157.88696,21.33232],[-157.88688,21.3323],[-157.88681,21.33228],[-157.88673,21.33225],[-157.88666,21.33222],[-157.88658,21.33219],[-157.8865,21.33216],[-157.88643,21.33213],[-157.88636,21.3321],[-157.88628,21.33207],[-157.88628,21.33207]]]}},{"type":"Feature","properties":{"OBJECTID":5,"feature_name":"Airport Section","feature_desc":"Westbound Alignment","source_scale":"1:480 / 1\"=40'","SHAPE_Length":0.07772583417882102},"geometry":{"type":"MultiLineString","coordinates":[[[-157.93595,21.36754],[-157.93609,21.3673],[-157.9361,21.36729],[-157.9361,21.36728],[-157.93611,21.36728],[-157.93611,21.36727],[-157.93612,21.36726],[-157.93612,21.36725],[-157.93613,21.36725],[-157.93613,21.36724],[-157.93614,21.36723],[-157.93614,21.36722],[-157.93615,21.36721],[-157.93615,21.36721],[-157.93615,21.3672],[-157.93616,21.36719],[-157.93616,21.36718],[-157.93617,21.36718],[-157.93617,21.36717],[-157.93618,21.36716],[-157.93618,21.36715],[-157.93619,21.36715],[-157.93619,21.36714],[-157.9362,21.36713],[-157.9362,21.36712],[-157.93621,21.36711],[-157.93621,21.36711],[-157.93621,21.3671],[-157.93622,21.36709],[-157.93622,21.36708],[-157.93623,21.36708],[-157.93623,21.36707],[-157.93624,21.36706],[-157.93634,21.36689],[-157.93643,21.36671],[-157.93653,21.36654],[-157.93653,21.36653],[-157.93653,21.36652],[-157.93654,21.36651],[-157.93654,21.3665],[-157.93655,21.3665],[-157.93655,21.36649],[-157.93655,21.36648],[-157.93656,21.36647],[-157.93656,21.36646],[-157.93657,21.36646],[-157.93657,21.36645],[-157.93657,21.36644],[-157.93658,21.36643],[-157.93658,21.36642],[-157.93659,21.36642],[-157.93659,21.36641],[-157.93659,21.3664],[-157.9366,21.36639],[-157.9366,21.36638],[-157.93661,21.36638],[-157.93661,21.36637],[-157.93661,21.36636],[-157.93662,21.36635],[-157.93662,21.36634],[-157.93663,21.36634],[-157.93663,21.36633],[-157.93663,21.36632],[-157.93664,21.36631],[-157.93664,21.3663],[-157.93665,21.3663],[-157.93665,21.36629],[-157.9372,21.36519],[-157.93721,21.36516],[-157.93722,21.36514],[-157.93723,21.36512],[-157.93724,21.3651],[-157.93726,21.36507],[-157.93727,21.36505],[-157.93728,21.36503],[-157.93729,21.36501],[-157.9373,21.36498],[-157.93731,21.36496],[-157.93732,21.36494],[-157.93733,21.36492],[-157.93734,21.36489],[-157.93735,21.36487],[-157.93736,21.36485],[-157.93738,21.36483],[-157.93739,21.3648],[-157.9374,21.36478],[-157.93741,21.36476],[-157.93742,21.36474],[-157.93743,21.36471],[-157.93744,21.36469],[-157.93745,21.36467],[-157.93746,21.36464],[-157.93747,21.36462],[-157.93748,21.3646],[-157.93749,21.36457],[-157.93749,21.36455],[-157.9375,21.36453],[-157.93751,21.3645],[-157.93752,21.36448],[-157.93757,21.36433],[-157.93762,21.36419],[-157.93766,21.36404],[-157.93769,21.36389],[-157.93771,21.36373],[-157.93773,21.36358],[-157.93775,21.36343],[-157.93775,21.36327],[-157.93775,21.36312],[-157.93775,21.36297],[-157.93773,21.36281],[-157.93773,21.36279],[-157.93773,21.36276],[-157.93772,21.36274],[-157.93772,21.36271],[-157.93772,21.36269],[-157.93771,21.36267],[-157.93771,21.36264],[-157.93771,21.36262],[-157.9377,21.36259],[-157.9377,21.36257],[-157.93769,21.36254],[-157.93769,21.36252],[-157.93768,21.36249],[-157.93768,21.36247],[-157.93768,21.36245],[-157.93767,21.36242],[-157.93767,21.3624],[-157.93766,21.36237],[-157.93766,21.36235],[-157.93765,21.36232],[-157.93765,21.3623],[-157.93764,21.36227],[-157.93764,21.36225],[-157.93763,21.36223],[-157.93763,21.3622],[-157.93762,21.36218],[-157.93762,21.36215],[-157.93761,21.36213],[-157.9376,21.3621],[-157.9376,21.36208],[-157.93759,21.36206],[-157.93615,21.35542],[-157.93614,21.35541],[-157.93614,21.3554],[-157.93614,21.35539],[-157.93614,21.35538],[-157.93614,21.35538],[-157.93613,21.35537],[-157.93613,21.35536],[-157.93613,21.35535],[-157.93613,21.35534],[-157.93613,21.35533],[-157.93612,21.35532],[-157.93612,21.35531],[-157.93612,21.35531],[-157.93612,21.3553],[-157.93612,21.35529],[-157.93611,21.35528],[-157.93611,21.35527],[-157.93611,21.35526],[-157.93611,21.35525],[-157.93611,21.35524],[-157.9361,21.35524],[-157.9361,21.35523],[-157.9361,21.35522],[-157.9361,21.35521],[-157.9361,21.3552],[-157.93609,21.35519],[-157.93609,21.35518],[-157.93609,21.35518],[-157.93609,21.35517],[-157.93609,21.35516],[-157.93608,21.35515],[-157.93604,21.35496],[-157.93599,21.35477],[-157.93599,21.35476],[-157.93598,21.35475],[-157.93598,21.35474],[-157.93598,21.35474],[-157.93598,21.35473],[-157.93598,21.35472],[-157.93597,21.35471],[-157.93597,21.3547],[-157.93597,21.35469],[-157.93597,21.35468],[-157.93596,21.35468],[-157.93596,21.35467],[-157.93596,21.35466],[-157.93596,21.35465],[-157.93595,21.35464],[-157.93595,21.35463],[-157.93595,21.35462],[-157.93595,21.35462],[-157.93594,21.35461],[-157.93594,21.3546],[-157.93594,21.35459],[-157.93594,21.35458],[-157.93593,21.35457],[-157.93593,21.35456],[-157.93593,21.35456],[-157.93593,21.35455],[-157.93592,21.35454],[-157.93592,21.35453],[-157.93592,21.35452],[-157.93592,21.35451],[-157.93591,21.3545],[-157.93585,21.35428],[-157.93585,21.35427],[-157.93585,21.35427],[-157.93584,21.35426],[-157.93584,21.35425],[-157.93584,21.35424],[-157.93584,21.35423],[-157.93583,21.35422],[-157.93583,21.35421],[-157.93583,21.35421],[-157.93583,21.3542],[-157.93582,21.35419],[-157.93582,21.35418],[-157.93582,21.35417],[-157.93582,21.35416],[-157.93581,21.35415],[-157.93581,21.35415],[-157.93581,21.35414],[-157.93581,21.35413],[-157.9358,21.35412],[-157.9358,21.35411],[-157.9358,21.3541],[-157.9358,21.35409],[-157.9358,21.35409],[-157.93579,21.35408],[-157.93579,21.35407],[-157.93579,21.35406],[-157.93579,21.35405],[-157.93578,21.35404],[-157.93578,21.35403],[-157.93578,21.35403],[-157.93578,21.35402],[-157.93573,21.35383],[-157.93568,21.35364],[-157.93564,21.35346],[-157.93563,21.35343],[-157.93563,21.35342],[-157.93563,21.35341],[-157.93563,21.3534],[-157.93563,21.35339],[-157.93562,21.35338],[-157.93562,21.35337],[-157.93562,21.35336],[-157.93562,21.35336],[-157.93562,21.35335],[-157.93562,21.35334],[-157.93561,21.35333],[-157.93561,21.35332],[-157.93561,21.35331],[-157.93561,21.3533],[-157.93561,21.35329],[-157.93561,21.35329],[-157.9356,21.35328],[-157.9356,21.35327],[-157.9356,21.35326],[-157.9356,21.35325],[-157.9356,21.35324],[-157.93559,21.35323],[-157.93559,21.35322],[-157.93559,21.35322],[-157.93559,21.35321],[-157.93559,21.3532],[-157.93559,21.35319],[-157.93558,21.35318],[-157.93558,21.35317],[-157.93558,21.35316],[-157.93558,21.35316],[-157.93553,21.35289],[-157.93545,21.35254],[-157.93479,21.34951],[-157.93471,21.34912],[-157.93461,21.34873],[-157.93375,21.3452],[-157.93374,21.34519],[-157.93374,21.34518],[-157.93374,21.34517],[-157.93374,21.34516],[-157.93373,21.34515],[-157.93373,21.34514],[-157.93373,21.34513],[-157.93373,21.34511],[-157.93372,21.3451],[-157.93372,21.34509],[-157.93372,21.34508],[-157.93371,21.34507],[-157.93371,21.34506],[-157.93371,21.34505],[-157.93371,21.34504],[-157.9337,21.34503],[-157.9337,21.34502],[-157.9337,21.34501],[-157.9337,21.345],[-157.93369,21.34499],[-157.93369,21.34497],[-157.93369,21.34496],[-157.93368,21.34495],[-157.93368,21.34494],[-157.93368,21.34493],[-157.93368,21.34492],[-157.93367,21.34491],[-157.93367,21.3449],[-157.93367,21.34489],[-157.93366,21.34488],[-157.93366,21.34487],[-157.9336,21.34463],[-157.93352,21.3444],[-157.93344,21.34417],[-157.93335,21.34394],[-157.93326,21.34372],[-157.93316,21.34349],[-157.93305,21.34328],[-157.93293,21.34306],[-157.93281,21.34284],[-157.93268,21.34263],[-157.93255,21.34243],[-157.93241,21.34222],[-157.93226,21.34203],[-157.93211,21.34183],[-157.93195,21.34164],[-157.93178,21.34145],[-157.93161,21.34127],[-157.93144,21.34109],[-157.93125,21.34092],[-157.93107,21.34075],[-157.93088,21.34059],[-157.93068,21.34043],[-157.93048,21.34028],[-157.93027,21.34014],[-157.93006,21.34],[-157.92985,21.33986],[-157.92963,21.33973],[-157.92941,21.33961],[-157.92918,21.33949],[-157.92895,21.33938],[-157.92872,21.33927],[-157.92848,21.33918],[-157.92824,21.33908],[-157.928,21.339],[-157.92776,21.33892],[-157.92751,21.33885],[-157.92726,21.33878],[-157.92701,21.33872],[-157.92676,21.33867],[-157.92675,21.33867],[-157.92673,21.33866],[-157.92672,21.33866],[-157.92671,21.33866],[-157.9267,21.33866],[-157.92669,21.33866],[-157.92668,21.33865],[-157.92666,21.33865],[-157.92665,21.33865],[-157.92664,21.33865],[-157.92663,21.33865],[-157.92662,21.33864],[-157.92661,21.33864],[-157.92659,21.33864],[-157.92658,21.33864],[-157.92657,21.33863],[-157.92656,21.33863],[-157.92655,21.33863],[-157.92654,21.33863],[-157.92652,21.33863],[-157.92651,21.33862],[-157.9265,21.33862],[-157.92649,21.33862],[-157.92648,21.33862],[-157.92647,21.33862],[-157.92645,21.33861],[-157.92644,21.33861],[-157.92643,21.33861],[-157.92642,21.33861],[-157.92641,21.33861],[-157.9264,21.3386],[-157.92611,21.33855],[-157.9261,21.33855],[-157.92609,21.33855],[-157.92608,21.33855],[-157.92608,21.33855],[-157.92607,21.33855],[-157.92606,21.33855],[-157.92605,21.33854],[-157.92605,21.33854],[-157.92604,21.33854],[-157.92603,21.33854],[-157.92602,21.33854],[-157.92601,21.33854],[-157.92601,21.33854],[-157.926,21.33854],[-157.92599,21.33853],[-157.92598,21.33853],[-157.92598,21.33853],[-157.92597,21.33853],[-157.92596,21.33853],[-157.92595,21.33853],[-157.92595,21.33853],[-157.92594,21.33853],[-157.92593,21.33852],[-157.92592,21.33852],[-157.92591,21.33852],[-157.92591,21.33852],[-157.9259,21.33852],[-157.92589,21.33852],[-157.92588,21.33852],[-157.92588,21.33852],[-157.92587,21.33851],[-157.92572,21.33849],[-157.92571,21.33849],[-157.9257,21.33849],[-157.9257,21.33849],[-157.92569,21.33849],[-157.92568,21.33849],[-157.92567,21.33849],[-157.92567,21.33848],[-157.92566,21.33848],[-157.92565,21.33848],[-157.92564,21.33848],[-157.92563,21.33848],[-157.92563,21.33848],[-157.92562,21.33848],[-157.92561,21.33848],[-157.9256,21.33848],[-157.9256,21.33848],[-157.92559,21.33847],[-157.92558,21.33847],[-157.92557,21.33847],[-157.92556,21.33847],[-157.92556,21.33847],[-157.92555,21.33847],[-157.92554,21.33847],[-157.92553,21.33847],[-157.92553,21.33847],[-157.92552,21.33847],[-157.92551,21.33846],[-157.9255,21.33846],[-157.92549,21.33846],[-157.92549,21.33846],[-157.92548,21.33846],[-157.92396,21.33828],[-157.92395,21.33827],[-157.92394,21.33827],[-157.92393,21.33827],[-157.92392,21.33827],[-157.92391,21.33827],[-157.9239,21.33827],[-157.92389,21.33827],[-157.92388,21.33827],[-157.92387,21.33826],[-157.92386,21.33826],[-157.92385,21.33826],[-157.92384,21.33826],[-157.92383,21.33826],[-157.92382,21.33826],[-157.92381,21.33826],[-157.9238,21.33825],[-157.92379,21.33825],[-157.92378,21.33825],[-157.92377,21.33825],[-157.92376,21.33825],[-157.92376,21.33825],[-157.92375,21.33824],[-157.92374,21.33824],[-157.92373,21.33824],[-157.92372,21.33824],[-157.92371,21.33824],[-157.9237,21.33823],[-157.92369,21.33823],[-157.92368,21.33823],[-157.92367,21.33823],[-157.92366,21.33823],[-157.92364,21.33822],[-157.92362,21.33822],[-157.9236,21.33821],[-157.92358,21.3382],[-157.92356,21.3382],[-157.92354,21.33819],[-157.92352,21.33818],[-157.9235,21.33817],[-157.92348,21.33817],[-157.92346,21.33816],[-157.92344,21.33815],[-157.92342,21.33814],[-157.9234,21.33813],[-157.92338,21.33812],[-157.92336,21.33811],[-157.92335,21.3381],[-157.92333,21.33809],[-157.92331,21.33808],[-157.92329,21.33807],[-157.92327,21.33806],[-157.92326,21.33805],[-157.92324,21.33804],[-157.92322,21.33803],[-157.92321,21.33801],[-157.92319,21.338],[-157.92317,21.33799],[-157.92316,21.33797],[-157.92314,21.33796],[-157.92313,21.33795],[-157.92311,21.33793],[-157.9231,21.33792],[-157.92308,21.33791],[-157.92307,21.33789],[-157.92305,21.33788],[-157.92304,21.33786],[-157.92303,21.33785],[-157.92301,21.33783],[-157.923,21.33781],[-157.92299,21.3378],[-157.92297,21.33778],[-157.92296,21.33777],[-157.92295,21.33775],[-157.92294,21.33773],[-157.92293,21.33772],[-157.92292,21.3377],[-157.92291,21.33768],[-157.9229,21.33766],[-157.92289,21.33765],[-157.92288,21.33763],[-157.92287,21.33761],[-157.92286,21.33759],[-157.92285,21.33757],[-157.92284,21.33756],[-157.92283,21.33754],[-157.92283,21.33752],[-157.92282,21.3375],[-157.92281,21.33748],[-157.92281,21.33746],[-157.9228,21.33744],[-157.92279,21.33742],[-157.92279,21.3374],[-157.92278,21.33739],[-157.92278,21.33737],[-157.92277,21.33735],[-157.92277,21.33733],[-157.92277,21.33731],[-157.92276,21.33729],[-157.92276,21.33727],[-157.92276,21.33725],[-157.92276,21.33723],[-157.92275,21.33721],[-157.92275,21.33719],[-157.92275,21.33717],[-157.92275,21.33715],[-157.92275,21.33713],[-157.92275,21.33711],[-157.92275,21.33709],[-157.92275,21.33707],[-157.92275,21.33706],[-157.92275,21.33705],[-157.92275,21.33704],[-157.92275,21.33703],[-157.92275,21.33703],[-157.92276,21.33702],[-157.92276,21.33701],[-157.92276,21.337],[-157.92276,21.33699],[-157.92276,21.33698],[-157.92276,21.33697],[-157.92276,21.33696],[-157.92276,21.33695],[-157.92276,21.33694],[-157.92277,21.33693],[-157.92277,21.33692],[-157.92277,21.33691],[-157.92277,21.3369],[-157.92277,21.3369],[-157.92277,21.33689],[-157.92278,21.33688],[-157.92278,21.33687],[-157.92278,21.33686],[-157.92278,21.33685],[-157.92278,21.33684],[-157.92278,21.33683],[-157.92278,21.33682],[-157.92279,21.33681],[-157.92279,21.3368],[-157.92279,21.33679],[-157.92279,21.33679],[-157.92283,21.33659],[-157.92283,21.33658],[-157.92283,21.33657],[-157.92283,21.33656],[-157.92283,21.33655],[-157.92284,21.33654],[-157.92284,21.33653],[-157.92284,21.33652],[-157.92284,21.33651],[-157.92284,21.33651],[-157.92285,21.3365],[-157.92285,21.33649],[-157.92285,21.33648],[-157.92285,21.33647],[-157.92285,21.33646],[-157.92285,21.33645],[-157.92285,21.33644],[-157.92286,21.33643],[-157.92286,21.33642],[-157.92286,21.33641],[-157.92286,21.3364],[-157.92286,21.33639],[-157.92286,21.33638],[-157.92286,21.33637],[-157.92286,21.33636],[-157.92287,21.33635],[-157.92287,21.33634],[-157.92287,21.33633],[-157.92287,21.33632],[-157.92287,21.33631],[-157.92287,21.3363],[-157.92287,21.33629],[-157.92287,21.33622],[-157.92287,21.33616],[-157.92287,21.33609],[-157.92287,21.33608],[-157.92287,21.33607],[-157.92286,21.33606],[-157.92286,21.33605],[-157.92286,21.33604],[-157.92286,21.33603],[-157.92286,21.33602],[-157.92286,21.33601],[-157.92286,21.336],[-157.92285,21.33599],[-157.92285,21.33598],[-157.92285,21.33597],[-157.92285,21.33596],[-157.92285,21.33595],[-157.92285,21.33594],[-157.92284,21.33593],[-157.92284,21.33592],[-157.92284,21.33591],[-157.92284,21.3359],[-157.92284,21.33589],[-157.92283,21.33589],[-157.92283,21.33588],[-157.92283,21.33587],[-157.92283,21.33586],[-157.92283,21.33585],[-157.92282,21.33584],[-157.92282,21.33583],[-157.92282,21.33582],[-157.92282,21.33581],[-157.92282,21.3358],[-157.92281,21.33579],[-157.92261,21.3349],[-157.92261,21.33489],[-157.92261,21.33488],[-157.92261,21.33488],[-157.92261,21.33487],[-157.9226,21.33486],[-157.9226,21.33485],[-157.9226,21.33484],[-157.9226,21.33483],[-157.9226,21.33482],[-157.92259,21.33481],[-157.92259,21.3348],[-157.92259,21.33479],[-157.92259,21.33478],[-157.92258,21.33478],[-157.92258,21.33477],[-157.92258,21.33476],[-157.92258,21.33475],[-157.92258,21.33474],[-157.92257,21.33473],[-157.92257,21.33472],[-157.92257,21.33471],[-157.92257,21.3347],[-157.92256,21.33469],[-157.92256,21.33469],[-157.92256,21.33468],[-157.92255,21.33467],[-157.92255,21.33466],[-157.92255,21.33465],[-157.92254,21.33464],[-157.92254,21.33463],[-157.92254,21.33462],[-157.9225,21.33454],[-157.92246,21.33447],[-157.92242,21.33439],[-157.92236,21.33432],[-157.92231,21.33425],[-157.92224,21.33419],[-157.92217,21.33413],[-157.9221,21.33408],[-157.92202,21.33404],[-157.92194,21.334],[-157.92185,21.33396],[-157.92177,21.33393],[-157.92176,21.33393],[-157.92175,21.33393],[-157.92174,21.33393],[-157.92173,21.33392],[-157.92172,21.33392],[-157.92171,21.33392],[-157.9217,21.33392],[-157.92169,21.33391],[-157.92168,21.33391],[-157.92167,21.33391],[-157.92166,21.33391],[-157.92165,21.33391],[-157.92164,21.3339],[-157.92163,21.3339],[-157.92162,21.3339],[-157.92161,21.3339],[-157.9216,21.3339],[-157.92159,21.3339],[-157.92158,21.33389],[-157.92157,21.33389],[-157.92156,21.33389],[-157.92155,21.33389],[-157.92154,21.33389],[-157.92153,21.33389],[-157.92152,21.33388],[-157.92151,21.33388],[-157.9215,21.33388],[-157.92149,21.33388],[-157.92148,21.33388],[-157.92147,21.33388],[-157.92146,21.33387],[-157.9205,21.33373],[-157.92049,21.33373],[-157.92048,21.33373],[-157.92048,21.33373],[-157.92047,21.33373],[-157.92046,21.33372],[-157.92046,21.33372],[-157.92045,21.33372],[-157.92044,21.33372],[-157.92044,21.33372],[-157.92043,21.33372],[-157.92042,21.33372],[-157.92042,21.33372],[-157.92041,21.33372],[-157.92041,21.33372],[-157.9204,21.33371],[-157.92039,21.33371],[-157.92039,21.33371],[-157.92038,21.33371],[-157.92037,21.33371],[-157.92037,21.33371],[-157.92036,21.33371],[-157.92035,21.33371],[-157.92035,21.33371],[-157.92034,21.33371],[-157.92033,21.33371],[-157.92033,21.33371],[-157.92032,21.3337],[-157.92031,21.3337],[-157.92031,21.3337],[-157.9203,21.3337],[-157.92029,21.3337],[-157.92019,21.3337],[-157.92009,21.33369],[-157.91999,21.3337],[-157.91998,21.3337],[-157.91997,21.3337],[-157.91997,21.3337],[-157.91996,21.3337],[-157.91995,21.3337],[-157.91995,21.3337],[-157.91994,21.3337],[-157.91993,21.3337],[-157.91993,21.3337],[-157.91992,21.33371],[-157.91991,21.33371],[-157.91991,21.33371],[-157.9199,21.33371],[-157.91989,21.33371],[-157.91989,21.33371],[-157.91988,21.33371],[-157.91987,21.33371],[-157.91987,21.33371],[-157.91986,21.33371],[-157.91985,21.33371],[-157.91985,21.33371],[-157.91984,21.33371],[-157.91983,21.33372],[-157.91983,21.33372],[-157.91982,21.33372],[-157.91981,21.33372],[-157.91981,21.33372],[-157.9198,21.33372],[-157.91979,21.33372],[-157.91979,21.33372],[-157.91978,21.33372],[-157.91887,21.33384],[-157.91886,21.33384],[-157.91885,21.33384],[-157.91884,21.33385],[-157.91884,21.33385],[-157.91883,21.33385],[-157.91882,21.33385],[-157.91881,21.33385],[-157.91881,21.33385],[-157.9188,21.33385],[-157.91879,21.33385],[-157.91878,21.33385],[-157.91878,21.33385],[-157.91877,21.33385],[-157.91876,21.33386],[-157.91875,21.33386],[-157.91875,21.33386],[-157.91874,21.33386],[-157.91873,21.33386],[-157.91872,21.33386],[-157.91871,21.33386],[-157.91871,21.33386],[-157.9187,21.33386],[-157.91869,21.33386],[-157.91868,21.33386],[-157.91868,21.33387],[-157.91867,21.33387],[-157.91866,21.33387],[-157.91865,21.33387],[-157.91865,21.33387],[-157.91864,21.33387],[-157.91863,21.33387],[-157.91858,21.33387],[-157.91854,21.33388],[-157.91849,21.33388],[-157.91844,21.33388],[-157.9184,21.33388],[-157.91835,21.33388],[-157.91833,21.33388],[-157.91832,21.33388],[-157.91831,21.33388],[-157.91831,21.33388],[-157.9183,21.33388],[-157.91829,21.33388],[-157.91828,21.33388],[-157.91828,21.33388],[-157.91827,21.33388],[-157.91826,21.33388],[-157.91825,21.33388],[-157.91824,21.33388],[-157.91824,21.33388],[-157.91823,21.33388],[-157.91822,21.33388],[-157.91821,21.33388],[-157.91821,21.33388],[-157.9182,21.33388],[-157.91819,21.33388],[-157.91818,21.33388],[-157.91818,21.33387],[-157.91817,21.33387],[-157.91816,21.33387],[-157.91815,21.33387],[-157.91815,21.33387],[-157.91814,21.33387],[-157.91813,21.33387],[-157.91812,21.33387],[-157.91811,21.33387],[-157.91811,21.33387],[-157.9181,21.33387],[-157.91809,21.33387],[-157.91723,21.33382],[-157.91722,21.33382],[-157.91721,21.33382],[-157.9172,21.33382],[-157.91719,21.33382],[-157.91718,21.33382],[-157.91717,21.33382],[-157.91717,21.33382],[-157.91716,21.33382],[-157.91715,21.33382],[-157.91714,21.33381],[-157.91713,21.33381],[-157.91712,21.33381],[-157.91711,21.33381],[-157.9171,21.33381],[-157.91709,21.33381],[-157.91708,21.33381],[-157.91708,21.33381],[-157.91707,21.33381],[-157.91706,21.33381],[-157.91705,21.33381],[-157.91704,21.33381],[-157.91703,21.33381],[-157.91702,21.33381],[-157.91701,21.33381],[-157.917,21.33381],[-157.91699,21.33381],[-157.91699,21.3338],[-157.91698,21.3338],[-157.91697,21.3338],[-157.91696,21.3338],[-157.91695,21.3338],[-157.91682,21.33379],[-157.91669,21.33378],[-157.91657,21.33376],[-157.9165,21.33376],[-157.91649,21.33375],[-157.91648,21.33375],[-157.91648,21.33375],[-157.91647,21.33375],[-157.91646,21.33375],[-157.91645,21.33375],[-157.91644,21.33375],[-157.91643,21.33375],[-157.91642,21.33374],[-157.91641,21.33374],[-157.9164,21.33374],[-157.9164,21.33374],[-157.91639,21.33374],[-157.91638,21.33374],[-157.91637,21.33374],[-157.91636,21.33373],[-157.91635,21.33373],[-157.91634,21.33373],[-157.91633,21.33373],[-157.91632,21.33373],[-157.91632,21.33373],[-157.91631,21.33373],[-157.9163,21.33373],[-157.91629,21.33372],[-157.91628,21.33372],[-157.91627,21.33372],[-157.91626,21.33372],[-157.91625,21.33372],[-157.91624,21.33372],[-157.91624,21.33372],[-157.91623,21.33371],[-157.91464,21.33347],[-157.91463,21.33347],[-157.91462,21.33347],[-157.91462,21.33347],[-157.91461,21.33347],[-157.9146,21.33347],[-157.91459,21.33347],[-157.91458,21.33346],[-157.91457,21.33346],[-157.91456,21.33346],[-157.91455,21.33346],[-157.91454,21.33346],[-157.91454,21.33346],[-157.91453,21.33346],[-157.91452,21.33346],[-157.91451,21.33345],[-157.9145,21.33345],[-157.91449,21.33345],[-157.91448,21.33345],[-157.91447,21.33345],[-157.91446,21.33345],[-157.91446,21.33345],[-157.91445,21.33344],[-157.91444,21.33344],[-157.91443,21.33344],[-157.91442,21.33344],[-157.91441,21.33344],[-157.9144,21.33344],[-157.91439,21.33344],[-157.91438,21.33344],[-157.91437,21.33343],[-157.91437,21.33343],[-157.91415,21.3334],[-157.91414,21.3334],[-157.91413,21.3334],[-157.91412,21.3334],[-157.91411,21.3334],[-157.91411,21.3334],[-157.9141,21.3334],[-157.91409,21.3334],[-157.91408,21.33339],[-157.91407,21.33339],[-157.91406,21.33339],[-157.91405,21.33339],[-157.91404,21.33339],[-157.91403,21.33339],[-157.91403,21.33339],[-157.91402,21.33339],[-157.91401,21.33339],[-157.914,21.33338],[-157.91399,21.33338],[-157.91398,21.33338],[-157.91397,21.33338],[-157.91396,21.33338],[-157.91395,21.33338],[-157.91394,21.33338],[-157.91394,21.33338],[-157.91393,21.33338],[-157.91392,21.33338],[-157.91391,21.33337],[-157.9139,21.33337],[-157.91389,21.33337],[-157.91388,21.33337],[-157.91387,21.33337],[-157.91366,21.33334],[-157.91365,21.33334],[-157.91364,21.33334],[-157.91363,21.33334],[-157.91362,21.33334],[-157.91361,21.33334],[-157.9136,21.33334],[-157.91359,21.33334],[-157.91358,21.33334],[-157.91358,21.33333],[-157.91357,21.33333],[-157.91356,21.33333],[-157.91355,21.33333],[-157.91354,21.33333],[-157.91353,21.33333],[-157.91352,21.33333],[-157.91351,21.33333],[-157.9135,21.33333],[-157.9135,21.33332],[-157.91349,21.33332],[-157.91348,21.33332],[-157.91347,21.33332],[-157.91346,21.33332],[-157.91345,21.33332],[-157.91344,21.33332],[-157.91343,21.33332],[-157.91342,21.33332],[-157.91341,21.33331],[-157.91341,21.33331],[-157.9134,21.33331],[-157.91339,21.33331],[-157.91338,21.33331],[-157.9132,21.33329],[-157.91319,21.33328],[-157.91318,21.33328],[-157.91317,21.33328],[-157.91316,21.33328],[-157.91316,21.33328],[-157.91315,21.33328],[-157.91314,21.33328],[-157.91313,21.33328],[-157.91312,21.33327],[-157.91311,21.33327],[-157.9131,21.33327],[-157.91309,21.33327],[-157.91308,21.33327],[-157.91307,21.33327],[-157.91307,21.33327],[-157.91306,21.33327],[-157.91305,21.33326],[-157.91304,21.33326],[-157.91303,21.33326],[-157.91302,21.33326],[-157.91301,21.33326],[-157.913,21.33326],[-157.91299,21.33326],[-157.91299,21.33325],[-157.91298,21.33325],[-157.91297,21.33325],[-157.91296,21.33325],[-157.91295,21.33325],[-157.91294,21.33325],[-157.91293,21.33325],[-157.91292,21.33325],[-157.91085,21.33294],[-157.91084,21.33294],[-157.91083,21.33293],[-157.91083,21.33293],[-157.91082,21.33293],[-157.91081,21.33293],[-157.9108,21.33293],[-157.91079,21.33293],[-157.91078,21.33293],[-157.91077,21.33292],[-157.91076,21.33292],[-157.91075,21.33292],[-157.91074,21.33292],[-157.91073,21.33292],[-157.91072,21.33292],[-157.91071,21.33292],[-157.9107,21.33291],[-157.91069,21.33291],[-157.91068,21.33291],[-157.91068,21.33291],[-157.91067,21.33291],[-157.91066,21.33291],[-157.91065,21.33291],[-157.91064,21.3329],[-157.91063,21.3329],[-157.91062,21.3329],[-157.91061,21.3329],[-157.9106,21.3329],[-157.91059,21.3329],[-157.91058,21.3329],[-157.91057,21.3329],[-157.91056,21.33289],[-157.91027,21.33286],[-157.91026,21.33286],[-157.91025,21.33286],[-157.91024,21.33285],[-157.91023,21.33285],[-157.91023,21.33285],[-157.91022,21.33285],[-157.91021,21.33285],[-157.9102,21.33285],[-157.91019,21.33285],[-157.91018,21.33285],[-157.91017,21.33285],[-157.91016,21.33285],[-157.91015,21.33284],[-157.91014,21.33284],[-157.91013,21.33284],[-157.91012,21.33284],[-157.91011,21.33284],[-157.9101,21.33284],[-157.91009,21.33284],[-157.91008,21.33284],[-157.91007,21.33284],[-157.91007,21.33284],[-157.91006,21.33283],[-157.91005,21.33283],[-157.91004,21.33283],[-157.91003,21.33283],[-157.91002,21.33283],[-157.91001,21.33283],[-157.91,21.33283],[-157.90999,21.33283],[-157.90998,21.33283],[-157.90904,21.33273],[-157.90902,21.33273],[-157.90901,21.33273],[-157.90899,21.33273],[-157.90897,21.33272],[-157.90895,21.33272],[-157.90893,21.33272],[-157.90891,21.33272],[-157.90889,21.33272],[-157.90887,21.33271],[-157.90885,21.33271],[-157.90884,21.33271],[-157.90882,21.33271],[-157.9088,21.33271],[-157.90878,21.33271],[-157.90876,21.3327],[-157.90874,21.3327],[-157.90872,21.3327],[-157.9087,21.3327],[-157.90868,21.3327],[-157.90867,21.3327],[-157.90865,21.3327],[-157.90863,21.3327],[-157.90861,21.33269],[-157.90859,21.33269],[-157.90857,21.33269],[-157.90855,21.33269],[-157.90853,21.33269],[-157.90851,21.33269],[-157.9085,21.33269],[-157.90848,21.33269],[-157.90846,21.33269],[-157.90831,21.33269],[-157.90816,21.3327],[-157.90802,21.33271],[-157.90787,21.33273],[-157.90773,21.33275],[-157.90771,21.33276],[-157.90769,21.33276],[-157.90767,21.33277],[-157.90766,21.33277],[-157.90764,21.33277],[-157.90762,21.33278],[-157.9076,21.33278],[-157.90758,21.33279],[-157.90756,21.33279],[-157.90754,21.3328],[-157.90753,21.3328],[-157.90751,21.33281],[-157.90749,21.33281],[-157.90747,21.33282],[-157.90745,21.33282],[-157.90744,21.33282],[-157.90742,21.33283],[-157.9074,21.33283],[-157.90738,21.33284],[-157.90736,21.33284],[-157.90734,21.33285],[-157.90733,21.33285],[-157.90731,21.33286],[-157.90729,21.33287],[-157.90727,21.33287],[-157.90725,21.33288],[-157.90724,21.33288],[-157.90722,21.33289],[-157.9072,21.33289],[-157.90718,21.3329],[-157.90716,21.3329],[-157.90692,21.33297],[-157.90691,21.33298],[-157.9069,21.33298],[-157.90689,21.33298],[-157.90687,21.33299],[-157.90686,21.33299],[-157.90685,21.33299],[-157.90683,21.333],[-157.90682,21.333],[-157.90681,21.333],[-157.9068,21.33301],[-157.90678,21.33301],[-157.90677,21.33302],[-157.90676,21.33302],[-157.90675,21.33302],[-157.90673,21.33303],[-157.90672,21.33303],[-157.90671,21.33303],[-157.90669,21.33304],[-157.90668,21.33304],[-157.90667,21.33304],[-157.90666,21.33305],[-157.90664,21.33305],[-157.90663,21.33305],[-157.90662,21.33306],[-157.90661,21.33306],[-157.90659,21.33306],[-157.90658,21.33307],[-157.90657,21.33307],[-157.90655,21.33307],[-157.90654,21.33307],[-157.90653,21.33308],[-157.90648,21.33309],[-157.90643,21.3331],[-157.90638,21.33311],[-157.90632,21.33312],[-157.90627,21.33312],[-157.90622,21.33313],[-157.90617,21.33313],[-157.90612,21.33314],[-157.90607,21.33314],[-157.90601,21.33315],[-157.90596,21.33315],[-157.90591,21.33315],[-157.90586,21.33315],[-157.90581,21.33315],[-157.90575,21.33315],[-157.9057,21.33315],[-157.90565,21.33315],[-157.9056,21.33314],[-157.90559,21.33314],[-157.90558,21.33314],[-157.90556,21.33314],[-157.90555,21.33314],[-157.90554,21.33314],[-157.90552,21.33314],[-157.90551,21.33313],[-157.9055,21.33313],[-157.90548,21.33313],[-157.90547,21.33313],[-157.90546,21.33313],[-157.90544,21.33313],[-157.90543,21.33313],[-157.90542,21.33312],[-157.90541,21.33312],[-157.90539,21.33312],[-157.90538,21.33312],[-157.90537,21.33312],[-157.90535,21.33312],[-157.90534,21.33311],[-157.90533,21.33311],[-157.90531,21.33311],[-157.9053,21.33311],[-157.90529,21.33311],[-157.90527,21.3331],[-157.90526,21.3331],[-157.90525,21.3331],[-157.90523,21.3331],[-157.90522,21.3331],[-157.90521,21.33309],[-157.9052,21.33309],[-157.90518,21.33309],[-157.9046,21.33301],[-157.9046,21.33301],[-157.90459,21.333],[-157.90458,21.333],[-157.90458,21.333],[-157.90457,21.333],[-157.90456,21.333],[-157.90456,21.333],[-157.90455,21.333],[-157.90454,21.333],[-157.90454,21.333],[-157.90453,21.333],[-157.90452,21.33299],[-157.90452,21.33299],[-157.90451,21.33299],[-157.9045,21.33299],[-157.9045,21.33299],[-157.90449,21.33299],[-157.90448,21.33299],[-157.90448,21.33299],[-157.90447,21.33299],[-157.90446,21.33299],[-157.90446,21.33299],[-157.90445,21.33298],[-157.90444,21.33298],[-157.90444,21.33298],[-157.90443,21.33298],[-157.90442,21.33298],[-157.90442,21.33298],[-157.90441,21.33298],[-157.9044,21.33298],[-157.9044,21.33298],[-157.9042,21.33295],[-157.904,21.33294],[-157.90379,21.33293],[-157.90359,21.33292],[-157.90358,21.33292],[-157.90358,21.33292],[-157.90357,21.33292],[-157.90356,21.33292],[-157.90356,21.33292],[-157.90355,21.33292],[-157.90354,21.33292],[-157.90354,21.33292],[-157.90353,21.33292],[-157.90352,21.33292],[-157.90352,21.33292],[-157.90351,21.33292],[-157.9035,21.33292],[-157.9035,21.33292],[-157.90349,21.33292],[-157.90348,21.33292],[-157.90348,21.33292],[-157.90347,21.33292],[-157.90346,21.33292],[-157.90346,21.33292],[-157.90345,21.33292],[-157.90344,21.33292],[-157.90344,21.33292],[-157.90343,21.33292],[-157.90342,21.33292],[-157.90342,21.33292],[-157.90341,21.33292],[-157.90341,21.33292],[-157.9034,21.33292],[-157.90339,21.33292],[-157.90339,21.33292],[-157.90268,21.33293],[-157.90267,21.33293],[-157.90266,21.33293],[-157.90265,21.33293],[-157.90264,21.33293],[-157.90263,21.33293],[-157.90262,21.33293],[-157.90261,21.33293],[-157.9026,21.33293],[-157.90259,21.33293],[-157.90258,21.33293],[-157.90257,21.33293],[-157.90256,21.33293],[-157.90255,21.33293],[-157.90254,21.33293],[-157.90253,21.33293],[-157.90252,21.33293],[-157.90251,21.33293],[-157.9025,21.33293],[-157.90249,21.33293],[-157.90248,21.33293],[-157.90247,21.33293],[-157.90246,21.33293],[-157.90245,21.33293],[-157.90244,21.33293],[-157.90243,21.33293],[-157.90242,21.33293],[-157.90241,21.33293],[-157.9024,21.33293],[-157.90239,21.33293],[-157.90238,21.33293],[-157.90237,21.33293],[-157.90233,21.33293],[-157.90228,21.33292],[-157.90223,21.33292],[-157.90221,21.33292],[-157.9022,21.33292],[-157.90219,21.33291],[-157.90218,21.33291],[-157.90217,21.33291],[-157.90216,21.33291],[-157.90215,21.33291],[-157.90214,21.33291],[-157.90213,21.33291],[-157.90212,21.33291],[-157.90211,21.33291],[-157.9021,21.3329],[-157.90209,21.3329],[-157.90208,21.3329],[-157.90207,21.3329],[-157.90206,21.3329],[-157.90205,21.3329],[-157.90204,21.3329],[-157.90203,21.3329],[-157.90202,21.33289],[-157.90201,21.33289],[-157.902,21.33289],[-157.90199,21.33289],[-157.90198,21.33289],[-157.90197,21.33289],[-157.90196,21.33289],[-157.90195,21.33288],[-157.90194,21.33288],[-157.90193,21.33288],[-157.90192,21.33288],[-157.90191,21.33288],[-157.9019,21.33288],[-157.89957,21.33253],[-157.89955,21.33252],[-157.89953,21.33252],[-157.89952,21.33252],[-157.8995,21.33252],[-157.89948,21.33251],[-157.89947,21.33251],[-157.89945,21.33251],[-157.89943,21.33251],[-157.89942,21.33251],[-157.8994,21.3325],[-157.89938,21.3325],[-157.89937,21.3325],[-157.89935,21.3325],[-157.89934,21.33249],[-157.89932,21.33249],[-157.8993,21.33249],[-157.89929,21.33249],[-157.89927,21.33249],[-157.89925,21.33248],[-157.89924,21.33248],[-157.89922,21.33248],[-157.8992,21.33248],[-157.89919,21.33248],[-157.89917,21.33247],[-157.89915,21.33247],[-157.89914,21.33247],[-157.89912,21.33247],[-157.8991,21.33247],[-157.89909,21.33247],[-157.89907,21.33247],[-157.89906,21.33246],[-157.89892,21.33246],[-157.89878,21.33246],[-157.89864,21.33246],[-157.8985,21.33248],[-157.89837,21.3325],[-157.89823,21.33252],[-157.89809,21.33255],[-157.89796,21.33259],[-157.89783,21.33263],[-157.8977,21.33268],[-157.89758,21.33273],[-157.89756,21.33274],[-157.89755,21.33274],[-157.89753,21.33275],[-157.89752,21.33276],[-157.8975,21.33276],[-157.89749,21.33277],[-157.89747,21.33278],[-157.89746,21.33279],[-157.89744,21.33279],[-157.89743,21.3328],[-157.89741,21.33281],[-157.8974,21.33281],[-157.89738,21.33282],[-157.89737,21.33283],[-157.89736,21.33284],[-157.89734,21.33285],[-157.89733,21.33285],[-157.89731,21.33286],[-157.8973,21.33287],[-157.89728,21.33288],[-157.89727,21.33288],[-157.89725,21.33289],[-157.89724,21.3329],[-157.89723,21.33291],[-157.89721,21.33292],[-157.8972,21.33292],[-157.89718,21.33293],[-157.89717,21.33294],[-157.89715,21.33295],[-157.89714,21.33295],[-157.89713,21.33296],[-157.89691,21.33308],[-157.8969,21.33309],[-157.89688,21.3331],[-157.89687,21.33311],[-157.89685,21.33311],[-157.89684,21.33312],[-157.89683,21.33313],[-157.89681,21.33314],[-157.8968,21.33315],[-157.89678,21.33315],[-157.89677,21.33316],[-157.89675,21.33317],[-157.89674,21.33318],[-157.89672,21.33318],[-157.89671,21.33319],[-157.8967,21.3332],[-157.89668,21.33321],[-157.89667,21.33321],[-157.89665,21.33322],[-157.89664,21.33323],[-157.89662,21.33324],[-157.89661,21.33324],[-157.89659,21.33325],[-157.89658,21.33326],[-157.89657,21.33327],[-157.89655,21.33327],[-157.89654,21.33328],[-157.89652,21.33329],[-157.89651,21.3333],[-157.89649,21.3333],[-157.89648,21.33331],[-157.89646,21.33332],[-157.89641,21.33334],[-157.89637,21.33336],[-157.89632,21.33338],[-157.89627,21.33339],[-157.89622,21.33341],[-157.89617,21.33343],[-157.89612,21.33344],[-157.89608,21.33346],[-157.89603,21.33347],[-157.89598,21.33349],[-157.89593,21.3335],[-157.89588,21.33351],[-157.89582,21.33352],[-157.89577,21.33353],[-157.89572,21.33354],[-157.89567,21.33355],[-157.89562,21.33356],[-157.89557,21.33357],[-157.89552,21.33357],[-157.89547,21.33358],[-157.89541,21.33358],[-157.89536,21.33359],[-157.89531,21.33359],[-157.89526,21.33359],[-157.89521,21.33359],[-157.89515,21.33359],[-157.8951,21.33359],[-157.89505,21.33359],[-157.895,21.33359],[-157.89495,21.33358],[-157.89489,21.33358],[-157.89484,21.33358],[-157.89479,21.33357],[-157.89474,21.33356],[-157.89474,21.33356],[-157.89472,21.33356],[-157.8947,21.33356],[-157.89469,21.33356],[-157.89467,21.33355],[-157.89465,21.33355],[-157.89464,21.33355],[-157.89462,21.33354],[-157.8946,21.33354],[-157.89459,21.33354],[-157.89457,21.33354],[-157.89456,21.33353],[-157.89454,21.33353],[-157.89452,21.33353],[-157.89451,21.33352],[-157.89449,21.33352],[-157.89447,21.33352],[-157.89446,21.33351],[-157.89444,21.33351],[-157.89443,21.33351],[-157.89441,21.3335],[-157.89439,21.3335],[-157.89438,21.3335],[-157.89436,21.33349],[-157.89435,21.33349],[-157.89433,21.33349],[-157.89431,21.33348],[-157.8943,21.33348],[-157.89428,21.33348],[-157.89426,21.33347],[-157.89425,21.33347],[-157.89423,21.33347],[-157.8931,21.33321],[-157.89308,21.33321],[-157.89306,21.33321],[-157.89305,21.3332],[-157.89303,21.3332],[-157.89302,21.3332],[-157.893,21.33319],[-157.89299,21.33319],[-157.89297,21.33319],[-157.89295,21.33318],[-157.89294,21.33318],[-157.89292,21.33318],[-157.89291,21.33317],[-157.89289,21.33317],[-157.89288,21.33317],[-157.89286,21.33316],[-157.89284,21.33316],[-157.89283,21.33316],[-157.89281,21.33315],[-157.8928,21.33315],[-157.89278,21.33315],[-157.89277,21.33314],[-157.89275,21.33314],[-157.89273,21.33314],[-157.89272,21.33314],[-157.8927,21.33313],[-157.89269,21.33313],[-157.89267,21.33313],[-157.89265,21.33313],[-157.89264,21.33312],[-157.89262,21.33312],[-157.89261,21.33312],[-157.89248,21.3331],[-157.89234,21.33309],[-157.89221,21.33309],[-157.8922,21.33309],[-157.89218,21.33309],[-157.89216,21.33309],[-157.89215,21.33309],[-157.89213,21.33309],[-157.89212,21.33309],[-157.8921,21.33309],[-157.89208,21.33309],[-157.89207,21.33309],[-157.89205,21.33309],[-157.89203,21.33309],[-157.89202,21.33309],[-157.892,21.33309],[-157.89199,21.33309],[-157.89197,21.33309],[-157.89195,21.3331],[-157.89194,21.3331],[-157.89192,21.3331],[-157.89191,21.3331],[-157.89189,21.3331],[-157.89187,21.3331],[-157.89186,21.3331],[-157.89184,21.3331],[-157.89183,21.3331],[-157.89181,21.3331],[-157.89179,21.3331],[-157.89178,21.33311],[-157.89176,21.33311],[-157.89175,21.33311],[-157.89173,21.33311],[-157.89171,21.33311],[-157.8915,21.33312],[-157.89149,21.33313],[-157.89147,21.33313],[-157.89145,21.33313],[-157.89144,21.33313],[-157.89142,21.33313],[-157.8914,21.33313],[-157.89138,21.33313],[-157.89137,21.33313],[-157.89135,21.33313],[-157.89133,21.33314],[-157.89132,21.33314],[-157.8913,21.33314],[-157.89128,21.33314],[-157.89127,21.33314],[-157.89125,21.33314],[-157.89123,21.33314],[-157.89121,21.33314],[-157.8912,21.33314],[-157.89118,21.33314],[-157.89116,21.33314],[-157.89115,21.33314],[-157.89113,21.33314],[-157.89111,21.33315],[-157.8911,21.33315],[-157.89108,21.33315],[-157.89106,21.33315],[-157.89104,21.33315],[-157.89103,21.33315],[-157.89101,21.33315],[-157.89099,21.33315],[-157.89098,21.33315],[-157.89092,21.33314],[-157.89087,21.33314],[-157.89082,21.33314],[-157.89077,21.33314],[-157.89072,21.33313],[-157.89066,21.33313],[-157.89065,21.33312],[-157.89063,21.33312],[-157.89061,21.33312],[-157.89059,21.33312],[-157.89058,21.33311],[-157.89056,21.33311],[-157.89054,21.33311],[-157.89053,21.33311],[-157.89051,21.3331],[-157.89049,21.3331],[-157.89048,21.3331],[-157.89046,21.3331],[-157.89044,21.33309],[-157.89043,21.33309],[-157.89041,21.33309],[-157.89039,21.33308],[-157.89038,21.33308],[-157.89036,21.33308],[-157.89034,21.33308],[-157.89033,21.33307],[-157.89031,21.33307],[-157.89029,21.33307],[-157.89028,21.33306],[-157.89026,21.33306],[-157.89024,21.33306],[-157.89023,21.33305],[-157.89021,21.33305],[-157.89019,21.33305],[-157.89018,21.33304],[-157.89016,21.33304],[-157.89014,21.33304],[-157.89013,21.33303],[-157.88758,21.33251],[-157.88757,21.33251],[-157.88755,21.3325],[-157.88754,21.3325],[-157.88752,21.3325],[-157.8875,21.33249],[-157.88749,21.33249],[-157.88747,21.33249],[-157.88746,21.33248],[-157.88744,21.33248],[-157.88743,21.33248],[-157.88741,21.33247],[-157.8874,21.33247],[-157.88738,21.33247],[-157.88737,21.33246],[-157.88735,21.33246],[-157.88734,21.33246],[-157.88732,21.33245],[-157.88731,21.33245],[-157.88729,21.33245],[-157.88728,21.33244],[-157.88726,21.33244],[-157.88725,21.33244],[-157.88723,21.33243],[-157.88722,21.33243],[-157.8872,21.33243],[-157.88719,21.33242],[-157.88717,21.33242],[-157.88715,21.33242],[-157.88714,21.33241],[-157.88712,21.33241],[-157.88711,21.3324],[-157.88703,21.33238],[-157.88695,21.33236],[-157.88687,21.33234],[-157.8868,21.33231],[-157.88672,21.33229],[-157.88664,21.33226],[-157.88657,21.33223],[-157.88649,21.3322],[-157.88642,21.33217],[-157.88634,21.33214],[-157.88627,21.3321],[-157.88626,21.3321]]]}},{"type":"Feature","properties":{"OBJECTID":6,"feature_name":"City Center Section","feature_desc":"Eastbound Alignment","source_scale":"1:480 / 1\"=40'","SHAPE_Length":0.0620282550294505},"geometry":{"type":"MultiLineString","coordinates":[[[-157.88628,21.33207],[-157.88621,21.33203],[-157.88614,21.332],[-157.88607,21.33196],[-157.886,21.33192],[-157.88593,21.33188],[-157.88586,21.33184],[-157.88579,21.3318],[-157.88573,21.33176],[-157.88571,21.33175],[-157.8857,21.33175],[-157.88569,21.33174],[-157.88568,21.33173],[-157.88566,21.33172],[-157.88565,21.33171],[-157.88564,21.3317],[-157.88562,21.3317],[-157.88561,21.33169],[-157.8856,21.33168],[-157.88559,21.33167],[-157.88557,21.33166],[-157.88556,21.33165],[-157.88555,21.33164],[-157.88554,21.33163],[-157.88552,21.33163],[-157.88551,21.33162],[-157.8855,21.33161],[-157.88549,21.3316],[-157.88547,21.33159],[-157.88546,21.33158],[-157.88545,21.33157],[-157.88544,21.33156],[-157.88542,21.33156],[-157.88541,21.33155],[-157.8854,21.33154],[-157.88539,21.33153],[-157.88537,21.33152],[-157.88536,21.33151],[-157.88535,21.3315],[-157.88534,21.33149],[-157.88325,21.33],[-157.88324,21.33],[-157.88323,21.32999],[-157.88322,21.32998],[-157.88321,21.32998],[-157.8832,21.32997],[-157.88319,21.32997],[-157.88319,21.32996],[-157.88318,21.32995],[-157.88317,21.32995],[-157.88316,21.32994],[-157.88315,21.32994],[-157.88314,21.32993],[-157.88314,21.32992],[-157.88313,21.32992],[-157.88312,21.32991],[-157.88311,21.32991],[-157.8831,21.3299],[-157.88309,21.32989],[-157.88308,21.32989],[-157.88308,21.32988],[-157.88307,21.32988],[-157.88306,21.32987],[-157.88305,21.32986],[-157.88304,21.32986],[-157.88303,21.32985],[-157.88302,21.32984],[-157.88302,21.32984],[-157.88301,21.32983],[-157.883,21.32983],[-157.88299,21.32982],[-157.88298,21.32981],[-157.88284,21.32971],[-157.88271,21.3296],[-157.88257,21.32949],[-157.88254,21.32947],[-157.88254,21.32946],[-157.88253,21.32946],[-157.88252,21.32945],[-157.88251,21.32944],[-157.8825,21.32944],[-157.8825,21.32943],[-157.88249,21.32942],[-157.88248,21.32942],[-157.88247,21.32941],[-157.88246,21.3294],[-157.88246,21.3294],[-157.88245,21.32939],[-157.88244,21.32938],[-157.88243,21.32938],[-157.88242,21.32937],[-157.88242,21.32936],[-157.88241,21.32936],[-157.8824,21.32935],[-157.88239,21.32934],[-157.88238,21.32934],[-157.88238,21.32933],[-157.88237,21.32932],[-157.88236,21.32932],[-157.88235,21.32931],[-157.88234,21.3293],[-157.88234,21.3293],[-157.88233,21.32929],[-157.88232,21.32928],[-157.88231,21.32928],[-157.8823,21.32927],[-157.8823,21.32926],[-157.87588,21.32378],[-157.87586,21.32377],[-157.87585,21.32376],[-157.87583,21.32375],[-157.87582,21.32373],[-157.8758,21.32372],[-157.87579,21.32371],[-157.87577,21.32369],[-157.87576,21.32368],[-157.87574,21.32367],[-157.87573,21.32366],[-157.87571,21.32364],[-157.8757,21.32363],[-157.87568,21.32362],[-157.87566,21.3236],[-157.87565,21.32359],[-157.87563,21.32358],[-157.87562,21.32357],[-157.8756,21.32355],[-157.87559,21.32354],[-157.87557,21.32353],[-157.87556,21.32351],[-157.87554,21.3235],[-157.87553,21.32349],[-157.87551,21.32348],[-157.87549,21.32346],[-157.87548,21.32345],[-157.87546,21.32344],[-157.87545,21.32343],[-157.87543,21.32342],[-157.87542,21.3234],[-157.8754,21.32339],[-157.87526,21.32328],[-157.87511,21.32318],[-157.87509,21.32317],[-157.87507,21.32316],[-157.87506,21.32315],[-157.87504,21.32314],[-157.87502,21.32313],[-157.87501,21.32312],[-157.87499,21.32311],[-157.87497,21.3231],[-157.87495,21.32309],[-157.87494,21.32307],[-157.87492,21.32306],[-157.8749,21.32305],[-157.87489,21.32304],[-157.87487,21.32303],[-157.87485,21.32302],[-157.87483,21.32301],[-157.87482,21.323],[-157.8748,21.32299],[-157.87478,21.32298],[-157.87477,21.32297],[-157.87475,21.32296],[-157.87473,21.32295],[-157.87471,21.32294],[-157.8747,21.32293],[-157.87468,21.32292],[-157.87466,21.32291],[-157.87464,21.3229],[-157.87463,21.32289],[-157.87461,21.32288],[-157.87459,21.32287],[-157.87457,21.32286],[-157.86752,21.31872],[-157.86751,21.31871],[-157.8675,21.3187],[-157.86749,21.3187],[-157.86748,21.31869],[-157.86747,21.31869],[-157.86746,21.31868],[-157.86745,21.31868],[-157.86744,21.31867],[-157.86743,21.31866],[-157.86742,21.31866],[-157.86741,21.31865],[-157.8674,21.31865],[-157.86739,21.31864],[-157.86738,21.31863],[-157.86737,21.31863],[-157.86736,21.31862],[-157.86735,21.31862],[-157.86734,21.31861],[-157.86733,21.3186],[-157.86732,21.3186],[-157.86731,21.31859],[-157.8673,21.31858],[-157.86729,21.31858],[-157.86728,21.31857],[-157.86727,21.31857],[-157.86726,21.31856],[-157.86725,21.31855],[-157.86725,21.31855],[-157.86724,21.31854],[-157.86723,21.31853],[-157.86722,21.31853],[-157.86719,21.31851],[-157.86716,21.31849],[-157.86714,21.31847],[-157.86711,21.31844],[-157.86709,21.31842],[-157.86706,21.3184],[-157.86704,21.31838],[-157.86701,21.31836],[-157.86699,21.31833],[-157.86696,21.31831],[-157.86694,21.31829],[-157.86693,21.31827],[-157.86692,21.31826],[-157.86691,21.31826],[-157.86691,21.31825],[-157.8669,21.31824],[-157.86689,21.31823],[-157.86688,21.31822],[-157.86688,21.31821],[-157.86687,21.3182],[-157.86686,21.3182],[-157.86685,21.31819],[-157.86685,21.31818],[-157.86684,21.31817],[-157.86683,21.31816],[-157.86683,21.31815],[-157.86682,21.31814],[-157.86681,21.31814],[-157.8668,21.31813],[-157.8668,21.31812],[-157.86679,21.31811],[-157.86678,21.3181],[-157.86678,21.31809],[-157.86677,21.31808],[-157.86676,21.31807],[-157.86676,21.31806],[-157.86675,21.31806],[-157.86674,21.31805],[-157.86673,21.31804],[-157.86673,21.31803],[-157.86672,21.31802],[-157.86671,21.31801],[-157.86671,21.318],[-157.86557,21.31652],[-157.86557,21.31651],[-157.86556,21.31651],[-157.86555,21.3165],[-157.86555,21.31649],[-157.86554,21.31648],[-157.86553,21.31647],[-157.86553,21.31647],[-157.86552,21.31646],[-157.86552,21.31645],[-157.86551,21.31644],[-157.8655,21.31644],[-157.8655,21.31643],[-157.86549,21.31642],[-157.86549,21.31641],[-157.86548,21.3164],[-157.86548,21.31639],[-157.86547,21.31639],[-157.86546,21.31638],[-157.86546,21.31637],[-157.86545,21.31636],[-157.86545,21.31635],[-157.86544,21.31635],[-157.86544,21.31634],[-157.86543,21.31633],[-157.86542,21.31632],[-157.86542,21.31631],[-157.86541,21.3163],[-157.86541,21.3163],[-157.8654,21.31629],[-157.8654,21.31628],[-157.86539,21.31627],[-157.86538,21.31625],[-157.86537,21.31623],[-157.86536,21.31621],[-157.86535,21.31619],[-157.86533,21.31616],[-157.86532,21.31614],[-157.86531,21.31612],[-157.8653,21.3161],[-157.8653,21.31607],[-157.86529,21.31605],[-157.86528,21.31603],[-157.86527,21.31601],[-157.86526,21.31598],[-157.86526,21.31596],[-157.86525,21.31594],[-157.86524,21.31591],[-157.86524,21.31589],[-157.86523,21.31587],[-157.86523,21.31584],[-157.86522,21.31582],[-157.86522,21.3158],[-157.86522,21.31577],[-157.86521,21.31575],[-157.86521,21.31572],[-157.86521,21.3157],[-157.86521,21.31568],[-157.8652,21.31565],[-157.8652,21.31565],[-157.8652,21.31564],[-157.8652,21.31563],[-157.8652,21.31562],[-157.8652,21.31561],[-157.8652,21.3156],[-157.8652,21.31559],[-157.8652,21.31558],[-157.8652,21.31557],[-157.8652,21.31556],[-157.8652,21.31555],[-157.8652,21.31554],[-157.8652,21.31553],[-157.8652,21.31552],[-157.8652,21.31551],[-157.8652,21.3155],[-157.8652,21.31549],[-157.86521,21.31548],[-157.86521,21.31547],[-157.86521,21.31546],[-157.86521,21.31546],[-157.86521,21.31545],[-157.86521,21.31544],[-157.86521,21.31543],[-157.86521,21.31542],[-157.86521,21.31541],[-157.86521,21.3154],[-157.86521,21.31539],[-157.86521,21.31538],[-157.86521,21.31537],[-157.86521,21.31536],[-157.86521,21.31535],[-157.86528,21.31452],[-157.86528,21.31451],[-157.86528,21.3145],[-157.86528,21.3145],[-157.86528,21.31449],[-157.86528,21.31449],[-157.86528,21.31448],[-157.86528,21.31447],[-157.86528,21.31447],[-157.86528,21.31446],[-157.86528,21.31446],[-157.86528,21.31445],[-157.86528,21.31444],[-157.86528,21.31444],[-157.86528,21.31443],[-157.86528,21.31443],[-157.86528,21.31442],[-157.86528,21.31441],[-157.86528,21.31441],[-157.86528,21.3144],[-157.86528,21.3144],[-157.86528,21.31439],[-157.86529,21.31438],[-157.86529,21.31438],[-157.86529,21.31437],[-157.86529,21.31437],[-157.86529,21.31436],[-157.86529,21.31435],[-157.86529,21.31435],[-157.86529,21.31434],[-157.86529,21.31434],[-157.86529,21.31433],[-157.86529,21.3142],[-157.86529,21.31407],[-157.86528,21.31395],[-157.86528,21.31394],[-157.86528,21.31394],[-157.86528,21.31393],[-157.86528,21.31392],[-157.86528,21.31392],[-157.86528,21.31391],[-157.86528,21.31391],[-157.86528,21.3139],[-157.86528,21.31389],[-157.86528,21.31389],[-157.86528,21.31388],[-157.86528,21.31387],[-157.86528,21.31387],[-157.86528,21.31386],[-157.86528,21.31386],[-157.86528,21.31385],[-157.86527,21.31384],[-157.86527,21.31384],[-157.86527,21.31383],[-157.86527,21.31383],[-157.86527,21.31382],[-157.86527,21.31381],[-157.86527,21.31381],[-157.86527,21.3138],[-157.86527,21.3138],[-157.86527,21.31379],[-157.86527,21.31378],[-157.86527,21.31378],[-157.86527,21.31377],[-157.86527,21.31377],[-157.86527,21.31376],[-157.86522,21.31332],[-157.8652,21.31313],[-157.8651,21.31204],[-157.8651,21.31203],[-157.8651,21.31202],[-157.8651,21.31201],[-157.8651,21.312],[-157.8651,21.312],[-157.8651,21.31199],[-157.86509,21.31198],[-157.86509,21.31197],[-157.86509,21.31196],[-157.86509,21.31196],[-157.86509,21.31195],[-157.86509,21.31194],[-157.86509,21.31193],[-157.86509,21.31192],[-157.86509,21.31191],[-157.86509,21.31191],[-157.86509,21.3119],[-157.86508,21.31189],[-157.86508,21.31188],[-157.86508,21.31187],[-157.86508,21.31187],[-157.86508,21.31186],[-157.86508,21.31185],[-157.86508,21.31184],[-157.86508,21.31183],[-157.86508,21.31182],[-157.86507,21.31182],[-157.86507,21.31181],[-157.86507,21.3118],[-157.86507,21.31179],[-157.86507,21.31178],[-157.86505,21.31171],[-157.86503,21.31163],[-157.865,21.31155],[-157.865,21.31154],[-157.865,21.31154],[-157.865,21.31153],[-157.86499,21.31152],[-157.86499,21.31151],[-157.86499,21.3115],[-157.86498,21.3115],[-157.86498,21.31149],[-157.86498,21.31148],[-157.86497,21.31147],[-157.86497,21.31147],[-157.86497,21.31146],[-157.86496,21.31145],[-157.86496,21.31144],[-157.86496,21.31144],[-157.86495,21.31143],[-157.86495,21.31142],[-157.86495,21.31141],[-157.86494,21.31141],[-157.86494,21.3114],[-157.86494,21.31139],[-157.86493,21.31138],[-157.86493,21.31138],[-157.86492,21.31137],[-157.86492,21.31136],[-157.86492,21.31135],[-157.86491,21.31135],[-157.86491,21.31134],[-157.86491,21.31133],[-157.8649,21.31132],[-157.8649,21.31131],[-157.86455,21.31057],[-157.86454,21.31057],[-157.86454,21.31056],[-157.86453,21.31055],[-157.86453,21.31054],[-157.86452,21.31053],[-157.86452,21.31052],[-157.86452,21.31051],[-157.86451,21.3105],[-157.86451,21.31049],[-157.8645,21.31048],[-157.8645,21.31047],[-157.86449,21.31046],[-157.86449,21.31045],[-157.86449,21.31044],[-157.86448,21.31043],[-157.86448,21.31043],[-157.86447,21.31042],[-157.86447,21.31041],[-157.86446,21.3104],[-157.86446,21.31039],[-157.86446,21.31038],[-157.86445,21.31037],[-157.86445,21.31036],[-157.86444,21.31035],[-157.86444,21.31034],[-157.86443,21.31033],[-157.86443,21.31032],[-157.86443,21.31031],[-157.86442,21.3103],[-157.86442,21.31029],[-157.86441,21.31028],[-157.8644,21.31024],[-157.86438,21.31019],[-157.86436,21.31015],[-157.86435,21.3101],[-157.86433,21.31006],[-157.86432,21.31001],[-157.86431,21.30996],[-157.8643,21.30992],[-157.86429,21.30987],[-157.86428,21.30982],[-157.86427,21.30977],[-157.86426,21.30973],[-157.86425,21.30968],[-157.86424,21.30963],[-157.86424,21.30958],[-157.86423,21.30954],[-157.86423,21.30949],[-157.86423,21.30944],[-157.86422,21.30939],[-157.86422,21.30934],[-157.86422,21.3093],[-157.86422,21.30925],[-157.86423,21.3092],[-157.86423,21.30919],[-157.86423,21.30918],[-157.86423,21.30917],[-157.86423,21.30916],[-157.86423,21.30915],[-157.86423,21.30914],[-157.86423,21.30913],[-157.86423,21.30912],[-157.86423,21.30911],[-157.86423,21.3091],[-157.86423,21.30909],[-157.86423,21.30908],[-157.86423,21.30907],[-157.86423,21.30906],[-157.86424,21.30905],[-157.86424,21.30904],[-157.86424,21.30903],[-157.86424,21.30902],[-157.86424,21.30901],[-157.86424,21.309],[-157.86424,21.30899],[-157.86424,21.30898],[-157.86424,21.30897],[-157.86424,21.30896],[-157.86425,21.30895],[-157.86425,21.30894],[-157.86425,21.30893],[-157.86425,21.30892],[-157.86425,21.30891],[-157.86425,21.3089],[-157.86425,21.30889],[-157.86425,21.30888],[-157.86427,21.30868],[-157.86427,21.30867],[-157.86428,21.30866],[-157.86428,21.30865],[-157.86428,21.30864],[-157.86428,21.30863],[-157.86428,21.30863],[-157.86428,21.30862],[-157.86428,21.30861],[-157.86428,21.3086],[-157.86428,21.30859],[-157.86428,21.30858],[-157.86429,21.30857],[-157.86429,21.30856],[-157.86429,21.30855],[-157.86429,21.30854],[-157.86429,21.30853],[-157.86429,21.30852],[-157.86429,21.30851],[-157.86429,21.3085],[-157.86429,21.3085],[-157.86429,21.30849],[-157.86429,21.30848],[-157.86429,21.30847],[-157.86429,21.30846],[-157.86429,21.30845],[-157.86429,21.30844],[-157.86429,21.30843],[-157.86429,21.30842],[-157.86429,21.30841],[-157.86429,21.3084],[-157.86429,21.30839],[-157.86429,21.3083],[-157.86428,21.30821],[-157.86427,21.30813],[-157.86425,21.30804],[-157.86422,21.30795],[-157.86419,21.30787],[-157.86415,21.30779],[-157.86414,21.30778],[-157.86414,21.30777],[-157.86413,21.30776],[-157.86413,21.30776],[-157.86413,21.30775],[-157.86412,21.30774],[-157.86412,21.30773],[-157.86411,21.30772],[-157.86411,21.30771],[-157.8641,21.30771],[-157.8641,21.3077],[-157.86409,21.30769],[-157.86409,21.30768],[-157.86408,21.30767],[-157.86408,21.30767],[-157.86407,21.30766],[-157.86407,21.30765],[-157.86406,21.30764],[-157.86406,21.30763],[-157.86405,21.30763],[-157.86405,21.30762],[-157.86404,21.30761],[-157.86404,21.3076],[-157.86403,21.30759],[-157.86403,21.30759],[-157.86402,21.30758],[-157.86402,21.30757],[-157.86401,21.30756],[-157.86401,21.30755],[-157.864,21.30755],[-157.864,21.30754],[-157.86285,21.30577],[-157.86285,21.30577],[-157.86285,21.30576],[-157.86285,21.30576],[-157.86284,21.30576],[-157.86284,21.30575],[-157.86284,21.30575],[-157.86283,21.30574],[-157.86283,21.30574],[-157.86283,21.30573],[-157.86282,21.30573],[-157.86282,21.30572],[-157.86282,21.30572],[-157.86282,21.30571],[-157.86281,21.30571],[-157.86281,21.30571],[-157.86281,21.3057],[-157.8628,21.3057],[-157.8628,21.30569],[-157.8628,21.30569],[-157.8628,21.30568],[-157.86279,21.30568],[-157.86279,21.30567],[-157.86279,21.30567],[-157.86278,21.30566],[-157.86278,21.30566],[-157.86278,21.30566],[-157.86277,21.30565],[-157.86277,21.30565],[-157.86277,21.30564],[-157.86277,21.30564],[-157.86276,21.30563],[-157.86252,21.30527],[-157.86252,21.30527],[-157.86252,21.30527],[-157.86251,21.30526],[-157.86251,21.30526],[-157.86251,21.30525],[-157.86251,21.30525],[-157.8625,21.30524],[-157.8625,21.30524],[-157.8625,21.30523],[-157.86249,21.30523],[-157.86249,21.30522],[-157.86249,21.30522],[-157.86248,21.30522],[-157.86248,21.30521],[-157.86248,21.30521],[-157.86247,21.3052],[-157.86247,21.3052],[-157.86247,21.30519],[-157.86247,21.30519],[-157.86246,21.30518],[-157.86246,21.30518],[-157.86246,21.30518],[-157.86245,21.30517],[-157.86245,21.30517],[-157.86245,21.30516],[-157.86244,21.30516],[-157.86244,21.30515],[-157.86244,21.30515],[-157.86244,21.30514],[-157.86243,21.30514],[-157.86243,21.30513],[-157.86167,21.30402],[-157.86166,21.30402],[-157.86166,21.30401],[-157.86166,21.304],[-157.86165,21.304],[-157.86165,21.30399],[-157.86164,21.30398],[-157.86164,21.30397],[-157.86163,21.30397],[-157.86163,21.30396],[-157.86162,21.30395],[-157.86162,21.30395],[-157.86161,21.30394],[-157.86161,21.30393],[-157.8616,21.30392],[-157.8616,21.30392],[-157.86159,21.30391],[-157.86159,21.3039],[-157.86158,21.3039],[-157.86158,21.30389],[-157.86157,21.30388],[-157.86157,21.30388],[-157.86156,21.30387],[-157.86156,21.30386],[-157.86155,21.30385],[-157.86155,21.30385],[-157.86154,21.30384],[-157.86154,21.30383],[-157.86153,21.30383],[-157.86153,21.30382],[-157.86152,21.30381],[-157.86152,21.30381],[-157.8614,21.30365],[-157.86129,21.3035],[-157.86116,21.30335],[-157.86116,21.30334],[-157.86115,21.30333],[-157.86114,21.30333],[-157.86114,21.30332],[-157.86113,21.30331],[-157.86113,21.30331],[-157.86112,21.3033],[-157.86112,21.30329],[-157.86111,21.30329],[-157.86111,21.30328],[-157.8611,21.30327],[-157.86109,21.30327],[-157.86109,21.30326],[-157.86108,21.30325],[-157.86108,21.30325],[-157.86107,21.30324],[-157.86107,21.30324],[-157.86106,21.30323],[-157.86105,21.30322],[-157.86105,21.30322],[-157.86104,21.30321],[-157.86104,21.3032],[-157.86103,21.3032],[-157.86103,21.30319],[-157.86102,21.30318],[-157.86102,21.30318],[-157.86101,21.30317],[-157.861,21.30316],[-157.861,21.30316],[-157.86099,21.30315],[-157.86099,21.30315],[-157.86027,21.30233],[-157.86005,21.30208],[-157.85833,21.30017],[-157.85811,21.29992],[-157.85778,21.29954],[-157.85777,21.29953],[-157.85777,21.29953],[-157.85777,21.29953],[-157.85776,21.29952],[-157.85776,21.29952],[-157.85775,21.29951],[-157.85775,21.29951],[-157.85775,21.2995],[-157.85774,21.2995],[-157.85774,21.2995],[-157.85774,21.29949],[-157.85773,21.29949],[-157.85773,21.29948],[-157.85772,21.29948],[-157.85772,21.29947],[-157.85772,21.29947],[-157.85771,21.29947],[-157.85771,21.29946],[-157.85771,21.29946],[-157.8577,21.29945],[-157.8577,21.29945],[-157.85769,21.29944],[-157.85769,21.29944],[-157.85769,21.29944],[-157.85768,21.29943],[-157.85768,21.29943],[-157.85768,21.29942],[-157.85767,21.29942],[-157.85767,21.29941],[-157.85767,21.29941],[-157.85766,21.29941],[-157.85761,21.29935],[-157.85757,21.29929],[-157.85752,21.29923],[-157.85748,21.29918],[-157.85748,21.29917],[-157.85748,21.29917],[-157.85747,21.29916],[-157.85747,21.29916],[-157.85747,21.29916],[-157.85746,21.29915],[-157.85746,21.29915],[-157.85746,21.29914],[-157.85745,21.29914],[-157.85745,21.29913],[-157.85745,21.29913],[-157.85744,21.29912],[-157.85744,21.29912],[-157.85744,21.29911],[-157.85743,21.29911],[-157.85743,21.2991],[-157.85743,21.2991],[-157.85742,21.2991],[-157.85742,21.29909],[-157.85742,21.29909],[-157.85741,21.29908],[-157.85741,21.29908],[-157.85741,21.29907],[-157.8574,21.29907],[-157.8574,21.29906],[-157.8574,21.29906],[-157.85739,21.29905],[-157.85739,21.29905],[-157.85739,21.29905],[-157.85738,21.29904],[-157.85738,21.29904],[-157.85738,21.29903],[-157.85722,21.2988],[-157.85722,21.2988],[-157.85721,21.29879],[-157.85721,21.29879],[-157.85721,21.29878],[-157.8572,21.29878],[-157.8572,21.29878],[-157.8572,21.29877],[-157.85719,21.29877],[-157.85719,21.29876],[-157.85719,21.29876],[-157.85718,21.29875],[-157.85718,21.29875],[-157.85718,21.29874],[-157.85718,21.29874],[-157.85717,21.29874],[-157.85717,21.29873],[-157.85717,21.29873],[-157.85716,21.29872],[-157.85716,21.29872],[-157.85716,21.29871],[-157.85715,21.29871],[-157.85715,21.2987],[-157.85715,21.2987],[-157.85714,21.2987],[-157.85714,21.29869],[-157.85714,21.29869],[-157.85713,21.29868],[-157.85713,21.29868],[-157.85713,21.29867],[-157.85713,21.29867],[-157.85712,21.29866],[-157.85704,21.29855],[-157.85695,21.29844],[-157.85695,21.29844],[-157.85695,21.29843],[-157.85694,21.29843],[-157.85694,21.29843],[-157.85694,21.29842],[-157.85693,21.29842],[-157.85693,21.29841],[-157.85693,21.29841],[-157.85692,21.2984],[-157.85692,21.2984],[-157.85691,21.2984],[-157.85691,21.29839],[-157.85691,21.29839],[-157.8569,21.29838],[-157.8569,21.29838],[-157.8569,21.29838],[-157.85689,21.29837],[-157.85689,21.29837],[-157.85689,21.29836],[-157.85688,21.29836],[-157.85688,21.29835],[-157.85688,21.29835],[-157.85687,21.29835],[-157.85687,21.29834],[-157.85687,21.29834],[-157.85686,21.29833],[-157.85686,21.29833],[-157.85686,21.29832],[-157.85685,21.29832],[-157.85685,21.29832],[-157.85684,21.29831],[-157.85611,21.29744],[-157.85611,21.29743],[-157.8561,21.29743],[-157.8561,21.29742],[-157.85609,21.29741],[-157.85609,21.29741],[-157.85608,21.2974],[-157.85608,21.29739],[-157.85607,21.29739],[-157.85607,21.29738],[-157.85606,21.29738],[-157.85605,21.29737],[-157.85605,21.29736],[-157.85604,21.29736],[-157.85604,21.29735],[-157.85603,21.29734],[-157.85603,21.29734],[-157.85602,21.29733],[-157.85602,21.29733],[-157.85601,21.29732],[-157.85601,21.29731],[-157.856,21.29731],[-157.85599,21.2973],[-157.85599,21.29729],[-157.85598,21.29729],[-157.85598,21.29728],[-157.85597,21.29728],[-157.85597,21.29727],[-157.85596,21.29726],[-157.85595,21.29726],[-157.85595,21.29725],[-157.85594,21.29725],[-157.85587,21.29717],[-157.85579,21.29711],[-157.8557,21.29704],[-157.85561,21.29698],[-157.85552,21.29693],[-157.85543,21.29688],[-157.85542,21.29688],[-157.85541,21.29688],[-157.8554,21.29687],[-157.8554,21.29687],[-157.85539,21.29686],[-157.85538,21.29686],[-157.85537,21.29686],[-157.85536,21.29685],[-157.85536,21.29685],[-157.85535,21.29685],[-157.85534,21.29684],[-157.85533,21.29684],[-157.85533,21.29684],[-157.85532,21.29684],[-157.85531,21.29683],[-157.8553,21.29683],[-157.85529,21.29683],[-157.85529,21.29682],[-157.85528,21.29682],[-157.85527,21.29682],[-157.85526,21.29681],[-157.85525,21.29681],[-157.85525,21.29681],[-157.85524,21.2968],[-157.85523,21.2968],[-157.85522,21.2968],[-157.85521,21.29679],[-157.85521,21.29679],[-157.8552,21.29679],[-157.85519,21.29679],[-157.85518,21.29678],[-157.85397,21.29632],[-157.85396,21.29632],[-157.85395,21.29632],[-157.85394,21.29631],[-157.85393,21.29631],[-157.85392,21.2963],[-157.85391,21.2963],[-157.8539,21.2963],[-157.85389,21.29629],[-157.85388,21.29629],[-157.85387,21.29629],[-157.85386,21.29628],[-157.85385,21.29628],[-157.85384,21.29627],[-157.85383,21.29627],[-157.85382,21.29627],[-157.85381,21.29626],[-157.8538,21.29626],[-157.85379,21.29625],[-157.85378,21.29625],[-157.85377,21.29625],[-157.85376,21.29624],[-157.85375,21.29624],[-157.85374,21.29623],[-157.85373,21.29623],[-157.85372,21.29623],[-157.85371,21.29622],[-157.8537,21.29622],[-157.85369,21.29621],[-157.85368,21.29621],[-157.85367,21.2962],[-157.85366,21.2962],[-157.85361,21.29618],[-157.85356,21.29615],[-157.85351,21.29613],[-157.85346,21.2961],[-157.85341,21.29608],[-157.85337,21.29605],[-157.85332,21.29602],[-157.85327,21.296],[-157.85322,21.29597],[-157.85318,21.29594],[-157.85313,21.29591],[-157.85309,21.29587],[-157.85304,21.29584],[-157.853,21.29581],[-157.85295,21.29578],[-157.85291,21.29574],[-157.85287,21.29571],[-157.85283,21.29567],[-157.85279,21.29563],[-157.85275,21.2956],[-157.85271,21.29556],[-157.85267,21.29552],[-157.85263,21.29548],[-157.85259,21.29544],[-157.85259,21.29544],[-157.85258,21.29543],[-157.85258,21.29542],[-157.85257,21.29542],[-157.85256,21.29541],[-157.85255,21.2954],[-157.85255,21.29539],[-157.85254,21.29539],[-157.85253,21.29538],[-157.85253,21.29537],[-157.85252,21.29536],[-157.85251,21.29535],[-157.85251,21.29535],[-157.8525,21.29534],[-157.85249,21.29533],[-157.85249,21.29532],[-157.85248,21.29531],[-157.85247,21.29531],[-157.85247,21.2953],[-157.85246,21.29529],[-157.85245,21.29528],[-157.85245,21.29527],[-157.85244,21.29527],[-157.85243,21.29526],[-157.85243,21.29525],[-157.85242,21.29524],[-157.85241,21.29524],[-157.85241,21.29523],[-157.8524,21.29522],[-157.85239,21.29521],[-157.85239,21.2952],[-157.85238,21.2952],[-157.85184,21.29455],[-157.85183,21.29454],[-157.85182,21.29452],[-157.8518,21.2945],[-157.85179,21.29449],[-157.85178,21.29447],[-157.85176,21.29445],[-157.85175,21.29444],[-157.85173,21.29442],[-157.85172,21.29441],[-157.85171,21.29439],[-157.85169,21.29437],[-157.85168,21.29436],[-157.85166,21.29434],[-157.85165,21.29433],[-157.85163,21.29431],[-157.85162,21.2943],[-157.8516,21.29428],[-157.85159,21.29426],[-157.85157,21.29425],[-157.85156,21.29424],[-157.85154,21.29422],[-157.85153,21.29421],[-157.85151,21.29419],[-157.8515,21.29418],[-157.85148,21.29416],[-157.85146,21.29415],[-157.85145,21.29414],[-157.85143,21.29412],[-157.85141,21.29411],[-157.8514,21.2941],[-157.85138,21.29408],[-157.8513,21.29404],[-157.85123,21.29399],[-157.85115,21.29396],[-157.85106,21.29393],[-157.85098,21.2939],[-157.85089,21.29388],[-157.85081,21.29386],[-157.85072,21.29385],[-157.85063,21.29385],[-157.85054,21.29385],[-157.85052,21.29386],[-157.85049,21.29386],[-157.85047,21.29386],[-157.85045,21.29386],[-157.85043,21.29387],[-157.85041,21.29387],[-157.85038,21.29387],[-157.85036,21.29388],[-157.85034,21.29388],[-157.85032,21.29389],[-157.8503,21.29389],[-157.85028,21.29389],[-157.85026,21.2939],[-157.85023,21.2939],[-157.85021,21.29391],[-157.85019,21.29392],[-157.85017,21.29392],[-157.85015,21.29393],[-157.85013,21.29393],[-157.85011,21.29394],[-157.85009,21.29395],[-157.85006,21.29395],[-157.85004,21.29396],[-157.85002,21.29397],[-157.85,21.29397],[-157.84998,21.29398],[-157.84996,21.29399],[-157.84994,21.29399],[-157.84992,21.294],[-157.8499,21.29401],[-157.84988,21.29401],[-157.84959,21.29411],[-157.84958,21.29411],[-157.84957,21.29411],[-157.84957,21.29412],[-157.84956,21.29412],[-157.84955,21.29412],[-157.84954,21.29412],[-157.84954,21.29413],[-157.84953,21.29413],[-157.84952,21.29413],[-157.84952,21.29413],[-157.84951,21.29413],[-157.8495,21.29414],[-157.84949,21.29414],[-157.84949,21.29414],[-157.84948,21.29414],[-157.84947,21.29415],[-157.84946,21.29415],[-157.84946,21.29415],[-157.84945,21.29415],[-157.84944,21.29416],[-157.84944,21.29416],[-157.84943,21.29416],[-157.84942,21.29416],[-157.84941,21.29416],[-157.84941,21.29417],[-157.8494,21.29417],[-157.84939,21.29417],[-157.84938,21.29417],[-157.84938,21.29418],[-157.84937,21.29418],[-157.84936,21.29418],[-157.84932,21.29419],[-157.84927,21.29421],[-157.84922,21.29422],[-157.84917,21.29423],[-157.84913,21.29424],[-157.84908,21.29425],[-157.84903,21.29425],[-157.84898,21.29426],[-157.84894,21.29427],[-157.84889,21.29428],[-157.84884,21.29428],[-157.84879,21.29428],[-157.84874,21.29429],[-157.84869,21.29429],[-157.84864,21.29429],[-157.8486,21.29429],[-157.84855,21.29429],[-157.8485,21.29429],[-157.84845,21.29429],[-157.8484,21.29429],[-157.84835,21.29429],[-157.8483,21.29429],[-157.84826,21.29428],[-157.84821,21.29428],[-157.84816,21.29427],[-157.84811,21.29426],[-157.84806,21.29426],[-157.84801,21.29425],[-157.84797,21.29424],[-157.84792,21.29423],[-157.84787,21.29422],[-157.84782,21.29421],[-157.84778,21.29419],[-157.84774,21.29418],[-157.84773,21.29418],[-157.84772,21.29418],[-157.84771,21.29418],[-157.84771,21.29417],[-157.8477,21.29417],[-157.84769,21.29417],[-157.84769,21.29417],[-157.84768,21.29417],[-157.84767,21.29416],[-157.84766,21.29416],[-157.84766,21.29416],[-157.84765,21.29416],[-157.84764,21.29415],[-157.84763,21.29415],[-157.84763,21.29415],[-157.84762,21.29415],[-157.84761,21.29415],[-157.84761,21.29414],[-157.8476,21.29414],[-157.84759,21.29414],[-157.84758,21.29414],[-157.84758,21.29413],[-157.84757,21.29413],[-157.84756,21.29413],[-157.84755,21.29413],[-157.84755,21.29412],[-157.84754,21.29412],[-157.84753,21.29412],[-157.84753,21.29412],[-157.84752,21.29411],[-157.84751,21.29411],[-157.8465,21.29378],[-157.84649,21.29378],[-157.84649,21.29378],[-157.84648,21.29377],[-157.84647,21.29377],[-157.84647,21.29377],[-157.84646,21.29377],[-157.84646,21.29377],[-157.84645,21.29376],[-157.84644,21.29376],[-157.84644,21.29376],[-157.84643,21.29376],[-157.84642,21.29376],[-157.84642,21.29375],[-157.84641,21.29375],[-157.84641,21.29375],[-157.8464,21.29375],[-157.84639,21.29375],[-157.84639,21.29374],[-157.84638,21.29374],[-157.84637,21.29374],[-157.84637,21.29374],[-157.84636,21.29373],[-157.84636,21.29373],[-157.84635,21.29373],[-157.84634,21.29373],[-157.84634,21.29373],[-157.84633,21.29372],[-157.84632,21.29372],[-157.84632,21.29372],[-157.84631,21.29372],[-157.84631,21.29372],[-157.84625,21.2937],[-157.8462,21.29368],[-157.84615,21.29365],[-157.8461,21.29363],[-157.84606,21.29361],[-157.84605,21.29361],[-157.84605,21.29361],[-157.84604,21.29361],[-157.84603,21.2936],[-157.84603,21.2936],[-157.84602,21.2936],[-157.84602,21.2936],[-157.84601,21.29359],[-157.84601,21.29359],[-157.846,21.29359],[-157.84599,21.29358],[-157.84599,21.29358],[-157.84598,21.29358],[-157.84598,21.29358],[-157.84597,21.29357],[-157.84596,21.29357],[-157.84596,21.29357],[-157.84595,21.29356],[-157.84595,21.29356],[-157.84594,21.29356],[-157.84593,21.29356],[-157.84593,21.29355],[-157.84592,21.29355],[-157.84592,21.29355],[-157.84591,21.29354],[-157.84591,21.29354],[-157.8459,21.29354],[-157.84589,21.29354],[-157.84589,21.29353],[-157.84588,21.29353],[-157.84588,21.29353],[-157.84569,21.29344],[-157.84568,21.29343],[-157.84568,21.29343],[-157.84567,21.29343],[-157.84567,21.29343],[-157.84566,21.29342],[-157.84566,21.29342],[-157.84565,21.29342],[-157.84565,21.29342],[-157.84564,21.29341],[-157.84564,21.29341],[-157.84563,21.29341],[-157.84563,21.29341],[-157.84562,21.2934],[-157.84562,21.2934],[-157.84561,21.2934],[-157.84561,21.2934],[-157.8456,21.29339],[-157.8456,21.29339],[-157.84559,21.29339],[-157.84559,21.29339],[-157.84558,21.29338],[-157.84558,21.29338],[-157.84557,21.29338],[-157.84557,21.29338],[-157.84556,21.29337],[-157.84556,21.29337],[-157.84555,21.29337],[-157.84555,21.29337],[-157.84554,21.29336],[-157.84554,21.29336],[-157.84553,21.29336],[-157.84535,21.29327],[-157.84534,21.29327],[-157.84533,21.29327],[-157.84533,21.29326],[-157.84532,21.29326],[-157.84532,21.29326],[-157.84531,21.29326],[-157.84531,21.29325],[-157.8453,21.29325],[-157.8453,21.29325],[-157.84529,21.29325],[-157.84529,21.29325],[-157.84528,21.29324],[-157.84528,21.29324],[-157.84527,21.29324],[-157.84527,21.29324],[-157.84526,21.29323],[-157.84526,21.29323],[-157.84525,21.29323],[-157.84525,21.29323],[-157.84524,21.29322],[-157.84524,21.29322],[-157.84523,21.29322],[-157.84523,21.29322],[-157.84522,21.29322],[-157.84522,21.29321],[-157.84521,21.29321],[-157.84521,21.29321],[-157.8452,21.29321],[-157.8452,21.2932],[-157.84519,21.2932],[-157.84519,21.2932],[-157.84392,21.29264]]]}},{"type":"Feature","properties":{"OBJECTID":7,"feature_name":"Kamehameha Highway Section","feature_desc":"Eastbound Alignment","source_scale":"1:480 / 1\"=40'","SHAPE_Length":0.05912014486747044},"geometry":{"type":"MultiLineString","coordinates":[[[-157.97823,21.39613],[-157.97804,21.39608],[-157.97785,21.39604],[-157.97765,21.39601],[-157.97746,21.39598],[-157.97745,21.39597],[-157.97744,21.39597],[-157.97743,21.39597],[-157.97743,21.39597],[-157.97742,21.39597],[-157.97741,21.39597],[-157.9774,21.39597],[-157.97739,21.39597],[-157.97738,21.39597],[-157.97737,21.39596],[-157.97736,21.39596],[-157.97736,21.39596],[-157.97735,21.39596],[-157.97734,21.39596],[-157.97733,21.39596],[-157.97732,21.39596],[-157.97731,21.39596],[-157.9773,21.39596],[-157.97729,21.39596],[-157.97729,21.39595],[-157.97728,21.39595],[-157.97727,21.39595],[-157.97726,21.39595],[-157.97725,21.39595],[-157.97724,21.39595],[-157.97723,21.39595],[-157.97722,21.39595],[-157.97722,21.39595],[-157.97721,21.39594],[-157.9772,21.39594],[-157.97719,21.39594],[-157.97682,21.3959],[-157.97681,21.3959],[-157.97681,21.3959],[-157.9768,21.3959],[-157.9768,21.3959],[-157.97679,21.3959],[-157.97678,21.3959],[-157.97678,21.3959],[-157.97677,21.3959],[-157.97677,21.39589],[-157.97676,21.39589],[-157.97675,21.39589],[-157.97675,21.39589],[-157.97674,21.39589],[-157.97674,21.39589],[-157.97673,21.39589],[-157.97673,21.39589],[-157.97672,21.39589],[-157.97671,21.39589],[-157.97671,21.39589],[-157.9767,21.39589],[-157.9767,21.39589],[-157.97669,21.39589],[-157.97668,21.39589],[-157.97668,21.39588],[-157.97667,21.39588],[-157.97667,21.39588],[-157.97666,21.39588],[-157.97666,21.39588],[-157.97665,21.39588],[-157.97664,21.39588],[-157.97664,21.39588],[-157.97639,21.39585],[-157.97615,21.3958],[-157.97591,21.39576],[-157.97567,21.3957],[-157.97543,21.39564],[-157.97519,21.39557],[-157.97496,21.3955],[-157.97495,21.3955],[-157.97494,21.39549],[-157.97494,21.39549],[-157.97493,21.39549],[-157.97493,21.39549],[-157.97492,21.39549],[-157.97492,21.39548],[-157.97491,21.39548],[-157.97491,21.39548],[-157.9749,21.39548],[-157.97489,21.39548],[-157.97489,21.39547],[-157.97488,21.39547],[-157.97488,21.39547],[-157.97487,21.39547],[-157.97487,21.39547],[-157.97486,21.39547],[-157.97486,21.39546],[-157.97485,21.39546],[-157.97484,21.39546],[-157.97484,21.39546],[-157.97483,21.39546],[-157.97483,21.39545],[-157.97482,21.39545],[-157.97482,21.39545],[-157.97481,21.39545],[-157.97481,21.39545],[-157.9748,21.39544],[-157.9748,21.39544],[-157.97479,21.39544],[-157.97478,21.39544],[-157.96821,21.39316],[-157.96763,21.39295],[-157.96588,21.39233],[-157.96587,21.39232],[-157.96587,21.39232],[-157.96586,21.39232],[-157.96585,21.39232],[-157.96585,21.39231],[-157.96584,21.39231],[-157.96583,21.39231],[-157.96583,21.39231],[-157.96582,21.3923],[-157.96581,21.3923],[-157.96581,21.3923],[-157.9658,21.3923],[-157.96579,21.39229],[-157.96578,21.39229],[-157.96578,21.39229],[-157.96577,21.39229],[-157.96576,21.39228],[-157.96576,21.39228],[-157.96575,21.39228],[-157.96574,21.39228],[-157.96574,21.39227],[-157.96573,21.39227],[-157.96572,21.39227],[-157.96572,21.39227],[-157.96571,21.39226],[-157.9657,21.39226],[-157.9657,21.39226],[-157.96569,21.39226],[-157.96568,21.39225],[-157.96567,21.39225],[-157.96567,21.39225],[-157.96539,21.39214],[-157.96512,21.39204],[-157.96485,21.39192],[-157.96458,21.3918],[-157.96457,21.3918],[-157.96456,21.39179],[-157.96456,21.39179],[-157.96455,21.39179],[-157.96454,21.39178],[-157.96454,21.39178],[-157.96453,21.39178],[-157.96452,21.39178],[-157.96452,21.39177],[-157.96451,21.39177],[-157.9645,21.39177],[-157.9645,21.39176],[-157.96449,21.39176],[-157.96448,21.39176],[-157.96448,21.39175],[-157.96447,21.39175],[-157.96446,21.39175],[-157.96446,21.39175],[-157.96445,21.39174],[-157.96444,21.39174],[-157.96444,21.39174],[-157.96443,21.39173],[-157.96442,21.39173],[-157.96442,21.39173],[-157.96441,21.39172],[-157.9644,21.39172],[-157.9644,21.39172],[-157.96439,21.39171],[-157.96438,21.39171],[-157.96438,21.39171],[-157.96437,21.3917],[-157.96206,21.39063],[-157.96168,21.39045],[-157.9613,21.39028],[-157.96077,21.39005],[-157.96044,21.3899],[-157.96011,21.38975],[-157.95978,21.3896],[-157.95926,21.38935],[-157.959,21.38923],[-157.95873,21.3891],[-157.95654,21.38811],[-157.95654,21.3881],[-157.95653,21.3881],[-157.95652,21.3881],[-157.95652,21.38809],[-157.95651,21.38809],[-157.9565,21.38809],[-157.9565,21.38809],[-157.95649,21.38808],[-157.95648,21.38808],[-157.95648,21.38808],[-157.95647,21.38807],[-157.95646,21.38807],[-157.95646,21.38807],[-157.95645,21.38806],[-157.95644,21.38806],[-157.95644,21.38806],[-157.95643,21.38806],[-157.95642,21.38805],[-157.95642,21.38805],[-157.95641,21.38805],[-157.9564,21.38804],[-157.9564,21.38804],[-157.95639,21.38804],[-157.95638,21.38803],[-157.95638,21.38803],[-157.95637,21.38803],[-157.95636,21.38803],[-157.95636,21.38802],[-157.95635,21.38802],[-157.95634,21.38802],[-157.95634,21.38801],[-157.95604,21.38789],[-157.95604,21.38788],[-157.95603,21.38788],[-157.95602,21.38788],[-157.95602,21.38787],[-157.95601,21.38787],[-157.956,21.38787],[-157.956,21.38787],[-157.95599,21.38786],[-157.95598,21.38786],[-157.95598,21.38786],[-157.95597,21.38786],[-157.95596,21.38785],[-157.95596,21.38785],[-157.95595,21.38785],[-157.95594,21.38784],[-157.95594,21.38784],[-157.95593,21.38784],[-157.95592,21.38784],[-157.95592,21.38783],[-157.95591,21.38783],[-157.9559,21.38783],[-157.9559,21.38782],[-157.95589,21.38782],[-157.95588,21.38782],[-157.95588,21.38782],[-157.95587,21.38781],[-157.95586,21.38781],[-157.95586,21.38781],[-157.95585,21.3878],[-157.95584,21.3878],[-157.95584,21.3878],[-157.95555,21.38768],[-157.95554,21.38768],[-157.95553,21.38767],[-157.95553,21.38767],[-157.95552,21.38767],[-157.95551,21.38767],[-157.95551,21.38766],[-157.9555,21.38766],[-157.95549,21.38766],[-157.95549,21.38765],[-157.95548,21.38765],[-157.95547,21.38765],[-157.95546,21.38765],[-157.95546,21.38764],[-157.95545,21.38764],[-157.95544,21.38764],[-157.95544,21.38763],[-157.95543,21.38763],[-157.95542,21.38763],[-157.95542,21.38763],[-157.95541,21.38762],[-157.9554,21.38762],[-157.9554,21.38762],[-157.95539,21.38761],[-157.95538,21.38761],[-157.95538,21.38761],[-157.95537,21.38761],[-157.95536,21.3876],[-157.95536,21.3876],[-157.95535,21.3876],[-157.95534,21.3876],[-157.95534,21.38759],[-157.95509,21.38749],[-157.95484,21.38737],[-157.9546,21.38726],[-157.95459,21.38725],[-157.95459,21.38725],[-157.95458,21.38725],[-157.95457,21.38725],[-157.95457,21.38724],[-157.95456,21.38724],[-157.95455,21.38724],[-157.95455,21.38723],[-157.95454,21.38723],[-157.95453,21.38723],[-157.95453,21.38722],[-157.95452,21.38722],[-157.95451,21.38722],[-157.95451,21.38721],[-157.9545,21.38721],[-157.95449,21.38721],[-157.95449,21.3872],[-157.95448,21.3872],[-157.95448,21.3872],[-157.95447,21.38719],[-157.95446,21.38719],[-157.95446,21.38719],[-157.95445,21.38718],[-157.95444,21.38718],[-157.95444,21.38718],[-157.95443,21.38717],[-157.95442,21.38717],[-157.95442,21.38717],[-157.95441,21.38716],[-157.9544,21.38716],[-157.9544,21.38716],[-157.95416,21.38704],[-157.95415,21.38704],[-157.95415,21.38703],[-157.95414,21.38703],[-157.95413,21.38703],[-157.95413,21.38702],[-157.95412,21.38702],[-157.95411,21.38702],[-157.95411,21.38701],[-157.9541,21.38701],[-157.95409,21.38701],[-157.95409,21.387],[-157.95408,21.387],[-157.95407,21.387],[-157.95407,21.38699],[-157.95406,21.38699],[-157.95405,21.38699],[-157.95405,21.38698],[-157.95404,21.38698],[-157.95403,21.38698],[-157.95403,21.38698],[-157.95402,21.38697],[-157.95402,21.38697],[-157.95401,21.38697],[-157.954,21.38696],[-157.954,21.38696],[-157.95399,21.38696],[-157.95398,21.38695],[-157.95398,21.38695],[-157.95397,21.38695],[-157.95396,21.38694],[-157.95396,21.38694],[-157.95378,21.38686],[-157.95361,21.38678],[-157.9536,21.38677],[-157.9536,21.38677],[-157.95359,21.38677],[-157.95358,21.38677],[-157.95358,21.38676],[-157.95357,21.38676],[-157.95356,21.38676],[-157.95356,21.38675],[-157.95355,21.38675],[-157.95354,21.38675],[-157.95354,21.38674],[-157.95353,21.38674],[-157.95352,21.38674],[-157.95352,21.38674],[-157.95351,21.38673],[-157.9535,21.38673],[-157.9535,21.38673],[-157.95349,21.38672],[-157.95348,21.38672],[-157.95348,21.38672],[-157.95347,21.38671],[-157.95346,21.38671],[-157.95346,21.38671],[-157.95345,21.38671],[-157.95344,21.3867],[-157.95344,21.3867],[-157.95343,21.3867],[-157.95342,21.38669],[-157.95342,21.38669],[-157.95341,21.38669],[-157.9534,21.38668],[-157.95199,21.38605],[-157.95199,21.38605],[-157.95198,21.38605],[-157.95198,21.38605],[-157.95197,21.38605],[-157.95197,21.38604],[-157.95196,21.38604],[-157.95196,21.38604],[-157.95195,21.38604],[-157.95195,21.38603],[-157.95194,21.38603],[-157.95194,21.38603],[-157.95193,21.38603],[-157.95193,21.38602],[-157.95192,21.38602],[-157.95192,21.38602],[-157.95191,21.38602],[-157.95191,21.38602],[-157.9519,21.38601],[-157.9519,21.38601],[-157.95189,21.38601],[-157.95189,21.38601],[-157.95188,21.386],[-157.95188,21.386],[-157.95187,21.386],[-157.95187,21.386],[-157.95186,21.38599],[-157.95186,21.38599],[-157.95185,21.38599],[-157.95185,21.38599],[-157.95184,21.38599],[-157.95184,21.38598],[-157.95157,21.38586],[-157.95131,21.38574],[-157.9513,21.38573],[-157.9513,21.38573],[-157.95129,21.38573],[-157.95129,21.38573],[-157.95128,21.38572],[-157.95128,21.38572],[-157.95127,21.38572],[-157.95127,21.38572],[-157.95126,21.38571],[-157.95126,21.38571],[-157.95125,21.38571],[-157.95125,21.38571],[-157.95124,21.38571],[-157.95124,21.3857],[-157.95123,21.3857],[-157.95123,21.3857],[-157.95122,21.3857],[-157.95122,21.38569],[-157.95121,21.38569],[-157.95121,21.38569],[-157.9512,21.38569],[-157.9512,21.38568],[-157.95119,21.38568],[-157.95119,21.38568],[-157.95118,21.38568],[-157.95118,21.38567],[-157.95117,21.38567],[-157.95117,21.38567],[-157.95116,21.38567],[-157.95116,21.38566],[-157.95115,21.38566],[-157.95079,21.38548],[-157.95078,21.38548],[-157.95078,21.38548],[-157.95077,21.38548],[-157.95076,21.38547],[-157.95076,21.38547],[-157.95075,21.38547],[-157.95074,21.38546],[-157.95074,21.38546],[-157.95073,21.38546],[-157.95072,21.38545],[-157.95072,21.38545],[-157.95071,21.38545],[-157.9507,21.38544],[-157.9507,21.38544],[-157.95069,21.38544],[-157.95069,21.38543],[-157.95068,21.38543],[-157.95067,21.38543],[-157.95067,21.38542],[-157.95066,21.38542],[-157.95065,21.38542],[-157.95065,21.38541],[-157.95064,21.38541],[-157.95063,21.38541],[-157.95063,21.38541],[-157.95062,21.3854],[-157.95061,21.3854],[-157.95061,21.3854],[-157.9506,21.38539],[-157.95059,21.38539],[-157.95059,21.38539],[-157.95036,21.38528],[-157.95014,21.38518],[-157.95013,21.38518],[-157.95012,21.38517],[-157.95012,21.38517],[-157.95011,21.38517],[-157.9501,21.38517],[-157.9501,21.38516],[-157.95009,21.38516],[-157.95008,21.38516],[-157.95008,21.38515],[-157.95007,21.38515],[-157.95006,21.38515],[-157.95006,21.38515],[-157.95005,21.38514],[-157.95004,21.38514],[-157.95004,21.38514],[-157.95003,21.38513],[-157.95002,21.38513],[-157.95002,21.38513],[-157.95001,21.38512],[-157.95,21.38512],[-157.95,21.38512],[-157.94999,21.38512],[-157.94998,21.38511],[-157.94998,21.38511],[-157.94997,21.38511],[-157.94996,21.3851],[-157.94996,21.3851],[-157.94995,21.3851],[-157.94994,21.3851],[-157.94994,21.38509],[-157.94993,21.38509],[-157.94822,21.38436],[-157.94786,21.3842],[-157.94749,21.38403],[-157.94582,21.38327],[-157.94581,21.38327],[-157.94581,21.38326],[-157.9458,21.38326],[-157.94579,21.38326],[-157.94579,21.38326],[-157.94578,21.38325],[-157.94577,21.38325],[-157.94577,21.38325],[-157.94576,21.38324],[-157.94575,21.38324],[-157.94575,21.38324],[-157.94574,21.38323],[-157.94573,21.38323],[-157.94573,21.38323],[-157.94572,21.38323],[-157.94571,21.38322],[-157.94571,21.38322],[-157.9457,21.38322],[-157.94569,21.38321],[-157.94569,21.38321],[-157.94568,21.38321],[-157.94567,21.3832],[-157.94567,21.3832],[-157.94566,21.3832],[-157.94565,21.38319],[-157.94565,21.38319],[-157.94564,21.38319],[-157.94564,21.38319],[-157.94563,21.38318],[-157.94562,21.38318],[-157.94562,21.38318],[-157.94543,21.38309],[-157.94524,21.383],[-157.94524,21.38299],[-157.94523,21.38299],[-157.94522,21.38299],[-157.94522,21.38298],[-157.94521,21.38298],[-157.9452,21.38298],[-157.9452,21.38297],[-157.94519,21.38297],[-157.94518,21.38297],[-157.94518,21.38296],[-157.94517,21.38296],[-157.94516,21.38296],[-157.94516,21.38295],[-157.94515,21.38295],[-157.94514,21.38295],[-157.94514,21.38294],[-157.94513,21.38294],[-157.94512,21.38294],[-157.94512,21.38293],[-157.94511,21.38293],[-157.94511,21.38293],[-157.9451,21.38292],[-157.94509,21.38292],[-157.94509,21.38292],[-157.94508,21.38291],[-157.94507,21.38291],[-157.94507,21.38291],[-157.94506,21.3829],[-157.94505,21.3829],[-157.94505,21.3829],[-157.94504,21.38289],[-157.94476,21.38275],[-157.94475,21.38275],[-157.94475,21.38275],[-157.94474,21.38274],[-157.94473,21.38274],[-157.94473,21.38274],[-157.94472,21.38273],[-157.94471,21.38273],[-157.94471,21.38273],[-157.9447,21.38272],[-157.9447,21.38272],[-157.94469,21.38272],[-157.94468,21.38271],[-157.94468,21.38271],[-157.94467,21.38271],[-157.94466,21.3827],[-157.94466,21.3827],[-157.94465,21.3827],[-157.94464,21.38269],[-157.94464,21.38269],[-157.94463,21.38269],[-157.94462,21.38268],[-157.94462,21.38268],[-157.94461,21.38268],[-157.9446,21.38267],[-157.9446,21.38267],[-157.94459,21.38267],[-157.94458,21.38266],[-157.94458,21.38266],[-157.94457,21.38266],[-157.94457,21.38265],[-157.94456,21.38265],[-157.94428,21.38251],[-157.944,21.38238],[-157.94371,21.38226],[-157.94371,21.38226],[-157.9437,21.38225],[-157.94369,21.38225],[-157.94369,21.38225],[-157.94368,21.38225],[-157.94367,21.38224],[-157.94367,21.38224],[-157.94366,21.38224],[-157.94365,21.38223],[-157.94365,21.38223],[-157.94364,21.38223],[-157.94363,21.38223],[-157.94363,21.38222],[-157.94362,21.38222],[-157.94361,21.38222],[-157.9436,21.38222],[-157.9436,21.38221],[-157.94359,21.38221],[-157.94358,21.38221],[-157.94358,21.3822],[-157.94357,21.3822],[-157.94356,21.3822],[-157.94356,21.3822],[-157.94355,21.38219],[-157.94354,21.38219],[-157.94354,21.38219],[-157.94353,21.38218],[-157.94352,21.38218],[-157.94352,21.38218],[-157.94351,21.38218],[-157.9435,21.38217],[-157.943,21.38196],[-157.94299,21.38196],[-157.94299,21.38196],[-157.94298,21.38196],[-157.94298,21.38195],[-157.94297,21.38195],[-157.94297,21.38195],[-157.94296,21.38195],[-157.94296,21.38195],[-157.94295,21.38194],[-157.94295,21.38194],[-157.94294,21.38194],[-157.94294,21.38194],[-157.94293,21.38194],[-157.94293,21.38193],[-157.94292,21.38193],[-157.94292,21.38193],[-157.94291,21.38193],[-157.94291,21.38192],[-157.9429,21.38192],[-157.9429,21.38192],[-157.94289,21.38192],[-157.94288,21.38192],[-157.94288,21.38191],[-157.94287,21.38191],[-157.94287,21.38191],[-157.94286,21.38191],[-157.94286,21.3819],[-157.94285,21.3819],[-157.94285,21.3819],[-157.94284,21.3819],[-157.94284,21.3819],[-157.94242,21.38172],[-157.94201,21.38153],[-157.9416,21.38135],[-157.9412,21.38115],[-157.94119,21.38115],[-157.94119,21.38114],[-157.94118,21.38114],[-157.94118,21.38114],[-157.94117,21.38114],[-157.94117,21.38113],[-157.94116,21.38113],[-157.94116,21.38113],[-157.94115,21.38113],[-157.94115,21.38112],[-157.94114,21.38112],[-157.94114,21.38112],[-157.94113,21.38112],[-157.94113,21.38112],[-157.94112,21.38111],[-157.94112,21.38111],[-157.94111,21.38111],[-157.94111,21.38111],[-157.9411,21.3811],[-157.9411,21.3811],[-157.94109,21.3811],[-157.94109,21.3811],[-157.94108,21.38109],[-157.94108,21.38109],[-157.94107,21.38109],[-157.94107,21.38109],[-157.94106,21.38108],[-157.94106,21.38108],[-157.94105,21.38108],[-157.94105,21.38108],[-157.94104,21.38107],[-157.94062,21.38087],[-157.94062,21.38086],[-157.94061,21.38086],[-157.9406,21.38086],[-157.9406,21.38085],[-157.94059,21.38085],[-157.94058,21.38085],[-157.94058,21.38084],[-157.94057,21.38084],[-157.94056,21.38084],[-157.94056,21.38083],[-157.94055,21.38083],[-157.94054,21.38083],[-157.94054,21.38082],[-157.94053,21.38082],[-157.94052,21.38082],[-157.94052,21.38081],[-157.94051,21.38081],[-157.9405,21.38081],[-157.9405,21.3808],[-157.94049,21.3808],[-157.94048,21.3808],[-157.94048,21.38079],[-157.94047,21.38079],[-157.94046,21.38079],[-157.94046,21.38079],[-157.94045,21.38078],[-157.94045,21.38078],[-157.94044,21.38078],[-157.94043,21.38077],[-157.94043,21.38077],[-157.94042,21.38077],[-157.94014,21.38064],[-157.93986,21.38051],[-157.93986,21.38051],[-157.93985,21.3805],[-157.93984,21.3805],[-157.93984,21.3805],[-157.93983,21.3805],[-157.93982,21.38049],[-157.93982,21.38049],[-157.93981,21.38049],[-157.9398,21.38048],[-157.9398,21.38048],[-157.93979,21.38048],[-157.93978,21.38048],[-157.93978,21.38047],[-157.93977,21.38047],[-157.93976,21.38047],[-157.93976,21.38046],[-157.93975,21.38046],[-157.93974,21.38046],[-157.93974,21.38046],[-157.93973,21.38045],[-157.93972,21.38045],[-157.93972,21.38045],[-157.93971,21.38044],[-157.9397,21.38044],[-157.9397,21.38044],[-157.93969,21.38044],[-157.93968,21.38043],[-157.93968,21.38043],[-157.93967,21.38043],[-157.93966,21.38042],[-157.93966,21.38042],[-157.93854,21.37994],[-157.93853,21.37994],[-157.93853,21.37994],[-157.93852,21.37994],[-157.93851,21.37993],[-157.93851,21.37993],[-157.9385,21.37993],[-157.93849,21.37992],[-157.93849,21.37992],[-157.93848,21.37992],[-157.93847,21.37991],[-157.93847,21.37991],[-157.93846,21.37991],[-157.93845,21.37991],[-157.93845,21.3799],[-157.93844,21.3799],[-157.93843,21.3799],[-157.93843,21.37989],[-157.93842,21.37989],[-157.93841,21.37989],[-157.93841,21.37989],[-157.9384,21.37988],[-157.93839,21.37988],[-157.93839,21.37988],[-157.93838,21.37987],[-157.93837,21.37987],[-157.93837,21.37987],[-157.93836,21.37987],[-157.93835,21.37986],[-157.93835,21.37986],[-157.93834,21.37986],[-157.93833,21.37985],[-157.9381,21.37975],[-157.93788,21.37964],[-157.93765,21.37952],[-157.93743,21.3794],[-157.93722,21.37927],[-157.93701,21.37914],[-157.9368,21.379],[-157.93659,21.37886],[-157.93639,21.37871],[-157.93639,21.3787],[-157.93638,21.3787],[-157.93638,21.37869],[-157.93637,21.37869],[-157.93636,21.37869],[-157.93636,21.37868],[-157.93635,21.37868],[-157.93635,21.37867],[-157.93634,21.37867],[-157.93634,21.37866],[-157.93633,21.37866],[-157.93633,21.37866],[-157.93632,21.37865],[-157.93631,21.37865],[-157.93631,21.37864],[-157.9363,21.37864],[-157.9363,21.37863],[-157.93629,21.37863],[-157.93629,21.37862],[-157.93628,21.37862],[-157.93627,21.37862],[-157.93627,21.37861],[-157.93626,21.37861],[-157.93626,21.3786],[-157.93625,21.3786],[-157.93625,21.37859],[-157.93624,21.37859],[-157.93623,21.37858],[-157.93623,21.37858],[-157.93622,21.37858],[-157.93622,21.37857],[-157.93409,21.3769],[-157.93408,21.37689],[-157.93407,21.37688],[-157.93406,21.37688],[-157.93405,21.37687],[-157.93404,21.37686],[-157.93403,21.37685],[-157.93402,21.37684],[-157.93401,21.37684],[-157.934,21.37683],[-157.93399,21.37682],[-157.93398,21.37681],[-157.93397,21.3768],[-157.93396,21.3768],[-157.93395,21.37679],[-157.93394,21.37678],[-157.93393,21.37677],[-157.93392,21.37676],[-157.93391,21.37676],[-157.9339,21.37675],[-157.93389,21.37674],[-157.93388,21.37673],[-157.93387,21.37672],[-157.93386,21.37671],[-157.93385,21.37671],[-157.93384,21.3767],[-157.93383,21.37669],[-157.93382,21.37668],[-157.93381,21.37667],[-157.9338,21.37666],[-157.93379,21.37666],[-157.93378,21.37665],[-157.93366,21.37654],[-157.93355,21.37643],[-157.93344,21.37631],[-157.93334,21.37619],[-157.93324,21.37606],[-157.93315,21.37593],[-157.93307,21.3758],[-157.93299,21.37566],[-157.93292,21.37552],[-157.93286,21.37538],[-157.9328,21.37524],[-157.93275,21.37509],[-157.93271,21.37494],[-157.93267,21.37479],[-157.93264,21.37464],[-157.93262,21.37448],[-157.9326,21.37433],[-157.9326,21.37418],[-157.9326,21.37402],[-157.9326,21.37387],[-157.93262,21.37371],[-157.93264,21.37356],[-157.93267,21.37341],[-157.9327,21.37326],[-157.93275,21.37311],[-157.9328,21.37296],[-157.93285,21.37282],[-157.93292,21.37267],[-157.93299,21.37253],[-157.93299,21.37252],[-157.933,21.37251],[-157.933,21.3725],[-157.93301,21.37249],[-157.93302,21.37248],[-157.93302,21.37247],[-157.93303,21.37246],[-157.93303,21.37244],[-157.93304,21.37243],[-157.93305,21.37242],[-157.93305,21.37241],[-157.93306,21.3724],[-157.93306,21.37239],[-157.93307,21.37238],[-157.93308,21.37237],[-157.93308,21.37236],[-157.93309,21.37235],[-157.9331,21.37234],[-157.9331,21.37232],[-157.93311,21.37231],[-157.93312,21.3723],[-157.93312,21.37229],[-157.93313,21.37228],[-157.93314,21.37227],[-157.93314,21.37226],[-157.93315,21.37225],[-157.93316,21.37224],[-157.93316,21.37223],[-157.93317,21.37222],[-157.93317,21.3722],[-157.93318,21.37219],[-157.93598,21.36756]]]}},{"type":"Feature","properties":{"OBJECTID":8,"feature_name":"Kamehameha Highway Section","feature_desc":"Westbound Alignment","source_scale":"1:480 / 1\"=40'","SHAPE_Length":0.05919135439637773},"geometry":{"type":"MultiLineString","coordinates":[[[-157.97822,21.39617],[-157.97803,21.39612],[-157.97784,21.39608],[-157.97765,21.39604],[-157.97746,21.39601],[-157.97745,21.39601],[-157.97744,21.39601],[-157.97743,21.39601],[-157.97742,21.39601],[-157.97741,21.39601],[-157.9774,21.39601],[-157.97739,21.39601],[-157.97739,21.396],[-157.97738,21.396],[-157.97737,21.396],[-157.97736,21.396],[-157.97735,21.396],[-157.97734,21.396],[-157.97733,21.396],[-157.97732,21.396],[-157.97732,21.396],[-157.97731,21.396],[-157.9773,21.39599],[-157.97729,21.39599],[-157.97728,21.39599],[-157.97727,21.39599],[-157.97726,21.39599],[-157.97725,21.39599],[-157.97725,21.39599],[-157.97724,21.39599],[-157.97723,21.39599],[-157.97722,21.39599],[-157.97721,21.39598],[-157.9772,21.39598],[-157.97719,21.39598],[-157.97718,21.39598],[-157.97681,21.39594],[-157.97681,21.39594],[-157.9768,21.39594],[-157.9768,21.39594],[-157.97679,21.39594],[-157.97678,21.39594],[-157.97678,21.39593],[-157.97677,21.39593],[-157.97677,21.39593],[-157.97676,21.39593],[-157.97676,21.39593],[-157.97675,21.39593],[-157.97674,21.39593],[-157.97674,21.39593],[-157.97673,21.39593],[-157.97673,21.39593],[-157.97672,21.39593],[-157.97671,21.39593],[-157.97671,21.39593],[-157.9767,21.39593],[-157.9767,21.39593],[-157.97669,21.39592],[-157.97669,21.39592],[-157.97668,21.39592],[-157.97667,21.39592],[-157.97667,21.39592],[-157.97666,21.39592],[-157.97666,21.39592],[-157.97665,21.39592],[-157.97664,21.39592],[-157.97664,21.39592],[-157.97663,21.39592],[-157.97639,21.39588],[-157.97614,21.39584],[-157.9759,21.39579],[-157.97566,21.39574],[-157.97542,21.39568],[-157.97518,21.39561],[-157.97494,21.39553],[-157.97494,21.39553],[-157.97493,21.39553],[-157.97492,21.39553],[-157.97492,21.39553],[-157.97491,21.39552],[-157.97491,21.39552],[-157.9749,21.39552],[-157.9749,21.39552],[-157.97489,21.39552],[-157.97489,21.39551],[-157.97488,21.39551],[-157.97487,21.39551],[-157.97487,21.39551],[-157.97486,21.39551],[-157.97486,21.39551],[-157.97485,21.3955],[-157.97485,21.3955],[-157.97484,21.3955],[-157.97484,21.3955],[-157.97483,21.3955],[-157.97483,21.39549],[-157.97482,21.39549],[-157.97481,21.39549],[-157.97481,21.39549],[-157.9748,21.39549],[-157.9748,21.39548],[-157.97479,21.39548],[-157.97479,21.39548],[-157.97478,21.39548],[-157.97478,21.39548],[-157.97477,21.39547],[-157.96819,21.39319],[-157.96762,21.39299],[-157.96587,21.39236],[-157.96586,21.39236],[-157.96585,21.39236],[-157.96585,21.39236],[-157.96584,21.39235],[-157.96583,21.39235],[-157.96583,21.39235],[-157.96582,21.39235],[-157.96581,21.39234],[-157.9658,21.39234],[-157.9658,21.39234],[-157.96579,21.39234],[-157.96578,21.39233],[-157.96578,21.39233],[-157.96577,21.39233],[-157.96576,21.39233],[-157.96576,21.39232],[-157.96575,21.39232],[-157.96574,21.39232],[-157.96574,21.39232],[-157.96573,21.39231],[-157.96572,21.39231],[-157.96572,21.39231],[-157.96571,21.39231],[-157.9657,21.3923],[-157.96569,21.3923],[-157.96569,21.3923],[-157.96568,21.3923],[-157.96567,21.39229],[-157.96567,21.39229],[-157.96566,21.39229],[-157.96565,21.39229],[-157.96538,21.39218],[-157.9651,21.39207],[-157.96483,21.39196],[-157.96456,21.39183],[-157.96455,21.39183],[-157.96454,21.39183],[-157.96454,21.39183],[-157.96453,21.39182],[-157.96452,21.39182],[-157.96452,21.39182],[-157.96451,21.39181],[-157.9645,21.39181],[-157.9645,21.39181],[-157.96449,21.3918],[-157.96448,21.3918],[-157.96448,21.3918],[-157.96447,21.39179],[-157.96446,21.39179],[-157.96446,21.39179],[-157.96445,21.39179],[-157.96444,21.39178],[-157.96444,21.39178],[-157.96443,21.39178],[-157.96442,21.39177],[-157.96442,21.39177],[-157.96441,21.39177],[-157.9644,21.39176],[-157.9644,21.39176],[-157.96439,21.39176],[-157.96439,21.39175],[-157.96438,21.39175],[-157.96437,21.39175],[-157.96437,21.39175],[-157.96436,21.39174],[-157.96435,21.39174],[-157.96204,21.39066],[-157.96167,21.39049],[-157.96129,21.39032],[-157.96075,21.39009],[-157.96042,21.38994],[-157.96009,21.38979],[-157.95976,21.38963],[-157.95924,21.38938],[-157.95898,21.38926],[-157.95871,21.38914],[-157.95653,21.38814],[-157.95652,21.38814],[-157.95651,21.38814],[-157.95651,21.38813],[-157.9565,21.38813],[-157.95649,21.38813],[-157.95649,21.38812],[-157.95648,21.38812],[-157.95647,21.38812],[-157.95647,21.38811],[-157.95646,21.38811],[-157.95645,21.38811],[-157.95645,21.38811],[-157.95644,21.3881],[-157.95643,21.3881],[-157.95643,21.3881],[-157.95642,21.38809],[-157.95641,21.38809],[-157.95641,21.38809],[-157.9564,21.38808],[-157.95639,21.38808],[-157.95639,21.38808],[-157.95638,21.38808],[-157.95637,21.38807],[-157.95637,21.38807],[-157.95636,21.38807],[-157.95635,21.38806],[-157.95635,21.38806],[-157.95634,21.38806],[-157.95633,21.38805],[-157.95633,21.38805],[-157.95632,21.38805],[-157.95603,21.38792],[-157.95602,21.38792],[-157.95601,21.38792],[-157.95601,21.38791],[-157.956,21.38791],[-157.95599,21.38791],[-157.95599,21.3879],[-157.95598,21.3879],[-157.95597,21.3879],[-157.95597,21.3879],[-157.95596,21.38789],[-157.95595,21.38789],[-157.95595,21.38789],[-157.95594,21.38788],[-157.95593,21.38788],[-157.95593,21.38788],[-157.95592,21.38788],[-157.95591,21.38787],[-157.95591,21.38787],[-157.9559,21.38787],[-157.95589,21.38787],[-157.95589,21.38786],[-157.95588,21.38786],[-157.95587,21.38786],[-157.95587,21.38785],[-157.95586,21.38785],[-157.95585,21.38785],[-157.95585,21.38785],[-157.95584,21.38784],[-157.95583,21.38784],[-157.95583,21.38784],[-157.95582,21.38783],[-157.95553,21.38771],[-157.95552,21.38771],[-157.95552,21.38771],[-157.95551,21.38771],[-157.9555,21.3877],[-157.9555,21.3877],[-157.95549,21.3877],[-157.95548,21.3877],[-157.95548,21.38769],[-157.95547,21.38769],[-157.95546,21.38769],[-157.95545,21.38768],[-157.95545,21.38768],[-157.95544,21.38768],[-157.95543,21.38768],[-157.95543,21.38767],[-157.95542,21.38767],[-157.95541,21.38767],[-157.95541,21.38766],[-157.9554,21.38766],[-157.95539,21.38766],[-157.95539,21.38766],[-157.95538,21.38765],[-157.95537,21.38765],[-157.95537,21.38765],[-157.95536,21.38764],[-157.95535,21.38764],[-157.95535,21.38764],[-157.95534,21.38764],[-157.95533,21.38763],[-157.95533,21.38763],[-157.95532,21.38763],[-157.95507,21.38752],[-157.95482,21.38741],[-157.95458,21.38729],[-157.95457,21.38729],[-157.95457,21.38729],[-157.95456,21.38728],[-157.95455,21.38728],[-157.95455,21.38728],[-157.95454,21.38727],[-157.95453,21.38727],[-157.95453,21.38727],[-157.95452,21.38726],[-157.95451,21.38726],[-157.95451,21.38726],[-157.9545,21.38725],[-157.9545,21.38725],[-157.95449,21.38725],[-157.95448,21.38724],[-157.95448,21.38724],[-157.95447,21.38724],[-157.95446,21.38723],[-157.95446,21.38723],[-157.95445,21.38723],[-157.95444,21.38722],[-157.95444,21.38722],[-157.95443,21.38722],[-157.95442,21.38721],[-157.95442,21.38721],[-157.95441,21.38721],[-157.9544,21.3872],[-157.9544,21.3872],[-157.95439,21.3872],[-157.95438,21.3872],[-157.95438,21.38719],[-157.95414,21.38707],[-157.95413,21.38707],[-157.95413,21.38707],[-157.95412,21.38706],[-157.95411,21.38706],[-157.95411,21.38706],[-157.9541,21.38705],[-157.95409,21.38705],[-157.95409,21.38705],[-157.95408,21.38704],[-157.95407,21.38704],[-157.95407,21.38704],[-157.95406,21.38704],[-157.95405,21.38703],[-157.95405,21.38703],[-157.95404,21.38703],[-157.95404,21.38702],[-157.95403,21.38702],[-157.95402,21.38702],[-157.95402,21.38701],[-157.95401,21.38701],[-157.954,21.38701],[-157.954,21.387],[-157.95399,21.387],[-157.95398,21.387],[-157.95398,21.38699],[-157.95397,21.38699],[-157.95396,21.38699],[-157.95396,21.38698],[-157.95395,21.38698],[-157.95394,21.38698],[-157.95394,21.38697],[-157.95377,21.38689],[-157.95359,21.38681],[-157.95359,21.38681],[-157.95358,21.38681],[-157.95357,21.3868],[-157.95357,21.3868],[-157.95356,21.3868],[-157.95355,21.38679],[-157.95355,21.38679],[-157.95354,21.38679],[-157.95353,21.38678],[-157.95353,21.38678],[-157.95352,21.38678],[-157.95351,21.38678],[-157.95351,21.38677],[-157.9535,21.38677],[-157.95349,21.38677],[-157.95349,21.38676],[-157.95348,21.38676],[-157.95347,21.38676],[-157.95347,21.38675],[-157.95346,21.38675],[-157.95345,21.38675],[-157.95345,21.38675],[-157.95344,21.38674],[-157.95343,21.38674],[-157.95343,21.38674],[-157.95342,21.38673],[-157.95341,21.38673],[-157.95341,21.38673],[-157.9534,21.38673],[-157.95339,21.38672],[-157.95339,21.38672],[-157.95198,21.38609],[-157.95197,21.38609],[-157.95197,21.38608],[-157.95196,21.38608],[-157.95196,21.38608],[-157.95195,21.38608],[-157.95195,21.38608],[-157.95194,21.38607],[-157.95194,21.38607],[-157.95193,21.38607],[-157.95193,21.38607],[-157.95192,21.38606],[-157.95192,21.38606],[-157.95191,21.38606],[-157.9519,21.38606],[-157.9519,21.38605],[-157.95189,21.38605],[-157.95189,21.38605],[-157.95188,21.38605],[-157.95188,21.38605],[-157.95187,21.38604],[-157.95187,21.38604],[-157.95186,21.38604],[-157.95186,21.38604],[-157.95185,21.38603],[-157.95185,21.38603],[-157.95184,21.38603],[-157.95184,21.38603],[-157.95183,21.38603],[-157.95183,21.38602],[-157.95182,21.38602],[-157.95182,21.38602],[-157.95155,21.3859],[-157.95129,21.38577],[-157.95128,21.38577],[-157.95128,21.38577],[-157.95127,21.38576],[-157.95127,21.38576],[-157.95126,21.38576],[-157.95126,21.38576],[-157.95125,21.38575],[-157.95125,21.38575],[-157.95124,21.38575],[-157.95124,21.38575],[-157.95123,21.38574],[-157.95123,21.38574],[-157.95122,21.38574],[-157.95122,21.38574],[-157.95121,21.38573],[-157.95121,21.38573],[-157.9512,21.38573],[-157.9512,21.38573],[-157.95119,21.38572],[-157.95119,21.38572],[-157.95118,21.38572],[-157.95118,21.38572],[-157.95117,21.38571],[-157.95117,21.38571],[-157.95116,21.38571],[-157.95116,21.38571],[-157.95115,21.3857],[-157.95115,21.3857],[-157.95114,21.3857],[-157.95114,21.3857],[-157.95113,21.3857],[-157.95077,21.38552],[-157.95076,21.38552],[-157.95076,21.38551],[-157.95075,21.38551],[-157.95074,21.38551],[-157.95074,21.3855],[-157.95073,21.3855],[-157.95073,21.3855],[-157.95072,21.38549],[-157.95071,21.38549],[-157.95071,21.38549],[-157.9507,21.38548],[-157.95069,21.38548],[-157.95069,21.38548],[-157.95068,21.38547],[-157.95067,21.38547],[-157.95067,21.38547],[-157.95066,21.38546],[-157.95065,21.38546],[-157.95065,21.38546],[-157.95064,21.38546],[-157.95063,21.38545],[-157.95063,21.38545],[-157.95062,21.38545],[-157.95061,21.38544],[-157.95061,21.38544],[-157.9506,21.38544],[-157.95059,21.38543],[-157.95059,21.38543],[-157.95058,21.38543],[-157.95057,21.38542],[-157.95057,21.38542],[-157.95034,21.38532],[-157.95012,21.38522],[-157.95011,21.38521],[-157.95011,21.38521],[-157.9501,21.38521],[-157.95009,21.3852],[-157.95009,21.3852],[-157.95008,21.3852],[-157.95007,21.38519],[-157.95007,21.38519],[-157.95006,21.38519],[-157.95005,21.38519],[-157.95005,21.38518],[-157.95004,21.38518],[-157.95003,21.38518],[-157.95003,21.38517],[-157.95002,21.38517],[-157.95001,21.38517],[-157.95001,21.38517],[-157.95,21.38516],[-157.94999,21.38516],[-157.94999,21.38516],[-157.94998,21.38515],[-157.94997,21.38515],[-157.94997,21.38515],[-157.94996,21.38515],[-157.94995,21.38514],[-157.94995,21.38514],[-157.94994,21.38514],[-157.94993,21.38513],[-157.94993,21.38513],[-157.94992,21.38513],[-157.94991,21.38513],[-157.9482,21.38439],[-157.94784,21.38423],[-157.94748,21.38407],[-157.9458,21.38331],[-157.9458,21.3833],[-157.94579,21.3833],[-157.94578,21.3833],[-157.94578,21.38329],[-157.94577,21.38329],[-157.94576,21.38329],[-157.94576,21.38328],[-157.94575,21.38328],[-157.94574,21.38328],[-157.94574,21.38328],[-157.94573,21.38327],[-157.94572,21.38327],[-157.94572,21.38327],[-157.94571,21.38326],[-157.9457,21.38326],[-157.9457,21.38326],[-157.94569,21.38325],[-157.94568,21.38325],[-157.94568,21.38325],[-157.94567,21.38324],[-157.94566,21.38324],[-157.94566,21.38324],[-157.94565,21.38324],[-157.94564,21.38323],[-157.94564,21.38323],[-157.94563,21.38323],[-157.94562,21.38322],[-157.94562,21.38322],[-157.94561,21.38322],[-157.9456,21.38321],[-157.9456,21.38321],[-157.94541,21.38312],[-157.94522,21.38303],[-157.94522,21.38303],[-157.94521,21.38302],[-157.9452,21.38302],[-157.9452,21.38302],[-157.94519,21.38301],[-157.94518,21.38301],[-157.94518,21.38301],[-157.94517,21.383],[-157.94516,21.383],[-157.94516,21.383],[-157.94515,21.38299],[-157.94514,21.38299],[-157.94514,21.38299],[-157.94513,21.38298],[-157.94512,21.38298],[-157.94512,21.38298],[-157.94511,21.38297],[-157.94511,21.38297],[-157.9451,21.38297],[-157.94509,21.38296],[-157.94509,21.38296],[-157.94508,21.38296],[-157.94507,21.38296],[-157.94507,21.38295],[-157.94506,21.38295],[-157.94505,21.38295],[-157.94505,21.38294],[-157.94504,21.38294],[-157.94503,21.38294],[-157.94503,21.38293],[-157.94502,21.38293],[-157.94474,21.38279],[-157.94473,21.38278],[-157.94473,21.38278],[-157.94472,21.38278],[-157.94471,21.38277],[-157.94471,21.38277],[-157.9447,21.38277],[-157.9447,21.38276],[-157.94469,21.38276],[-157.94468,21.38276],[-157.94468,21.38275],[-157.94467,21.38275],[-157.94466,21.38275],[-157.94466,21.38274],[-157.94465,21.38274],[-157.94464,21.38274],[-157.94464,21.38273],[-157.94463,21.38273],[-157.94462,21.38273],[-157.94462,21.38272],[-157.94461,21.38272],[-157.9446,21.38272],[-157.9446,21.38271],[-157.94459,21.38271],[-157.94458,21.38271],[-157.94458,21.3827],[-157.94457,21.3827],[-157.94456,21.3827],[-157.94456,21.38269],[-157.94455,21.38269],[-157.94455,21.38269],[-157.94454,21.38268],[-157.94426,21.38255],[-157.94398,21.38242],[-157.9437,21.3823],[-157.94369,21.38229],[-157.94368,21.38229],[-157.94368,21.38229],[-157.94367,21.38228],[-157.94366,21.38228],[-157.94366,21.38228],[-157.94365,21.38228],[-157.94364,21.38227],[-157.94364,21.38227],[-157.94363,21.38227],[-157.94362,21.38226],[-157.94362,21.38226],[-157.94361,21.38226],[-157.9436,21.38226],[-157.94359,21.38225],[-157.94359,21.38225],[-157.94358,21.38225],[-157.94357,21.38224],[-157.94357,21.38224],[-157.94356,21.38224],[-157.94355,21.38224],[-157.94355,21.38223],[-157.94354,21.38223],[-157.94353,21.38223],[-157.94353,21.38222],[-157.94352,21.38222],[-157.94351,21.38222],[-157.94351,21.38222],[-157.9435,21.38221],[-157.94349,21.38221],[-157.94349,21.38221],[-157.94298,21.382],[-157.94298,21.382],[-157.94297,21.38199],[-157.94297,21.38199],[-157.94296,21.38199],[-157.94296,21.38199],[-157.94295,21.38199],[-157.94295,21.38198],[-157.94294,21.38198],[-157.94294,21.38198],[-157.94293,21.38198],[-157.94293,21.38197],[-157.94292,21.38197],[-157.94291,21.38197],[-157.94291,21.38197],[-157.9429,21.38197],[-157.9429,21.38196],[-157.94289,21.38196],[-157.94289,21.38196],[-157.94288,21.38196],[-157.94288,21.38196],[-157.94287,21.38195],[-157.94287,21.38195],[-157.94286,21.38195],[-157.94286,21.38195],[-157.94285,21.38194],[-157.94285,21.38194],[-157.94284,21.38194],[-157.94284,21.38194],[-157.94283,21.38194],[-157.94283,21.38193],[-157.94282,21.38193],[-157.94241,21.38175],[-157.94199,21.38157],[-157.94158,21.38138],[-157.94118,21.38118],[-157.94117,21.38118],[-157.94117,21.38118],[-157.94116,21.38118],[-157.94116,21.38117],[-157.94115,21.38117],[-157.94115,21.38117],[-157.94114,21.38117],[-157.94114,21.38116],[-157.94113,21.38116],[-157.94113,21.38116],[-157.94112,21.38116],[-157.94112,21.38115],[-157.94111,21.38115],[-157.94111,21.38115],[-157.9411,21.38115],[-157.9411,21.38114],[-157.94109,21.38114],[-157.94109,21.38114],[-157.94108,21.38114],[-157.94108,21.38113],[-157.94107,21.38113],[-157.94107,21.38113],[-157.94106,21.38113],[-157.94106,21.38112],[-157.94105,21.38112],[-157.94105,21.38112],[-157.94104,21.38112],[-157.94104,21.38111],[-157.94103,21.38111],[-157.94103,21.38111],[-157.94102,21.38111],[-157.9406,21.3809],[-157.9406,21.3809],[-157.94059,21.38089],[-157.94058,21.38089],[-157.94058,21.38089],[-157.94057,21.38088],[-157.94056,21.38088],[-157.94056,21.38088],[-157.94055,21.38087],[-157.94054,21.38087],[-157.94054,21.38087],[-157.94053,21.38086],[-157.94052,21.38086],[-157.94052,21.38086],[-157.94051,21.38085],[-157.9405,21.38085],[-157.9405,21.38085],[-157.94049,21.38085],[-157.94048,21.38084],[-157.94048,21.38084],[-157.94047,21.38084],[-157.94047,21.38083],[-157.94046,21.38083],[-157.94045,21.38083],[-157.94045,21.38082],[-157.94044,21.38082],[-157.94043,21.38082],[-157.94043,21.38081],[-157.94042,21.38081],[-157.94041,21.38081],[-157.94041,21.3808],[-157.9404,21.3808],[-157.94012,21.38067],[-157.93985,21.38055],[-157.93984,21.38054],[-157.93983,21.38054],[-157.93983,21.38054],[-157.93982,21.38053],[-157.93981,21.38053],[-157.93981,21.38053],[-157.9398,21.38053],[-157.93979,21.38052],[-157.93979,21.38052],[-157.93978,21.38052],[-157.93977,21.38051],[-157.93977,21.38051],[-157.93976,21.38051],[-157.93975,21.38051],[-157.93975,21.3805],[-157.93974,21.3805],[-157.93973,21.3805],[-157.93973,21.38049],[-157.93972,21.38049],[-157.93971,21.38049],[-157.93971,21.38048],[-157.9397,21.38048],[-157.93969,21.38048],[-157.93969,21.38048],[-157.93968,21.38047],[-157.93967,21.38047],[-157.93967,21.38047],[-157.93966,21.38046],[-157.93965,21.38046],[-157.93965,21.38046],[-157.93964,21.38046],[-157.93852,21.37998],[-157.93852,21.37998],[-157.93851,21.37997],[-157.9385,21.37997],[-157.9385,21.37997],[-157.93849,21.37996],[-157.93848,21.37996],[-157.93848,21.37996],[-157.93847,21.37996],[-157.93846,21.37995],[-157.93846,21.37995],[-157.93845,21.37995],[-157.93844,21.37994],[-157.93844,21.37994],[-157.93843,21.37994],[-157.93842,21.37994],[-157.93842,21.37993],[-157.93841,21.37993],[-157.9384,21.37993],[-157.9384,21.37992],[-157.93839,21.37992],[-157.93838,21.37992],[-157.93838,21.37992],[-157.93837,21.37991],[-157.93836,21.37991],[-157.93835,21.37991],[-157.93835,21.3799],[-157.93834,21.3799],[-157.93833,21.3799],[-157.93833,21.37989],[-157.93832,21.37989],[-157.93831,21.37989],[-157.93808,21.37978],[-157.93786,21.37967],[-157.93763,21.37956],[-157.93741,21.37943],[-157.9372,21.3793],[-157.93698,21.37917],[-157.93677,21.37903],[-157.93657,21.37889],[-157.93637,21.37874],[-157.93636,21.37873],[-157.93636,21.37873],[-157.93635,21.37872],[-157.93634,21.37872],[-157.93634,21.37872],[-157.93633,21.37871],[-157.93633,21.37871],[-157.93632,21.3787],[-157.93632,21.3787],[-157.93631,21.37869],[-157.9363,21.37869],[-157.9363,21.37868],[-157.93629,21.37868],[-157.93629,21.37868],[-157.93628,21.37867],[-157.93628,21.37867],[-157.93627,21.37866],[-157.93626,21.37866],[-157.93626,21.37865],[-157.93625,21.37865],[-157.93625,21.37864],[-157.93624,21.37864],[-157.93624,21.37864],[-157.93623,21.37863],[-157.93622,21.37863],[-157.93622,21.37862],[-157.93621,21.37862],[-157.93621,21.37861],[-157.9362,21.37861],[-157.9362,21.3786],[-157.93619,21.3786],[-157.93406,21.37693],[-157.93405,21.37692],[-157.93404,21.37691],[-157.93403,21.37691],[-157.93402,21.3769],[-157.93401,21.37689],[-157.934,21.37688],[-157.93399,21.37687],[-157.93398,21.37687],[-157.93397,21.37686],[-157.93396,21.37685],[-157.93395,21.37684],[-157.93394,21.37683],[-157.93393,21.37683],[-157.93392,21.37682],[-157.93391,21.37681],[-157.9339,21.3768],[-157.93389,21.37679],[-157.93388,21.37679],[-157.93387,21.37678],[-157.93386,21.37677],[-157.93385,21.37676],[-157.93384,21.37675],[-157.93383,21.37674],[-157.93382,21.37674],[-157.93381,21.37673],[-157.9338,21.37672],[-157.93379,21.37671],[-157.93378,21.3767],[-157.93377,21.37669],[-157.93376,21.37669],[-157.93375,21.37668],[-157.93363,21.37657],[-157.93352,21.37645],[-157.93341,21.37634],[-157.93331,21.37621],[-157.93321,21.37608],[-157.93312,21.37595],[-157.93304,21.37582],[-157.93296,21.37568],[-157.93289,21.37554],[-157.93282,21.3754],[-157.93276,21.37525],[-157.93271,21.3751],[-157.93267,21.37495],[-157.93263,21.3748],[-157.9326,21.37464],[-157.93258,21.37449],[-157.93256,21.37433],[-157.93256,21.37418],[-157.93256,21.37402],[-157.93256,21.37386],[-157.93258,21.37371],[-157.9326,21.37355],[-157.93263,21.3734],[-157.93266,21.37325],[-157.93271,21.3731],[-157.93276,21.37295],[-157.93281,21.3728],[-157.93288,21.37266],[-157.93295,21.37251],[-157.93296,21.3725],[-157.93296,21.37249],[-157.93297,21.37248],[-157.93297,21.37247],[-157.93298,21.37246],[-157.93299,21.37245],[-157.93299,21.37244],[-157.933,21.37243],[-157.933,21.37241],[-157.93301,21.3724],[-157.93302,21.37239],[-157.93302,21.37238],[-157.93303,21.37237],[-157.93304,21.37236],[-157.93304,21.37235],[-157.93305,21.37234],[-157.93305,21.37233],[-157.93306,21.37232],[-157.93307,21.37231],[-157.93307,21.37229],[-157.93308,21.37228],[-157.93309,21.37227],[-157.93309,21.37226],[-157.9331,21.37225],[-157.93311,21.37224],[-157.93311,21.37223],[-157.93312,21.37222],[-157.93313,21.37221],[-157.93313,21.3722],[-157.93314,21.37219],[-157.93315,21.37218],[-157.93595,21.36754]]]}},{"type":"Feature","properties":{"OBJECTID":9,"feature_name":"City Center Section","feature_desc":"Westbound Alignment","source_scale":"1:480 / 1\"=40'","SHAPE_Length":0.06203423537950927},"geometry":{"type":"MultiLineString","coordinates":[[[-157.88626,21.3321],[-157.88619,21.33207],[-157.88612,21.33203],[-157.88605,21.33199],[-157.88597,21.33196],[-157.8859,21.33192],[-157.88583,21.33188],[-157.88577,21.33183],[-157.8857,21.33179],[-157.88569,21.33179],[-157.88568,21.33178],[-157.88566,21.33177],[-157.88565,21.33176],[-157.88564,21.33175],[-157.88562,21.33174],[-157.88561,21.33173],[-157.8856,21.33173],[-157.88559,21.33172],[-157.88557,21.33171],[-157.88556,21.3317],[-157.88555,21.33169],[-157.88554,21.33168],[-157.88552,21.33167],[-157.88551,21.33167],[-157.8855,21.33166],[-157.88549,21.33165],[-157.88547,21.33164],[-157.88546,21.33163],[-157.88545,21.33162],[-157.88544,21.33161],[-157.88542,21.3316],[-157.88541,21.3316],[-157.8854,21.33159],[-157.88539,21.33158],[-157.88537,21.33157],[-157.88536,21.33156],[-157.88535,21.33155],[-157.88534,21.33154],[-157.88532,21.33153],[-157.88531,21.33152],[-157.88322,21.33003],[-157.88321,21.33003],[-157.8832,21.33002],[-157.8832,21.33002],[-157.88319,21.33001],[-157.88318,21.33],[-157.88317,21.33],[-157.88316,21.32999],[-157.88315,21.32999],[-157.88314,21.32998],[-157.88314,21.32997],[-157.88313,21.32997],[-157.88312,21.32996],[-157.88311,21.32995],[-157.8831,21.32995],[-157.88309,21.32994],[-157.88308,21.32994],[-157.88308,21.32993],[-157.88307,21.32992],[-157.88306,21.32992],[-157.88305,21.32991],[-157.88304,21.32991],[-157.88303,21.3299],[-157.88303,21.32989],[-157.88302,21.32989],[-157.88301,21.32988],[-157.883,21.32988],[-157.88299,21.32987],[-157.88298,21.32986],[-157.88297,21.32986],[-157.88297,21.32985],[-157.88296,21.32984],[-157.88282,21.32974],[-157.88268,21.32963],[-157.88254,21.32952],[-157.88252,21.3295],[-157.88251,21.32949],[-157.8825,21.32949],[-157.88249,21.32948],[-157.88248,21.32947],[-157.88248,21.32947],[-157.88247,21.32946],[-157.88246,21.32945],[-157.88245,21.32945],[-157.88244,21.32944],[-157.88244,21.32943],[-157.88243,21.32943],[-157.88242,21.32942],[-157.88241,21.32941],[-157.8824,21.32941],[-157.8824,21.3294],[-157.88239,21.32939],[-157.88238,21.32939],[-157.88237,21.32938],[-157.88236,21.32937],[-157.88236,21.32937],[-157.88235,21.32936],[-157.88234,21.32935],[-157.88233,21.32934],[-157.88232,21.32934],[-157.88232,21.32933],[-157.88231,21.32932],[-157.8823,21.32932],[-157.88229,21.32931],[-157.88228,21.3293],[-157.88228,21.3293],[-157.88227,21.32929],[-157.87585,21.32381],[-157.87584,21.3238],[-157.87582,21.32379],[-157.87581,21.32377],[-157.87579,21.32376],[-157.87577,21.32375],[-157.87576,21.32374],[-157.87574,21.32372],[-157.87573,21.32371],[-157.87571,21.3237],[-157.8757,21.32368],[-157.87568,21.32367],[-157.87567,21.32366],[-157.87565,21.32364],[-157.87564,21.32363],[-157.87562,21.32362],[-157.87561,21.32361],[-157.87559,21.32359],[-157.87558,21.32358],[-157.87556,21.32357],[-157.87554,21.32356],[-157.87553,21.32354],[-157.87551,21.32353],[-157.8755,21.32352],[-157.87548,21.32351],[-157.87547,21.32349],[-157.87545,21.32348],[-157.87543,21.32347],[-157.87542,21.32346],[-157.8754,21.32344],[-157.87539,21.32343],[-157.87537,21.32342],[-157.87523,21.32332],[-157.87509,21.32322],[-157.87507,21.3232],[-157.87505,21.32319],[-157.87503,21.32318],[-157.87502,21.32317],[-157.875,21.32316],[-157.87498,21.32315],[-157.87497,21.32314],[-157.87495,21.32313],[-157.87493,21.32312],[-157.87492,21.32311],[-157.8749,21.3231],[-157.87488,21.32309],[-157.87486,21.32308],[-157.87485,21.32306],[-157.87483,21.32305],[-157.87481,21.32304],[-157.8748,21.32303],[-157.87478,21.32302],[-157.87476,21.32301],[-157.87474,21.323],[-157.87473,21.32299],[-157.87471,21.32298],[-157.87469,21.32297],[-157.87467,21.32296],[-157.87466,21.32295],[-157.87464,21.32294],[-157.87462,21.32293],[-157.8746,21.32292],[-157.87459,21.32291],[-157.87457,21.3229],[-157.87455,21.32289],[-157.8675,21.31875],[-157.86749,21.31874],[-157.86748,21.31874],[-157.86747,21.31873],[-157.86746,21.31873],[-157.86745,21.31872],[-157.86744,21.31871],[-157.86743,21.31871],[-157.86742,21.3187],[-157.86741,21.3187],[-157.8674,21.31869],[-157.86739,21.31868],[-157.86738,21.31868],[-157.86737,21.31867],[-157.86736,21.31867],[-157.86735,21.31866],[-157.86734,21.31865],[-157.86733,21.31865],[-157.86732,21.31864],[-157.86731,21.31864],[-157.8673,21.31863],[-157.86729,21.31862],[-157.86728,21.31862],[-157.86727,21.31861],[-157.86726,21.3186],[-157.86725,21.3186],[-157.86724,21.31859],[-157.86723,21.31859],[-157.86722,21.31858],[-157.86721,21.31857],[-157.8672,21.31857],[-157.8672,21.31856],[-157.86717,21.31854],[-157.86714,21.31852],[-157.86711,21.3185],[-157.86709,21.31848],[-157.86706,21.31845],[-157.86704,21.31843],[-157.86701,21.31841],[-157.86699,21.31839],[-157.86696,21.31836],[-157.86694,21.31834],[-157.86691,21.31831],[-157.8669,21.3183],[-157.86689,21.31829],[-157.86688,21.31828],[-157.86687,21.31827],[-157.86686,21.31826],[-157.86686,21.31825],[-157.86685,21.31824],[-157.86684,21.31824],[-157.86684,21.31823],[-157.86683,21.31822],[-157.86682,21.31821],[-157.86681,21.3182],[-157.86681,21.31819],[-157.8668,21.31818],[-157.86679,21.31818],[-157.86678,21.31817],[-157.86678,21.31816],[-157.86677,21.31815],[-157.86676,21.31814],[-157.86676,21.31813],[-157.86675,21.31812],[-157.86674,21.31811],[-157.86674,21.3181],[-157.86673,21.3181],[-157.86672,21.31809],[-157.86672,21.31808],[-157.86671,21.31807],[-157.8667,21.31806],[-157.86669,21.31805],[-157.86669,21.31804],[-157.86668,21.31803],[-157.86667,21.31802],[-157.86554,21.31655],[-157.86553,21.31654],[-157.86553,21.31653],[-157.86552,21.31652],[-157.86551,21.31651],[-157.86551,21.31651],[-157.8655,21.3165],[-157.8655,21.31649],[-157.86549,21.31648],[-157.86548,21.31647],[-157.86548,21.31647],[-157.86547,21.31646],[-157.86547,21.31645],[-157.86546,21.31644],[-157.86545,21.31643],[-157.86545,21.31643],[-157.86544,21.31642],[-157.86544,21.31641],[-157.86543,21.3164],[-157.86542,21.31639],[-157.86542,21.31638],[-157.86541,21.31638],[-157.86541,21.31637],[-157.8654,21.31636],[-157.8654,21.31635],[-157.86539,21.31634],[-157.86539,21.31634],[-157.86538,21.31633],[-157.86537,21.31632],[-157.86537,21.31631],[-157.86536,21.3163],[-157.86536,21.31629],[-157.86535,21.31627],[-157.86533,21.31625],[-157.86532,21.31623],[-157.86531,21.31621],[-157.8653,21.31618],[-157.86529,21.31616],[-157.86528,21.31614],[-157.86527,21.31612],[-157.86526,21.31609],[-157.86525,21.31607],[-157.86524,21.31605],[-157.86523,21.31602],[-157.86522,21.316],[-157.86522,21.31597],[-157.86521,21.31595],[-157.8652,21.31593],[-157.8652,21.3159],[-157.86519,21.31588],[-157.86519,21.31585],[-157.86518,21.31583],[-157.86518,21.31581],[-157.86517,21.31578],[-157.86517,21.31576],[-157.86517,21.31573],[-157.86517,21.31571],[-157.86516,21.31568],[-157.86516,21.31566],[-157.86516,21.31565],[-157.86516,21.31564],[-157.86516,21.31563],[-157.86516,21.31562],[-157.86516,21.31561],[-157.86516,21.3156],[-157.86516,21.31559],[-157.86516,21.31558],[-157.86516,21.31557],[-157.86516,21.31556],[-157.86516,21.31555],[-157.86516,21.31554],[-157.86516,21.31553],[-157.86516,21.31552],[-157.86516,21.31551],[-157.86516,21.3155],[-157.86516,21.31549],[-157.86516,21.31548],[-157.86516,21.31547],[-157.86517,21.31546],[-157.86517,21.31545],[-157.86517,21.31544],[-157.86517,21.31543],[-157.86517,21.31542],[-157.86517,21.31541],[-157.86517,21.3154],[-157.86517,21.31539],[-157.86517,21.31538],[-157.86517,21.31537],[-157.86517,21.31536],[-157.86517,21.31536],[-157.86517,21.31535],[-157.86523,21.31451],[-157.86524,21.31451],[-157.86524,21.3145],[-157.86524,21.3145],[-157.86524,21.31449],[-157.86524,21.31448],[-157.86524,21.31448],[-157.86524,21.31447],[-157.86524,21.31447],[-157.86524,21.31446],[-157.86524,21.31445],[-157.86524,21.31445],[-157.86524,21.31444],[-157.86524,21.31444],[-157.86524,21.31443],[-157.86524,21.31442],[-157.86524,21.31442],[-157.86524,21.31441],[-157.86524,21.31441],[-157.86524,21.3144],[-157.86524,21.31439],[-157.86524,21.31439],[-157.86524,21.31438],[-157.86524,21.31437],[-157.86524,21.31437],[-157.86525,21.31436],[-157.86525,21.31436],[-157.86525,21.31435],[-157.86525,21.31434],[-157.86525,21.31434],[-157.86525,21.31433],[-157.86525,21.31433],[-157.86525,21.3142],[-157.86525,21.31408],[-157.86524,21.31395],[-157.86524,21.31394],[-157.86524,21.31394],[-157.86524,21.31393],[-157.86524,21.31393],[-157.86524,21.31392],[-157.86524,21.31391],[-157.86524,21.31391],[-157.86524,21.3139],[-157.86524,21.3139],[-157.86524,21.31389],[-157.86524,21.31388],[-157.86524,21.31388],[-157.86524,21.31387],[-157.86524,21.31387],[-157.86523,21.31386],[-157.86523,21.31385],[-157.86523,21.31385],[-157.86523,21.31384],[-157.86523,21.31384],[-157.86523,21.31383],[-157.86523,21.31382],[-157.86523,21.31382],[-157.86523,21.31381],[-157.86523,21.31381],[-157.86523,21.3138],[-157.86523,21.31379],[-157.86523,21.31379],[-157.86523,21.31378],[-157.86523,21.31378],[-157.86523,21.31377],[-157.86523,21.31376],[-157.86518,21.31332],[-157.86516,21.31314],[-157.86506,21.31204],[-157.86506,21.31203],[-157.86506,21.31202],[-157.86506,21.31202],[-157.86506,21.31201],[-157.86506,21.312],[-157.86505,21.31199],[-157.86505,21.31198],[-157.86505,21.31198],[-157.86505,21.31197],[-157.86505,21.31196],[-157.86505,21.31195],[-157.86505,21.31194],[-157.86505,21.31193],[-157.86505,21.31193],[-157.86505,21.31192],[-157.86505,21.31191],[-157.86504,21.3119],[-157.86504,21.31189],[-157.86504,21.31189],[-157.86504,21.31188],[-157.86504,21.31187],[-157.86504,21.31186],[-157.86504,21.31185],[-157.86504,21.31184],[-157.86504,21.31184],[-157.86503,21.31183],[-157.86503,21.31182],[-157.86503,21.31181],[-157.86503,21.3118],[-157.86503,21.3118],[-157.86503,21.31179],[-157.86501,21.31171],[-157.86499,21.31164],[-157.86497,21.31157],[-157.86496,21.31156],[-157.86496,21.31155],[-157.86496,21.31154],[-157.86495,21.31154],[-157.86495,21.31153],[-157.86495,21.31152],[-157.86495,21.31151],[-157.86494,21.31151],[-157.86494,21.3115],[-157.86494,21.31149],[-157.86493,21.31148],[-157.86493,21.31147],[-157.86493,21.31147],[-157.86492,21.31146],[-157.86492,21.31145],[-157.86492,21.31144],[-157.86491,21.31144],[-157.86491,21.31143],[-157.86491,21.31142],[-157.8649,21.31141],[-157.8649,21.31141],[-157.86489,21.3114],[-157.86489,21.31139],[-157.86489,21.31138],[-157.86488,21.31138],[-157.86488,21.31137],[-157.86488,21.31136],[-157.86487,21.31135],[-157.86487,21.31135],[-157.86487,21.31134],[-157.86486,21.31133],[-157.86451,21.31059],[-157.8645,21.31058],[-157.8645,21.31057],[-157.8645,21.31056],[-157.86449,21.31055],[-157.86449,21.31054],[-157.86448,21.31053],[-157.86448,21.31053],[-157.86447,21.31052],[-157.86447,21.31051],[-157.86446,21.3105],[-157.86446,21.31049],[-157.86446,21.31048],[-157.86445,21.31047],[-157.86445,21.31046],[-157.86444,21.31045],[-157.86444,21.31044],[-157.86443,21.31043],[-157.86443,21.31042],[-157.86443,21.31041],[-157.86442,21.3104],[-157.86442,21.31039],[-157.86441,21.31038],[-157.86441,21.31038],[-157.86441,21.31037],[-157.8644,21.31036],[-157.8644,21.31035],[-157.86439,21.31034],[-157.86439,21.31033],[-157.86438,21.31032],[-157.86438,21.31031],[-157.86438,21.3103],[-157.86436,21.31025],[-157.86434,21.31021],[-157.86433,21.31016],[-157.86431,21.31011],[-157.8643,21.31007],[-157.86428,21.31002],[-157.86427,21.30997],[-157.86426,21.30993],[-157.86425,21.30988],[-157.86424,21.30983],[-157.86423,21.30978],[-157.86422,21.30974],[-157.86421,21.30969],[-157.8642,21.30964],[-157.8642,21.30959],[-157.86419,21.30954],[-157.86419,21.30949],[-157.86419,21.30944],[-157.86418,21.3094],[-157.86418,21.30935],[-157.86418,21.3093],[-157.86418,21.30925],[-157.86418,21.3092],[-157.86419,21.30919],[-157.86419,21.30918],[-157.86419,21.30917],[-157.86419,21.30916],[-157.86419,21.30915],[-157.86419,21.30914],[-157.86419,21.30913],[-157.86419,21.30912],[-157.86419,21.30911],[-157.86419,21.3091],[-157.86419,21.30909],[-157.86419,21.30908],[-157.86419,21.30906],[-157.86419,21.30905],[-157.86419,21.30904],[-157.8642,21.30903],[-157.8642,21.30902],[-157.8642,21.30901],[-157.8642,21.309],[-157.8642,21.30899],[-157.8642,21.30898],[-157.8642,21.30897],[-157.8642,21.30896],[-157.8642,21.30895],[-157.8642,21.30894],[-157.86421,21.30893],[-157.86421,21.30892],[-157.86421,21.30891],[-157.86421,21.3089],[-157.86421,21.30889],[-157.86421,21.30888],[-157.86421,21.30887],[-157.86423,21.30868],[-157.86423,21.30867],[-157.86423,21.30866],[-157.86424,21.30865],[-157.86424,21.30864],[-157.86424,21.30863],[-157.86424,21.30862],[-157.86424,21.30861],[-157.86424,21.3086],[-157.86424,21.30859],[-157.86424,21.30858],[-157.86424,21.30858],[-157.86424,21.30857],[-157.86424,21.30856],[-157.86425,21.30855],[-157.86425,21.30854],[-157.86425,21.30853],[-157.86425,21.30852],[-157.86425,21.30851],[-157.86425,21.3085],[-157.86425,21.30849],[-157.86425,21.30848],[-157.86425,21.30847],[-157.86425,21.30846],[-157.86425,21.30845],[-157.86425,21.30844],[-157.86425,21.30844],[-157.86425,21.30843],[-157.86425,21.30842],[-157.86425,21.30841],[-157.86425,21.3084],[-157.86425,21.30839],[-157.86425,21.3083],[-157.86424,21.30822],[-157.86423,21.30813],[-157.86421,21.30805],[-157.86418,21.30797],[-157.86415,21.30789],[-157.86411,21.30781],[-157.86411,21.3078],[-157.8641,21.30779],[-157.8641,21.30778],[-157.86409,21.30778],[-157.86409,21.30777],[-157.86409,21.30776],[-157.86408,21.30775],[-157.86408,21.30774],[-157.86407,21.30773],[-157.86407,21.30773],[-157.86406,21.30772],[-157.86406,21.30771],[-157.86405,21.3077],[-157.86405,21.30769],[-157.86404,21.30769],[-157.86404,21.30768],[-157.86403,21.30767],[-157.86403,21.30766],[-157.86402,21.30765],[-157.86402,21.30765],[-157.86401,21.30764],[-157.86401,21.30763],[-157.864,21.30762],[-157.864,21.30761],[-157.86399,21.30761],[-157.86399,21.3076],[-157.86398,21.30759],[-157.86398,21.30758],[-157.86397,21.30757],[-157.86397,21.30757],[-157.86396,21.30756],[-157.86282,21.30579],[-157.86282,21.30579],[-157.86281,21.30578],[-157.86281,21.30578],[-157.86281,21.30578],[-157.8628,21.30577],[-157.8628,21.30577],[-157.8628,21.30576],[-157.8628,21.30576],[-157.86279,21.30575],[-157.86279,21.30575],[-157.86279,21.30574],[-157.86278,21.30574],[-157.86278,21.30573],[-157.86278,21.30573],[-157.86277,21.30573],[-157.86277,21.30572],[-157.86277,21.30572],[-157.86277,21.30571],[-157.86276,21.30571],[-157.86276,21.3057],[-157.86276,21.3057],[-157.86275,21.30569],[-157.86275,21.30569],[-157.86275,21.30568],[-157.86275,21.30568],[-157.86274,21.30568],[-157.86274,21.30567],[-157.86274,21.30567],[-157.86273,21.30566],[-157.86273,21.30566],[-157.86273,21.30565],[-157.86249,21.30529],[-157.86249,21.30529],[-157.86248,21.30529],[-157.86248,21.30528],[-157.86248,21.30528],[-157.86247,21.30527],[-157.86247,21.30527],[-157.86247,21.30526],[-157.86246,21.30526],[-157.86246,21.30525],[-157.86246,21.30525],[-157.86246,21.30525],[-157.86245,21.30524],[-157.86245,21.30524],[-157.86245,21.30523],[-157.86244,21.30523],[-157.86244,21.30522],[-157.86244,21.30522],[-157.86243,21.30521],[-157.86243,21.30521],[-157.86243,21.30521],[-157.86242,21.3052],[-157.86242,21.3052],[-157.86242,21.30519],[-157.86242,21.30519],[-157.86241,21.30518],[-157.86241,21.30518],[-157.86241,21.30517],[-157.8624,21.30517],[-157.8624,21.30516],[-157.8624,21.30516],[-157.86239,21.30516],[-157.86163,21.30404],[-157.86163,21.30404],[-157.86163,21.30403],[-157.86162,21.30402],[-157.86162,21.30402],[-157.86161,21.30401],[-157.86161,21.304],[-157.8616,21.30399],[-157.8616,21.30399],[-157.86159,21.30398],[-157.86159,21.30397],[-157.86158,21.30397],[-157.86158,21.30396],[-157.86157,21.30395],[-157.86157,21.30395],[-157.86156,21.30394],[-157.86156,21.30393],[-157.86155,21.30392],[-157.86155,21.30392],[-157.86154,21.30391],[-157.86154,21.3039],[-157.86153,21.3039],[-157.86153,21.30389],[-157.86152,21.30388],[-157.86152,21.30388],[-157.86151,21.30387],[-157.86151,21.30386],[-157.8615,21.30385],[-157.8615,21.30385],[-157.86149,21.30384],[-157.86149,21.30383],[-157.86148,21.30383],[-157.86137,21.30367],[-157.86125,21.30352],[-157.86113,21.30337],[-157.86112,21.30336],[-157.86112,21.30336],[-157.86111,21.30335],[-157.86111,21.30334],[-157.8611,21.30334],[-157.8611,21.30333],[-157.86109,21.30332],[-157.86109,21.30332],[-157.86108,21.30331],[-157.86107,21.30331],[-157.86107,21.3033],[-157.86106,21.30329],[-157.86106,21.30329],[-157.86105,21.30328],[-157.86105,21.30327],[-157.86104,21.30327],[-157.86103,21.30326],[-157.86103,21.30325],[-157.86102,21.30325],[-157.86102,21.30324],[-157.86101,21.30323],[-157.86101,21.30323],[-157.861,21.30322],[-157.86099,21.30321],[-157.86099,21.30321],[-157.86098,21.3032],[-157.86098,21.3032],[-157.86097,21.30319],[-157.86097,21.30318],[-157.86096,21.30318],[-157.86096,21.30317],[-157.86024,21.30236],[-157.86002,21.30211],[-157.8583,21.30019],[-157.85808,21.29994],[-157.85774,21.29956],[-157.85774,21.29956],[-157.85774,21.29955],[-157.85773,21.29955],[-157.85773,21.29955],[-157.85773,21.29954],[-157.85772,21.29954],[-157.85772,21.29953],[-157.85771,21.29953],[-157.85771,21.29952],[-157.85771,21.29952],[-157.8577,21.29952],[-157.8577,21.29951],[-157.8577,21.29951],[-157.85769,21.2995],[-157.85769,21.2995],[-157.85768,21.2995],[-157.85768,21.29949],[-157.85768,21.29949],[-157.85767,21.29948],[-157.85767,21.29948],[-157.85767,21.29947],[-157.85766,21.29947],[-157.85766,21.29947],[-157.85766,21.29946],[-157.85765,21.29946],[-157.85765,21.29945],[-157.85764,21.29945],[-157.85764,21.29944],[-157.85764,21.29944],[-157.85763,21.29944],[-157.85763,21.29943],[-157.85758,21.29937],[-157.85754,21.29932],[-157.85749,21.29926],[-157.85745,21.2992],[-157.85744,21.29919],[-157.85744,21.29919],[-157.85744,21.29919],[-157.85743,21.29918],[-157.85743,21.29918],[-157.85743,21.29917],[-157.85742,21.29917],[-157.85742,21.29916],[-157.85742,21.29916],[-157.85741,21.29915],[-157.85741,21.29915],[-157.85741,21.29914],[-157.85741,21.29914],[-157.8574,21.29914],[-157.8574,21.29913],[-157.8574,21.29913],[-157.85739,21.29912],[-157.85739,21.29912],[-157.85739,21.29911],[-157.85738,21.29911],[-157.85738,21.2991],[-157.85738,21.2991],[-157.85737,21.29909],[-157.85737,21.29909],[-157.85737,21.29908],[-157.85736,21.29908],[-157.85736,21.29908],[-157.85736,21.29907],[-157.85735,21.29907],[-157.85735,21.29906],[-157.85735,21.29906],[-157.85734,21.29905],[-157.85718,21.29882],[-157.85718,21.29882],[-157.85718,21.29881],[-157.85718,21.29881],[-157.85717,21.29881],[-157.85717,21.2988],[-157.85717,21.2988],[-157.85716,21.29879],[-157.85716,21.29879],[-157.85716,21.29878],[-157.85715,21.29878],[-157.85715,21.29877],[-157.85715,21.29877],[-157.85714,21.29877],[-157.85714,21.29876],[-157.85714,21.29876],[-157.85713,21.29875],[-157.85713,21.29875],[-157.85713,21.29874],[-157.85713,21.29874],[-157.85712,21.29873],[-157.85712,21.29873],[-157.85712,21.29872],[-157.85711,21.29872],[-157.85711,21.29872],[-157.85711,21.29871],[-157.8571,21.29871],[-157.8571,21.2987],[-157.8571,21.2987],[-157.85709,21.29869],[-157.85709,21.29869],[-157.85709,21.29869],[-157.85701,21.29857],[-157.85692,21.29847],[-157.85692,21.29846],[-157.85691,21.29846],[-157.85691,21.29845],[-157.85691,21.29845],[-157.8569,21.29845],[-157.8569,21.29844],[-157.8569,21.29844],[-157.85689,21.29843],[-157.85689,21.29843],[-157.85689,21.29842],[-157.85688,21.29842],[-157.85688,21.29842],[-157.85688,21.29841],[-157.85687,21.29841],[-157.85687,21.2984],[-157.85686,21.2984],[-157.85686,21.29839],[-157.85686,21.29839],[-157.85685,21.29839],[-157.85685,21.29838],[-157.85685,21.29838],[-157.85684,21.29837],[-157.85684,21.29837],[-157.85684,21.29837],[-157.85683,21.29836],[-157.85683,21.29836],[-157.85683,21.29835],[-157.85682,21.29835],[-157.85682,21.29834],[-157.85682,21.29834],[-157.85681,21.29834],[-157.85608,21.29746],[-157.85608,21.29746],[-157.85607,21.29745],[-157.85607,21.29744],[-157.85606,21.29744],[-157.85605,21.29743],[-157.85605,21.29743],[-157.85604,21.29742],[-157.85604,21.29741],[-157.85603,21.29741],[-157.85603,21.2974],[-157.85602,21.29739],[-157.85602,21.29739],[-157.85601,21.29738],[-157.85601,21.29737],[-157.856,21.29737],[-157.856,21.29736],[-157.85599,21.29736],[-157.85598,21.29735],[-157.85598,21.29734],[-157.85597,21.29734],[-157.85597,21.29733],[-157.85596,21.29732],[-157.85596,21.29732],[-157.85595,21.29731],[-157.85595,21.29731],[-157.85594,21.2973],[-157.85593,21.29729],[-157.85593,21.29729],[-157.85592,21.29728],[-157.85592,21.29728],[-157.85591,21.29727],[-157.85584,21.2972],[-157.85576,21.29713],[-157.85568,21.29707],[-157.85559,21.29702],[-157.8555,21.29696],[-157.85541,21.29692],[-157.8554,21.29691],[-157.8554,21.29691],[-157.85539,21.29691],[-157.85538,21.2969],[-157.85537,21.2969],[-157.85536,21.2969],[-157.85536,21.29689],[-157.85535,21.29689],[-157.85534,21.29689],[-157.85533,21.29688],[-157.85533,21.29688],[-157.85532,21.29688],[-157.85531,21.29687],[-157.8553,21.29687],[-157.85529,21.29687],[-157.85529,21.29686],[-157.85528,21.29686],[-157.85527,21.29686],[-157.85526,21.29686],[-157.85525,21.29685],[-157.85525,21.29685],[-157.85524,21.29685],[-157.85523,21.29684],[-157.85522,21.29684],[-157.85521,21.29684],[-157.85521,21.29683],[-157.8552,21.29683],[-157.85519,21.29683],[-157.85518,21.29682],[-157.85517,21.29682],[-157.85517,21.29682],[-157.85396,21.29636],[-157.85395,21.29636],[-157.85394,21.29635],[-157.85393,21.29635],[-157.85392,21.29634],[-157.85391,21.29634],[-157.8539,21.29634],[-157.85389,21.29633],[-157.85388,21.29633],[-157.85387,21.29632],[-157.85386,21.29632],[-157.85385,21.29632],[-157.85384,21.29631],[-157.85383,21.29631],[-157.85382,21.29631],[-157.85381,21.2963],[-157.8538,21.2963],[-157.85379,21.29629],[-157.85378,21.29629],[-157.85377,21.29629],[-157.85376,21.29628],[-157.85375,21.29628],[-157.85374,21.29627],[-157.85373,21.29627],[-157.85372,21.29627],[-157.85371,21.29626],[-157.8537,21.29626],[-157.85369,21.29625],[-157.85368,21.29625],[-157.85367,21.29624],[-157.85366,21.29624],[-157.85365,21.29624],[-157.8536,21.29621],[-157.85355,21.29619],[-157.8535,21.29616],[-157.85345,21.29614],[-157.8534,21.29611],[-157.85335,21.29609],[-157.8533,21.29606],[-157.85325,21.29603],[-157.8532,21.296],[-157.85316,21.29597],[-157.85311,21.29594],[-157.85306,21.29591],[-157.85302,21.29587],[-157.85297,21.29584],[-157.85293,21.29581],[-157.85289,21.29577],[-157.85284,21.29574],[-157.8528,21.2957],[-157.85276,21.29566],[-157.85272,21.29563],[-157.85268,21.29559],[-157.85264,21.29555],[-157.8526,21.29551],[-157.85256,21.29547],[-157.85256,21.29546],[-157.85255,21.29546],[-157.85254,21.29545],[-157.85254,21.29544],[-157.85253,21.29543],[-157.85252,21.29542],[-157.85251,21.29542],[-157.85251,21.29541],[-157.8525,21.2954],[-157.85249,21.29539],[-157.85249,21.29539],[-157.85248,21.29538],[-157.85247,21.29537],[-157.85247,21.29536],[-157.85246,21.29535],[-157.85245,21.29535],[-157.85245,21.29534],[-157.85244,21.29533],[-157.85243,21.29532],[-157.85243,21.29531],[-157.85242,21.29531],[-157.85241,21.2953],[-157.85241,21.29529],[-157.8524,21.29528],[-157.85239,21.29527],[-157.85239,21.29527],[-157.85238,21.29526],[-157.85237,21.29525],[-157.85237,21.29524],[-157.85236,21.29523],[-157.85235,21.29523],[-157.85235,21.29522],[-157.85181,21.29458],[-157.8518,21.29456],[-157.85178,21.29454],[-157.85177,21.29453],[-157.85176,21.29451],[-157.85174,21.29449],[-157.85173,21.29448],[-157.85172,21.29446],[-157.8517,21.29445],[-157.85169,21.29443],[-157.85167,21.29441],[-157.85166,21.2944],[-157.85165,21.29438],[-157.85163,21.29437],[-157.85162,21.29435],[-157.8516,21.29433],[-157.85159,21.29432],[-157.85157,21.2943],[-157.85156,21.29429],[-157.85154,21.29427],[-157.85153,21.29426],[-157.85151,21.29424],[-157.8515,21.29423],[-157.85148,21.29422],[-157.85146,21.2942],[-157.85145,21.29419],[-157.85143,21.29417],[-157.85141,21.29416],[-157.8514,21.29415],[-157.85138,21.29413],[-157.85136,21.29412],[-157.85134,21.29411],[-157.85127,21.29406],[-157.85118,21.29402],[-157.8511,21.29398],[-157.85101,21.29395],[-157.85092,21.29393],[-157.85083,21.29391],[-157.85074,21.2939],[-157.85065,21.29389],[-157.85055,21.29389],[-157.85053,21.29389],[-157.85051,21.2939],[-157.85049,21.2939],[-157.85046,21.2939],[-157.85044,21.2939],[-157.85042,21.29391],[-157.8504,21.29391],[-157.85038,21.29391],[-157.85036,21.29392],[-157.85033,21.29392],[-157.85031,21.29393],[-157.85029,21.29393],[-157.85027,21.29394],[-157.85025,21.29394],[-157.85023,21.29395],[-157.8502,21.29395],[-157.85018,21.29396],[-157.85016,21.29396],[-157.85014,21.29397],[-157.85012,21.29398],[-157.8501,21.29398],[-157.85008,21.29399],[-157.85006,21.29399],[-157.85004,21.294],[-157.85002,21.29401],[-157.84999,21.29401],[-157.84997,21.29402],[-157.84995,21.29403],[-157.84993,21.29404],[-157.84991,21.29404],[-157.84989,21.29405],[-157.8496,21.29414],[-157.84959,21.29415],[-157.84959,21.29415],[-157.84958,21.29415],[-157.84957,21.29415],[-157.84957,21.29416],[-157.84956,21.29416],[-157.84955,21.29416],[-157.84954,21.29416],[-157.84954,21.29417],[-157.84953,21.29417],[-157.84952,21.29417],[-157.84951,21.29417],[-157.84951,21.29418],[-157.8495,21.29418],[-157.84949,21.29418],[-157.84949,21.29418],[-157.84948,21.29419],[-157.84947,21.29419],[-157.84946,21.29419],[-157.84946,21.29419],[-157.84945,21.29419],[-157.84944,21.2942],[-157.84943,21.2942],[-157.84943,21.2942],[-157.84942,21.2942],[-157.84941,21.29421],[-157.84941,21.29421],[-157.8494,21.29421],[-157.84939,21.29421],[-157.84938,21.29421],[-157.84938,21.29422],[-157.84933,21.29423],[-157.84928,21.29424],[-157.84923,21.29425],[-157.84919,21.29426],[-157.84914,21.29427],[-157.84909,21.29428],[-157.84904,21.29429],[-157.84899,21.2943],[-157.84894,21.29431],[-157.84889,21.29431],[-157.84884,21.29432],[-157.8488,21.29432],[-157.84875,21.29433],[-157.8487,21.29433],[-157.84865,21.29433],[-157.8486,21.29433],[-157.84855,21.29433],[-157.8485,21.29433],[-157.84845,21.29433],[-157.8484,21.29433],[-157.84835,21.29433],[-157.8483,21.29432],[-157.84825,21.29432],[-157.8482,21.29431],[-157.84815,21.29431],[-157.84811,21.2943],[-157.84806,21.29429],[-157.84801,21.29429],[-157.84796,21.29428],[-157.84791,21.29427],[-157.84786,21.29426],[-157.84782,21.29424],[-157.84777,21.29423],[-157.84772,21.29422],[-157.84772,21.29422],[-157.84771,21.29422],[-157.8477,21.29421],[-157.84769,21.29421],[-157.84769,21.29421],[-157.84768,21.29421],[-157.84767,21.2942],[-157.84766,21.2942],[-157.84766,21.2942],[-157.84765,21.2942],[-157.84764,21.2942],[-157.84764,21.29419],[-157.84763,21.29419],[-157.84762,21.29419],[-157.84761,21.29419],[-157.84761,21.29418],[-157.8476,21.29418],[-157.84759,21.29418],[-157.84758,21.29418],[-157.84758,21.29417],[-157.84757,21.29417],[-157.84756,21.29417],[-157.84756,21.29417],[-157.84755,21.29417],[-157.84754,21.29416],[-157.84753,21.29416],[-157.84753,21.29416],[-157.84752,21.29416],[-157.84751,21.29415],[-157.8475,21.29415],[-157.8475,21.29415],[-157.84599,21.29365],[-157.84599,21.29365],[-157.84598,21.29365],[-157.84597,21.29365],[-157.84597,21.29365],[-157.84596,21.29365],[-157.84596,21.29364],[-157.84595,21.29364],[-157.84595,21.29364],[-157.84594,21.29364],[-157.84594,21.29364],[-157.84593,21.29364],[-157.84593,21.29363],[-157.84592,21.29363],[-157.84592,21.29363],[-157.84591,21.29363],[-157.84591,21.29363],[-157.8459,21.29362],[-157.84589,21.29362],[-157.84589,21.29362],[-157.84588,21.29362],[-157.84588,21.29362],[-157.84587,21.29362],[-157.84587,21.29361],[-157.84586,21.29361],[-157.84586,21.29361],[-157.84585,21.29361],[-157.84585,21.29361],[-157.84584,21.29361],[-157.84584,21.2936],[-157.84583,21.2936],[-157.84582,21.2936],[-157.84573,21.29357],[-157.84563,21.29353],[-157.84554,21.29349],[-157.84545,21.29345],[-157.84541,21.29344],[-157.84541,21.29344],[-157.8454,21.29344],[-157.8454,21.29343],[-157.84539,21.29343],[-157.84539,21.29343],[-157.84538,21.29343],[-157.84538,21.29343],[-157.84537,21.29342],[-157.84537,21.29342],[-157.84536,21.29342],[-157.84536,21.29342],[-157.84535,21.29341],[-157.84535,21.29341],[-157.84534,21.29341],[-157.84534,21.29341],[-157.84533,21.29341],[-157.84533,21.2934],[-157.84532,21.2934],[-157.84532,21.2934],[-157.84531,21.2934],[-157.84531,21.29339],[-157.8453,21.29339],[-157.84529,21.29339],[-157.84529,21.29339],[-157.84528,21.29339],[-157.84528,21.29338],[-157.84527,21.29338],[-157.84527,21.29338],[-157.84526,21.29338],[-157.84526,21.29337],[-157.84525,21.29337],[-157.84386,21.29275]]]}},{"type":"Feature","properties":{"OBJECTID":10,"feature_name":"West Oahu/Farrington Highway Section","feature_desc":"Eastbound Alignment","source_scale":"1:480 / 1\"=40'","SHAPE_Length":0.10621819447569081},"geometry":{"type":"MultiLineString","coordinates":[[[-158.0522,21.3442],[-158.05218,21.34421],[-158.05217,21.34422],[-158.05215,21.34424],[-158.05214,21.34425],[-158.05212,21.34427],[-158.05211,21.34428],[-158.05209,21.3443],[-158.0519,21.34449],[-158.05188,21.34451],[-158.05187,21.34452],[-158.05185,21.34454],[-158.05183,21.34456],[-158.05182,21.34457],[-158.0518,21.34459],[-158.05179,21.3446],[-158.05177,21.34462],[-158.05166,21.34474],[-158.05165,21.34475],[-158.05163,21.34477],[-158.05162,21.34478],[-158.05161,21.3448],[-158.05159,21.34482],[-158.05158,21.34483],[-158.05156,21.34485],[-158.05155,21.34487],[-158.05067,21.34588],[-158.05065,21.3459],[-158.05064,21.34592],[-158.05062,21.34594],[-158.05061,21.34595],[-158.05059,21.34597],[-158.05057,21.34599],[-158.05056,21.34601],[-158.05054,21.34603],[-158.05053,21.34605],[-158.05042,21.34618],[-158.05032,21.34632],[-158.05022,21.34647],[-158.05013,21.34661],[-158.05005,21.34676],[-158.04997,21.34692],[-158.0499,21.34707],[-158.04983,21.34723],[-158.04978,21.34739],[-158.04972,21.34755],[-158.04972,21.34758],[-158.04971,21.3476],[-158.0497,21.34762],[-158.0497,21.34765],[-158.04969,21.34767],[-158.04968,21.34769],[-158.04968,21.34772],[-158.04967,21.34774],[-158.04967,21.34776],[-158.04934,21.34898],[-158.04933,21.34901],[-158.04932,21.34905],[-158.04931,21.34908],[-158.0493,21.34912],[-158.04929,21.34915],[-158.04929,21.34919],[-158.04928,21.34922],[-158.04927,21.34926],[-158.04926,21.34929],[-158.04925,21.34933],[-158.04919,21.3496],[-158.04913,21.34987],[-158.04908,21.35015],[-158.04904,21.35042],[-158.049,21.3507],[-158.04897,21.35098],[-158.04895,21.35125],[-158.04893,21.35153],[-158.04893,21.35181],[-158.04893,21.35209],[-158.04893,21.35237],[-158.04895,21.35265],[-158.04897,21.35292],[-158.049,21.3532],[-158.04904,21.35348],[-158.04908,21.35375],[-158.04913,21.35403],[-158.04919,21.3543],[-158.04925,21.35457],[-158.04932,21.35484],[-158.0494,21.35511],[-158.04948,21.35538],[-158.04958,21.35565],[-158.04967,21.35591],[-158.04978,21.35617],[-158.04979,21.3562],[-158.04981,21.35623],[-158.04982,21.35626],[-158.04983,21.35629],[-158.04984,21.35632],[-158.04986,21.35635],[-158.04987,21.35638],[-158.04988,21.35641],[-158.0499,21.35644],[-158.04991,21.35647],[-158.04993,21.3565],[-158.04994,21.35653],[-158.04995,21.35656],[-158.04997,21.35659],[-158.04998,21.35662],[-158.05,21.35665],[-158.05001,21.35668],[-158.05011,21.35687],[-158.05021,21.35706],[-158.05031,21.35724],[-158.05043,21.35743],[-158.05054,21.35761],[-158.05056,21.35764],[-158.05058,21.35766],[-158.05059,21.35769],[-158.05061,21.35772],[-158.05063,21.35774],[-158.05065,21.35777],[-158.05066,21.35779],[-158.05068,21.35782],[-158.0507,21.35785],[-158.05072,21.35787],[-158.05074,21.3579],[-158.05076,21.35793],[-158.05077,21.35795],[-158.05079,21.35798],[-158.05081,21.358],[-158.05144,21.35892],[-158.05145,21.35893],[-158.05146,21.35895],[-158.05147,21.35896],[-158.05149,21.35898],[-158.0515,21.359],[-158.05151,21.35901],[-158.05152,21.35903],[-158.05153,21.35904],[-158.05154,21.35906],[-158.05155,21.35907],[-158.05156,21.35909],[-158.05157,21.35911],[-158.05158,21.35912],[-158.05159,21.35914],[-158.0516,21.35915],[-158.05161,21.35917],[-158.05162,21.35919],[-158.05163,21.3592],[-158.05164,21.35922],[-158.05165,21.35924],[-158.05166,21.35925],[-158.05167,21.35927],[-158.05174,21.35939],[-158.05181,21.35952],[-158.05187,21.35966],[-158.05192,21.35979],[-158.05196,21.35993],[-158.052,21.36007],[-158.05203,21.36021],[-158.05205,21.36035],[-158.05207,21.36049],[-158.05208,21.36063],[-158.05208,21.36078],[-158.05207,21.36092],[-158.05206,21.36106],[-158.05204,21.3612],[-158.05201,21.36134],[-158.05198,21.36148],[-158.05193,21.36162],[-158.05189,21.36176],[-158.05183,21.36189],[-158.05177,21.36202],[-158.0517,21.36215],[-158.05162,21.36227],[-158.05154,21.36239],[-158.05146,21.36251],[-158.05136,21.36262],[-158.05126,21.36273],[-158.05116,21.36284],[-158.05105,21.36294],[-158.05094,21.36303],[-158.05092,21.36304],[-158.0509,21.36306],[-158.05089,21.36307],[-158.05087,21.36308],[-158.05086,21.36309],[-158.05084,21.3631],[-158.05083,21.36311],[-158.05081,21.36313],[-158.05079,21.36314],[-158.05078,21.36315],[-158.05076,21.36316],[-158.05075,21.36317],[-158.05073,21.36318],[-158.05071,21.36319],[-158.0507,21.36321],[-158.05068,21.36322],[-158.05067,21.36323],[-158.05065,21.36324],[-158.05063,21.36325],[-158.05062,21.36326],[-158.0506,21.36327],[-158.05059,21.36328],[-158.04221,21.36902],[-158.04219,21.36903],[-158.04217,21.36904],[-158.04216,21.36906],[-158.04214,21.36907],[-158.04212,21.36908],[-158.04211,21.36909],[-158.04209,21.3691],[-158.04207,21.36911],[-158.04205,21.36913],[-158.04204,21.36914],[-158.04202,21.36915],[-158.042,21.36916],[-158.04199,21.36917],[-158.04197,21.36918],[-158.04195,21.3692],[-158.04194,21.36921],[-158.04192,21.36922],[-158.04191,21.36923],[-158.04189,21.36924],[-158.04187,21.36926],[-158.04186,21.36927],[-158.04184,21.36928],[-158.04182,21.36929],[-158.04181,21.36931],[-158.04179,21.36932],[-158.04178,21.36933],[-158.04176,21.36934],[-158.04174,21.36936],[-158.04163,21.36945],[-158.04152,21.36956],[-158.04141,21.36966],[-158.04131,21.36977],[-158.04121,21.36989],[-158.04112,21.37001],[-158.04104,21.37013],[-158.04096,21.37026],[-158.04088,21.37039],[-158.04082,21.37052],[-158.04075,21.37065],[-158.0407,21.37079],[-158.04069,21.37081],[-158.04069,21.37083],[-158.04068,21.37084],[-158.04067,21.37086],[-158.04067,21.37088],[-158.04066,21.3709],[-158.04065,21.37092],[-158.04065,21.37094],[-158.04064,21.37096],[-158.04063,21.37097],[-158.04063,21.37099],[-158.04062,21.37101],[-158.04062,21.37103],[-158.04061,21.37105],[-158.04061,21.37107],[-158.0406,21.37109],[-158.04059,21.37111],[-158.04059,21.37112],[-158.04058,21.37114],[-158.04058,21.37116],[-158.04057,21.37118],[-158.04057,21.3712],[-158.04056,21.37122],[-158.04056,21.37124],[-158.04055,21.37126],[-158.04055,21.37128],[-158.04054,21.3713],[-158.04053,21.37131],[-158.04045,21.37161],[-158.04045,21.37162],[-158.04044,21.37164],[-158.04044,21.37166],[-158.04043,21.37168],[-158.04043,21.3717],[-158.04042,21.37172],[-158.04041,21.37174],[-158.04041,21.37176],[-158.0404,21.37177],[-158.0404,21.37179],[-158.04039,21.37181],[-158.04039,21.37183],[-158.04038,21.37185],[-158.04038,21.37187],[-158.04037,21.37189],[-158.04036,21.37191],[-158.04036,21.37192],[-158.04035,21.37194],[-158.04035,21.37196],[-158.04034,21.37198],[-158.04033,21.372],[-158.04033,21.37202],[-158.04032,21.37204],[-158.04032,21.37205],[-158.04031,21.37207],[-158.0403,21.37209],[-158.0403,21.37211],[-158.04029,21.37213],[-158.04023,21.37227],[-158.04017,21.37241],[-158.0401,21.37254],[-158.04002,21.37268],[-158.03994,21.3728],[-158.03985,21.37293],[-158.03975,21.37305],[-158.03965,21.37317],[-158.03954,21.37328],[-158.03943,21.37339],[-158.03932,21.37349],[-158.03919,21.37359],[-158.03907,21.37369],[-158.03894,21.37377],[-158.0388,21.37386],[-158.03866,21.37393],[-158.03852,21.374],[-158.03837,21.37407],[-158.03823,21.37412],[-158.03808,21.37418],[-158.03792,21.37422],[-158.03777,21.37426],[-158.03761,21.37429],[-158.03745,21.37432],[-158.03729,21.37434],[-158.03727,21.37434],[-158.03725,21.37434],[-158.03723,21.37434],[-158.03721,21.37434],[-158.03719,21.37435],[-158.03717,21.37435],[-158.03715,21.37435],[-158.03713,21.37435],[-158.0371,21.37435],[-158.03708,21.37435],[-158.03706,21.37435],[-158.03704,21.37435],[-158.03702,21.37436],[-158.037,21.37436],[-158.03698,21.37436],[-158.03696,21.37436],[-158.03694,21.37436],[-158.03692,21.37436],[-158.0369,21.37436],[-158.03688,21.37436],[-158.03686,21.37436],[-158.03683,21.37436],[-158.03681,21.37436],[-158.03679,21.37436],[-158.03677,21.37436],[-158.03675,21.37436],[-158.03673,21.37436],[-158.03671,21.37436],[-158.03204,21.37446],[-158.032,21.37446],[-158.03197,21.37446],[-158.03194,21.37446],[-158.0319,21.37446],[-158.03187,21.37446],[-158.03184,21.37446],[-158.0318,21.37446],[-158.03177,21.37446],[-158.03174,21.37446],[-158.0317,21.37446],[-158.03167,21.37447],[-158.03164,21.37447],[-158.0316,21.37447],[-158.03157,21.37447],[-158.03154,21.37447],[-158.03151,21.37447],[-158.03126,21.37449],[-158.03102,21.37451],[-158.03077,21.37454],[-158.03053,21.37457],[-158.03029,21.37461],[-158.03005,21.37466],[-158.02981,21.37472],[-158.02958,21.37478],[-158.02934,21.37484],[-158.02911,21.37492],[-158.02888,21.375],[-158.02865,21.37508],[-158.02843,21.37518],[-158.0282,21.37527],[-158.02799,21.37538],[-158.02796,21.37539],[-158.02793,21.37541],[-158.0279,21.37542],[-158.02787,21.37544],[-158.02784,21.37545],[-158.02781,21.37547],[-158.02778,21.37548],[-158.02775,21.3755],[-158.02772,21.37551],[-158.0277,21.37553],[-158.02767,21.37554],[-158.02764,21.37556],[-158.02761,21.37557],[-158.02758,21.37559],[-158.02755,21.3756],[-158.02752,21.37562],[-158.02502,21.37695],[-158.0247,21.37711],[-158.02438,21.37728],[-158.02068,21.37919],[-158.02042,21.37932],[-158.02017,21.37945],[-158.01779,21.38062],[-158.01776,21.38064],[-158.01773,21.38065],[-158.0177,21.38067],[-158.01767,21.38068],[-158.01765,21.38069],[-158.01762,21.38071],[-158.01759,21.38072],[-158.01756,21.38074],[-158.01722,21.3809],[-158.01688,21.38105],[-158.01654,21.3812],[-158.01619,21.38134],[-158.01585,21.38148],[-158.01549,21.38161],[-158.01514,21.38173],[-158.01479,21.38185],[-158.01443,21.38196],[-158.01407,21.38207],[-158.0137,21.38217],[-158.01334,21.38226],[-158.01297,21.38235],[-158.01261,21.38243],[-158.01257,21.38243],[-158.01254,21.38244],[-158.01251,21.38245],[-158.01248,21.38245],[-158.01245,21.38246],[-158.01241,21.38247],[-158.01238,21.38247],[-158.01235,21.38248],[-158.01185,21.38258],[-158.01182,21.38259],[-158.0118,21.38259],[-158.01177,21.3826],[-158.01174,21.3826],[-158.01171,21.38261],[-158.01168,21.38261],[-158.01166,21.38262],[-158.01163,21.38263],[-158.01133,21.38269],[-158.0113,21.3827],[-158.01127,21.3827],[-158.01124,21.38271],[-158.01122,21.38272],[-158.01119,21.38272],[-158.01116,21.38273],[-158.01113,21.38274],[-158.0111,21.38274],[-158.01068,21.38284],[-158.01065,21.38285],[-158.01061,21.38286],[-158.01058,21.38287],[-158.01054,21.38287],[-158.01051,21.38288],[-158.01047,21.38289],[-158.01043,21.3829],[-158.0104,21.38291],[-158.01036,21.38291],[-158.01033,21.38292],[-158.01029,21.38293],[-158.01026,21.38294],[-158.01004,21.38298],[-158.00983,21.38302],[-158.0098,21.38302],[-158.00976,21.38303],[-158.00972,21.38304],[-158.00969,21.38304],[-158.00965,21.38305],[-158.00962,21.38305],[-158.00958,21.38306],[-158.00954,21.38306],[-158.00951,21.38307],[-158.00947,21.38308],[-158.00943,21.38308],[-158.0094,21.38309],[-158.00905,21.38314],[-158.00867,21.3832],[-158.00829,21.38326],[-158.00716,21.38345],[-158.00665,21.38354],[-158.00614,21.38364],[-158.00562,21.38374],[-158.00488,21.38388],[-158.00441,21.38397],[-158.00271,21.38428],[-158.00267,21.38429],[-158.00264,21.3843],[-158.00261,21.3843],[-158.00258,21.38431],[-158.00254,21.38431],[-158.00251,21.38432],[-158.00248,21.38433],[-158.00245,21.38433],[-158.00242,21.38434],[-158.00238,21.38434],[-158.00235,21.38435],[-158.00232,21.38436],[-158.00229,21.38436],[-158.00225,21.38437],[-158.00222,21.38438],[-158.00219,21.38438],[-158.00216,21.38439],[-158.00193,21.38444],[-158.00169,21.3845],[-158.00147,21.38457],[-158.00124,21.38464],[-158.00101,21.38472],[-158.00079,21.38481],[-158.00057,21.3849],[-158.00036,21.38499],[-158.00014,21.38509],[-157.99994,21.3852],[-157.99973,21.38532],[-157.99953,21.38544],[-157.99933,21.38556],[-157.99913,21.38569],[-157.99894,21.38583],[-157.99875,21.38597],[-157.99873,21.38599],[-157.9987,21.38601],[-157.99868,21.38603],[-157.99865,21.38605],[-157.99863,21.38607],[-157.9986,21.38609],[-157.99858,21.38611],[-157.99855,21.38613],[-157.99853,21.38615],[-157.9985,21.38617],[-157.99848,21.38619],[-157.99845,21.38621],[-157.99843,21.38623],[-157.99841,21.38625],[-157.99838,21.38627],[-157.99836,21.38629],[-157.99833,21.38631],[-157.99768,21.38685],[-157.99734,21.38714],[-157.997,21.38743],[-157.99661,21.38778],[-157.99623,21.3881],[-157.99586,21.38841],[-157.99584,21.38843],[-157.99581,21.38845],[-157.99579,21.38847],[-157.99577,21.38849],[-157.99575,21.38851],[-157.99572,21.38853],[-157.9957,21.38855],[-157.99568,21.38857],[-157.99566,21.38859],[-157.99563,21.3886],[-157.99561,21.38862],[-157.99559,21.38864],[-157.99546,21.38875],[-157.99532,21.38885],[-157.99519,21.38894],[-157.99516,21.38896],[-157.99514,21.38898],[-157.99511,21.38899],[-157.99509,21.38901],[-157.99507,21.38903],[-157.99504,21.38904],[-157.99502,21.38906],[-157.99499,21.38908],[-157.99497,21.38909],[-157.99494,21.38911],[-157.99492,21.38913],[-157.99489,21.38914],[-157.99459,21.38934],[-157.99457,21.38936],[-157.99454,21.38938],[-157.99452,21.38939],[-157.99449,21.38941],[-157.99447,21.38943],[-157.99444,21.38944],[-157.99442,21.38946],[-157.99439,21.38948],[-157.99437,21.38949],[-157.99434,21.38951],[-157.99432,21.38953],[-157.99429,21.38954],[-157.99416,21.38964],[-157.99402,21.38974],[-157.99389,21.38985],[-157.99387,21.38987],[-157.99385,21.38989],[-157.99382,21.3899],[-157.9938,21.38992],[-157.99378,21.38994],[-157.99375,21.38996],[-157.99373,21.38998],[-157.99371,21.39],[-157.99369,21.39002],[-157.99366,21.39004],[-157.99364,21.39006],[-157.99362,21.39008],[-157.99257,21.39097],[-157.9925,21.39103],[-157.99248,21.39104]],[[-157.99248,21.39104],[-157.99234,21.39113],[-157.99226,21.39118],[-157.99217,21.39124]],[[-157.99248,21.39104],[-157.99199,21.39146],[-157.99197,21.39148],[-157.99195,21.39149],[-157.99194,21.39151],[-157.99192,21.39152],[-157.9919,21.39153],[-157.99189,21.39155],[-157.99187,21.39156],[-157.99185,21.39158],[-157.99184,21.39159],[-157.99182,21.3916],[-157.9918,21.39162],[-157.99179,21.39163],[-157.99177,21.39165],[-157.99175,21.39166],[-157.99174,21.39167],[-157.99172,21.39169],[-157.9917,21.3917],[-157.99169,21.39171],[-157.99167,21.39173],[-157.99165,21.39174],[-157.99164,21.39175],[-157.99162,21.39177],[-157.9916,21.39178],[-157.99158,21.39179],[-157.99157,21.39181],[-157.99155,21.39182],[-157.99153,21.39183],[-157.99151,21.39185],[-157.9915,21.39186],[-157.99137,21.39195],[-157.99124,21.39203],[-157.9911,21.39211],[-157.99096,21.39219],[-157.99082,21.39226],[-157.99067,21.39232],[-157.99053,21.39238],[-157.99038,21.39243],[-157.99022,21.39248],[-157.99007,21.39253],[-157.99005,21.39253],[-157.99003,21.39254],[-157.99001,21.39254],[-157.98998,21.39255],[-157.98996,21.39255],[-157.98994,21.39256],[-157.98992,21.39256],[-157.9899,21.39257],[-157.98988,21.39257],[-157.98985,21.39258],[-157.98983,21.39258],[-157.98981,21.39258],[-157.98979,21.39259],[-157.98977,21.39259],[-157.98974,21.3926],[-157.98972,21.3926],[-157.9897,21.39261],[-157.98968,21.39261],[-157.98966,21.39261],[-157.98964,21.39262],[-157.98961,21.39262],[-157.98959,21.39263],[-157.98957,21.39263],[-157.98955,21.39263],[-157.98953,21.39264],[-157.9895,21.39264],[-157.98948,21.39265],[-157.98946,21.39265],[-157.98944,21.39265],[-157.98866,21.39279],[-157.98864,21.3928],[-157.98862,21.3928],[-157.98859,21.3928],[-157.98857,21.39281],[-157.98855,21.39281],[-157.98853,21.39282],[-157.98851,21.39282],[-157.98848,21.39282],[-157.98846,21.39283],[-157.98844,21.39283],[-157.98842,21.39284],[-157.9884,21.39284],[-157.98838,21.39284],[-157.98835,21.39285],[-157.98833,21.39285],[-157.98831,21.39286],[-157.98829,21.39286],[-157.98827,21.39287],[-157.98824,21.39287],[-157.98822,21.39288],[-157.9882,21.39288],[-157.98818,21.39288],[-157.98816,21.39289],[-157.98814,21.39289],[-157.98811,21.3929],[-157.98809,21.3929],[-157.98807,21.39291],[-157.98805,21.39292],[-157.98803,21.39292],[-157.98787,21.39296],[-157.98771,21.39302],[-157.98755,21.39307],[-157.9874,21.39313],[-157.98725,21.3932],[-157.9871,21.39327],[-157.98696,21.39335],[-157.98682,21.39344],[-157.9868,21.39345],[-157.98678,21.39346],[-157.98676,21.39347],[-157.98674,21.39349],[-157.98672,21.3935],[-157.98671,21.39351],[-157.98669,21.39352],[-157.98667,21.39353],[-157.98665,21.39355],[-157.98663,21.39356],[-157.98661,21.39357],[-157.9866,21.39358],[-157.98658,21.3936],[-157.98656,21.39361],[-157.98654,21.39362],[-157.98653,21.39363],[-157.98651,21.39365],[-157.98649,21.39366],[-157.98647,21.39367],[-157.98646,21.39368],[-157.98644,21.3937],[-157.98642,21.39371],[-157.9864,21.39372],[-157.98638,21.39374],[-157.98637,21.39375],[-157.98635,21.39376],[-157.98633,21.39377],[-157.98631,21.39379],[-157.9863,21.3938],[-157.98609,21.39395]],[[-157.98628,21.39378],[-157.98609,21.39395]],[[-157.98609,21.39395],[-157.98282,21.39637],[-157.98281,21.39638],[-157.98279,21.39639],[-157.98278,21.3964],[-157.98277,21.39641],[-157.98276,21.39642],[-157.98274,21.39643],[-157.98273,21.39644],[-157.98272,21.39645],[-157.9827,21.39645],[-157.98269,21.39646],[-157.98268,21.39647],[-157.98266,21.39648],[-157.98265,21.39649],[-157.98264,21.3965],[-157.98262,21.39651],[-157.98261,21.39652],[-157.9826,21.39653],[-157.98258,21.39654],[-157.98257,21.39655],[-157.98256,21.39656],[-157.98254,21.39656],[-157.98253,21.39657],[-157.98242,21.39664],[-157.98231,21.3967],[-157.98219,21.39675],[-157.98207,21.3968],[-157.98195,21.39684],[-157.98182,21.39687],[-157.9817,21.3969],[-157.98157,21.39692],[-157.98144,21.39693],[-157.98131,21.39694],[-157.98118,21.39694],[-157.98105,21.39693],[-157.98092,21.39692],[-157.9808,21.3969],[-157.98067,21.39688],[-157.98065,21.39687],[-157.98064,21.39687],[-157.98062,21.39687],[-157.98061,21.39686],[-157.98059,21.39686],[-157.98057,21.39685],[-157.98056,21.39685],[-157.98054,21.39684],[-157.98053,21.39684],[-157.98051,21.39683],[-157.98049,21.39683],[-157.98048,21.39683],[-157.98046,21.39682],[-157.98045,21.39682],[-157.98043,21.39681],[-157.98042,21.39681],[-157.9804,21.3968],[-157.98038,21.3968],[-157.98037,21.39679],[-157.98035,21.39679],[-157.98034,21.39678],[-157.98032,21.39678],[-157.97865,21.39625],[-157.97862,21.39625],[-157.97859,21.39624],[-157.97857,21.39623],[-157.97854,21.39622],[-157.97852,21.39621],[-157.97849,21.39621],[-157.97847,21.3962],[-157.97844,21.39619],[-157.97841,21.39618],[-157.97839,21.39617],[-157.97836,21.39617],[-157.97834,21.39616],[-157.97831,21.39615],[-157.97811,21.3961],[-157.97791,21.39605],[-157.9777,21.39601],[-157.9775,21.39598],[-157.97747,21.39598],[-157.97745,21.39597],[-157.97742,21.39597],[-157.97739,21.39597],[-157.97737,21.39596],[-157.97734,21.39596],[-157.97731,21.39596],[-157.97728,21.39595],[-157.97726,21.39595],[-157.97723,21.39595],[-157.9772,21.39594],[-157.97718,21.39594],[-157.97715,21.39594],[-157.97677,21.39589]]]}},{"type":"Feature","properties":{"OBJECTID":11,"feature_name":"West Oahu/Farrington Highway Section","feature_desc":"Westbound Alignment","source_scale":"1:480 / 1\"=40'","SHAPE_Length":0.10560154935210463},"geometry":{"type":"MultiLineString","coordinates":[[[-158.05225,21.34424],[-158.05066,21.34607],[-158.05064,21.34609],[-158.05063,21.34611],[-158.05061,21.34613],[-158.05059,21.34615],[-158.05058,21.34616],[-158.05056,21.34618],[-158.05055,21.3462],[-158.05053,21.34622],[-158.05051,21.34624],[-158.05041,21.34637],[-158.05031,21.34651],[-158.05021,21.34665],[-158.05012,21.3468],[-158.05004,21.34695],[-158.04996,21.3471],[-158.04989,21.34725],[-158.04983,21.34741],[-158.04977,21.34757],[-158.04972,21.34773],[-158.04971,21.34775],[-158.04971,21.34778],[-158.0497,21.3478],[-158.04969,21.34782],[-158.04969,21.34785],[-158.04968,21.34787],[-158.04967,21.34789],[-158.04967,21.34791],[-158.04966,21.34794],[-158.04938,21.34899],[-158.04937,21.34902],[-158.04936,21.34906],[-158.04935,21.34909],[-158.04934,21.34913],[-158.04933,21.34916],[-158.04933,21.3492],[-158.04932,21.34923],[-158.04931,21.34927],[-158.0493,21.3493],[-158.04929,21.34934],[-158.04923,21.34961],[-158.04917,21.34988],[-158.04912,21.35015],[-158.04908,21.35043],[-158.04904,21.3507],[-158.04901,21.35098],[-158.04899,21.35126],[-158.04898,21.35153],[-158.04897,21.35181],[-158.04897,21.35209],[-158.04898,21.35237],[-158.04899,21.35264],[-158.04901,21.35292],[-158.04904,21.3532],[-158.04908,21.35347],[-158.04912,21.35375],[-158.04917,21.35402],[-158.04923,21.35429],[-158.04929,21.35457],[-158.04936,21.35483],[-158.04944,21.3551],[-158.04952,21.35537],[-158.04961,21.35563],[-158.04971,21.35589],[-158.04982,21.35615],[-158.04983,21.35618],[-158.04984,21.35621],[-158.04986,21.35624],[-158.04987,21.35627],[-158.04988,21.3563],[-158.0499,21.35633],[-158.04991,21.35636],[-158.04992,21.35639],[-158.04994,21.35642],[-158.04995,21.35645],[-158.04996,21.35648],[-158.04998,21.35651],[-158.04999,21.35654],[-158.05,21.35657],[-158.05002,21.3566],[-158.05003,21.35663],[-158.05005,21.35666],[-158.05014,21.35685],[-158.05024,21.35704],[-158.05035,21.35722],[-158.05046,21.35741],[-158.05058,21.35759],[-158.05059,21.35762],[-158.05061,21.35764],[-158.05063,21.35767],[-158.05065,21.35769],[-158.05066,21.35772],[-158.05068,21.35775],[-158.0507,21.35777],[-158.05072,21.3578],[-158.05074,21.35783],[-158.05075,21.35785],[-158.05077,21.35788],[-158.05079,21.3579],[-158.05081,21.35793],[-158.05083,21.35796],[-158.05084,21.35798],[-158.05148,21.35889],[-158.05149,21.35891],[-158.0515,21.35893],[-158.05151,21.35894],[-158.05152,21.35896],[-158.05153,21.35897],[-158.05154,21.35899],[-158.05155,21.35901],[-158.05156,21.35902],[-158.05157,21.35904],[-158.05158,21.35905],[-158.0516,21.35907],[-158.05161,21.35909],[-158.05162,21.3591],[-158.05163,21.35912],[-158.05164,21.35913],[-158.05165,21.35915],[-158.05166,21.35917],[-158.05167,21.35918],[-158.05168,21.3592],[-158.05169,21.35922],[-158.0517,21.35923],[-158.05171,21.35925],[-158.05178,21.35938],[-158.05185,21.35951],[-158.05191,21.35964],[-158.05196,21.35978],[-158.052,21.35992],[-158.05204,21.36006],[-158.05207,21.3602],[-158.05209,21.36034],[-158.05211,21.36049],[-158.05212,21.36063],[-158.05212,21.36078],[-158.05211,21.36092],[-158.0521,21.36107],[-158.05208,21.36121],[-158.05205,21.36135],[-158.05202,21.36149],[-158.05197,21.36163],[-158.05192,21.36177],[-158.05187,21.36191],[-158.05181,21.36204],[-158.05174,21.36217],[-158.05166,21.36229],[-158.05158,21.36242],[-158.05149,21.36253],[-158.05139,21.36265],[-158.05129,21.36276],[-158.05119,21.36287],[-158.05108,21.36297],[-158.05096,21.36306],[-158.05095,21.36307],[-158.05093,21.36309],[-158.05091,21.3631],[-158.0509,21.36311],[-158.05088,21.36312],[-158.05087,21.36313],[-158.05085,21.36315],[-158.05084,21.36316],[-158.05082,21.36317],[-158.0508,21.36318],[-158.05079,21.36319],[-158.05077,21.3632],[-158.05076,21.36321],[-158.05074,21.36323],[-158.05072,21.36324],[-158.05071,21.36325],[-158.05069,21.36326],[-158.05067,21.36327],[-158.05066,21.36328],[-158.05064,21.36329],[-158.05063,21.3633],[-158.05061,21.36332],[-158.04223,21.36905],[-158.04221,21.36906],[-158.0422,21.36908],[-158.04218,21.36909],[-158.04216,21.3691],[-158.04215,21.36911],[-158.04213,21.36912],[-158.04211,21.36913],[-158.0421,21.36915],[-158.04208,21.36916],[-158.04206,21.36917],[-158.04205,21.36918],[-158.04203,21.36919],[-158.04201,21.3692],[-158.042,21.36922],[-158.04198,21.36923],[-158.04196,21.36924],[-158.04195,21.36925],[-158.04193,21.36926],[-158.04191,21.36927],[-158.0419,21.36929],[-158.04188,21.3693],[-158.04186,21.36931],[-158.04185,21.36932],[-158.04183,21.36934],[-158.04182,21.36935],[-158.0418,21.36936],[-158.04178,21.36937],[-158.04177,21.36939],[-158.04165,21.36948],[-158.04155,21.36958],[-158.04144,21.36969],[-158.04134,21.3698],[-158.04125,21.36991],[-158.04116,21.37003],[-158.04107,21.37015],[-158.04099,21.37028],[-158.04092,21.3704],[-158.04085,21.37053],[-158.04079,21.37066],[-158.04074,21.3708],[-158.04073,21.37082],[-158.04073,21.37084],[-158.04072,21.37085],[-158.04071,21.37087],[-158.04071,21.37089],[-158.0407,21.37091],[-158.04069,21.37093],[-158.04069,21.37095],[-158.04068,21.37097],[-158.04067,21.37098],[-158.04067,21.371],[-158.04066,21.37102],[-158.04066,21.37104],[-158.04065,21.37106],[-158.04065,21.37108],[-158.04064,21.3711],[-158.04063,21.37112],[-158.04063,21.37113],[-158.04062,21.37115],[-158.04062,21.37117],[-158.04061,21.37119],[-158.04061,21.37121],[-158.0406,21.37123],[-158.0406,21.37125],[-158.04059,21.37127],[-158.04059,21.37128],[-158.04058,21.3713],[-158.04057,21.37132],[-158.04049,21.37161],[-158.04049,21.37163],[-158.04048,21.37165],[-158.04048,21.37167],[-158.04047,21.37169],[-158.04047,21.37171],[-158.04046,21.37173],[-158.04045,21.37175],[-158.04045,21.37176],[-158.04044,21.37178],[-158.04044,21.3718],[-158.04043,21.37182],[-158.04043,21.37184],[-158.04042,21.37186],[-158.04042,21.37188],[-158.04041,21.3719],[-158.0404,21.37192],[-158.0404,21.37193],[-158.04039,21.37195],[-158.04039,21.37197],[-158.04038,21.37199],[-158.04037,21.37201],[-158.04037,21.37203],[-158.04036,21.37205],[-158.04035,21.37207],[-158.04035,21.37208],[-158.04034,21.3721],[-158.04033,21.37212],[-158.04033,21.37214],[-158.04027,21.37228],[-158.04021,21.37242],[-158.04013,21.37256],[-158.04006,21.37269],[-158.03997,21.37282],[-158.03988,21.37295],[-158.03979,21.37307],[-158.03968,21.37319],[-158.03958,21.37331],[-158.03946,21.37342],[-158.03934,21.37352],[-158.03922,21.37362],[-158.03909,21.37372],[-158.03896,21.37381],[-158.03882,21.37389],[-158.03868,21.37397],[-158.03854,21.37404],[-158.03839,21.3741],[-158.03824,21.37416],[-158.03809,21.37421],[-158.03793,21.37426],[-158.03777,21.3743],[-158.03762,21.37433],[-158.03745,21.37436],[-158.03729,21.37438],[-158.03727,21.37438],[-158.03725,21.37438],[-158.03723,21.37438],[-158.03721,21.37438],[-158.03719,21.37438],[-158.03717,21.37439],[-158.03715,21.37439],[-158.03713,21.37439],[-158.03711,21.37439],[-158.03708,21.37439],[-158.03706,21.37439],[-158.03704,21.37439],[-158.03702,21.37439],[-158.037,21.37439],[-158.03698,21.3744],[-158.03696,21.3744],[-158.03694,21.3744],[-158.03692,21.3744],[-158.0369,21.3744],[-158.03688,21.3744],[-158.03686,21.3744],[-158.03683,21.3744],[-158.03681,21.3744],[-158.03679,21.3744],[-158.03677,21.3744],[-158.03675,21.3744],[-158.03673,21.3744],[-158.03671,21.3744],[-158.03204,21.37449],[-158.032,21.3745],[-158.03197,21.3745],[-158.03194,21.3745],[-158.0319,21.3745],[-158.03187,21.3745],[-158.03184,21.3745],[-158.0318,21.3745],[-158.03177,21.3745],[-158.03174,21.3745],[-158.0317,21.3745],[-158.03167,21.3745],[-158.03164,21.3745],[-158.03161,21.37451],[-158.03157,21.37451],[-158.03154,21.37451],[-158.03151,21.37451],[-158.03126,21.37453],[-158.03102,21.37455],[-158.03078,21.37458],[-158.03054,21.37461],[-158.0303,21.37465],[-158.03006,21.3747],[-158.02982,21.37475],[-158.02959,21.37481],[-158.02935,21.37488],[-158.02912,21.37495],[-158.02889,21.37503],[-158.02867,21.37512],[-158.02844,21.37521],[-158.02822,21.37531],[-158.02801,21.37541],[-158.02798,21.37543],[-158.02795,21.37544],[-158.02792,21.37546],[-158.02789,21.37547],[-158.02786,21.37548],[-158.02783,21.3755],[-158.0278,21.37551],[-158.02777,21.37553],[-158.02774,21.37554],[-158.02772,21.37556],[-158.02769,21.37558],[-158.02766,21.37559],[-158.02763,21.37561],[-158.0276,21.37562],[-158.02757,21.37564],[-158.02754,21.37565],[-158.02504,21.37698],[-158.02472,21.37715],[-158.0244,21.37731],[-158.0207,21.37922],[-158.02044,21.37935],[-158.02018,21.37948],[-158.01781,21.38066],[-158.01778,21.38067],[-158.01775,21.38069],[-158.01772,21.3807],[-158.01769,21.38071],[-158.01766,21.38073],[-158.01764,21.38074],[-158.01761,21.38076],[-158.01758,21.38077],[-158.01724,21.38093],[-158.0169,21.38109],[-158.01656,21.38124],[-158.01621,21.38138],[-158.01586,21.38152],[-158.01551,21.38165],[-158.01516,21.38177],[-158.0148,21.38189],[-158.01444,21.382],[-158.01408,21.38211],[-158.01372,21.38221],[-158.01335,21.3823],[-158.01298,21.38238],[-158.01262,21.38246],[-158.01258,21.38247],[-158.01255,21.38248],[-158.01252,21.38248],[-158.01249,21.38249],[-158.01245,21.3825],[-158.01242,21.3825],[-158.01239,21.38251],[-158.01236,21.38252],[-158.01186,21.38262],[-158.01183,21.38262],[-158.0118,21.38263],[-158.01178,21.38264],[-158.01175,21.38264],[-158.01172,21.38265],[-158.01169,21.38265],[-158.01166,21.38266],[-158.01164,21.38266],[-158.01134,21.38273],[-158.01131,21.38274],[-158.01128,21.38274],[-158.01125,21.38275],[-158.01123,21.38275],[-158.0112,21.38276],[-158.01117,21.38277],[-158.01114,21.38277],[-158.01111,21.38278],[-158.01069,21.38288],[-158.01066,21.38289],[-158.01062,21.38289],[-158.01059,21.3829],[-158.01055,21.38291],[-158.01052,21.38292],[-158.01048,21.38293],[-158.01044,21.38294],[-158.01041,21.38294],[-158.01037,21.38295],[-158.01034,21.38296],[-158.0103,21.38297],[-158.01027,21.38297],[-158.01005,21.38302],[-158.00984,21.38306],[-158.0098,21.38306],[-158.00977,21.38307],[-158.00973,21.38307],[-158.00969,21.38308],[-158.00966,21.38309],[-158.00962,21.38309],[-158.00959,21.3831],[-158.00955,21.3831],[-158.00951,21.38311],[-158.00948,21.38311],[-158.00944,21.38312],[-158.0094,21.38312],[-158.00905,21.38318],[-158.00868,21.38324],[-158.0083,21.3833],[-158.00717,21.38349],[-158.00666,21.38358],[-158.00614,21.38367],[-158.00563,21.38377],[-158.00489,21.38392],[-158.00441,21.38401],[-158.00271,21.38432],[-158.00268,21.38433],[-158.00265,21.38433],[-158.00262,21.38434],[-158.00258,21.38435],[-158.00255,21.38435],[-158.00252,21.38436],[-158.00249,21.38436],[-158.00246,21.38437],[-158.00242,21.38438],[-158.00239,21.38438],[-158.00236,21.38439],[-158.00233,21.38439],[-158.00229,21.3844],[-158.00226,21.38441],[-158.00223,21.38441],[-158.0022,21.38442],[-158.00217,21.38443],[-158.00193,21.38448],[-158.00171,21.38454],[-158.00148,21.38461],[-158.00125,21.38468],[-158.00103,21.38476],[-158.00081,21.38484],[-158.00059,21.38493],[-158.00038,21.38503],[-158.00016,21.38513],[-157.99996,21.38524],[-157.99975,21.38535],[-157.99955,21.38547],[-157.99935,21.38559],[-157.99916,21.38572],[-157.99897,21.38586],[-157.99878,21.386],[-157.99876,21.38602],[-157.99873,21.38603],[-157.99871,21.38605],[-157.99868,21.38607],[-157.99866,21.38609],[-157.99863,21.38611],[-157.99861,21.38613],[-157.99858,21.38615],[-157.99856,21.38618],[-157.99853,21.3862],[-157.99851,21.38622],[-157.99848,21.38624],[-157.99846,21.38626],[-157.99843,21.38628],[-157.99841,21.3863],[-157.99838,21.38632],[-157.99836,21.38634],[-157.99771,21.38688],[-157.99737,21.38716],[-157.99703,21.38746],[-157.99663,21.3878],[-157.99626,21.38812],[-157.99589,21.38844],[-157.99586,21.38846],[-157.99584,21.38848],[-157.99582,21.3885],[-157.9958,21.38852],[-157.99577,21.38854],[-157.99575,21.38856],[-157.99573,21.38858],[-157.99571,21.3886],[-157.99568,21.38861],[-157.99566,21.38863],[-157.99564,21.38865],[-157.99561,21.38867],[-157.99548,21.38877],[-157.99535,21.38888],[-157.99521,21.38897],[-157.99519,21.38899],[-157.99516,21.38901],[-157.99514,21.38902],[-157.99511,21.38904],[-157.99509,21.38906],[-157.99506,21.38908],[-157.99504,21.38909],[-157.99502,21.38911],[-157.99499,21.38912],[-157.99497,21.38914],[-157.99494,21.38916],[-157.99492,21.38917],[-157.99461,21.38938],[-157.99459,21.38939],[-157.99456,21.38941],[-157.99454,21.38942],[-157.99452,21.38944],[-157.99449,21.38946],[-157.99447,21.38947],[-157.99444,21.38949],[-157.99442,21.38951],[-157.99439,21.38952],[-157.99437,21.38954],[-157.99434,21.38956],[-157.99432,21.38958],[-157.99418,21.38967],[-157.99405,21.38977],[-157.99392,21.38988],[-157.9939,21.3899],[-157.99387,21.38991],[-157.99385,21.38993],[-157.99383,21.38995],[-157.99381,21.38997],[-157.99378,21.38999],[-157.99376,21.39001],[-157.99374,21.39003],[-157.99371,21.39005],[-157.99369,21.39007],[-157.99367,21.39008],[-157.99365,21.3901],[-157.99201,21.39149],[-157.992,21.39151],[-157.99198,21.39152],[-157.99197,21.39153],[-157.99195,21.39155],[-157.99193,21.39156],[-157.99192,21.39158],[-157.9919,21.39159],[-157.99188,21.3916],[-157.99187,21.39162],[-157.99185,21.39163],[-157.99183,21.39165],[-157.99182,21.39166],[-157.9918,21.39167],[-157.99178,21.39169],[-157.99176,21.3917],[-157.99175,21.39172],[-157.99173,21.39173],[-157.99171,21.39174],[-157.9917,21.39176],[-157.99168,21.39177],[-157.99166,21.39178],[-157.99165,21.3918],[-157.99163,21.39181],[-157.99161,21.39182],[-157.99159,21.39184],[-157.99158,21.39185],[-157.99156,21.39186],[-157.99154,21.39188],[-157.99152,21.39189],[-157.99139,21.39198],[-157.99126,21.39207],[-157.99112,21.39215],[-157.99098,21.39222],[-157.99084,21.39229],[-157.99069,21.39236],[-157.99054,21.39242],[-157.99039,21.39247],[-157.99024,21.39252],[-157.99008,21.39256],[-157.99006,21.39257],[-157.99004,21.39257],[-157.99001,21.39258],[-157.98999,21.39258],[-157.98997,21.39259],[-157.98995,21.39259],[-157.98993,21.3926],[-157.98991,21.3926],[-157.98988,21.39261],[-157.98986,21.39261],[-157.98984,21.39262],[-157.98982,21.39262],[-157.9898,21.39263],[-157.98977,21.39263],[-157.98975,21.39264],[-157.98973,21.39264],[-157.98971,21.39264],[-157.98969,21.39265],[-157.98966,21.39265],[-157.98964,21.39266],[-157.98962,21.39266],[-157.9896,21.39266],[-157.98958,21.39267],[-157.98955,21.39267],[-157.98953,21.39268],[-157.98951,21.39268],[-157.98949,21.39268],[-157.98947,21.39269],[-157.98944,21.39269],[-157.98883,21.3928],[-157.98881,21.3928],[-157.98879,21.39281],[-157.98877,21.39281],[-157.98875,21.39282],[-157.98872,21.39282],[-157.9887,21.39282],[-157.98868,21.39283],[-157.98866,21.39283],[-157.98864,21.39284],[-157.98861,21.39284],[-157.98859,21.39284],[-157.98857,21.39285],[-157.98855,21.39285],[-157.98853,21.39286],[-157.98851,21.39286],[-157.98848,21.39287],[-157.98846,21.39287],[-157.98844,21.39287],[-157.98842,21.39288],[-157.9884,21.39288],[-157.98837,21.39289],[-157.98835,21.39289],[-157.98833,21.3929],[-157.98831,21.3929],[-157.98829,21.39291],[-157.98827,21.39291],[-157.98824,21.39292],[-157.98822,21.39292],[-157.9882,21.39293],[-157.98804,21.39297],[-157.98789,21.39302],[-157.98773,21.39308],[-157.98758,21.39314],[-157.98743,21.39321],[-157.98729,21.39328],[-157.98715,21.39336],[-157.98701,21.39344],[-157.98699,21.39345],[-157.98697,21.39346],[-157.98695,21.39347],[-157.98693,21.39349],[-157.98691,21.3935],[-157.9869,21.39351],[-157.98688,21.39352],[-157.98686,21.39353],[-157.98684,21.39355],[-157.98682,21.39356],[-157.98681,21.39357],[-157.98679,21.39358],[-157.98677,21.3936],[-157.98675,21.39361],[-157.98673,21.39362],[-157.98672,21.39363],[-157.9867,21.39365],[-157.98668,21.39366],[-157.98666,21.39367],[-157.98665,21.39369],[-157.98663,21.3937],[-157.98661,21.39371],[-157.98659,21.39372],[-157.98658,21.39374],[-157.98656,21.39375],[-157.98654,21.39376],[-157.98652,21.39378],[-157.98651,21.39379],[-157.98649,21.3938],[-157.9853,21.39468],[-157.98528,21.39469],[-157.98527,21.3947],[-157.98525,21.39472],[-157.98523,21.39473],[-157.98521,21.39474],[-157.9852,21.39475],[-157.98518,21.39477],[-157.98516,21.39478],[-157.98514,21.39479],[-157.98507,21.39484],[-157.985,21.39489],[-157.98498,21.3949],[-157.98496,21.39491],[-157.98494,21.39492],[-157.98492,21.39493],[-157.9849,21.39495],[-157.98489,21.39496],[-157.98487,21.39497],[-157.98485,21.39498],[-157.98483,21.39499],[-157.98468,21.39508],[-157.98466,21.39509],[-157.98464,21.3951],[-157.98462,21.39511],[-157.98461,21.39512],[-157.98459,21.39513],[-157.98457,21.39515],[-157.98455,21.39516],[-157.98453,21.39517],[-157.98451,21.39518],[-157.98444,21.39523],[-157.98437,21.39528],[-157.98435,21.39529],[-157.98433,21.3953],[-157.98431,21.39532],[-157.9843,21.39533],[-157.98428,21.39534],[-157.98426,21.39535],[-157.98424,21.39537],[-157.98423,21.39538],[-157.98421,21.39539],[-157.98285,21.3964],[-157.98283,21.39641],[-157.98282,21.39642],[-157.98281,21.39643],[-157.98279,21.39644],[-157.98278,21.39645],[-157.98277,21.39646],[-157.98275,21.39647],[-157.98274,21.39648],[-157.98273,21.39648],[-157.98272,21.39649],[-157.9827,21.3965],[-157.98269,21.39651],[-157.98268,21.39652],[-157.98266,21.39653],[-157.98265,21.39654],[-157.98263,21.39655],[-157.98262,21.39656],[-157.98261,21.39657],[-157.98259,21.39658],[-157.98258,21.39659],[-157.98257,21.3966],[-157.98255,21.3966],[-157.98244,21.39667],[-157.98233,21.39673],[-157.98221,21.39678],[-157.98208,21.39683],[-157.98196,21.39687],[-157.98183,21.39691],[-157.98171,21.39694],[-157.98158,21.39696],[-157.98144,21.39697],[-157.98131,21.39698],[-157.98118,21.39698],[-157.98105,21.39697],[-157.98092,21.39696],[-157.98079,21.39694],[-157.98066,21.39691],[-157.98064,21.39691],[-157.98063,21.39691],[-157.98061,21.3969],[-157.98059,21.3969],[-157.98058,21.39689],[-157.98056,21.39689],[-157.98055,21.39688],[-157.98053,21.39688],[-157.98051,21.39688],[-157.9805,21.39687],[-157.98048,21.39687],[-157.98047,21.39686],[-157.98045,21.39686],[-157.98043,21.39685],[-157.98042,21.39685],[-157.9804,21.39684],[-157.98039,21.39684],[-157.98037,21.39683],[-157.98035,21.39683],[-157.98034,21.39682],[-157.98032,21.39682],[-157.98031,21.39681],[-157.97863,21.39629],[-157.97861,21.39628],[-157.97858,21.39627],[-157.97856,21.39627],[-157.97853,21.39626],[-157.9785,21.39625],[-157.97848,21.39624],[-157.97845,21.39623],[-157.97843,21.39623],[-157.9784,21.39622],[-157.97837,21.39621],[-157.97835,21.3962],[-157.97832,21.3962],[-157.9783,21.39619],[-157.9781,21.39614],[-157.9779,21.39609],[-157.9777,21.39605],[-157.97749,21.39602],[-157.97747,21.39602],[-157.97744,21.39601],[-157.97741,21.39601],[-157.97739,21.39601],[-157.97736,21.396],[-157.97733,21.396],[-157.97731,21.396],[-157.97728,21.39599],[-157.97725,21.39599],[-157.97723,21.39599],[-157.9772,21.39598],[-157.97717,21.39598],[-157.97715,21.39598],[-157.97676,21.39593]]]}},{"type":"Feature","properties":{"OBJECTID":12,"feature_name":"West Oahu/Farrington Highway Section","feature_desc":"Center Alignment","source_scale":"1:480 / 1\"=40'","SHAPE_Length":0.10560567582724362},"geometry":{"type":"MultiLineString","coordinates":[[[-158.05222,21.34422],[-158.05222,21.34422],[-158.05192,21.34454],[-158.05191,21.34455],[-158.05189,21.34457],[-158.05188,21.34459],[-158.05186,21.3446],[-158.05185,21.34462],[-158.05183,21.34463],[-158.05182,21.34465],[-158.0518,21.34467],[-158.05174,21.34473],[-158.05173,21.34475],[-158.05171,21.34477],[-158.0517,21.34478],[-158.05168,21.3448],[-158.05167,21.34482],[-158.05165,21.34483],[-158.05164,21.34485],[-158.05163,21.34487],[-158.05066,21.34598],[-158.05065,21.34599],[-158.05063,21.34601],[-158.05062,21.34603],[-158.0506,21.34605],[-158.05058,21.34607],[-158.05057,21.34609],[-158.05055,21.34611],[-158.05054,21.34613],[-158.05052,21.34614],[-158.05041,21.34628],[-158.05031,21.34642],[-158.05022,21.34656],[-158.05013,21.34671],[-158.05004,21.34686],[-158.04997,21.34701],[-158.0499,21.34716],[-158.04983,21.34732],[-158.04977,21.34748],[-158.04972,21.34764],[-158.04971,21.34766],[-158.04971,21.34769],[-158.0497,21.34771],[-158.04969,21.34773],[-158.04969,21.34776],[-158.04968,21.34778],[-158.04968,21.3478],[-158.04967,21.34783],[-158.04966,21.34785],[-158.04936,21.34898],[-158.04935,21.34902],[-158.04934,21.34905],[-158.04933,21.34909],[-158.04932,21.34912],[-158.04931,21.34916],[-158.04931,21.34919],[-158.0493,21.34923],[-158.04929,21.34926],[-158.04928,21.3493],[-158.04927,21.34933],[-158.04921,21.3496],[-158.04915,21.34988],[-158.0491,21.35015],[-158.04906,21.35042],[-158.04902,21.3507],[-158.04899,21.35098],[-158.04897,21.35126],[-158.04896,21.35153],[-158.04895,21.35181],[-158.04895,21.35209],[-158.04896,21.35237],[-158.04897,21.35265],[-158.04899,21.35292],[-158.04902,21.3532],[-158.04906,21.35348],[-158.0491,21.35375],[-158.04915,21.35402],[-158.04921,21.3543],[-158.04927,21.35457],[-158.04934,21.35484],[-158.04942,21.35511],[-158.0495,21.35537],[-158.0496,21.35564],[-158.04969,21.3559],[-158.0498,21.35616],[-158.04981,21.35619],[-158.04982,21.35622],[-158.04984,21.35625],[-158.04985,21.35628],[-158.04986,21.35631],[-158.04988,21.35634],[-158.04989,21.35637],[-158.0499,21.3564],[-158.04992,21.35643],[-158.04993,21.35646],[-158.04994,21.35649],[-158.04996,21.35652],[-158.04997,21.35655],[-158.04999,21.35658],[-158.05,21.35661],[-158.05001,21.35664],[-158.05003,21.35667],[-158.05013,21.35686],[-158.05023,21.35705],[-158.05033,21.35723],[-158.05044,21.35742],[-158.05056,21.3576],[-158.05058,21.35763],[-158.05059,21.35765],[-158.05061,21.35768],[-158.05063,21.35771],[-158.05065,21.35773],[-158.05066,21.35776],[-158.05068,21.35778],[-158.0507,21.35781],[-158.05072,21.35784],[-158.05074,21.35786],[-158.05075,21.35789],[-158.05077,21.35792],[-158.05079,21.35794],[-158.05081,21.35797],[-158.05083,21.35799],[-158.05146,21.35891],[-158.05147,21.35892],[-158.05148,21.35894],[-158.05149,21.35895],[-158.0515,21.35897],[-158.05151,21.35898],[-158.05152,21.359],[-158.05154,21.35902],[-158.05155,21.35903],[-158.05156,21.35905],[-158.05157,21.35906],[-158.05158,21.35908],[-158.05159,21.3591],[-158.0516,21.35911],[-158.05161,21.35913],[-158.05162,21.35914],[-158.05163,21.35916],[-158.05164,21.35918],[-158.05165,21.35919],[-158.05166,21.35921],[-158.05167,21.35923],[-158.05168,21.35924],[-158.05169,21.35926],[-158.05176,21.35939],[-158.05183,21.35952],[-158.05189,21.35965],[-158.05194,21.35978],[-158.05198,21.35992],[-158.05202,21.36006],[-158.05205,21.3602],[-158.05207,21.36035],[-158.05209,21.36049],[-158.0521,21.36063],[-158.0521,21.36078],[-158.05209,21.36092],[-158.05208,21.36106],[-158.05206,21.36121],[-158.05203,21.36135],[-158.052,21.36149],[-158.05195,21.36163],[-158.05191,21.36176],[-158.05185,21.3619],[-158.05179,21.36203],[-158.05172,21.36216],[-158.05164,21.36228],[-158.05156,21.3624],[-158.05147,21.36252],[-158.05138,21.36264],[-158.05128,21.36275],[-158.05117,21.36285],[-158.05106,21.36295],[-158.05095,21.36305],[-158.05093,21.36306],[-158.05092,21.36307],[-158.0509,21.36308],[-158.05089,21.3631],[-158.05087,21.36311],[-158.05085,21.36312],[-158.05084,21.36313],[-158.05082,21.36314],[-158.05081,21.36315],[-158.05079,21.36316],[-158.05078,21.36318],[-158.05076,21.36319],[-158.05074,21.3632],[-158.05073,21.36321],[-158.05071,21.36322],[-158.05069,21.36323],[-158.05068,21.36324],[-158.05066,21.36325],[-158.05065,21.36327],[-158.05063,21.36328],[-158.05061,21.36329],[-158.0506,21.3633],[-158.04222,21.36904],[-158.0422,21.36905],[-158.04218,21.36906],[-158.04217,21.36907],[-158.04215,21.36908],[-158.04213,21.36909],[-158.04212,21.36911],[-158.0421,21.36912],[-158.04208,21.36913],[-158.04207,21.36914],[-158.04205,21.36915],[-158.04203,21.36916],[-158.04202,21.36918],[-158.042,21.36919],[-158.04198,21.3692],[-158.04197,21.36921],[-158.04195,21.36922],[-158.04193,21.36924],[-158.04192,21.36925],[-158.0419,21.36926],[-158.04188,21.36927],[-158.04187,21.36928],[-158.04185,21.3693],[-158.04184,21.36931],[-158.04182,21.36932],[-158.0418,21.36933],[-158.04179,21.36935],[-158.04177,21.36936],[-158.04176,21.36937],[-158.04164,21.36947],[-158.04153,21.36957],[-158.04143,21.36968],[-158.04132,21.36979],[-158.04123,21.3699],[-158.04114,21.37002],[-158.04105,21.37014],[-158.04098,21.37027],[-158.0409,21.37039],[-158.04084,21.37052],[-158.04077,21.37066],[-158.04072,21.37079],[-158.04071,21.37081],[-158.04071,21.37083],[-158.0407,21.37085],[-158.04069,21.37087],[-158.04069,21.37089],[-158.04068,21.3709],[-158.04067,21.37092],[-158.04067,21.37094],[-158.04066,21.37096],[-158.04065,21.37098],[-158.04065,21.371],[-158.04064,21.37102],[-158.04064,21.37104],[-158.04063,21.37105],[-158.04063,21.37107],[-158.04062,21.37109],[-158.04061,21.37111],[-158.04061,21.37113],[-158.0406,21.37115],[-158.0406,21.37117],[-158.04059,21.37119],[-158.04059,21.37121],[-158.04058,21.37122],[-158.04058,21.37124],[-158.04057,21.37126],[-158.04057,21.37128],[-158.04056,21.3713],[-158.04055,21.37132],[-158.04047,21.37161],[-158.04047,21.37163],[-158.04046,21.37165],[-158.04046,21.37167],[-158.04045,21.37168],[-158.04045,21.3717],[-158.04044,21.37172],[-158.04043,21.37174],[-158.04043,21.37176],[-158.04042,21.37178],[-158.04042,21.3718],[-158.04041,21.37182],[-158.04041,21.37184],[-158.0404,21.37185],[-158.0404,21.37187],[-158.04039,21.37189],[-158.04038,21.37191],[-158.04038,21.37193],[-158.04037,21.37195],[-158.04037,21.37197],[-158.04036,21.37199],[-158.04035,21.372],[-158.04035,21.37202],[-158.04034,21.37204],[-158.04033,21.37206],[-158.04033,21.37208],[-158.04032,21.3721],[-158.04031,21.37212],[-158.04031,21.37213],[-158.04025,21.37228],[-158.04019,21.37241],[-158.04012,21.37255],[-158.04004,21.37268],[-158.03995,21.37281],[-158.03986,21.37294],[-158.03977,21.37306],[-158.03967,21.37318],[-158.03956,21.37329],[-158.03945,21.3734],[-158.03933,21.37351],[-158.03921,21.37361],[-158.03908,21.3737],[-158.03895,21.37379],[-158.03881,21.37387],[-158.03867,21.37395],[-158.03853,21.37402],[-158.03838,21.37408],[-158.03823,21.37414],[-158.03808,21.37419],[-158.03793,21.37424],[-158.03777,21.37428],[-158.03761,21.37431],[-158.03745,21.37434],[-158.03729,21.37436],[-158.03727,21.37436],[-158.03725,21.37436],[-158.03723,21.37436],[-158.03721,21.37436],[-158.03719,21.37437],[-158.03717,21.37437],[-158.03715,21.37437],[-158.03713,21.37437],[-158.0371,21.37437],[-158.03708,21.37437],[-158.03706,21.37437],[-158.03704,21.37437],[-158.03702,21.37437],[-158.037,21.37438],[-158.03698,21.37438],[-158.03696,21.37438],[-158.03694,21.37438],[-158.03692,21.37438],[-158.0369,21.37438],[-158.03688,21.37438],[-158.03686,21.37438],[-158.03683,21.37438],[-158.03681,21.37438],[-158.03679,21.37438],[-158.03677,21.37438],[-158.03675,21.37438],[-158.03673,21.37438],[-158.03671,21.37438],[-158.03204,21.37448],[-158.032,21.37448],[-158.03197,21.37448],[-158.03194,21.37448],[-158.0319,21.37448],[-158.03187,21.37448],[-158.03184,21.37448],[-158.0318,21.37448],[-158.03177,21.37448],[-158.03174,21.37448],[-158.0317,21.37448],[-158.03167,21.37448],[-158.03164,21.37449],[-158.03161,21.37449],[-158.03157,21.37449],[-158.03154,21.37449],[-158.03151,21.37449],[-158.03126,21.37451],[-158.03102,21.37453],[-158.03078,21.37456],[-158.03053,21.37459],[-158.03029,21.37463],[-158.03005,21.37468],[-158.02982,21.37474],[-158.02958,21.3748],[-158.02935,21.37486],[-158.02912,21.37494],[-158.02889,21.37502],[-158.02866,21.3751],[-158.02844,21.37519],[-158.02821,21.37529],[-158.028,21.37539],[-158.02797,21.37541],[-158.02794,21.37542],[-158.02791,21.37544],[-158.02788,21.37545],[-158.02785,21.37547],[-158.02782,21.37548],[-158.02779,21.3755],[-158.02776,21.37551],[-158.02773,21.37553],[-158.02771,21.37554],[-158.02768,21.37556],[-158.02765,21.37557],[-158.02762,21.37559],[-158.02759,21.3756],[-158.02756,21.37562],[-158.02753,21.37563],[-158.02503,21.37696],[-158.02471,21.37713],[-158.02439,21.37729],[-158.02069,21.3792],[-158.02043,21.37934],[-158.02017,21.37946],[-158.0178,21.38064],[-158.01777,21.38065],[-158.01774,21.38067],[-158.01771,21.38068],[-158.01768,21.3807],[-158.01765,21.38071],[-158.01763,21.38073],[-158.0176,21.38074],[-158.01757,21.38075],[-158.01723,21.38092],[-158.01689,21.38107],[-158.01655,21.38122],[-158.0162,21.38136],[-158.01585,21.3815],[-158.0155,21.38163],[-158.01515,21.38175],[-158.01479,21.38187],[-158.01443,21.38198],[-158.01407,21.38209],[-158.01371,21.38219],[-158.01335,21.38228],[-158.01298,21.38237],[-158.01261,21.38245],[-158.01258,21.38245],[-158.01255,21.38246],[-158.01251,21.38247],[-158.01248,21.38247],[-158.01245,21.38248],[-158.01242,21.38249],[-158.01238,21.38249],[-158.01235,21.3825],[-158.01186,21.3826],[-158.01183,21.38261],[-158.0118,21.38261],[-158.01177,21.38262],[-158.01174,21.38262],[-158.01172,21.38263],[-158.01169,21.38263],[-158.01166,21.38264],[-158.01163,21.38265],[-158.01133,21.38271],[-158.0113,21.38272],[-158.01128,21.38272],[-158.01125,21.38273],[-158.01122,21.38274],[-158.01119,21.38274],[-158.01116,21.38275],[-158.01114,21.38276],[-158.01111,21.38276],[-158.01069,21.38286],[-158.01065,21.38287],[-158.01062,21.38288],[-158.01058,21.38288],[-158.01055,21.38289],[-158.01051,21.3829],[-158.01048,21.38291],[-158.01044,21.38292],[-158.0104,21.38293],[-158.01037,21.38293],[-158.01033,21.38294],[-158.0103,21.38295],[-158.01026,21.38296],[-158.01005,21.383],[-158.00984,21.38304],[-158.0098,21.38304],[-158.00976,21.38305],[-158.00973,21.38306],[-158.00969,21.38306],[-158.00966,21.38307],[-158.00962,21.38307],[-158.00958,21.38308],[-158.00955,21.38308],[-158.00951,21.38309],[-158.00947,21.38309],[-158.00944,21.3831],[-158.0094,21.38311],[-158.00905,21.38316],[-158.00867,21.38322],[-158.0083,21.38328],[-158.00716,21.38347],[-158.00665,21.38356],[-158.00614,21.38366],[-158.00563,21.38375],[-158.00489,21.3839],[-158.00441,21.38399],[-158.00271,21.3843],[-158.00268,21.38431],[-158.00264,21.38431],[-158.00261,21.38432],[-158.00258,21.38433],[-158.00255,21.38433],[-158.00252,21.38434],[-158.00248,21.38434],[-158.00245,21.38435],[-158.00242,21.38436],[-158.00239,21.38436],[-158.00235,21.38437],[-158.00232,21.38438],[-158.00229,21.38438],[-158.00226,21.38439],[-158.00223,21.3844],[-158.00219,21.3844],[-158.00216,21.38441],[-158.00193,21.38446],[-158.0017,21.38452],[-158.00147,21.38459],[-158.00125,21.38466],[-158.00102,21.38474],[-158.0008,21.38482],[-158.00058,21.38491],[-158.00037,21.38501],[-158.00015,21.38511],[-157.99995,21.38522],[-157.99974,21.38533],[-157.99954,21.38545],[-157.99934,21.38558],[-157.99914,21.38571],[-157.99895,21.38584],[-157.99877,21.38598],[-157.99874,21.386],[-157.99872,21.38602],[-157.99869,21.38604],[-157.99867,21.38606],[-157.99864,21.38608],[-157.99862,21.3861],[-157.99859,21.38612],[-157.99857,21.38614],[-157.99854,21.38616],[-157.99852,21.38618],[-157.99849,21.3862],[-157.99847,21.38622],[-157.99844,21.38624],[-157.99842,21.38626],[-157.99839,21.38628],[-157.99837,21.3863],[-157.99835,21.38632],[-157.9977,21.38686],[-157.99735,21.38715],[-157.99702,21.38744],[-157.99662,21.38779],[-157.99625,21.38811],[-157.99587,21.38843],[-157.99585,21.38845],[-157.99583,21.38847],[-157.99581,21.38849],[-157.99578,21.38851],[-157.99576,21.38852],[-157.99574,21.38854],[-157.99572,21.38856],[-157.99569,21.38858],[-157.99567,21.3886],[-157.99565,21.38862],[-157.99562,21.38864],[-157.9956,21.38866],[-157.99547,21.38876],[-157.99534,21.38886],[-157.9952,21.38896],[-157.99518,21.38898],[-157.99515,21.38899],[-157.99513,21.38901],[-157.9951,21.38903],[-157.99508,21.38904],[-157.99505,21.38906],[-157.99503,21.38908],[-157.995,21.38909],[-157.99498,21.38911],[-157.99495,21.38913],[-157.99493,21.38914],[-157.9949,21.38916],[-157.9946,21.38936],[-157.99458,21.38938],[-157.99455,21.38939],[-157.99453,21.38941],[-157.9945,21.38943],[-157.99448,21.38944],[-157.99445,21.38946],[-157.99443,21.38948],[-157.9944,21.38949],[-157.99438,21.38951],[-157.99436,21.38953],[-157.99433,21.38954],[-157.99431,21.38956],[-157.99417,21.38966],[-157.99404,21.38976],[-157.99391,21.38986],[-157.99388,21.38988],[-157.99386,21.3899],[-157.99384,21.38992],[-157.99381,21.38994],[-157.99379,21.38996],[-157.99377,21.38998],[-157.99375,21.38999],[-157.99372,21.39001],[-157.9937,21.39003],[-157.99368,21.39005],[-157.99366,21.39007],[-157.99363,21.39009],[-157.992,21.39148],[-157.99198,21.39149],[-157.99197,21.39151],[-157.99195,21.39152],[-157.99193,21.39153],[-157.99192,21.39155],[-157.9919,21.39156],[-157.99188,21.39158],[-157.99187,21.39159],[-157.99185,21.3916],[-157.99183,21.39162],[-157.99182,21.39163],[-157.9918,21.39165],[-157.99178,21.39166],[-157.99177,21.39167],[-157.99175,21.39169],[-157.99173,21.3917],[-157.99172,21.39172],[-157.9917,21.39173],[-157.99168,21.39174],[-157.99167,21.39176],[-157.99165,21.39177],[-157.99163,21.39178],[-157.99161,21.3918],[-157.9916,21.39181],[-157.99158,21.39182],[-157.99156,21.39184],[-157.99154,21.39185],[-157.99153,21.39186],[-157.99151,21.39187],[-157.99138,21.39196],[-157.99125,21.39205],[-157.99111,21.39213],[-157.99097,21.39221],[-157.99083,21.39228],[-157.99068,21.39234],[-157.99053,21.3924],[-157.99038,21.39245],[-157.99023,21.3925],[-157.99007,21.39254],[-157.99005,21.39255],[-157.99003,21.39255],[-157.99001,21.39256],[-157.98999,21.39257],[-157.98997,21.39257],[-157.98994,21.39258],[-157.98992,21.39258],[-157.9899,21.39258],[-157.98988,21.39259],[-157.98986,21.39259],[-157.98984,21.3926],[-157.98981,21.3926],[-157.98979,21.39261],[-157.98977,21.39261],[-157.98975,21.39262],[-157.98973,21.39262],[-157.9897,21.39262],[-157.98968,21.39263],[-157.98966,21.39263],[-157.98964,21.39264],[-157.98962,21.39264],[-157.9896,21.39265],[-157.98957,21.39265],[-157.98955,21.39265],[-157.98953,21.39266],[-157.98951,21.39266],[-157.98949,21.39267],[-157.98946,21.39267],[-157.98944,21.39267],[-157.98866,21.39281],[-157.98864,21.39282],[-157.98862,21.39282],[-157.9886,21.39282],[-157.98858,21.39283],[-157.98855,21.39283],[-157.98853,21.39283],[-157.98851,21.39284],[-157.98849,21.39284],[-157.98847,21.39285],[-157.98844,21.39285],[-157.98842,21.39285],[-157.9884,21.39286],[-157.98838,21.39286],[-157.98836,21.39287],[-157.98834,21.39287],[-157.98831,21.39288],[-157.98829,21.39288],[-157.98827,21.39288],[-157.98825,21.39289],[-157.98823,21.39289],[-157.98821,21.3929],[-157.98818,21.3929],[-157.98816,21.39291],[-157.98814,21.39291],[-157.98812,21.39292],[-157.9881,21.39292],[-157.98808,21.39293],[-157.98805,21.39293],[-157.98803,21.39294],[-157.98787,21.39298],[-157.98772,21.39303],[-157.98756,21.39309],[-157.98741,21.39315],[-157.98726,21.39322],[-157.98711,21.39329],[-157.98697,21.39337],[-157.98683,21.39345],[-157.98681,21.39347],[-157.98679,21.39348],[-157.98677,21.39349],[-157.98675,21.3935],[-157.98674,21.39351],[-157.98672,21.39352],[-157.9867,21.39354],[-157.98668,21.39355],[-157.98666,21.39356],[-157.98665,21.39357],[-157.98663,21.39359],[-157.98661,21.3936],[-157.98659,21.39361],[-157.98657,21.39362],[-157.98656,21.39364],[-157.98654,21.39365],[-157.98652,21.39366],[-157.9865,21.39367],[-157.98649,21.39369],[-157.98647,21.3937],[-157.98645,21.39371],[-157.98643,21.39373],[-157.98642,21.39374],[-157.9864,21.39375],[-157.98638,21.39376],[-157.98636,21.39378],[-157.98635,21.39379],[-157.98633,21.3938],[-157.98631,21.39382],[-157.98283,21.39638],[-157.98282,21.39639],[-157.98281,21.3964],[-157.98279,21.39641],[-157.98278,21.39642],[-157.98277,21.39643],[-157.98275,21.39644],[-157.98274,21.39645],[-157.98273,21.39646],[-157.98272,21.39647],[-157.9827,21.39648],[-157.98269,21.39649],[-157.98268,21.3965],[-157.98266,21.39651],[-157.98265,21.39652],[-157.98264,21.39653],[-157.98262,21.39653],[-157.98261,21.39654],[-157.9826,21.39655],[-157.98258,21.39656],[-157.98257,21.39657],[-157.98255,21.39658],[-157.98254,21.39659],[-157.98243,21.39665],[-157.98232,21.39671],[-157.9822,21.39677],[-157.98208,21.39681],[-157.98195,21.39685],[-157.98183,21.39689],[-157.9817,21.39692],[-157.98157,21.39694],[-157.98144,21.39695],[-157.98131,21.39696],[-157.98118,21.39696],[-157.98105,21.39695],[-157.98092,21.39694],[-157.98079,21.39692],[-157.98066,21.3969],[-157.98065,21.39689],[-157.98063,21.39689],[-157.98062,21.39688],[-157.9806,21.39688],[-157.98058,21.39688],[-157.98057,21.39687],[-157.98055,21.39687],[-157.98054,21.39686],[-157.98052,21.39686],[-157.9805,21.39685],[-157.98049,21.39685],[-157.98047,21.39684],[-157.98046,21.39684],[-157.98044,21.39683],[-157.98042,21.39683],[-157.98041,21.39682],[-157.98039,21.39682],[-157.98038,21.39681],[-157.98036,21.39681],[-157.98035,21.39681],[-157.98033,21.3968],[-157.98031,21.3968],[-157.97864,21.39627],[-157.97861,21.39626],[-157.97859,21.39626],[-157.97856,21.39625],[-157.97854,21.39624],[-157.97851,21.39623],[-157.97848,21.39622],[-157.97846,21.39622],[-157.97843,21.39621],[-157.97841,21.3962],[-157.97838,21.39619],[-157.97835,21.39619],[-157.97833,21.39618],[-157.9783,21.39617],[-157.9781,21.39612],[-157.9779,21.39607],[-157.9777,21.39603],[-157.9775,21.396],[-157.97747,21.396],[-157.97744,21.39599],[-157.97742,21.39599],[-157.97739,21.39599],[-157.97736,21.39598],[-157.97734,21.39598],[-157.97731,21.39598],[-157.97728,21.39597],[-157.97726,21.39597],[-157.97723,21.39597],[-157.9772,21.39596],[-157.97717,21.39596],[-157.97715,21.39596],[-157.97676,21.39591]]]}}]}
